AccountId,Account_Display_Name,Current_Tier_v1,Current_Tier_v2,tier_v3,Composite_Score,Revenue_Current,Revenue_Lifetime,Tickets_Current,Years_Loyalty
1,Trybooking Box Office Terminal Hire,NIL,Nil,Nil,,0.37,1.46,0,6
10,St Aloysius College  Sydney.,NIL,Nil,Nil,,0.0,72.0,0,1
100,Account Deleted,NIL,Nil,Nil,,0.0,1.5,0,2
10001,Cartmel Priory School,Tier 3,Tier 4,Tier 4,45.72,81.46,346.92,272,4
10003,Kings Norton Girls' School & Sixth Form,Tier 3,Free,Free,,0.0,0.0,293,2
10004,Merchant Taylors' School Ladies Association,Tier 3,Tier 4,Tier 4,47.54,75.0,390.12,225,3
10006,Sheffield Council – Children and Family Services,Tier 3,Free,Free,,0.0,0.0,404,4
10008,Hinckley conservatives,NIL,Nil,Nil,,0.0,0.0,0,2
10012,Polbeth Community Hub,Tier 3,Tier 4,Tier 4,43.3,126.94,184.42,405,4
10013,Westbourne School,Tier 3,Tier 4,Tier 4,29.68,219.01,522.22,282,4
10014,FI Glasgow,NIL,Nil,Nil,,0.0,0.0,0,1
10015,The Table by Tania,Tier 3,Tier 4,Tier 4,35.5,113.96,836.85,64,4
10019,Ashcroft 94,NIL,Nil,Nil,,0.0,41.25,0,1
1002,Deekabout Ceramics,NIL,Nil,Nil,,0.0,4.67,0,1
10025,Friends of Cedars Manor School,Tier 2,Tier 5,Tier 5,82.1,19.0,34.33,57,2
10026,Cradley CE Primary School,NIL,Nil,Nil,,0.0,0.0,0,1
10037,Directors Hour,NIL,Nil,Nil,,0.0,30.0,0,2
10038,Bratton History Association,Tier 2,Tier 5,Tier 5,84.88,3.12,50.83,13,3
10039,Ian Mullens,Tier 3,Free,Free,,0.0,0.0,146,4
10040,FOPPS,NIL,Nil,Nil,,0.0,0.0,0,1
10042,Pilgrim Pastor,NIL,Nil,Nil,,0.0,0.0,0,2
10043,Barnard Castle School,High Value,Tier 2,Tier 2,8.38,1311.79,3903.12,2066,3
10046,Institute for Policy and Engagement,Tier 2,Free,Free,,0.0,0.0,64,3
10048,Rainford Young Farmers,Tier 3,Tier 4,Tier 4,33.09,198.75,448.92,159,3
10053,Morpeth School,Tier 2,Tier 5,Tier 5,92.69,3.46,3.46,91,3
10055,Energy Futures Lab & Fuellers,Tier 3,Free,Free,,0.0,0.0,311,3
10057,ADOR@BLE,NIL,Nil,Nil,,0.0,1768.87,0,1
10059,Norreys Church,NIL,Nil,Nil,,0.0,0.0,0,2
10067,Waste into Wellbeing,Tier 4,Tier 3,Tier 3,22.12,420.62,561.4,506,4
10071,Life Project (Bath),Tier 2,Tier 5,Tier 5,59.53,45.17,149.12,72,4
10072,Greenlands' Arenas,NIL,Nil,Nil,,0.0,1649.29,0,2
10078,Naturally Wellbeing,Tier 1,Tier 5,Tier 5,76.05,20.0,50.38,10,4
1008,Free Rangers Forest School Holiday Club,NIL,Nil,Nil,,0.0,307.83,0,2
10081,The Security Institute,NIL,Nil,Nil,,0.0,127.75,0,1
10082,Shree Vishwakarma Association of UK,High Value,Tier 2,Tier 2,9.11,1327.98,2991.28,3607,3
10083,Burscough Village Primary School PTFA,Tier 3,Tier 4,Tier 4,44.56,95.37,284.56,285,4
10084,MSJ Yr13 celebration,NIL,Nil,Nil,,0.0,149.63,0,2
10088,Film London,NIL,Nil,Nil,,0.0,0.0,0,1
1009,FannyHyde Productions,NIL,Nil,Nil,,0.0,20.42,0,1
10092,Asher Steenhoff,NIL,Nil,Nil,,0.0,141.25,0,2
10096,The Lewy Body Society,Tier 2,Tier 5,Tier 5,60.04,68.0,68.0,84,4
10098,Ysgol Gymraeg Bro Morgannwg,NIL,Nil,Nil,,0.0,0.0,0,1
101,Merchant Taylors' Old Girls' Association,NIL,Nil,Nil,,0.0,24.75,0,2
1010,Reading School Class of 98,NIL,Nil,Nil,,0.0,23.0,0,2
10104,Dulwich College Staff Socials,Tier 3,Tier 5,Tier 5,70.88,9.75,207.87,13,4
10106,Project40Seven,NIL,Nil,Nil,,0.0,16.29,0,2
10107,Morecambe and Lunesdale Labour,NIL,Nil,Nil,,0.0,44.42,0,2
10108,Altrincham Grammar School for Boys,High Value,Tier 2,Tier 2,9.2,1196.92,2055.39,1814,4
1011,5th Generation,NIL,Nil,Nil,,0.0,0.0,0,1
10119,Southam Roller Skaters,Tier 3,Tier 5,Tier 5,56.91,54.33,155.83,159,4
10124,Graeme Brown,Tier 2,Tier 5,Tier 5,75.49,23.0,75.29,24,2
10125,Account Deleted,NIL,Nil,Nil,,0.0,0.0,0,1
10128,Long Service Awards,NIL,Nil,Nil,,0.0,0.0,0,2
10129,BNI Cumbria,NIL,Nil,Nil,,0.0,23.96,0,2
1014,We do HR Limited,NIL,Nil,Nil,,0.0,687.42,0,7
10142,Shiplake College,Tier 4,Tier 3,Tier 3,19.08,444.38,908.12,839,4
10146,London Filming Partnership,NIL,Nil,Nil,,0.0,0.0,0,2
10148,Nicole Neolove,NIL,Nil,Nil,,0.0,1.0,0,1
10149,The Dionysus Ensemble,Tier 3,Free,Free,,0.0,0.0,230,3
10152,JJ,NIL,Nil,Nil,,0.0,0.0,0,1
10155,Wiltshire College & University Centre,Tier 1,Free,Free,,0.0,0.0,22,3
10158,OPUS 48 CHOIR,NIL,Nil,Nil,,0.0,0.0,0,1
10159,Lancashire Music Schools Pay Fees,Tier 3,Tier 5,Tier 5,63.83,14.62,532.0,26,3
1016,Faith in Business,NIL,Nil,Nil,,0.0,615.8,0,3
10160,Lydd Town Football Club,NIL,Nil,Nil,,0.0,0.62,0,1
10161,The Friends of St Mary's Church Wreay,NIL,Nil,Nil,,0.54,17.29,1,3
10163,Lancaster University,NIL,Nil,Nil,,0.0,0.0,0,1
10167,Hooked on Hospice Care,Tier 2,Tier 5,Tier 5,71.24,31.43,65.81,39,3
10168,University of Nottingham / MariNH3,Tier 3,Free,Free,,0.0,0.0,170,3
10172,Stuart,NIL,Nil,Nil,,0.0,0.0,0,1
10173,Clinical Research Network Yorkshire &amp; Humber,NIL,Nil,Nil,,0.0,0.0,0,2
10174,London Euphonia Orchestra,Tier 4,Tier 3,Tier 4,26.22,275.45,765.06,379,3
10175,University of York,NIL,Nil,Nil,,0.0,0.0,0,1
10176,Shebbear College,Tier 4,Tier 3,Tier 3,19.61,427.79,1102.4,1031,3
10177,Jam Crack,NIL,Nil,Nil,,0.0,168.71,0,3
10178,HHYFC,Tier 4,Tier 3,Tier 3,24.61,276.42,785.33,194,4
1018,East Sussex Bach Choir,Tier 4,Tier 2,Tier 2,5.18,1013.67,4765.34,955,9
10180,Camp Bereka,NIL,Nil,Nil,,0.0,100.25,0,1
10181,Barlborough Primary School PTA,NIL,Nil,Nil,,0.0,0.0,0,1
10188,Gosling Press,Tier 2,Tier 5,Tier 5,56.67,65.12,136.83,122,3
10195,Forsyth Bros Ltd,NIL,Nil,Nil,,0.0,0.0,0,1
10196,Aire Valley Uk,Tier 3,Tier 4,Tier 4,47.48,99.54,205.5,72,3
10197,Heskin Hall,Tier 3,Tier 4,Tier 4,41.15,112.5,342.16,142,4
1020,The Kings Trust  Yorkshire and The Humber,NIL,Nil,Nil,,0.0,0.0,5,8
10206,Christie &amp; Ben Wedding,NIL,Nil,Nil,,0.0,111.71,0,1
10207,Fleetwood Town Flyers FC,High Value,Tier 5,Tier 5,65.64,44.04,83.46,2894,3
10213,UHD Bank,NIL,Nil,Nil,,0.0,0.0,0,1
10214,Birchall,NIL,Nil,Nil,,0.0,49.13,0,1
10216,Stacy Procter,NIL,Nil,Nil,,0.0,0.0,0,1
1022,Acrimony  Hoax and Grody,NIL,Nil,Nil,,0.0,0.96,0,1
10222,VidiGo,NIL,Nil,Nil,,0.0,9.51,0,1
10224,Wendover Friends of Guiding,NIL,Nil,Nil,,0.0,15.0,0,2
10229,Hartlepool Carers,NIL,Nil,Nil,,0.0,0.0,0,1
1023,Burgundys Wine Bar,NIL,Nil,Nil,,0.0,12.46,0,2
10232,Dementia team,NIL,Nil,Nil,,0.0,0.0,0,1
10234,Cockermouth Rotary Club,Tier 3,Free,Free,,0.0,0.0,379,3
10237,Salsa 4 Fun,Key Account,Tier 2,Tier 2,5.69,3658.23,5299.9,3036,3
10239,Centre for People-Led Digitalisation,NIL,Nil,Nil,,0.0,0.0,0,1
1024,Scarlets Rugby,Tier 4,Tier 3,Tier 3,18.8,231.54,3170.56,168,8
10240,Miss Molly,NIL,Nil,Nil,,0.0,46.67,0,1
10241,UptonHouse PTA Account,Tier 4,Tier 3,Tier 3,14.49,752.42,1412.66,2136,3
10243,Coach House Pianos,Tier 3,Tier 5,Tier 5,80.49,13.0,54.08,162,3
10255,Glitter and Groove,NIL,Nil,Nil,,0.0,115.5,0,1
10258,Llamas in Pyjamas at The Three Cups,NIL,Nil,Nil,,0.0,35.38,0,1
1026,Lancaster Millennium Choir,NIL,Nil,Nil,,0.0,80.42,0,3
10261,The Imperial,Tier 2,Tier 5,Tier 5,66.69,34.54,108.06,80,3
10264,Library Teaching,NIL,Nil,Nil,,0.0,0.0,0,1
10265,Fantasia Orchestra,NIL,Nil,Nil,,0.0,240.33,0,1
10266,Rose Harvey,NIL,Nil,Nil,,0.0,0.0,0,1
10267,Think Before You Post Session,NIL,Nil,Nil,,0.0,0.0,0,1
10268,1690 Association (George Fox School  Lancaster.),Tier 2,Tier 5,Tier 5,65.03,38.0,116.37,24,3
1027,St John the Baptist School,Tier 3,Tier 4,Tier 4,40.76,85.71,468.4,121,7
10270,Northern Praeclassica,Tier 1,Tier 5,Tier 5,80.49,14.62,46.88,21,3
10272,Arnold House Parents Association,Tier 4,Tier 3,Tier 3,12.87,914.33,1550.01,1469,3
10273,Langdale Estate Activities,High Value,Free,Free,,0.0,0.0,3324,3
10274,kentdale Programme Team,NIL,Nil,Nil,,0.0,6.62,0,1
10275,Frodsham Highfield Male Voice Choir,NIL,Nil,Nil,,0.0,31.04,0,1
10282,Holy Trinity Kendal Parish Church,NIL,Nil,Nil,,0.0,0.0,0,2
10283,Choose Chorley for Business,Tier 2,Free,Free,,0.0,0.0,44,2
10285,Account Deleted,NIL,Nil,Nil,,0.0,0.0,0,1
10286,Valley Rock Voices,Tier 3,Tier 4,Tier 4,43.94,128.25,275.25,171,2
1029,Enhanced Facial,NIL,Nil,Nil,,0.0,0.0,0,1
10290,The Young Women's Movement,Tier 4,Free,Free,,0.0,0.0,436,3
10291,Lancaster City Council,NIL,Nil,Nil,,0.0,0.0,0,2
10292,RSCM,NIL,Nil,Nil,,0.0,0.0,0,1
10293,Pierce,Tier 3,Free,Free,,0.0,0.0,355,3
10297,Wellness Events with Ellie and Ana,Tier 3,Tier 4,Tier 4,43.02,110.6,324.26,261,3
1030,Ron Campbell Photography,NIL,Nil,Nil,,0.0,43.59,0,1
10300,LAURUS TRUST,High Value,Tier 2,Tier 2,8.65,1355.47,3457.54,5224,3
10302,Chetwynde School,Tier 4,Tier 3,Tier 3,18.61,470.52,1167.85,2114,3
10303,Every Life Matters,Tier 3,Tier 4,Tier 4,37.96,196.42,291.33,21,2
10304,Practice Development,Tier 2,Free,Free,,0.0,0.0,42,2
10307,Elliot Lever,Tier 3,Free,Free,,0.0,0.0,186,3
10308,Caton and Brookhouse Community Hub,NIL,Nil,Nil,,0.0,0.0,0,1
10309,Grey Goose Archery &amp; Axes,Tier 2,Tier 5,Tier 5,80.75,25.04,25.04,102,2
10314,Carlisle Youth Zone,Tier 2,Free,Free,,0.0,31.0,76,2
10315,Sheffield City Council,Key Account,Tier 2,Tier 1,4.4,7451.97,15206.6,14784,3
10316,The History Bureau,NIL,Nil,Nil,,4.04,35.07,9,2
10318,RRDN Y&amp;H Admin,Tier 4,Free,Free,,0.0,0.0,438,3
1032,PERRY,NIL,Nil,Nil,,0.0,0.0,0,2
10320,events,NIL,Nil,Nil,,0.0,57.83,0,1
10322,Lisa Forshaw PR,NIL,Nil,Nil,,0.0,110.0,0,1
10325,Fiona Sorotos,Tier 3,Tier 5,Tier 5,52.79,65.92,231.78,103,3
10326,The Edge Chamber Choir,Tier 3,Tier 5,Tier 5,65.76,29.25,154.12,45,3
10327,iron59,NIL,Nil,Nil,,0.0,0.0,0,1
10328,Animal Care Lancaster,Tier 4,Tier 3,Tier 3,18.71,525.16,957.2,749,3
1033,Kendrick Parents' Society,NIL,Nil,Nil,,0.0,207.75,0,4
10333,Tiffin School - Yr 7 Admissions Tours,NIL,Nil,Nil,,0.0,0.0,0,1
10334,Dominic Downs Piano,Tier 1,Tier 5,Tier 5,89.04,9.76,19.57,21,2
10335,Tiffin School,NIL,Nil,Nil,,0.0,35.5,0,1
10339,Brighton Science Festival,Tier 3,Tier 4,Tier 4,38.61,131.22,437.83,316,3
10340,AskMrsWatson,Tier 3,Free,Free,,0.0,5.9,127,3
10341,Events and Partnerships  University of Bradford,NIL,Nil,Nil,,0.0,0.0,0,1
10342,Deep Cabaret,Tier 2,Tier 5,Tier 5,87.0,3.71,47.67,11,2
10343,Chichester Diocese,Tier 2,Tier 5,Tier 5,70.52,43.17,55.83,61,2
10344,The Undercovers Essex,Tier 3,Tier 4,Tier 4,50.25,78.0,237.33,117,3
10347,Property Apprenticeship Manager,Tier 1,Free,Free,,0.0,0.0,18,2
10348,Bendrigg Trust,Tier 3,Tier 4,Tier 4,45.6,94.92,307.24,141,3
10349,NHS Humber Teaching,NIL,Nil,Nil,,0.0,0.0,0,1
10353,Wiltshire Council,NIL,Nil,Nil,,0.0,0.0,0,1
10355,Bradford Grammar Development,Tier 3,Tier 4,Tier 4,42.9,121.88,265.62,253,3
10357,Swan Singers,Tier 2,Tier 5,Tier 5,73.49,19.62,119.88,32,2
10360,Cheryl McDonald Silverbirch,Tier 3,Tier 5,Tier 5,69.91,38.28,56.95,173,3
10362,Craig Sutton,NIL,Nil,Nil,,0.0,17.54,0,1
10363,Midlands Sales Squad,Tier 2,Tier 5,Tier 5,79.98,11.33,86.17,34,2
10364,Kaleidoscopes LGBTQ,NIL,Nil,Nil,,0.0,0.0,0,1
10365,Penrith BID Company Ltd,Tier 4,Tier 5,Tier 5,76.38,18.46,67.58,430,3
10367,Leod Music/Soundhouse Choir,High Value,Tier 2,Tier 2,8.81,1616.96,2610.29,908,3
1037,Account Deleted,NIL,Nil,Nil,,0.0,105.25,0,3
10370,MTSN MedCen,Tier 2,Free,Free,,0.0,0.0,56,3
10372,Bharat Samra,Tier 3,Free,Free,,0.0,0.0,129,3
10373,Inspire Youth Zone,NIL,Nil,Nil,,0.0,31.02,0,1
10374,Mavi Productions Ltd.,Tier 4,Tier 4,Tier 4,28.62,314.92,529.08,337,2
10379,Oaklands Catholic School and Sixth Form College,Tier 4,Tier 3,Tier 3,16.32,599.75,1307.96,841,3
1038,Parafest,NIL,Nil,Nil,,0.0,982.27,0,2
10380,Hilary Newhall,NIL,Nil,Nil,,0.0,3.54,0,1
10381,MindSpark CIC,NIL,Nil,Nil,,3.12,45.46,5,3
10383,St Leonards School Marketing,Tier 2,Free,Free,,0.0,0.0,107,2
10384,St Margaret&#39;s  Putney,NIL,Nil,Nil,,0.0,0.42,0,1
10385,Verulamians RFC,Tier 2,Tier 5,Tier 5,74.6,43.12,43.12,69,1
10386,Cliffe Woods PTA,High Value,Tier 2,Tier 2,12.36,924.0,1687.61,3227,3
10387,Durham High School Old Girls Association,Tier 2,Tier 5,Tier 5,73.44,19.75,92.58,13,3
10392,Moulton Fun Run,NIL,Nil,Nil,,0.0,38.09,0,1
104,Laura Doran,NIL,Nil,Nil,,0.0,71.75,0,1
1040,North Dorset Cycle Ride,Tier 4,Tier 3,Tier 3,23.36,191.19,1450.62,301,8
10400,Hilton Party on the Park,NIL,Nil,Nil,,0.0,22.83,0,1
10403,10th Chippenham Scout Group,NIL,Nil,Nil,,0.0,20.33,0,1
10404,Millys Jolly Jacobs Farm,NIL,Nil,Nil,,0.0,247.46,0,1
10405,Tao Digital Marketing,NIL,Nil,Nil,,0.0,34.13,0,1
10408,Eye Film,NIL,Nil,Nil,,0.0,29.54,0,1
1041,KlezNorth,NIL,Nil,Nil,,0.0,68.62,0,2
10411,Rich Brake,NIL,Nil,Nil,,0.0,0.0,0,1
10415,The Ainsdale Club,NIL,Nil,Nil,,0.0,17.54,0,1
10419,RBL Freshford &amp; WPR,NIL,Nil,Nil,,0.0,35.0,0,2
1042,BNI Vanguard,NIL,Nil,Nil,,0.0,89.23,0,3
10420,Successful Events Limited,NIL,Nil,Nil,,0.0,0.0,0,1
10422,EY Training,Tier 3,Free,Free,,0.0,0.0,150,3
10424,Early Years - Brighton &amp; Hove,NIL,Nil,Nil,,0.0,0.0,0,1
10425,Liverpool College,Tier 4,Tier 3,Tier 3,15.07,649.71,1558.74,1397,3
10426,Dance to School,NIL,Nil,Nil,,0.0,0.0,0,1
10427,Southport Hockey Club,NIL,Nil,Nil,,0.0,76.0,0,1
10429,BCProjects,NIL,Nil,Nil,,0.0,12.29,0,1
1043,Lancaster,NIL,Nil,Nil,,0.0,0.0,0,1
10430,SINAPSE,NIL,Nil,Nil,,0.0,0.0,0,1
10437,Rowan,Tier 2,Tier 5,Tier 5,66.14,26.17,220.83,48,2
10438,Rotary Club of Eynsham & District,Tier 1,Tier 5,Tier 5,82.57,14.25,33.67,29,3
10439,La Zona Tropical,NIL,Nil,Nil,,0.0,25.33,2,3
1044,Castle Hill Primary School,Tier 4,Free,Free,,0.0,0.0,1436,8
10440,Trinity Parents Association,Tier 2,Tier 4,Tier 4,44.39,71.84,1034.56,32,2
10443,Mambo4Fun Ltd,High Value,Tier 2,Tier 2,7.64,2222.98,3051.52,1907,3
10444,Arnold House School,NIL,Nil,Nil,,0.0,14.0,0,1
10446,Life and Soul Youthwork,Tier 2,Tier 5,Tier 5,67.64,31.83,107.43,71,3
10447,Natwest,NIL,Nil,Nil,,6.25,212.25,7,2
1045,Putney High School Careers Department,NIL,Nil,Nil,,0.0,0.0,0,1
10451,Active Health Chiropractic Clinic,NIL,Nil,Nil,,0.0,0.0,0,1
10455,JSWP,NIL,Nil,Nil,,0.0,0.0,0,1
10456,Wigan Borough Business Awards,Tier 4,Tier 3,Tier 3,20.18,575.62,936.92,209,2
10457,Rotary Abingdon,NIL,Nil,Nil,,0.0,26.83,0,1
10458,Leamington Music,NIL,Nil,Nil,,0.0,11.67,0,1
10459,Cumbrian Children's Holiday,Tier 2,Tier 5,Tier 5,85.88,5.96,51.0,11,2
1046,Fir Ends School,NIL,Nil,Nil,,0.0,0.0,0,3
10461,Flash Fringe Festival,NIL,Nil,Nil,,0.0,0.0,0,1
10462,L&D Maudling limited,Tier 4,Tier 3,Tier 3,24.45,281.25,1018.12,419,3
10463,Settle Orchestra,Tier 3,Tier 4,Tier 4,37.05,174.68,321.46,381,3
10464,StorySoc Drama Department,NIL,Nil,Nil,,0.0,0.0,0,1
10466,Advance@1%,Tier 4,Free,Free,,0.0,0.0,502,3
10469,LACVS - LOCAL Project,Tier 3,Free,Free,,0.0,0.0,275,2
1047,Edgebury Primary School PSA,Tier 4,Tier 2,Tier 2,8.51,665.17,3487.49,1514,9
10471,Mollys Little Minnows,NIL,Nil,Nil,,0.0,68.17,0,1
10474,Hoad Events,Tier 4,Tier 5,Tier 5,68.47,22.21,156.61,939,3
10475,Hampshire and Surrey Hills Men's Choir,Tier 3,Tier 4,Tier 4,32.33,218.75,430.72,278,3
10478,North Worcester Primary Academy,NIL,Nil,Nil,,0.0,0.0,0,1
1048,Soul Against Cancer,NIL,Nil,Nil,,0.0,715.52,0,8
10480,Simon Knight,NIL,Nil,Nil,,0.0,0.0,0,1
10482,Kamala&amp;Mark,NIL,Nil,Nil,,0.0,0.0,0,1
10483,Sophie Campbell,NIL,Nil,Nil,,0.0,20.71,0,1
10485,Westmorland and Furness Council,NIL,Nil,Nil,,0.0,0.0,0,2
10486,Thomas Ashton Institute for Risk and Regulatory Research,NIL,Nil,Nil,,0.0,0.0,0,1
10487,Berkshire Chamber Music Festival,NIL,Nil,Nil,,0.0,33.96,0,1
10489,All Hallows Catholic High School,Tier 4,Tier 3,Tier 3,16.46,538.37,1418.67,1506,3
10490,Account Deleted,NIL,Nil,Nil,,0.0,0.0,0,1
10491,RSCM Enterprises,NIL,Nil,Nil,,0.0,43.75,0,1
10493,Mill Hill,Tier 2,Free,Free,,0.0,0.0,77,2
10494,The Heath Band,Tier 1,Tier 5,Tier 5,89.12,5.42,18.96,13,3
10495,The Universe Cafe,NIL,Nil,Nil,,0.0,42.29,0,1
10498,Lisa Darling,NIL,Nil,Nil,,0.0,23.85,0,1
105,Royal Masonic School Music Dept,NIL,Nil,Nil,,0.0,149.52,0,1
1050,Hardy Soft Play Hire,NIL,Nil,Nil,,0.0,1212.63,0,2
10505,YH PSRC,Tier 2,Free,Free,,0.0,0.0,65,2
10506,Wilberforce Sixth From College,NIL,Nil,Nil,,0.0,0.0,0,1
10508,SalsaJulia,Tier 3,Tier 5,Tier 5,56.39,71.17,158.17,130,2
10509,Cumnor - STRIPE,Tier 4,Tier 3,Tier 3,17.32,565.62,1128.75,896,3
10510,DM Events,NIL,Nil,Nil,,0.0,0.0,0,1
10512,YAB Devon,NIL,Nil,Nil,,0.0,0.0,0,1
10513,Community Foundations of Lancashire and Merseyside,NIL,Nil,Nil,,0.0,26.29,0,1
10514,Juliet Rufford Holistic Healer,NIL,Nil,Nil,,0.0,1.79,0,1
10515,Da Capo Chamber Choir,Tier 2,Tier 5,Tier 5,73.14,28.86,73.98,46,2
10518,Christians in Sport,NIL,Nil,Nil,,0.0,0.0,0,1
1052,Dalton Square Florist,NIL,Nil,Nil,,0.0,14.5,0,2
10521,Juliana Silveira,NIL,Nil,Nil,,0.0,31.92,0,1
10522,Kathryn Stevens,Tier 4,Tier 4,Tier 4,29.28,260.46,491.21,66,3
10524,Prince&#39;s Trust,NIL,Nil,Nil,,0.0,0.0,0,1
10529,VIP Team Travel Events,NIL,Nil,Nil,,0.0,30.08,0,1
1053,Gordonstoun,High Value,Tier 2,Tier 2,8.22,653.58,3951.92,3309,9
10530,Swindon Property Chat,NIL,Nil,Nil,,0.0,0.0,0,1
10531,Team Valley Marketing,Tier 4,Tier 3,Tier 3,15.73,567.25,1557.25,1121,3
10532,A J Nowak,Tier 4,Free,Free,,0.0,0.0,606,3
10533,Lancaster University - Cyber Works,NIL,Nil,Nil,,0.0,0.0,0,1
10535,Barnsley CVS,NIL,Nil,Nil,,0.0,0.0,0,1
10537,Teddington Theatre Club,Tier 4,Tier 3,Tier 3,26.9,321.25,707.5,506,2
1054,Hope 4 East Cleveland,Tier 3,Tier 5,Tier 5,61.54,29.0,167.27,131,8
10540,YAB Ribble Valley,Tier 2,Tier 5,Tier 5,89.24,8.93,11.33,50,3
10541,Nelson Trust 21 March event,NIL,Nil,Nil,,0.0,299.13,0,1
10545,East Midlands Forest Education Network,Tier 3,Tier 4,Tier 4,36.25,153.4,475.05,222,3
10546,Westmorland &amp; Furness Commissioning,NIL,Nil,Nil,,0.0,0.0,0,1
10547,Armstrong Watson,Tier 3,Tier 4,Tier 4,39.89,142.79,314.33,149,3
10548,SusHy CDT,NIL,Nil,Nil,,0.0,0.0,0,1
10549,Women In Chemistry,Tier 2,Free,Free,,0.0,0.0,120,3
10552,St Michael's Church  Abingdon,Tier 3,Tier 5,Tier 5,54.88,77.13,129.67,136,3
10554,Korean Supper Club,NIL,Nil,Nil,,0.0,18.12,0,1
10557,Office of Government Property,NIL,Nil,Nil,,0.0,0.0,0,1
10558,True Funny Limited,NIL,Nil,Nil,,0.0,33.75,0,1
10561,Parrenthorn High School 50th,NIL,Nil,Nil,,0.0,148.92,0,1
10562,NHS HNY ICB Hull,NIL,Nil,Nil,,0.0,0.0,0,2
10563,Rainbow Entertainment & Promo,High Value,Tier 2,Tier 2,7.66,1417.5,4795.62,2496,3
10566,Bolton Priory Concert Series,NIL,Nil,Nil,,1.92,221.08,2,2
1057,St Michael's C of E Primary School,NIL,Nil,Nil,,0.0,7.42,0,1
10573,MCR Connect Does…,NIL,Nil,Nil,,0.0,138.58,0,1
10575,Jubilee Hall,NIL,Nil,Nil,,0.0,39.75,0,1
10577,Mark Devlin,Tier 3,Tier 4,Tier 4,31.16,232.01,467.29,397,3
10579,Childrens Homes Quality,NIL,Nil,Nil,,0.0,4.42,3,3
10584,Spencer Academies Trust,Tier 4,Free,Free,,0.0,0.0,577,3
10585,Humber Teaching NHS Foundation Trust,NIL,Nil,Nil,,0.0,0.0,0,1
10586,Royal Alexandra and Albert School,NIL,Nil,Nil,,0.0,248.46,0,1
1059,UCS JB Parents Guild,NIL,Nil,Nil,,0.0,737.73,0,5
10590,Racial Equity in Policy Network,Tier 3,Free,Free,,0.0,0.0,125,3
10591,St Benedict's Catholic School,NIL,Nil,Nil,,0.0,0.0,0,2
10592,34th Nottingham Scouts,NIL,Nil,Nil,,0.0,60.59,0,1
10593,Joshua Hearson,NIL,Nil,Nil,,0.0,24.41,0,1
10600,Ewell Castle School,NIL,Nil,Nil,,0.0,219.83,0,1
10601,Friends of Kettlewell,NIL,Nil,Nil,,0.0,18.12,0,1
10602,Dame Allan's Schools,Tier 4,Tier 3,Tier 4,26.57,281.92,689.38,157,3
10603,Newstead Wood School,High Value,Tier 4,Tier 4,32.47,173.04,693.89,4609,3
10604,Southgate School,Tier 4,Free,Free,,0.0,0.0,1368,2
10608,Location Routes Management Ltd,NIL,Nil,Nil,,0.0,8.25,0,1
1061,All Saints' Singers,NIL,Nil,Nil,,0.0,20.87,0,3
10611,Sarah,NIL,Nil,Nil,,0.0,24.0,0,1
10612,Lpark,NIL,Nil,Nil,,0.0,0.0,0,1
10614,DonnellyBentley,NIL,Nil,Nil,,0.0,0.0,0,1
10616,Kevin MacCallum,NIL,Nil,Nil,,0.0,0.0,0,1
10617,The Longhouse,NIL,Nil,Nil,,0.0,411.67,0,2
10618,Account Deleted,NIL,Nil,Nil,,0.0,0.0,0,1
10620,Luton Creative Community,High Value,Tier 2,Tier 2,5.62,2484.22,7047.36,3478,3
10621,Lancaster City Council,Tier 2,Free,Free,,0.0,0.0,114,2
10623,Oasis PTFA,Tier 3,Tier 5,Tier 5,57.09,63.54,177.58,176,2
10625,Pitstone Memorial Hall,NIL,Nil,Nil,,0.0,145.22,0,2
10627,BHCHS Music,Tier 3,Tier 4,Tier 4,50.46,93.62,201.54,296,2
10628,Vice-Chancellor&#39;s Office,NIL,Nil,Nil,,0.0,0.0,0,1
1063,Lancaster and Fleetwood CLP,NIL,Nil,Nil,,0.0,58.25,0,2
10631,Rotary Club of Dunbar,NIL,Nil,Nil,,0.0,49.09,0,1
10632,Ian Procter,NIL,Nil,Nil,,0.0,29.25,0,1
10634,Danehill PCC,Tier 2,Tier 5,Tier 5,71.89,28.77,89.94,27,2
10635,Hormead School,Tier 4,Tier 4,Tier 4,29.46,257.4,487.63,629,3
10638,Queen's Park Singers,Tier 4,Tier 4,Tier 4,29.3,297.12,516.92,332,2
10639,Children and Young People,NIL,Nil,Nil,,0.0,0.0,0,1
1064,Dentons Deli Limited,NIL,Nil,Nil,,0.0,3321.2,0,5
10640,Greater Manchester Combined Authority,Tier 2,Free,Free,,0.0,0.0,82,3
10644,David Webster,Tier 3,Tier 5,Tier 5,56.31,81.17,95.29,134,3
10648,Cumbria Squash and Racketball,Tier 2,Tier 5,Tier 5,64.73,42.33,101.83,70,3
10649,Account Deleted,NIL,Nil,Nil,,0.0,0.0,0,1
1065,KGS - Sports Department,Tier 4,Tier 4,Tier 4,30.38,104.12,2273.54,329,7
10654,Croydon Property Chats,Tier 3,Free,Free,,0.0,0.0,165,3
10656,Worcs Property Chat,Tier 2,Free,Free,,0.0,0.0,49,2
10658,Saltash RFC,NIL,Nil,Nil,,0.0,0.0,0,1
10659,Factory,NIL,Nil,Nil,,0.0,22.71,0,1
10661,Exeter Property Chats,Tier 2,Free,Free,,0.0,0.0,109,3
10662,Chiswick Property Chat,Tier 2,Free,Free,,0.0,0.0,68,2
10663,UoD Anime Society,NIL,Nil,Nil,,0.0,45.42,0,1
10664,BCUK NW Regional Group,NIL,Nil,Nil,,0.0,0.0,6,2
10665,Florence Drouvin  University of Nottingham,NIL,Nil,Nil,,0.0,0.0,0,1
10666,Anneliese TryBooking Product,NIL,Nil,Nil,,0.0,0.0,2,2
10667,Padraic Monaghan,NIL,Nil,Nil,,0.0,0.0,0,1
10668,Bristol Property Chat,NIL,Nil,Nil,,0.0,0.0,2,2
10669,HW4P Bristol,NIL,Nil,Nil,,0.0,0.0,0,1
10671,Account Deleted,NIL,Nil,Nil,,0.0,0.0,0,1
10672,Moore Enterprising Ltd,NIL,Nil,Nil,,0.0,64.0,0,1
10674,Hitchin Property Chat,Tier 2,Free,Free,,0.0,0.0,77,3
10675,St Michaels Church Stanwix,Tier 2,Free,Free,,0.0,0.0,52,2
10676,Sutton Property Chat,Tier 2,Free,Free,,0.0,0.0,78,3
10677,Iskcon Milton Keynes,NIL,Nil,Nil,,0.0,0.0,0,1
10679,Stratford-upon-Avon Property Chats,Tier 3,Free,Free,,0.0,0.0,146,3
10680,Property chats. Horsham,Tier 1,Free,Free,,0.0,0.0,10,2
10681,Rachelle Poyntz,NIL,Nil,Nil,,0.0,0.0,0,1
10682,Amnesty International Reading Group,Tier 2,Tier 5,Tier 5,70.85,31.79,90.37,61,2
10683,Ipswich Property Chat,Tier 3,Free,Free,,0.0,0.0,139,3
10685,Ruth Berkoff,NIL,Nil,Nil,,0.0,112.92,0,1
10686,Meophams,NIL,Nil,Nil,,0.0,0.0,0,1
10687,Friends of St Edmund's ,Tier 4,Tier 4,Tier 3,27.67,357.42,497.74,1197,2
10689,Croydon Youth Music Association,NIL,Nil,Nil,,0.0,42.33,0,1
1069,Belt 'N' Braces,NIL,Nil,Nil,,0.0,173.87,0,2
10691,Productions,Tier 4,Tier 3,Tier 3,22.61,405.38,710.92,975,3
10692,Steel City Trophy,Tier 4,Tier 3,Tier 3,16.09,563.75,1475.75,992,3
10693,Westmorland and Furness Council,Tier 3,Free,Free,,0.0,0.0,200,3
10697,Nomadic Pastry,NIL,Nil,Nil,,1.13,173.71,0,2
10698,Account Deleted,NIL,Nil,Nil,,0.0,0.0,0,1
10699,Leo Shum,Tier 1,Free,Free,,0.0,0.42,19,2
107,Goxhill Primary School,Tier 3,Free,Free,,0.0,0.0,327,11
1070,Lockhouse Productions,NIL,Nil,Nil,,0.0,21.46,0,2
10702,Lancaster City Council Food Team,Tier 2,Free,Free,,0.0,0.0,109,3
10704,UHNM Respiratory,Tier 3,Free,Free,,0.0,0.0,167,3
10705,Lincoln Property Chat,Tier 2,Free,Free,,0.0,0.0,86,3
10707,St Stithians College UK Alumni,Tier 3,Tier 4,Tier 4,38.95,149.54,332.67,129,3
10709,Kendal Ghost Walks,Tier 2,Tier 5,Tier 5,63.45,47.97,94.79,72,3
1071,Temple Ewell Players,Tier 4,Tier 3,Tier 3,14.46,390.38,1905.54,822,8
10710,The Friends of LRGS,NIL,Nil,Nil,,0.0,221.42,0,2
10715,K Rosati,NIL,Nil,Nil,,0.0,0.0,0,1
10719,Club Night,Tier 2,Tier 5,Tier 5,77.72,24.75,46.29,33,2
10720,Cathy Oates,NIL,Nil,Nil,,0.0,6.38,0,1
10721,Nigeria Community Association in Bradford,NIL,Nil,Nil,,0.0,0.0,0,1
10722,TDRC,NIL,Nil,Nil,,0.0,7.65,0,1
10724,Gaitana Yantal,NIL,Nil,Nil,,0.0,0.0,0,1
10725,Account Deleted,NIL,Nil,Nil,,0.0,0.0,0,1
10728,Ultimate Health By Ellie,NIL,Nil,Nil,,0.0,9.88,0,1
10729,Account Deleted,NIL,Nil,Nil,,0.0,0.0,0,1
10730,Reading Property Chat,Tier 1,Free,Free,,0.0,0.0,11,3
10731,Huddersfield Town Foundation,NIL,Nil,Nil,,0.0,0.0,0,2
10732,TACA,NIL,Nil,Nil,,0.0,0.0,0,1
10736,Lambourne End Ltd,Tier 4,Tier 2,Tier 2,10.8,1041.46,2362.79,428,3
10738,SCC Lancaster,NIL,Nil,Nil,,0.0,0.0,0,1
1074,Account Deleted,NIL,Nil,Nil,,0.0,0.0,0,2
10740,Otley Choral Society,Tier 3,Tier 5,Tier 5,52.51,94.83,114.96,105,3
10741,Strata Brass,NIL,Nil,Nil,,1.63,7.58,3,2
10744,Tree Buds,Tier 4,Tier 3,Tier 3,16.56,634.19,1155.3,1208,3
10745,Restore (York),Tier 2,Tier 5,Tier 5,80.18,0.25,145.42,48,2
10746,Joe Prince Therapy,NIL,Nil,Nil,,0.0,25.87,0,1
10749,Manchester Property Chat,NIL,Nil,Nil,,0.0,0.0,0,2
10750,GDST,Tier 4,Tier 3,Tier 3,22.29,611.46,611.46,106,2
10754,Tiffin Choirs,Tier 1,Free,Free,,0.0,0.0,21,2
10756,Sherborne Girls Exams,Tier 3,Tier 4,Tier 4,32.85,226.21,381.54,94,3
10758,Saltire Financial Ltd,NIL,Nil,Nil,,0.0,0.0,0,1
10759,The Valley Parish,Tier 1,Tier 5,Tier 5,88.75,12.75,15.0,17,2
10760,Woodchats Coffee Shop,NIL,Nil,Nil,,0.0,2.83,0,1
10762,Memories are Golden,Tier 2,Tier 5,Tier 5,53.81,77.67,146.17,124,3
10765,Sheffield High School for Girls,Tier 4,Tier 4,Tier 4,40.02,186.18,236.97,695,2
10766,School of Humanities,NIL,Nil,Nil,,0.0,0.0,0,1
10769,Jeanette Booth,NIL,Nil,Nil,,0.0,0.0,0,1
10770,Move &amp; Flow Wellness,NIL,Nil,Nil,,0.0,1.5,0,1
10778,Borders Chamber Choir,Tier 3,Tier 4,Tier 4,33.44,194.5,439.21,271,3
10779,Karara foods,NIL,Nil,Nil,,0.0,67.21,0,1
10782,Humber NHS,NIL,Nil,Nil,,0.0,0.0,0,1
10787,Uncovering Roman Carlisle,NIL,Nil,Nil,,0.0,0.0,0,1
10788,Furness Original Productions,NIL,Nil,Nil,,0.0,2.98,0,1
10789,East Lancashire Chamber Of Commerce,NIL,Nil,Nil,,0.0,13.0,0,1
1079,More Music,Tier 4,Tier 2,Tier 2,6.54,758.7,5507.48,1600,9
10790,Morecambe Bay Curriculum,Tier 3,Free,Free,,0.0,0.0,210,3
10791,RHSCP,NIL,Nil,Nil,,0.0,0.0,0,1
10792,Willington Carnival,NIL,Nil,Nil,,0.0,23.33,0,1
10793,Haberdashers' Boys' School,High Value,Free,Free,,0.0,0.0,3872,3
10801,Pure Worship,NIL,Nil,Nil,,0.0,0.0,0,1
10802,UK Jigsaw Puzzle Association,High Value,Tier 2,Tier 2,8.7,1746.25,2527.33,1175,3
10804,Flakefleet School,Tier 4,Tier 5,Tier 5,61.74,67.39,85.68,1046,2
10808,Rotary Club of Wokingham,NIL,Nil,Nil,,0.0,24.0,0,2
10809,LancsUniTOPE,NIL,Nil,Nil,,0.0,0.0,0,1
10811,Turner Schools,High Value,Free,Free,,0.0,0.0,4738,3
10813,The Perse School Cambridge,Tier 3,Free,Free,,0.0,0.0,245,2
10818,The Friends of Sherborne Prep,Tier 3,Tier 4,Tier 4,42.07,125.33,283.5,93,3
1082,Dec04 Reunion Co-ordinators,NIL,Nil,Nil,,0.0,31.06,0,2
10820,Cherry Tree Primary School,NIL,Nil,Nil,,0.0,0.0,0,1
10823,TEDxReigate,NIL,Nil,Nil,,0.0,69.79,0,1
10824,Elle Edwards Foundation,NIL,Nil,Nil,,0.0,0.65,0,1
10825,Spotlight Dance Academy,Tier 4,Tier 4,Tier 4,28.42,251.54,618.15,247,3
10828,Thebestofbolton,NIL,Nil,Nil,,0.0,2.79,0,1
10830,Stretton Gala,NIL,Nil,Nil,,0.0,37.25,0,1
10832,Verulam Community Radio Limited,NIL,Nil,Nil,,0.0,0.0,0,1
10836,Evolve Somatics,Tier 2,Free,Free,,0.0,0.0,124,3
1084,Account Deleted,NIL,Nil,Nil,,0.0,0.0,0,1
10840,Rock N Soul Singers,Tier 1,Tier 5,Tier 5,87.85,8.42,18.96,17,3
10841,The Beacon,Tier 2,Tier 5,Tier 5,70.08,38.96,54.63,32,3
1085,Bridekirk Dovenby School,NIL,Nil,Nil,,0.0,230.38,0,2
10850,West5,NIL,Nil,Nil,,0.0,0.0,0,1
10853,Australian Women in London &amp; the UK Over Forty,NIL,Nil,Nil,,0.0,2.63,0,1
10854,Rotherham &amp; Barnsley Business Link,Tier 3,Tier 5,Tier 5,55.51,58.92,191.67,128,3
10858,Archdeacon Events,Tier 4,Free,Free,,0.0,0.0,550,2
10861,The Woad Farm Project,NIL,Nil,Nil,,0.0,0.0,1,2
10863,Buckt,Tier 3,Free,Free,,0.0,0.0,147,2
10865,Valuation Office Agency,NIL,Nil,Nil,,0.0,0.0,0,1
10869,Friends of Bladon School,Tier 4,Tier 4,Tier 4,30.53,245.26,458.54,770,3
10874,Dan Wyatt,NIL,Nil,Nil,,0.0,48.75,0,1
10876,Humber &amp; North Yorkshire ICS,NIL,Nil,Nil,,0.0,0.0,0,1
10880,Sheffield City Council,NIL,Nil,Nil,,0.0,0.0,0,1
10882,FIPS account,Tier 4,Tier 3,Tier 3,16.33,536.91,1472.83,336,3
10884,UoN RKE,NIL,Nil,Nil,,0.0,0.0,0,1
10885,Ibstock School - Marketing account,Key Account,Tier 4,Tier 4,32.96,167.41,691.53,6616,3
10896,Liss Athletic FC,NIL,Nil,Nil,,1.42,22.88,3,2
10898,Lee Schofield Ltd,NIL,Nil,Nil,,0.0,4.12,0,1
109,Michael Mears,NIL,Nil,Nil,,0.0,118.29,0,3
1090,Infinity Images,NIL,Nil,Nil,,0.0,17.75,0,3
10904,St Josephs PTA,NIL,Nil,Nil,,0.0,0.37,0,1
10908,Barrs Court PTFA,Tier 4,Tier 3,Tier 3,19.46,461.97,1024.66,1515,3
10911,Lancaster University Economics Department,Tier 3,Free,Free,,0.0,0.0,200,3
10912,Culture and Inclusion team,Tier 2,Free,Free,,0.0,0.0,39,2
10918,Rachel Selby,NIL,Nil,Nil,,0.0,9.58,0,1
10922,Alliance of Leading Learning,NIL,Nil,Nil,,0.0,301.83,0,1
10927,Dunottarprom2024,NIL,Nil,Nil,,0.0,222.04,0,1
10929,X-Press Legal Services,NIL,Nil,Nil,,0.0,136.83,0,1
1093,Didcot Choral Society,Tier 2,Tier 5,Tier 5,57.4,41.58,173.5,71,7
10930,Good Things Collective,NIL,Nil,Nil,,0.0,0.0,0,1
10933,University of Nottingham,Tier 3,Free,Free,,0.0,0.0,356,2
10935,Aarons Book Club,NIL,Nil,Nil,,0.0,29.28,0,1
1094,Bransty Primary School,NIL,Nil,Nil,,0.0,217.24,0,2
10944,Llanelli Photographic Society,NIL,Nil,Nil,,0.0,20.54,0,1
10947,Merlin Summer Fair,Tier 2,Tier 5,Tier 5,66.49,43.5,99.33,87,2
10948,King Edward VI Handsworth School for Girls,Tier 3,Free,Free,,0.0,206.27,400,2
1095,UCS Pre-Prep,NIL,Nil,Nil,,0.0,200.92,0,2
10951,Friends of Bolton School,High Value,Tier 2,Tier 2,10.42,1295.92,1947.48,2252,3
10952,NAA coaching,Tier 3,Free,Free,,0.0,0.0,141,3
10953,Gordonstoun Association,Tier 2,Tier 5,Tier 5,63.81,20.58,462.5,50,2
10955,Markland Hill Wealth,NIL,Nil,Nil,,0.0,0.0,0,1
10957,Be Me Project,Tier 1,Free,Free,,0.0,4.12,15,3
10960,Burton Unity,Tier 4,Tier 3,Tier 3,24.87,341.46,628.33,1619,3
10961,joanne cartledge,NIL,Nil,Nil,,0.0,0.0,0,1
10963,Kay Bentley,NIL,Nil,Nil,,0.0,1.08,0,1
10964,Young Music Makers London Limited,NIL,Nil,Nil,,0.0,147.7,0,2
10969,6 Choirs,NIL,Nil,Nil,,0.0,147.29,0,1
10970,Friends of eagley junior school,Tier 3,Tier 5,Tier 5,58.29,56.96,142.0,195,3
10973,Holistic Events,Tier 1,Tier 5,Tier 5,84.47,12.21,27.5,11,3
10975,Breathing Space,Tier 3,Tier 5,Tier 5,80.82,20.08,26.21,185,3
10976,Test booking,NIL,Nil,Nil,,0.0,0.0,0,1
10977,Grace Richardson,NIL,Nil,Nil,,0.0,21.33,0,1
10979,Elliot Taylor,Tier 2,Free,Free,,0.0,0.0,68,3
10980,St Andrew&#39;s Bishopstone,Tier 2,Tier 5,Tier 5,72.77,27.79,84.29,29,2
10982,Zanobini Academy of Performing Arts,Tier 3,Tier 5,Tier 5,50.98,83.83,234.5,158,2
10987,Heathpatch Ltd,NIL,Nil,Nil,,0.0,105.0,0,1
10988,BIOREME,NIL,Nil,Nil,,0.0,0.0,0,1
10993,Coaching Untrained Leaders,NIL,Nil,Nil,,0.0,0.0,0,1
10996,APV Bhangra,Tier 4,Tier 4,Tier 4,30.01,247.38,488.0,659,3
10997,Jessa Liversidge,Tier 2,Tier 5,Tier 5,73.65,23.63,94.21,47,2
10998,Helen Woodruff,NIL,Nil,Nil,,0.0,15.04,0,2
10999,Edinburgh Capital Voices Choir,NIL,Nil,Nil,,0.0,42.54,0,1
110,Kathryn Hulse,Tier 1,Free,Free,,0.0,2.63,14,6
1100,Yogific,NIL,Nil,Nil,,0.0,1.83,0,1
11000,Becci,NIL,Nil,Nil,,0.0,0.0,0,1
11005,Claire,NIL,Nil,Nil,,0.0,0.0,0,1
11007,Pallant Voices,NIL,Nil,Nil,,0.0,91.88,0,1
1101,The Beacon Project,NIL,Nil,Nil,,0.0,0.0,0,3
11010,Molly Jackson,NIL,Nil,Nil,,0.0,4.5,0,1
11012,Marathi Mitra Mandal Basingstoke,Tier 3,Tier 4,Tier 4,37.06,151.37,426.59,393,3
11013,Chesterfield Malayali Association,Tier 4,Tier 4,Tier 4,31.15,212.54,537.49,577,3
11016,Newcastle Prep School,Tier 4,Tier 4,Tier 4,33.74,286.75,286.75,106,2
11017,Burton-on-the-Wolds Recreation Ground,Tier 3,Tier 4,Tier 4,41.91,129.7,269.47,72,3
11018,London Welsh Rugby Club Choiir,NIL,Nil,Nil,,0.0,58.0,0,1
11019,Newcastle Preparatory School,Tier 3,Free,Free,,0.0,0.0,127,3
11020,Frampton on Severn Church,Tier 2,Tier 5,Tier 5,59.92,46.2,213.28,121,2
11021,NEC YOUTH DEPARTMENT,NIL,Nil,Nil,,0.0,0.0,0,1
11024,Ashby C of E Primary,NIL,Nil,Nil,,0.0,0.0,0,1
11026,Inspire PTFA,Tier 4,Tier 4,Tier 4,49.34,91.82,185.4,531,3
11027,CREAT-ED Consulting,NIL,Nil,Nil,,0.0,0.0,0,1
11028,CHCS,NIL,Nil,Nil,,0.0,0.0,0,1
11029,New to You St Eds,Tier 4,Tier 4,Tier 4,27.77,290.91,500.52,474,3
11030,Northside Training,Tier 4,Tier 3,Tier 3,24.17,356.79,655.71,402,3
11033,The Cowshed,High Value,Tier 2,Tier 2,8.25,1940.25,2816.46,2660,3
11035,Prescot and Odyssey CC,NIL,Nil,Nil,,0.0,537.17,0,1
11038,Racing Club Warwick FC,Tier 4,Tier 3,Tier 3,15.14,560.96,1935.62,205,3
11039,Spring Grove Junior  Infant and Nursery School,NIL,Nil,Nil,,0.0,194.04,0,1
11040,Talking to the Top,NIL,Nil,Nil,,0.0,25.25,0,1
11042,Northern Information Goveranance Forum,Tier 4,Tier 5,Tier 5,91.34,4.04,10.31,482,3
11044,Shakespeare in the Square,NIL,Nil,Nil,,0.0,448.04,0,1
11045,Padworth College,Tier 2,Free,Free,,0.0,0.0,80,2
11046,Emma Campbell,NIL,Nil,Nil,,0.0,0.0,0,1
11048,ActionCOACH Poole,NIL,Nil,Nil,,0.0,1.88,0,1
11050,COACH BOOKINGS TO PERRY BARR,NIL,Nil,Nil,,0.0,9.21,0,1
11051,The Oundle Society,Tier 4,Tier 5,Tier 5,83.45,20.96,20.96,856,2
11052,Anica Rashid Events,NIL,Nil,Nil,,0.0,0.75,0,1
11055,Lower Plumpton Farm,Tier 3,Tier 5,Tier 5,91.5,9.38,9.38,240,2
11060,Laura Wallace Prints Ltd,NIL,Nil,Nil,,0.0,127.75,0,1
11064,Mendip Green PTA,Tier 3,Tier 5,Tier 5,57.87,45.12,228.48,136,3
11067,Clenchwarton Community Foundation Trust,Tier 1,Free,Free,,0.0,18.11,20,2
11075,Scott - fundraiser,NIL,Nil,Nil,,0.0,24.0,0,1
11081,PCC of Abbotts Ann,NIL,Nil,Nil,,0.0,4.38,0,1
11082,The Self Care Summit,NIL,Nil,Nil,,0.0,18.04,0,1
11083,Tracey H-J,NIL,Nil,Nil,,0.0,0.0,0,1
11085,Palace Thieves,NIL,Nil,Nil,,0.0,7.0,0,1
1109,Coopers Edge School,NIL,Nil,Nil,,0.0,0.0,0,1
11090,UN ŒUF PRODUCTIONS,Tier 3,Tier 5,Tier 5,51.41,71.51,237.59,127,3
11092,Kitty A,NIL,Nil,Nil,,0.0,10.5,0,1
11096,Southwick Revival,Key Account,Tier 2,Tier 2,4.93,3545.67,9258.42,4703,3
11098,Brambletye School,Tier 2,Free,Free,,0.0,0.0,60,3
11114,Stirling University Choir,Tier 1,Tier 5,Tier 5,83.22,13.17,33.08,29,3
11118,Fun Village Funfair,NIL,Nil,Nil,,0.0,2.25,0,1
11122,Colden Common School Association,NIL,Nil,Nil,,0.0,0.0,0,1
11131,Syeda Nudrat,NIL,Nil,Nil,,0.0,0.0,0,1
11134,Preston Root Connections Networking,NIL,Nil,Nil,,0.0,2.5,0,1
11136,Trinity Church Scarborough,NIL,Nil,Nil,,0.0,7.97,0,1
11137,Kidanza Dance School,NIL,Nil,Nil,,0.0,719.13,0,1
11138,Babylon Eco Centre,Tier 4,Tier 3,Tier 3,19.03,682.92,682.92,386,3
11139,FOLS,Tier 4,Tier 4,Tier 4,29.79,241.49,532.94,598,3
11141,Cumbria Deaf Association,NIL,Nil,Nil,,35.42,536.0,8,2
11144,Ikigai Adventures Three Peaks,Tier 3,Tier 4,Tier 4,35.34,149.0,582.05,52,3
11149,Malvern St James,Tier 3,Tier 5,Tier 5,54.68,101.62,101.62,399,2
1115,All Things Being Equal,NIL,Nil,Nil,,0.0,24.42,0,3
11151,Habs Art Dept,NIL,Nil,Nil,,0.0,0.0,0,1
11156,Kellie Dobson,NIL,Nil,Nil,,0.0,0.65,0,1
11158,Bisterne Farms,NIL,Nil,Nil,,0.0,0.0,0,1
1116,intSchools,NIL,Nil,Nil,,0.0,0.0,0,2
11164,Lee Dancy,NIL,Nil,Nil,,2.0,15.5,6,2
11166,Bradford Theatre,NIL,Nil,Nil,,0.0,0.0,0,1
11172,ILH,NIL,Nil,Nil,,0.0,0.0,0,1
11178,Eccleshall Tennis Club,NIL,Nil,Nil,,0.0,25.0,0,1
11179,Suffolk Home Ed Trips,NIL,Nil,Nil,,0.0,0.0,0,1
1118,UW Team Events,NIL,Nil,Nil,,0.0,339.72,0,2
11181,Winterfields,NIL,Nil,Nil,,0.0,0.0,0,1
11184,MyaMorgan,NIL,Nil,Nil,,0.0,1.88,0,1
11186,AliceMarraMusic,Tier 3,Tier 5,Tier 5,59.24,50.38,152.42,154,3
11188,Romulus Singers,Tier 2,Tier 5,Tier 5,66.49,38.04,95.5,54,3
1119,GLSW Booking,NIL,Nil,Nil,,0.0,454.54,0,3
11191,PTFA OAP,NIL,Nil,Nil,,0.0,11.67,0,1
11192,Cumberland Farms,Tier 3,Free,Free,,0.0,0.0,296,2
11193,Kieran,NIL,Nil,Nil,,0.0,0.0,0,1
11194,Clinical Education,NIL,Nil,Nil,,0.0,0.0,0,1
11195,Park View School,Tier 4,Tier 3,Tier 3,17.73,540.25,1087.71,1146,3
11196,W&amp;F Events,Tier 4,Free,Free,,0.0,0.0,1329,3
11198,Account Deleted,NIL,Nil,Nil,,0.0,0.0,0,1
112,Nick Mills,NIL,Nil,Nil,,0.0,105.42,0,4
11202,Young Art Oxford,NIL,Nil,Nil,,0.0,0.0,0,1
11203,Winchester College Heritage,Key Account,Tier 2,Tier 2,5.42,2885.88,7149.46,3942,3
11205,St Mary's Music,Tier 4,Tier 3,Tier 3,15.21,764.52,1181.38,841,3
11209,Aerial Festival,NIL,Nil,Nil,,0.0,302.54,0,1
11212,Concert Theatre Works,NIL,Nil,Nil,,0.0,1347.44,0,1
11215,East Lothian Coast & Lammermuir SNP,Tier 2,Tier 5,Tier 5,60.48,63.88,87.25,66,3
11218,RSPSoc,NIL,Nil,Nil,,0.0,3.33,0,1
11219,The Taureans,NIL,Nil,Nil,,0.0,8.67,0,1
11222,Helen Tebay,Tier 1,Tier 5,Tier 5,89.83,15.71,15.71,29,1
11224,Ambleside AC Juniors,NIL,Nil,Nil,,0.0,0.0,0,1
11226,Yewdale Community Centre,Tier 4,Tier 4,Tier 4,29.31,254.19,506.25,286,3
1123,LHM Fundraiser,NIL,Nil,Nil,,0.0,6.5,0,2
11232,Kelvinside Academy,NIL,Nil,Nil,,0.0,750.46,0,1
11233,Peace of Green CIC,Tier 4,Tier 5,Tier 5,81.2,15.48,39.65,628,3
11235,Great Corby Village Association,Tier 3,Tier 5,Tier 5,51.71,71.54,227.24,109,3
11237,David Mitchell,Tier 4,Free,Free,,0.0,0.0,927,2
11238,MAP Abergavenny,NIL,Nil,Nil,,0.0,26.0,0,1
11239,Tribe Events Ulverston,Tier 4,Tier 4,Tier 4,30.12,278.54,525.04,146,2
11242,Natural Kendal,NIL,Nil,Nil,,0.0,0.0,0,1
11246,Irvine Burns Club,Tier 3,Free,Free,,0.0,0.0,175,3
11247,Mayflower Archers,Tier 4,Tier 4,Tier 4,36.05,190.21,307.67,569,3
11251,Prom2k24,NIL,Nil,Nil,,0.0,73.62,0,1
11253,NDSSG Dance Warriors,Tier 2,Tier 5,Tier 5,68.04,28.83,114.66,95,3
11255,T. Knight,Tier 4,Tier 5,Tier 5,83.77,8.25,44.71,515,3
11256,KLTIC,Tier 2,Tier 5,Tier 5,80.84,20.2,39.32,38,2
11259,Customer Love,NIL,Nil,Nil,,0.0,0.0,0,1
11261,Friends of Hellingly Church,Tier 2,Tier 5,Tier 5,77.15,15.75,97.29,21,2
11263,Careers Ideas Ltd,NIL,Nil,Nil,,0.0,0.0,0,1
11265,Kate Armstrong,NIL,Nil,Nil,,0.0,0.0,0,1
11266,Chloe Doherty,NIL,Nil,Nil,,0.0,0.0,0,1
11268,Cambridgeafrica,Tier 1,Free,Free,,0.0,0.0,16,2
11270,We Are Grow,Tier 4,Tier 5,Tier 4,51.88,79.57,177.73,1526,3
11272,HBCyouth,NIL,Nil,Nil,,0.0,0.0,0,1
11279,University of Bristol Alumni Events,NIL,Nil,Nil,,0.0,0.0,0,1
1128,Note Weavers,NIL,Nil,Nil,,0.0,0.79,0,3
11281,Chorley Communities,Tier 1,Free,Free,,0.0,0.0,15,1
11284,University of Bristol Alumni Events,Tier 3,Free,Free,,0.0,0.0,301,3
1129,Sedbergh Hart Lupton Ball,NIL,Nil,Nil,,0.0,243.67,0,1
11291,Tiso Group Ltd,NIL,Nil,Nil,,0.0,20.33,0,1
11293,Sedbergh Booktown Literary Trust,Tier 3,Tier 4,Tier 4,36.58,209.79,328.0,136,2
11294,Michal Kaznowski Memorial Concert,NIL,Nil,Nil,,0.0,0.0,0,1
11296,Crest Hotels Group,Tier 4,Tier 3,Tier 3,24.13,381.87,601.85,306,3
11297,ActionCOACH Basingstoke,NIL,Nil,Nil,,0.0,0.0,0,1
11299,LVS Ascot,Tier 4,Tier 3,Tier 3,19.04,587.22,1137.92,448,2
113,Alan Frank,NIL,Nil,Nil,,0.0,13.75,0,1
1130,Donacloney Events Team,NIL,Nil,Nil,,0.0,3.78,0,1
11300,VWCUK,NIL,Nil,Nil,,0.0,75.21,0,1
11304,Lancaster Walks,Tier 1,Tier 5,Tier 5,90.09,8.25,8.25,12,3
11305,George Lewis Tickets,NIL,Nil,Nil,,0.0,22.56,0,1
11306,Headway Salford,Tier 3,Tier 4,Tier 4,32.03,205.58,496.71,158,3
11309,Accrington Root Connections Networking,NIL,Nil,Nil,,0.0,8.83,0,1
11311,Chaophraya Newcastle,NIL,Nil,Nil,,0.0,0.0,0,1
11314,Jukebox Band,NIL,Nil,Nil,,0.0,0.0,0,1
11315,Eben Hartley,NIL,Nil,Nil,,0.0,0.0,0,2
11316,Jasleen Kaur,NIL,Nil,Nil,,0.0,0.0,0,1
1132,Tracy Heatley Limited,NIL,Nil,Nil,,0.0,124.17,0,3
11322,Ashcombe School,Tier 3,Free,Free,,0.0,0.0,198,2
11323,University of Strathclyde Law Clinic,NIL,Nil,Nil,,0.0,0.0,0,1
11324,Samuel Aiyelaagbe,NIL,Nil,Nil,,0.0,0.0,0,1
11326,The View Bar and Bistro,NIL,Nil,Nil,,0.0,4.92,0,1
11327,Vedic Society Hindu Temple,NIL,Nil,Nil,,0.0,0.0,0,2
11328,Crystal Care Solutions,Tier 4,Free,Free,,0.0,0.0,558,3
11329,Ewen Estill,NIL,Nil,Nil,,0.0,144.83,0,1
1133,anitatestuk,NIL,Nil,Nil,,0.0,0.0,0,1
11331,Miss Harris,NIL,Nil,Nil,,0.0,0.0,0,1
11333,Hannah Sandu Musician,Tier 3,Tier 4,Tier 4,39.89,156.79,259.52,268,3
11334,Event Team,NIL,Nil,Nil,,0.0,6.25,0,1
11335,Susan Finklaire,NIL,Nil,Nil,,0.0,0.0,0,1
11337,Tarbreoch Dairy,Tier 2,Free,Free,,0.0,0.0,113,2
11344,Upper Wharfedale Primary Federation,Tier 3,Tier 5,Tier 4,51.61,88.86,187.75,205,2
11347,PollyFergie,NIL,Nil,Nil,,0.0,0.0,0,1
11348,St Francis RC,Tier 4,Free,Free,,0.0,0.0,556,2
11349,Sutton Grammar School,NIL,Nil,Nil,,0.0,0.0,0,1
1135,IBSZ,NIL,Nil,Nil,,0.0,0.0,0,1
11351,PartnersHealth,NIL,Nil,Nil,,0.0,0.0,0,1
11352,The Great Wine Co,Tier 4,Tier 3,Tier 3,13.66,729.08,1844.47,602,3
11355,StJohnsWorkington,NIL,Nil,Nil,,0.0,9.21,0,1
11358,Shenanigans Banned,NIL,Nil,Nil,,0.0,0.0,0,1
11359,Dr Philip Collins,NIL,Nil,Nil,,0.0,0.0,0,1
1136,Halton Mill,Tier 4,Tier 4,Tier 4,33.81,85.54,1655.1,193,8
11369,Willow Grove Primary School,Tier 4,Tier 5,Tier 5,89.4,9.63,9.63,507,3
11370,Clare Taylor,Tier 1,Tier 5,Tier 5,91.29,13.5,13.5,18,1
11372,Ulverston Golf Club Services Ltd,NIL,Nil,Nil,,0.0,89.87,0,2
11373,Account Deleted,NIL,Nil,Nil,,0.0,0.0,0,1
11375,Friends of Bealings School,NIL,Nil,Nil,,0.0,49.43,0,1
11378,Star Stage and Screen Hub,Tier 4,Tier 4,Tier 4,31.69,250.97,492.97,364,2
11382,Bethany School,Tier 4,Tier 3,Tier 3,20.97,452.52,800.72,1145,3
11383,Helen Mee,NIL,Nil,Nil,,0.0,0.0,0,1
11385,Colchester Oyster Fishery,NIL,Nil,Nil,,0.0,0.0,0,1
11388,Friends Of John Stainer PTA,NIL,Nil,Nil,,0.0,0.0,0,1
1139,Marie Curie North of England,Tier 2,Tier 5,Tier 5,61.44,40.62,121.81,75,5
11394,Bolder Academy,Tier 4,Free,Free,,0.0,0.0,1112,3
11395,Northwood Ninjas,NIL,Nil,Nil,,0.0,30.87,0,1
11396,Aspire Ryde,Tier 3,Tier 5,Tier 5,53.25,93.58,108.29,241,3
11398,Visit East of England,Tier 4,Tier 3,Tier 4,25.33,318.08,661.88,171,3
114,St Leonards Parents Association,Tier 3,Tier 4,Tier 4,29.35,124.5,1246.94,266,11
11401,SERET International,Tier 3,Tier 4,Tier 4,29.6,223.83,646.83,251,3
11402,Trembothick farm,Tier 2,Free,Free,,0.0,0.5,60,2
11404,Wellspring,Tier 3,Tier 5,Tier 5,51.54,82.48,172.18,111,3
11406,Saint Felix School,Tier 4,Tier 3,Tier 3,25.3,341.65,578.78,1108,3
11407,Home Farm Produce,NIL,Nil,Nil,,0.0,0.0,0,1
11408,Holmbury Choral Society,Tier 3,Tier 4,Tier 4,50.4,98.92,182.04,127,2
11409,Charity Quiz for CHAS,NIL,Nil,Nil,,0.0,96.0,0,1
1141,Gordon School Parents Association,Tier 4,Tier 3,Tier 4,26.67,123.0,3310.58,72,8
11411,Hannah Blythe,NIL,Nil,Nil,,0.0,1.17,0,1
11414,Account Deleted,NIL,Nil,Nil,,0.0,166.08,0,1
11419,NCL Apprenticeship Team,Tier 4,Free,Free,,0.0,0.0,704,3
1142,SPJPGtrybooking,Tier 4,Tier 3,Tier 3,21.16,222.12,1594.7,127,9
11420,Coalition for Personalised Care,NIL,Nil,Nil,,0.0,0.0,0,1
11422,TDC,Tier 2,Tier 5,Tier 5,90.53,10.37,11.13,91,2
11423,Pontypridd U16s Tour 2025,NIL,Nil,Nil,,0.0,99.67,0,1
11424,NCA,NIL,Nil,Nil,,0.0,0.0,0,1
11427,Wiltshire Council,NIL,Nil,Nil,,0.0,0.0,0,1
11429,Just SUST Festival,Tier 2,Tier 5,Tier 5,55.99,56.57,265.16,90,2
11430,Amnesty International Sheffield,NIL,Nil,Nil,,0.0,24.53,0,1
11434,The Invisible Hearing Clinic,NIL,Nil,Nil,,0.0,0.0,0,1
11437,FASS Engagement Charlotte Stuart,NIL,Nil,Nil,,0.0,0.0,0,1
11438,Langmead Herbs Ltd,Tier 2,Free,Free,,0.0,0.0,51,2
1144,Friends of Priestlands School,NIL,Nil,Nil,,0.0,26.26,0,2
11440,All Saints Church  Clayton Le Moors,NIL,Nil,Nil,,0.0,0.0,0,1
11442,Sundey Hill Summer Schools,NIL,Nil,Nil,,0.0,0.0,0,1
11443,Holt Art Events,NIL,Nil,Nil,,0.0,68.47,0,1
11444,Woodhall Estate,NIL,Nil,Nil,,0.0,0.0,0,1
11445,Arty Pants,NIL,Nil,Nil,,3.42,20.83,2,2
11446,Wednesday Players,NIL,Nil,Nil,,0.0,71.17,0,1
11449,La Piece,NIL,Nil,Nil,,1.79,23.17,6,3
11452,Dunmow United FC Event,NIL,Nil,Nil,,0.0,42.54,0,1
11453,Sudhir,Tier 3,Tier 4,Tier 4,40.36,129.38,352.73,141,3
11454,Ishara Press CIC,NIL,Nil,Nil,,0.0,0.0,0,1
11455,Arun2AdurFarmersGroup,Tier 4,Free,Free,,0.0,0.0,966,2
11458,Myerscough College,High Value,Tier 2,Tier 2,10.42,1508.04,1641.54,2996,3
11459,Men Matter Scotland,NIL,Nil,Nil,,0.0,693.04,0,1
11461,Fingertipspreschoolholidayclub,Tier 3,Tier 4,Tier 4,45.82,111.25,280.62,226,2
11462,Gosport Museum of the Sea CIC,NIL,Nil,Nil,,0.0,49.83,0,1
11463,Glossop Triathlon Club,Tier 4,Free,Free,,0.0,0.0,2109,3
11464,Willow Tree Club ,NIL,Nil,Nil,,0.0,484.96,0,1
11465,Capital Concert Band,NIL,Nil,Nil,,0.0,10.04,0,1
11469,Smart Money Cymru Community Bank,NIL,Nil,Nil,,0.0,0.0,0,1
11471,Mayfield Girls School,Tier 4,Tier 4,Tier 4,43.58,133.87,199.75,841,3
11472,Julia Russell,Tier 3,Tier 5,Tier 5,55.57,85.23,92.86,54,3
11473,Haygrove,Tier 4,Free,Free,,0.0,0.0,554,2
11474,Unique Ladies - Stockport,NIL,Nil,Nil,,0.0,35.79,0,2
11475,Parks and Countryside Team,Tier 2,Free,Free,,0.0,0.0,79,2
11479,PostDoc Forum,Tier 3,Free,Free,,0.0,0.0,189,3
11481,Maddie,NIL,Nil,Nil,,0.0,0.0,0,1
11483,Moneyfields FC,NIL,Nil,Nil,,0.0,50.46,0,2
11485,LOSSIEFEST,NIL,Nil,Nil,,0.0,0.0,0,1
11486,Kate Beckinsale,NIL,Nil,Nil,,0.0,1.18,0,1
1149,God for All,NIL,Nil,Nil,,0.0,0.0,0,3
11490,Kimbolton Primary Academy,Tier 2,Tier 5,Tier 5,69.39,37.46,86.94,68,2
11491,Scottish Jewish Heritage Centre,NIL,Nil,Nil,,0.0,1.67,0,1
11492,Carnforth Root Connections Networking,NIL,Nil,Nil,,0.0,1.92,0,1
11493,Waddesdon Estate,NIL,Nil,Nil,,0.0,0.0,0,1
11496,Adoption Cumbria,Tier 2,Free,Free,,0.0,0.0,92,3
11497,British Association for Modernist Studies,NIL,Nil,Nil,,0.0,954.87,0,1
11501,YomHazikaron,NIL,Nil,Nil,,0.0,0.0,0,1
11502,Nunton Farm Dairy,Tier 3,Tier 5,Tier 5,53.33,70.22,248.95,234,2
11504,Dalmeny and Queensferry Church,NIL,Nil,Nil,,0.0,36.59,0,1
11507,Higham Hall College,Tier 3,Tier 4,Tier 4,30.55,224.25,542.83,186,3
11510,Basingstoke Hindu Society,Tier 2,Free,Free,,0.0,54.71,51,2
11512,CPRE Bedfordshire,NIL,Nil,Nil,,0.0,0.0,0,1
11513,TheBookSeekers,NIL,Nil,Nil,,0.0,0.0,0,1
11515,Food and Fun,Tier 2,Free,Free,,0.0,0.0,84,3
11516,Mount Kelly Swimming,Key Account,Tier 2,Tier 2,5.3,3626.08,6449.17,223,3
11517,Tonbridge School,Tier 2,Free,Free,,0.0,0.0,63,2
11519,Blakeley farm open farm,Tier 4,Free,Free,,0.0,0.0,487,3
1152,Reading School,NIL,Nil,Nil,,0.0,0.0,0,2
11525,Nelson,NIL,Nil,Nil,,0.0,0.0,0,1
11526,CommonGround,NIL,Nil,Nil,,0.0,0.0,0,1
1153,Isle Fest,NIL,Nil,Nil,,0.0,599.92,0,2
11534,Heaton PTA,NIL,Nil,Nil,,0.5,101.5,0,2
11535,Syd Prom 2024,NIL,Nil,Nil,,0.0,92.46,0,1
11536,Riding for the Disabled Association,Tier 2,Tier 5,Tier 5,65.15,47.12,75.62,41,3
11541,Helen Clarke t/a WIBN Lancashire,NIL,Nil,Nil,,0.0,202.29,0,2
11542,Aimee Elizabeth Coaching,NIL,Nil,Nil,,19.5,19.5,6,1
11544,GOE Enterprise Limited,NIL,Nil,Nil,,0.0,0.0,0,1
11545,Partnering Seminars,NIL,Nil,Nil,,0.0,216.42,0,2
11546,YAB North Yorkshire,NIL,Nil,Nil,,0.0,0.0,0,1
11548,Ruth Webber,NIL,Nil,Nil,,0.0,0.0,0,1
11549,York ISSP,Tier 4,Tier 3,Tier 3,23.06,388.75,712.5,644,3
11550,LAWRENCE SPORTS FC,Tier 2,Tier 5,Tier 5,67.35,31.33,147.54,17,2
11551,Priestnall School (Laurus Trust),NIL,Nil,Nil,,0.0,3.33,0,1
11554,Boarding Bites Ltd,Tier 3,Tier 4,Tier 4,38.93,156.25,306.88,250,3
11555,Northern Farming Conference,Tier 4,Tier 3,Tier 3,19.53,563.58,1090.62,187,2
11556,Maverick Event Promotions,NIL,Nil,Nil,,0.0,4.5,0,1
11558,Sustainable Angus,NIL,Nil,Nil,,0.0,0.0,0,1
1156,Colwyn Bay & Crewe,NIL,Nil,Nil,,0.0,357.0,0,1
11562,Education Department,Tier 4,Tier 3,Tier 3,25.02,347.58,591.58,547,3
11563,Caroline Tyson,NIL,Nil,Nil,,0.0,0.0,0,1
11564,OliverHarrison,NIL,Nil,Nil,,0.0,0.0,0,1
11565,Black Horse Farm Flowers,NIL,Nil,Nil,,0.0,5.0,0,1
11566,Friends of Tockington Manor,Tier 4,Tier 3,Tier 3,24.01,456.71,466.42,842,3
11567,Respiratory Medicine,NIL,Nil,Nil,,0.0,0.0,0,1
11569,Ampthill Town Council ,Tier 2,Free,Free,,0.0,30.38,80,2
11570,Coad Micro Farm,NIL,Nil,Nil,,0.0,0.0,0,1
11571,Fleet Phoenix,NIL,Nil,Nil,,0.0,104.91,0,2
11574,Endeavour Project,Tier 3,Free,Free,,0.0,0.0,324,3
11576,The Autism &amp; ADHD Advocates CIC,NIL,Nil,Nil,,0.0,27.58,0,2
11578,YAB NW Yorkshire,Tier 2,Tier 5,Tier 5,92.69,2.88,5.27,61,3
11579,County Durham and Darlington NHS Foundation Trust,Tier 1,Free,Free,,0.0,0.0,28,2
1158,PSK Performance,NIL,Nil,Nil,,0.0,33.75,0,1
11580,Trills Ladies Choir,Tier 2,Tier 5,Tier 5,71.15,28.35,77.43,65,3
11584,LLARCS,NIL,Nil,Nil,,0.0,0.0,0,1
11586,The Western Players,NIL,Nil,Nil,,0.0,0.0,0,1
11587,Ambleside AC,NIL,Nil,Nil,,0.0,0.0,0,1
11592,Kingshott School,Tier 4,Free,Free,,0.0,2.97,1529,2
11595,Deep Clough Farm,Tier 3,Tier 5,Tier 5,54.26,85.79,140.88,366,2
11597,Willard Carter,NIL,Nil,Nil,,0.0,14.58,0,1
116,Nottingham High School,Tier 4,Tier 2,Tier 2,7.75,801.25,2767.25,1632,11
11607,Ragley Estate,Tier 4,Tier 4,Tier 4,36.09,186.58,433.42,1093,2
11610,Isabelle Blodorn,NIL,Nil,Nil,,0.0,0.0,0,1
11611,Warminster Royal British Legion,NIL,Nil,Nil,,0.0,7.5,0,1
11612,Nick Pilkington,Tier 3,Free,Free,,0.0,0.0,245,3
11613,Policy Leeds,NIL,Nil,Nil,,0.0,0.0,0,1
11616,Groundwork Greater Manchester,NIL,Nil,Nil,,0.0,0.0,0,1
11617,Westmorland and Furness Council,NIL,Nil,Nil,,0.0,0.0,0,1
11618,Abi Mills,NIL,Nil,Nil,,0.0,0.0,0,1
1162,York City Baths Club,NIL,Nil,Nil,,0.0,89.17,0,3
11620,Saltney Gymnastics Club,Tier 4,Tier 3,Tier 3,18.96,500.46,991.18,1378,3
11621,Rupert Loder,NIL,Nil,Nil,,0.0,0.0,0,1
11622,Parish Support,Tier 3,Free,Free,,0.0,0.0,158,3
11623,Denstone College,Tier 4,Tier 3,Tier 3,15.93,512.46,1799.08,161,3
11624,Bohunt Costello,Tier 4,Tier 4,Tier 4,37.08,199.0,332.75,450,2
11625,Ana Rute Costa,Tier 1,Free,Free,,0.0,0.0,11,2
11627,Intake Farm,Tier 2,Tier 5,Tier 5,77.96,22.5,54.17,108,2
11628,Butler Interiors,Tier 2,Free,Free,,0.0,0.0,38,3
11629,Wessex Multi-Academy Trust,High Value,Tier 2,Tier 2,11.26,1086.37,1825.93,3566,3
11632,Morgan,Tier 4,Free,Free,,0.0,0.0,587,3
11633,Plaza Latina UK,NIL,Nil,Nil,,0.0,0.0,0,1
11634,Oak Theatre and Studios,NIL,Nil,Nil,,0.0,249.75,0,1
11635,Friends of Hinguar,Tier 3,Tier 4,Tier 4,43.76,122.59,315.14,372,2
11636,Two Of A Kind Events,NIL,Nil,Nil,,0.0,167.83,0,1
11637,Friends at Bevendean School,NIL,Nil,Nil,,0.0,5.08,0,1
11641,Daisy&#39;s Dairy OFS,Tier 3,Free,Free,,0.0,0.0,156,2
11642,Downsend School,Tier 4,Free,Free,,0.0,0.0,1545,3
11643,Kitchen Chorus,Tier 3,Tier 4,Tier 4,46.35,114.29,242.04,211,2
11644,CUH Children&#39;s Haemotology and Oncology,NIL,Nil,Nil,,0.0,0.0,0,1
11645,Hendwr Farm,Tier 2,Free,Free,,0.0,0.0,87,2
11647,Friends of Tithe Farm,Tier 3,Tier 5,Tier 5,57.42,68.32,149.17,282,2
11649,Rydal PEnrhos,NIL,Nil,Nil,,0.0,0.0,0,1
11650,FriendsofWestgate,NIL,Nil,Nil,,0.0,18.81,0,1
11656,Whiteparish Branch of the Conservative Association,NIL,Nil,Nil,,0.0,5.25,0,1
11657,illuviem,NIL,Nil,Nil,,0.0,0.0,0,1
11659,Echo Events Lanercost,Tier 4,Tier 3,Tier 4,27.02,338.17,623.08,397,2
1166,Altnagelvin Hospital Choir,Tier 3,Tier 5,Tier 5,50.88,44.04,397.33,54,8
11660,Westhills Farm,Tier 2,Free,Free,,0.0,0.0,50,2
11661,The New Forest Fruit Co.,NIL,Nil,Nil,,0.0,60.74,0,1
11662,Leverton Stomp,NIL,Nil,Nil,,0.0,18.28,0,1
11665,Pink Rooster Charity,NIL,Nil,Nil,,0.0,51.12,0,2
11668,East Bridgford Open Gardens,NIL,Nil,Nil,,1.09,15.38,4,2
11672,adel,NIL,Nil,Nil,,0.0,0.0,0,1
11673,BDA,NIL,Nil,Nil,,0.0,234.54,0,1
11674,Kingsplay Farming Company Limited,Tier 2,Free,Free,,0.0,0.0,91,2
11675,Debbie Jolliffe - Tack Sale,NIL,Nil,Nil,,0.0,44.96,0,1
1168,Love the Ball,NIL,Nil,Nil,,0.0,0.0,0,1
11685,The Cycling Music Teachers,Tier 3,Tier 5,Tier 5,68.15,50.38,58.29,336,2
11686,Alcester Grammar School,NIL,Nil,Nil,,0.0,0.0,0,1
11688,Decote Dance,NIL,Nil,Nil,,0.0,555.62,0,1
1169,SJ Tickets,NIL,Nil,Nil,,0.0,0.0,0,1
11690,Wincanton Camera Club,NIL,Nil,Nil,,0.0,51.88,0,1
11691,Community Catalysts,Tier 3,Free,Free,,0.0,0.0,153,2
11692,KS Musicals,Tier 4,Tier 3,Tier 3,20.74,566.61,858.58,1143,2
11695,Daisy,NIL,Nil,Nil,,0.0,0.0,0,1
11700,olia,NIL,Nil,Nil,,0.0,0.0,0,1
11701,All Saints Church,Tier 2,Tier 5,Tier 5,82.49,17.25,37.12,23,2
11705,Hillfields Community Garden,Tier 4,Tier 4,Tier 4,27.11,349.0,414.99,885,3
11706,CANAssess,NIL,Nil,Nil,,0.0,0.0,0,1
11708,Orbis,NIL,Nil,Nil,,0.0,0.0,0,1
1171,Be. Modern Meditation,NIL,Nil,Nil,,0.0,21.5,0,1
11710,Sarah Wilkinson,NIL,Nil,Nil,,0.0,11.73,0,1
11712,Jubilee Hall Bratton,Tier 3,Tier 5,Tier 5,57.75,74.08,120.33,127,2
11714,JFF Big Band,Tier 2,Tier 5,Tier 5,67.17,48.79,71.41,94,2
11715,Cambridge Artists For Palestine,Tier 3,Tier 4,Tier 4,48.48,92.53,282.82,183,2
11716,NECIT Services,NIL,Nil,Nil,,0.0,0.0,0,1
11718,Settle Amateur Operatic Society,NIL,Nil,Nil,,0.0,21.33,0,1
11719,Bang on Bingo!,Tier 3,Tier 4,Tier 4,35.37,177.54,394.67,197,3
1172,Tom Sands Guitars,NIL,Nil,Nil,,0.0,4.58,0,1
11721,44feff1000@@,NIL,Nil,Nil,,0.0,0.0,0,1
11724,EcoCarriers Bury St Edmunds,NIL,Nil,Nil,,0.0,9.88,0,1
11727,Hutchesons&#39; Grammar Drama,NIL,Nil,Nil,,0.0,0.0,0,1
11731,Forest School at The Old Library,NIL,Nil,Nil,,0.0,40.62,0,1
11732,PDET,NIL,Nil,Nil,,0.0,0.0,0,1
11733,Student Inclusion,Tier 3,Free,Free,,0.0,0.0,264,2
11735,Hartlepool Carers,NIL,Nil,Nil,,0.0,6.25,0,1
11736,Ursuline High School Wimbledon,Tier 4,Free,Free,,0.0,0.0,2078,3
11737,Strive Cafe,Tier 4,Tier 3,Tier 3,25.98,326.73,553.93,1270,3
11738,The Mall School,NIL,Nil,Nil,,0.0,0.0,0,1
1174,Wirral Hospice St John's,NIL,Nil,Nil,,0.0,18.71,0,1
11740,CITIZENS ADVICE NORTH LANCS,Tier 3,Tier 5,Tier 5,57.22,40.54,316.42,163,3
11741,Max Out in the Lake District,High Value,Tier 2,Tier 2,10.37,1092.71,2411.0,1823,3
11742,Bogtown Farm,NIL,Nil,Nil,,0.0,0.0,0,1
11746,WBSBC,NIL,Nil,Nil,,0.0,229.71,0,1
11752,BFWI,Tier 3,Tier 5,Tier 5,59.68,80.62,80.62,158,2
11754,St Agnes SLSC,Tier 3,Tier 5,Tier 5,74.9,32.92,32.92,133,3
11756,Voices of Craven,NIL,Nil,Nil,,0.0,10.21,0,1
11757,Yanwath School PTA,Tier 3,Tier 5,Tier 5,62.27,51.58,126.83,170,2
11759,Rugby Model Engineering Society,High Value,Tier 2,Tier 2,11.1,1207.72,1695.14,3057,3
1176,Pregnancy Training,NIL,Nil,Nil,,0.0,0.0,0,1
11761,Shop Budleigh,NIL,Nil,Nil,,0.0,1.63,0,1
11762,Wicton Farm,Tier 3,Free,Free,,0.0,0.0,230,2
11768,Sale Sports Club,NIL,Nil,Nil,,0.0,0.0,0,1
11769,K A Munoz Y6 Party,NIL,Nil,Nil,,0.0,159.08,0,1
1177,Belle Vue Primary School,Tier 4,Tier 4,Tier 4,31.13,168.59,542.75,716,6
11772,Cricketers,Tier 2,Tier 5,Tier 5,71.02,51.91,51.91,29,1
11774,Fast Stream Base Camp Exhibition Day,NIL,Nil,Nil,,0.0,0.0,0,1
11776,Linguistics and English Language  Lancaster University,NIL,Nil,Nil,,0.0,0.0,0,1
11779,Friends of Offham School,NIL,Nil,Nil,,0.0,0.0,0,1
11780,Shap School,Tier 3,Tier 4,Tier 4,50.07,98.38,193.46,77,2
11781,The Inkpot,NIL,Nil,Nil,,0.0,0.0,0,1
11784,TWGSB,High Value,Free,Free,,0.0,0.0,3717,2
11788,Maiden Heaven Pty Ltd,NIL,Nil,Nil,,0.0,13.75,0,1
1179,SCOBA UK,NIL,Nil,Nil,,0.0,0.0,0,1
11793,Masque,Tier 3,Tier 5,Tier 5,54.58,70.0,159.25,210,3
11795,Kristina Riddington,Tier 2,Tier 5,Tier 5,60.46,60.25,97.79,22,3
11796,Friends of the Dales,Tier 4,Tier 5,Tier 5,65.71,48.48,68.36,829,3
11798,Sarah Stringfelllow Coaching,NIL,Nil,Nil,,0.0,6.67,0,1
11799,Co-location Lancaster University,Tier 2,Free,Free,,0.0,0.0,80,2
118,OSH,NIL,Nil,Nil,,0.0,4.17,0,2
11804,TeenLife  Cygnet  Parent Learning & Alumni Events,Tier 4,Tier 4,Tier 4,41.52,147.92,229.21,505,3
11806,LDNPP,Tier 3,Free,Free,,0.0,0.0,129,3
11807,StayBlackpool,Tier 3,Tier 5,Tier 5,70.12,35.62,62.5,140,3
1181,Battle Abbey School,Key Account,Tier 1,Tier 1,0.58,6250.28,29322.73,7050,8
11810,CATS,Tier 4,Tier 4,Tier 4,30.5,233.73,506.73,490,3
11813,Sarah Jay Hawley Embodied Voice,NIL,Nil,Nil,,0.0,5.75,0,1
11814,Barlestone Primary School PTA,NIL,Nil,Nil,,0.0,99.42,0,1
11816,Worsley Civic Trust and Amenity Society,NIL,Nil,Nil,,0.0,0.0,0,1
1182,CBA Events,NIL,Nil,Nil,,0.0,0.0,0,1
11820,Susan Smith,NIL,Nil,Nil,,0.0,92.25,0,1
11826,Kings College Guildford,Tier 4,Free,Free,,0.0,0.0,1101,2
1183,Southbank,NIL,Nil,Nil,,0.0,481.5,0,3
11834,HSDYF campaign,NIL,Nil,Nil,,0.0,0.0,0,1
11837,Arnside Music Festival,NIL,Nil,Nil,,0.0,426.79,0,1
11838,M&M Business Support,NIL,Nil,Nil,,0.0,0.0,0,1
11839,University of Northampton,NIL,Nil,Nil,,0.0,0.0,0,1
1184,Surbiton High School,High Value,Free,Free,,0.0,1036.56,3655,8
11846,Team Hebden,Tier 4,Tier 4,Tier 4,34.6,177.17,443.83,474,3
1185,Tread UK,NIL,Nil,Nil,,0.0,2000.2,0,4
11850,Vishv Umiya Foundation UK,NIL,Nil,Nil,,0.0,2.25,0,1
11853,DanceForAll,Tier 4,Tier 3,Tier 3,18.63,564.86,891.85,681,3
11855,2nd Walton-le-Dale Scout Group,NIL,Nil,Nil,,0.0,3.42,0,1
11856,Friends of Blennerhasset School,NIL,Nil,Nil,,0.0,2.67,0,1
11858,J Shaylor,NIL,Nil,Nil,,0.0,0.0,0,1
11859,Maryan Muse,NIL,Nil,Nil,,0.0,20.83,0,1
1186,Account Deleted,NIL,Nil,Nil,,0.0,73.64,0,1
11865,Mia Richards,NIL,Nil,Nil,,0.0,0.0,0,1
11868,Academy of Magic,NIL,Nil,Nil,,0.0,13.58,0,1
11869,Bromyard Pride CiC,NIL,Nil,Nil,,0.0,9.66,0,1
11871,Rebecca Muggleton,NIL,Nil,Nil,,0.0,50.17,0,1
11876,Kim Moore,NIL,Nil,Nil,,0.0,85.5,0,1
11877,Prajna Indrawati,Tier 2,Tier 5,Tier 5,71.15,33.33,80.88,55,2
11878,The Event Organisers,Tier 3,Free,Free,,0.0,41.97,260,2
11879,Rising Musical Stars,NIL,Nil,Nil,,0.0,75.46,0,1
11880,CE Marketing Group Ltd,NIL,Nil,Nil,,0.0,8.33,0,1
11886,Abigail Mickleburgh,NIL,Nil,Nil,,0.0,1.17,0,1
11887,Nottingham Forest Football Club,NIL,Nil,Nil,,0.0,0.0,0,1
1189,Friends of Parkside,NIL,Nil,Nil,,0.0,2191.37,0,6
11893,Helen Kane - Forte Strengths Ltd,Tier 2,Tier 5,Tier 5,71.81,42.75,45.83,93,2
11894,Down to Earth,NIL,Nil,Nil,,0.0,13.54,0,1
11895,Norton Community Hub,Tier 2,Tier 5,Tier 5,59.33,63.54,133.33,88,2
11897,Rowing Dinner,NIL,Nil,Nil,,0.0,132.21,0,1
11898,The Blue Barn Candle Company,Tier 3,Tier 4,Tier 4,34.4,223.54,409.75,104,2
11899,Ellis Shepherd,Tier 2,Tier 5,Tier 5,85.64,9.0,42.67,24,2
1190,Equals Training,NIL,Nil,Nil,,0.0,0.0,0,1
11904,Helmshore Primary School,NIL,Nil,Nil,,0.0,42.52,0,1
11909,Pstrustees,NIL,Nil,Nil,,0.0,0.0,0,1
11911,LJG Year 6,NIL,Nil,Nil,,0.0,0.0,0,1
11912,Brasenose Chapel Choir,NIL,Nil,Nil,,0.0,0.0,0,1
11913,Nottingham University,NIL,Nil,Nil,,0.0,0.0,0,1
11915,11 Plus Test Kingston,Key Account,Tier 2,Tier 2,5.2,3296.91,7378.7,1043,3
11916,Account Deleted,NIL,Nil,Nil,,0.0,71.88,0,1
11917,Kids in Mind,Tier 4,Tier 3,Tier 3,15.94,663.58,1239.08,706,3
11920,Sharn Kaur,NIL,Nil,Nil,,0.0,0.0,0,1
11923,Norton Court farm,NIL,Nil,Nil,,0.0,0.0,0,1
11924,Cardinal Wiseman Catholic School,Tier 4,Tier 4,Tier 4,32.71,239.35,471.36,621,2
11930,Fullbrook School,High Value,Tier 5,Tier 5,80.1,22.54,37.5,2216,2
11934,MZC QEGS,NIL,Nil,Nil,,0.0,0.0,0,1
11936,Warwick Prep School,NIL,Nil,Nil,,0.0,0.0,0,2
11939,Pure In Heart Swansea,Tier 1,Tier 5,Tier 5,88.0,17.68,17.68,30,1
11941,Children and Youth,High Value,Tier 2,Tier 2,9.01,1486.12,2665.12,701,3
11944,NAFAS,High Value,Tier 3,Tier 3,14.86,1383.75,1849.18,1047,1
11945,Dowdales School,NIL,Nil,Nil,,0.0,0.0,0,1
11946,Abhay Thakkar,NIL,Nil,Nil,,0.0,0.0,0,1
11947,Parkinsons YHYPSG,Tier 2,Tier 5,Tier 5,55.02,78.19,160.19,119,2
11948,The Macclesfield Academy,Tier 4,Tier 4,Tier 4,44.82,125.32,253.08,762,2
1195,The Churchmouse at Barbon,NIL,Nil,Nil,,0.0,3.88,0,1
11950,RC Promotions Ltd,Tier 4,Tier 3,Tier 3,13.58,894.35,1367.39,1626,3
11951,Nottingham University,NIL,Nil,Nil,,0.0,0.0,0,1
11952,Nicola Betts Community Musician,Tier 3,Tier 5,Tier 5,50.84,79.25,209.52,161,3
11955,Uxendon Manor Primary PSA,Tier 3,Tier 5,Tier 5,53.5,70.96,238.58,198,2
11958,SheShines,NIL,Nil,Nil,,0.0,0.13,0,1
11959,Furness Academy,Tier 4,Tier 4,Tier 4,31.97,194.92,547.92,446,3
11961,RADCaT Ltd,Tier 1,Tier 5,Tier 5,86.83,13.83,21.13,29,2
11962,Community Catalysts CIC,Tier 3,Free,Free,,0.0,0.0,289,3
11963,South Cumbria Musical Theatre Choir,NIL,Nil,Nil,,0.0,57.54,0,1
11964,CIOF Scotland,Tier 2,Free,Free,,0.0,0.0,78,2
11966,PostgradForum,NIL,Nil,Nil,,0.0,131.75,0,1
11967,UWS Alumni Association,NIL,Nil,Nil,,0.0,0.0,0,1
1197,Essex Pride,NIL,Nil,Nil,,0.0,3811.42,0,4
11971,Moat Farm,NIL,Nil,Nil,,0.0,0.0,0,1
11972,James Gilder,Tier 3,Tier 4,Tier 4,38.1,164.12,312.17,304,3
11973,Darran cherry,NIL,Nil,Nil,,0.0,8.67,0,1
11975,Clacton Archers,Tier 2,Tier 5,Tier 5,56.82,70.58,116.04,74,3
11977,Mary’s Meals UK,NIL,Nil,Nil,,0.0,0.0,0,1
11980,BVHA,Tier 3,Tier 4,Tier 4,37.26,146.62,452.08,268,3
11981,Mayflower High School Performance Events,Tier 4,Tier 4,Tier 4,38.67,178.5,236.42,456,3
11987,Queen Elizabeth Grammar School,Tier 4,Tier 3,Tier 3,22.78,383.27,751.08,909,3
11989,WILD OAK FARM IOW LTD,NIL,Nil,Nil,,0.0,0.0,0,1
11990,Old Pup House Team,NIL,Nil,Nil,,0.0,38.83,0,2
11992,Egremont Crab Fair,NIL,Nil,Nil,,0.0,47.75,0,1
11995,Erskine Veterans Charity,Tier 4,Tier 4,Tier 4,27.21,252.42,748.96,73,3
120,Lichfield Cathedral School,High Value,Tier 2,Tier 2,3.74,1118.63,6544.38,4549,11
1200,Portishead Summer Show,Tier 4,Tier 3,Tier 3,16.72,348.37,1485.69,1021,7
12000,Account Deleted,NIL,Nil,Nil,,0.0,0.0,0,1
12001,The Courthouse Kids Theatre,Tier 3,Tier 4,Tier 4,50.82,97.75,176.62,197,2
12003,NHPSC,Tier 2,Tier 5,Tier 5,61.41,47.12,128.63,82,3
12006,Sunshine Festival,NIL,Nil,Nil,,0.75,2.0,6,2
12007,Totterdown BC,NIL,Nil,Nil,,0.0,0.0,0,1
12008,Friends of St Michaels,Tier 2,Tier 5,Tier 5,72.42,36.67,56.92,119,2
12009,Ammanford RFC Juniors,Tier 3,Tier 4,Tier 4,47.27,121.37,187.62,383,2
1201,Nottingham East Labour,NIL,Nil,Nil,,0.0,14.38,0,2
12012,Trinity Methodist Church Kidderminster,NIL,Nil,Nil,,0.0,0.23,0,1
12013,Turnford NC,NIL,Nil,Nil,,0.0,24.79,0,1
12015,Derbyshire Institute of Sport,NIL,Nil,Nil,,0.0,0.0,0,1
12016,Mars,NIL,Nil,Nil,,0.0,0.0,0,1
12021,South London Partnership,NIL,Nil,Nil,,0.0,0.0,0,1
12023,Barry Community Choir,Tier 2,Tier 5,Tier 5,83.18,15.71,25.67,50,3
12025,GCRN,Key Account,Tier 2,Tier 1,4.68,4683.52,9657.13,5912,3
12026,Social Innovation Hub,NIL,Nil,Nil,,0.0,0.0,0,1
12028,Mango Meadow ,Tier 1,Tier 5,Tier 5,91.62,4.5,17.29,12,2
1203,Belmont School,NIL,Nil,Nil,,0.0,0.0,0,1
12031,Jollification Lincoln,Tier 3,Tier 5,Tier 5,60.97,53.17,112.17,187,3
12036,Sue Lambert Trust,Tier 2,Tier 5,Tier 5,61.04,58.5,93.5,90,3
12037,Sara Dibley,Tier 4,Free,Free,,0.0,0.0,957,2
12038,Piknik,Tier 2,Free,Free,,0.0,0.0,108,2
12040,Girls' Division,NIL,Nil,Nil,,0.0,0.0,0,1
12042,Cast of Art,NIL,Nil,Nil,,0.0,0.0,0,1
12046,Level 2,NIL,Nil,Nil,,0.0,62.0,0,1
12049,Upperthong School Support Group,NIL,Nil,Nil,,0.0,59.21,0,1
12051,Gm2lf Big local Big feed,Tier 3,Free,Free,,0.0,0.0,159,2
12055,Open Web Advocacy,NIL,Nil,Nil,,0.0,0.0,0,1
1206,Solihull School,Tier 4,Tier 3,Tier 3,15.28,449.92,1172.55,1122,8
12062,Soberton Players,Tier 3,Tier 4,Tier 4,37.69,182.08,260.99,291,3
12068,Whitehaven Alive CIC,NIL,Nil,Nil,,0.0,21.88,0,2
12069,Moorland Immersion,NIL,Nil,Nil,,0.0,0.96,0,1
1207,PHS Quiz Night 2019,NIL,Nil,Nil,,0.0,157.04,0,1
12076,Foundation for Common Land,NIL,Nil,Nil,,0.0,0.0,0,1
12078,Wiltshire North Explorer Young Leader Unit,Tier 2,Free,Free,,0.0,0.0,59,3
1208,Well Being Therapies & Yoga,NIL,Nil,Nil,,0.0,8.12,0,3
12080,Morag Brown,NIL,Nil,Nil,,0.0,124.54,0,2
12086,Bolton Arena,NIL,Nil,Nil,,0.0,0.0,0,1
12087,Trinity School Development and Alumni,Tier 4,Tier 4,Tier 4,43.48,129.75,212.67,1253,3
12088,SGS Edinburgh,Tier 3,Tier 4,Tier 4,45.82,148.08,164.75,366,2
12089,Grainger (Aldershot) Plc,NIL,Nil,Nil,,0.0,0.0,0,1
12093,Summertown Arts for Arts,NIL,Nil,Nil,,0.0,10.46,0,1
12095,GEORGETA VIOLETA MIRZA,NIL,Nil,Nil,,0.0,17.0,0,1
12101,FLEHS,NIL,Nil,Nil,,0.0,7.02,0,1
12103,Wonderland Stage School,Tier 3,Tier 5,Tier 5,59.45,70.25,108.08,190,2
12109,Partnership for Young London,NIL,Nil,Nil,,0.0,0.0,0,1
1211,RAIS Lancaster,NIL,Nil,Nil,,0.0,33.92,0,1
12110,Nottingham City Early Help Partnership,NIL,Nil,Nil,,0.0,0.0,0,1
12111,Temple Spa,NIL,Nil,Nil,,0.0,1.79,0,1
12115,People Plant Trees,NIL,Nil,Nil,,0.0,0.0,0,1
12116,MEGA MUSICAL EVENTS,High Value,Tier 2,Tier 2,6.06,2532.13,5381.24,800,3
1212,PatientSource,NIL,Nil,Nil,,0.0,0.0,0,1
12120,Lancaster and Heysham School Sport Network CIC,Tier 3,Tier 4,Tier 5,49.81,109.21,128.29,116,3
12121,Covem - Bolton,Tier 4,Tier 3,Tier 3,17.59,641.19,954.9,1160,3
12125,Birmingham Cathedral,Tier 4,Tier 4,Tier 4,39.77,134.33,476.42,423,2
1213,LEAF (HUNT),Tier 2,Tier 5,Tier 5,50.91,49.5,312.7,120,8
12130,Judith Amanda Designs,Tier 2,Tier 5,Tier 5,63.37,50.96,85.54,34,3
12133,YAB West Lancashire,NIL,Nil,Nil,,0.0,0.0,9,2
12137,Cheltenham Bournside School,NIL,Nil,Nil,,0.0,0.0,0,1
12139,Ellel Village Hall Trust,Tier 3,Tier 5,Tier 5,74.47,33.98,33.98,406,3
12143,RDKMMusic,NIL,Nil,Nil,,0.0,0.0,0,1
12146,Styled By Susie,NIL,Nil,Nil,,0.0,121.67,0,1
12147,Ysgol Y Berllan Deg,Tier 4,Tier 4,Tier 3,28.24,301.75,605.75,510,2
12148,The Archer Academy,NIL,Nil,Nil,,0.0,0.0,0,1
12154,The Sand House Charity,Tier 2,Tier 5,Tier 5,91.69,6.46,14.04,80,2
12158,Callington Rotary,NIL,Nil,Nil,,0.0,0.0,0,1
12159,Taffs Well Community Singers,NIL,Nil,Nil,,0.0,2.25,0,1
12166,Summer Festival,Tier 4,Tier 4,Tier 4,35.29,210.84,391.27,445,2
12167,Energy Leeds,NIL,Nil,Nil,,0.0,0.0,0,2
12168,Ladies Empowerment Circle (Maria),Tier 3,Tier 5,Tier 5,56.74,71.79,147.79,215,2
1217,Westminster School,NIL,Nil,Nil,,0.0,656.42,0,1
12175,Guisborough Bridge Association,Tier 3,Free,Free,,0.0,0.0,234,3
12177,All Saints Church Berkhamsted,NIL,Nil,Nil,,0.0,20.25,0,1
12178,Cumbria Music Hub,NIL,Nil,Nil,,0.0,0.0,0,1
1218,Jaime,NIL,Nil,Nil,,0.0,0.32,0,1
12180,Viva Latina Forget me not Chorus,NIL,Nil,Nil,,0.0,109.79,0,1
12181,Marie Curie Midlands & SW,Tier 3,Tier 5,Tier 5,52.9,81.19,192.19,95,2
12184,Healthwatch Westmorland and Furness,NIL,Nil,Nil,,0.0,0.0,0,1
12187,My Cancer My Choices,Tier 4,Tier 3,Tier 3,20.61,543.88,645.38,311,3
1219,Jonathan Mathews,NIL,Nil,Nil,,0.0,4.67,0,1
12193,Wycombe Abbey,Key Account,Tier 3,Tier 3,24.38,395.71,534.5,7099,3
12196,HR180,NIL,Nil,Nil,,0.0,0.13,0,2
12198,FAT Promotions Ltd,Tier 2,Tier 5,Tier 5,78.79,21.7,49.79,33,2
12202,Dr Dedman,NIL,Nil,Nil,,0.0,0.0,0,1
12204,Prospero Theatre,NIL,Nil,Nil,,0.0,52.32,0,1
12205,Child Rescue Nepal,Tier 2,Tier 5,Tier 5,71.64,24.5,115.25,36,2
12206,Better Networking Hub Ltd,Tier 2,Tier 5,Tier 5,65.57,46.25,74.42,48,3
12208,Mill Hill School Enterprises,High Value,Tier 2,Tier 2,8.82,1847.33,2350.21,545,3
1221,Junction Inn  Sutton,NIL,Nil,Nil,,0.0,421.32,0,2
12211,The Bereavement Cafe,Tier 4,Tier 4,Tier 4,34.52,245.21,247.58,223,3
12213,English Martyrs Catholic Primary School,NIL,Nil,Nil,,0.62,24.29,0,2
12215,Black Mountains Chapter Oak tree Rally,NIL,Nil,Nil,,10.04,124.21,6,2
12219,NidaaunNisaa,NIL,Nil,Nil,,0.0,13.54,0,1
12221,Tom Williams,NIL,Nil,Nil,,0.0,0.0,0,1
12223,Sheringham & Cromer Choral Society,Tier 2,Tier 5,Tier 5,59.18,72.67,106.79,122,2
12225,Westmorland and Furness Libraries,Tier 4,Tier 5,Tier 5,52.95,92.06,115.52,1051,3
12229,Nothing About Us Without Us,Tier 4,Free,Free,,0.0,0.0,412,3
12230,Children & Families at Wadhurst Churches,NIL,Nil,Nil,,0.0,0.0,7,2
12232,Yoga with Sophie,Tier 2,Tier 5,Tier 5,69.34,57.0,57.0,36,1
12233,Greystoke Castle,High Value,Tier 2,Tier 2,7.39,2120.92,3518.86,3425,3
12236,Music in the Round,NIL,Nil,Nil,,0.0,0.0,0,1
12237,Stowupland High School,Tier 4,Tier 4,Tier 4,34.97,240.79,240.79,540,3
12238,Food Security for Equitable Futures,NIL,Nil,Nil,,0.0,0.0,0,1
12239,NECIT Services Ltd,NIL,Nil,Nil,,0.0,0.0,0,1
12240,Resourceful Community Scrapstore,Tier 4,Tier 4,Tier 4,48.07,112.71,148.72,625,3
12241,Alex T&amp;C Test,NIL,Nil,Nil,,0.0,0.0,0,1
12244,Books & Bobs by Paige,NIL,Nil,Nil,,0.0,2.63,0,1
12246,LMC Engagement Team,NIL,Nil,Nil,,0.0,0.0,0,2
12247,CRFM Radio,NIL,Nil,Nil,,0.0,14.08,0,1
12248,Avon Scouts Hillwalking Unit,Tier 2,Tier 5,Tier 5,71.41,44.96,44.96,50,2
12249,Lvluptraining,NIL,Nil,Nil,,0.0,0.33,0,1
1225,Nidhi's Events,NIL,Nil,Nil,,0.0,0.0,0,1
12253,Nottingham Venues,Tier 4,Tier 4,Tier 4,29.84,298.05,474.63,145,2
12254,DCB Events,Tier 3,Tier 5,Tier 5,51.01,90.04,154.83,117,3
12257,Our Street Our Children,Tier 2,Tier 5,Tier 5,76.27,20.12,59.83,36,3
12258,The Big Bike Film Night UK Ltd,Tier 4,Tier 3,Tier 3,15.72,688.28,1222.35,925,3
1226,Rhythms at the Yurt,NIL,Nil,Nil,,0.0,435.39,0,5
12260,Beaumont Event Management,Tier 2,Tier 5,Tier 5,69.78,30.58,110.75,17,2
12261,Lancing Prep Worthing,Tier 2,Tier 5,Tier 5,65.53,51.25,62.0,82,3
12263,Shillingford Organics,Tier 3,Tier 5,Tier 5,56.82,84.21,106.68,245,2
12264,Make It Happen,Tier 4,Tier 3,Tier 3,25.61,383.5,646.04,896,2
12266,Linlithgow Church Forum,Tier 2,Free,Free,,0.0,0.0,120,2
1227,Glynis Bland Photography,Tier 3,Tier 5,Tier 5,58.51,20.87,430.5,48,8
12272,Friends of Buckley Theatre School,NIL,Nil,Nil,,0.0,117.17,0,1
12274,The Joy Tank,NIL,Nil,Nil,,0.0,14.25,0,2
12276,Sustead Village Hall,NIL,Nil,Nil,,0.0,13.0,0,1
12277,Shrewsbury Brass Band,Tier 2,Tier 5,Tier 5,73.22,23.75,73.75,38,3
12278,Midland Sinfonia,Tier 3,Tier 4,Tier 4,36.18,175.71,366.62,305,3
12280,Tiffin Sixth Form,NIL,Nil,Nil,,0.0,0.0,0,1
12283,Lancaster BID,Tier 4,Tier 4,Tier 4,29.36,290.24,549.07,442,2
12284,BlackFest,NIL,Nil,Nil,,0.0,44.08,0,1
12285,WandF Council Children & Adults,Tier 4,Free,Free,,0.0,0.0,773,3
12286,ETNA Centre,Tier 3,Tier 4,Tier 4,42.8,125.88,249.96,325,3
12287,Bootham School Box Office,High Value,Tier 3,Tier 3,12.76,1016.88,1382.5,4865,3
12289,Solfit ltd,NIL,Nil,Nil,,0.0,38.0,0,1
12292,Friends of Hillfields Library,Tier 2,Tier 5,Tier 5,95.25,1.79,1.79,45,2
12296,Cartwheel Arts,NIL,Nil,Nil,,0.0,103.77,0,1
12297,Humber Bridge,NIL,Nil,Nil,,0.0,0.0,0,1
12298,Nicole Bartos,NIL,Nil,Nil,,1.92,1.92,2,1
123,Stanfield - Wraparound Care,NIL,Nil,Nil,,0.0,2.75,0,1
12300,HNY MHLDA Collaborative,NIL,Nil,Nil,,0.0,0.0,0,1
12303,Love Black Country,High Value,Tier 3,Tier 3,12.92,1067.07,1256.11,4106,3
12304,Emma Hawksey,NIL,Nil,Nil,,0.0,169.63,0,1
12305,Neil Holloway,NIL,Nil,Nil,,0.0,0.0,0,1
12309,That Yorkshire Yoga Girl,NIL,Nil,Nil,,6.71,39.14,9,2
1231,Bolton Music Service,Key Account,Tier 1,Tier 1,1.47,2596.83,10327.86,6233,8
12310,ER Training Ltd,NIL,Nil,Nil,,0.0,28.12,0,2
12312,Helensburgh Oratorio Choir,Tier 3,Tier 5,Tier 5,52.31,77.2,179.33,157,3
12315,Virtual School Northamptonshire,Tier 4,Free,Free,,0.0,0.0,491,3
1232,Events Northern Ltd,NIL,Nil,Nil,,0.0,0.0,0,1
12320,Aishahs Food Charity,NIL,Nil,Nil,,0.0,0.0,0,1
12324,The Warrior's Way,Tier 2,Tier 5,Tier 5,82.81,16.92,35.62,10,2
12325,Vanbrugh Castle School Reunions,NIL,Nil,Nil,,0.0,12.67,0,1
12327,Families  Mental Health &amp; Disabilities,NIL,Nil,Nil,,0.0,0.0,0,2
1233,Dipton Jubilee Centre,NIL,Nil,Nil,,0.0,10.43,0,2
12335,Kendal Rotary Club,Tier 2,Tier 5,Tier 5,88.94,5.62,19.13,71,3
12338,Brighton Property Chat,Tier 1,Free,Free,,0.0,0.0,34,3
12340,Voice and Influence Team,NIL,Nil,Nil,,0.0,0.0,0,1
12341,Escrick and Deighton Village Hall,Tier 3,Tier 5,Tier 5,57.16,81.68,81.68,171,3
12342,R&D Team HW Health & Care NHS Trust,Tier 4,Free,Free,,0.0,0.0,440,2
12343,Musical Village,Tier 2,Free,Free,,0.0,0.0,66,2
12346,Victoria Grant - VA Services,Tier 2,Tier 5,Tier 5,74.95,33.62,44.75,96,2
12349,Centre for Biostatistics,Tier 2,Free,Free,,0.0,0.0,94,2
12351,Root Connections Lanarkshire,NIL,Nil,Nil,,0.0,32.42,0,2
12355,Bishop's Events,Tier 4,Free,Free,,0.0,0.0,462,3
12356,Clitheroe Rugby Club,Tier 3,Tier 4,Tier 4,43.57,144.82,176.01,295,3
12359,The Minories,Tier 4,Tier 3,Tier 3,18.03,694.57,790.98,847,3
1236,The Buttonhole,NIL,Nil,Nil,,0.0,0.87,0,1
12362,PQBH &amp; PoPM,Tier 2,Free,Free,,0.0,0.0,119,2
12371,Account Deleted,NIL,Nil,Nil,,0.0,0.0,0,1
12372,Taste of Tibberton,NIL,Nil,Nil,,0.0,0.0,0,1
12376,Adam Stewardson,Tier 3,Free,Free,,0.0,0.0,255,2
12379,Father Brading,Tier 3,Tier 4,Tier 4,36.92,214.46,214.46,138,3
1238,SurvivalSurgery4Sarah,NIL,Nil,Nil,,0.0,6.92,0,1
12383,Rhodesian Ridgeback Welfare Trust (RRWT),Tier 2,Tier 5,Tier 5,77.67,16.33,86.62,50,2
12386,Hounslow Symphony Orchestra,Tier 4,Tier 3,Tier 3,19.51,500.97,876.43,815,3
12387,Adelphi Dance Band,NIL,Nil,Nil,,0.0,34.25,0,2
12389,All Saints Church  Wick,NIL,Nil,Nil,,0.0,0.0,0,1
1239,Nutford,NIL,Nil,Nil,,0.0,40.67,0,1
12392,Angharad Candlin,NIL,Nil,Nil,,0.0,1.52,0,1
124,Ampleforth College Theatre,Tier 4,Free,Free,,0.0,0.0,827,11
1240,Shining stars,NIL,Nil,Nil,,0.0,7.0,0,1
12400,Cheshire West Rotary,NIL,Nil,Nil,,0.0,16.79,0,1
12402,Milburn Village Hall,NIL,Nil,Nil,,0.0,5.5,0,1
12403,Integrating Health,Tier 1,Tier 5,Tier 5,91.86,3.75,8.12,28,3
12404,EMChat Media,NIL,Nil,Nil,,0.0,0.58,0,1
12406,Roy Radford,Tier 2,Tier 5,Tier 5,68.18,38.17,73.88,31,3
12407,Vital Serenity,NIL,Nil,Nil,,4.87,5.83,9,2
1241,Bilborough Xtra,NIL,Nil,Nil,,0.0,0.0,0,1
12415,UCCL,NIL,Nil,Nil,,0.0,0.0,0,1
12416,Knaresborough Town AFC,NIL,Nil,Nil,,4.08,18.79,3,2
12417,Femeia de la A la Infinit Event 2024,NIL,Nil,Nil,,0.0,75.17,0,1
1242,Poulner Baptist Chapel,NIL,Nil,Nil,,0.0,11.58,0,2
12420,Leicester Bach Choir,Tier 3,Tier 4,Tier 4,45.45,121.62,183.96,143,3
12422,Trinity Brew Co.,NIL,Nil,Nil,,0.0,171.07,0,2
12424,Distilled Consultant Ltd,Tier 4,Tier 4,Tier 4,29.31,300.62,499.77,160,2
12425,The Sanctified,NIL,Nil,Nil,,0.0,0.0,0,1
12426,Salfordu3a,Tier 2,Tier 5,Tier 5,67.53,35.98,116.36,42,2
12427,Retro Rendezvous Festival Ltd,Tier 2,Tier 5,Tier 5,86.52,16.17,17.42,39,2
12429,Tui Alice Palmer,NIL,Nil,Nil,,0.0,7.04,1,2
1243,FTH CLUB,NIL,Nil,Nil,,0.0,0.0,0,1
12434,KCA GLOUCESTER,NIL,Nil,Nil,,0.0,163.5,0,1
12436,Queensferry Folk Festival,Tier 2,Tier 5,Tier 5,59.15,63.92,135.04,123,2
1244,Lancaster District CVS,Tier 4,Tier 3,Tier 3,22.94,274.58,716.38,807,8
12440,L and T Events,Tier 2,Tier 5,Tier 5,69.47,29.87,119.25,73,2
12442,Home Finding,NIL,Nil,Nil,,0.0,0.0,0,1
12444,cpfsportstherapy,NIL,Nil,Nil,,0.0,11.62,0,1
12445,South Yorkshire Teaching Partnership,Tier 4,Free,Free,,0.0,0.0,1035,3
12446,PM+M,Tier 4,Tier 5,Tier 5,63.42,61.83,61.83,590,3
12447,For Women Lancashire,NIL,Nil,Nil,,0.0,0.0,0,1
12448,Church Buildings,Tier 2,Free,Free,,0.0,0.0,93,2
12451,Sophie Potkin,NIL,Nil,Nil,,0.0,96.67,0,1
12453,Manchester Alliance Church,NIL,Nil,Nil,,0.0,0.0,0,1
12456,Corrin McKay,NIL,Nil,Nil,,0.0,0.0,0,1
12458,UoN Energy Institute,NIL,Nil,Nil,,0.0,0.0,1,2
12460,Alliance Learning,Tier 3,Free,Free,,0.0,0.0,172,3
12463,Wellness at Southlands,NIL,Nil,Nil,,0.0,100.54,0,1
12465,The Gaffer,Tier 2,Tier 5,Tier 5,83.95,10.21,51.21,19,2
12468,BSNL,NIL,Nil,Nil,,0.0,876.96,0,1
12470,HARD ON YA EARS! PRESENTS,NIL,Nil,Nil,,0.0,81.25,0,1
12471,Instep School Of Dance,Tier 4,Tier 4,Tier 4,29.34,254.29,720.79,554,2
12477,West Coast Radio Blackpool,NIL,Nil,Nil,,0.0,0.0,0,1
12478,SPPS,Tier 3,Free,Free,,0.0,0.0,231,3
1248,Stonyhurst College,NIL,Nil,Nil,,0.0,1711.37,0,4
12482,Network Ryde Youth Service,Tier 3,Free,Free,,0.0,0.0,289,3
12487,Greenmount Projects,NIL,Nil,Nil,,0.0,240.33,0,1
12491,Spalding school of dance,NIL,Nil,Nil,,0.0,142.87,0,1
12492,Families Of Auchinairn Coming Together,Tier 2,Tier 5,Tier 5,83.59,6.88,68.38,31,2
12496,Charley Test,NIL,Nil,Nil,,0.0,0.0,0,1
12498,Bequeathed Limited,Tier 3,Free,Free,,0.0,0.0,172,2
125,FORMS events,Tier 4,Tier 2,Tier 2,4.17,1078.79,5868.58,1887,11
12508,Luca Dalton,NIL,Nil,Nil,,0.0,21.08,0,1
12509,Carla Daubney,Tier 3,Tier 5,Tier 5,61.91,55.0,94.0,165,3
1251,Summit Training,NIL,Nil,Nil,,0.0,224.8,0,2
12511,UHNM Neurosciences,Tier 2,Free,Free,,0.0,0.0,86,2
12519,King Edward's School  Bath,Tier 3,Free,Free,,0.0,16.88,165,2
12520,Katia Fernandes,Tier 1,Free,Free,,0.0,0.0,35,2
12521,Leeds Philharmonic Society,Tier 3,Tier 4,Tier 4,30.45,234.38,505.67,344,3
12522,Winchester College,Key Account,Free,Free,,0.0,0.87,8673,3
12523,Winchester College Music Department,Tier 4,Free,Free,,0.0,0.0,1088,2
12526,Account Deleted,NIL,Nil,Nil,,0.0,0.0,0,2
1253,One Woman at a Time,NIL,Nil,Nil,,0.0,715.96,0,1
12533,North East and East London Magistrates Association (NEELMA),NIL,Nil,Nil,,0.0,0.0,0,1
12537,Community Solutions North West,NIL,Nil,Nil,,0.0,19.13,0,2
12539,Ready Aim Succeed Coaching,Tier 1,Tier 5,Tier 5,95.61,0.83,0.83,13,2
12544,Lesley Butler,Tier 3,Tier 5,Tier 5,53.07,95.58,135.29,33,2
12545,PCC of the Ecclesiastical Parish of Forest Row,Tier 3,Tier 5,Tier 5,58.54,69.0,97.17,134,3
12550,Sandra El Gemayel,NIL,Nil,Nil,,0.0,0.0,0,1
12552,Singing In... Ltd,NIL,Nil,Nil,,0.0,20.35,0,1
12557,St John&#39;s,NIL,Nil,Nil,,0.0,0.0,0,1
12560,Carla Crivaro Coaching,Tier 2,Tier 5,Tier 5,72.58,24.21,79.75,22,3
12561,Lucy Francis,NIL,Nil,Nil,,0.0,0.0,0,1
12563,North East Employers Network,Tier 3,Free,Free,,0.0,0.0,299,3
12567,Mure Memorial Church,NIL,Nil,Nil,,0.0,0.0,0,2
12569,Tilly&#39;s Bloom Room,NIL,Nil,Nil,,0.0,19.33,0,1
12570,North Midlands MND Care and Research Network,NIL,Nil,Nil,,0.0,0.0,0,1
12571,Sally Figgins,NIL,Nil,Nil,,0.0,2.92,0,1
12572,Shaw about Wine,Tier 3,Tier 4,Tier 4,33.59,198.0,412.88,123,3
1258,Tranby,High Value,Tier 3,Tier 3,16.16,311.92,2228.32,2602,8
12580,Westport Sound,Tier 3,Tier 4,Tier 4,46.94,94.0,252.92,170,3
12585,Design HOPES,NIL,Nil,Nil,,0.0,0.0,0,2
12587,The Rotary Cub of Knaresborough,Tier 2,Tier 5,Tier 5,72.24,32.71,52.33,52,3
12589,Sukany4 Podcast,NIL,Nil,Nil,,0.0,0.0,0,1
12594,Headway Blackpool,Tier 2,Tier 5,Tier 5,68.5,27.12,116.88,32,3
12595,Yoga with Felicity,Tier 2,Tier 5,Tier 5,61.98,45.87,125.12,42,3
12598,Emilia Marchitto,NIL,Nil,Nil,,0.0,0.0,0,2
12599,Shrewsbury House Association,Tier 4,Tier 3,Tier 3,15.74,749.34,1096.84,989,3
1260,catherinebetley,NIL,Nil,Nil,,0.0,24.04,0,1
12600,Santos Youth,NIL,Nil,Nil,,0.0,30.13,0,1
12603,Epsom College,High Value,Tier 4,Tier 4,30.04,315.0,315.0,2854,3
12606,The Association of British Investigators Ltd,Tier 4,Tier 3,Tier 3,14.29,757.5,1472.75,262,3
12608,Ascot Day Centre,Tier 2,Tier 5,Tier 5,77.69,18.75,71.67,25,2
12614,All Seasons Cropquet CLub,Tier 2,Free,Free,,0.0,0.0,98,3
12615,Lewes HOMELINK,NIL,Nil,Nil,,0.0,133.75,0,1
12622,K Foley Event,NIL,Nil,Nil,,0.0,6.92,0,1
12624,Museum of Brands,NIL,Nil,Nil,,0.0,0.0,0,2
12626,UEA Archery,NIL,Nil,Nil,,0.0,70.88,0,2
12629,Eldest Daughter Effect,Tier 3,Tier 4,Tier 4,30.05,241.88,502.33,10,3
12630,Sonara Singers,Tier 2,Tier 5,Tier 5,76.33,34.07,34.07,48,2
12631,SGGS,NIL,Nil,Nil,,0.0,0.0,0,2
12632,St Michael’s PTA,NIL,Nil,Nil,,0.0,67.54,0,1
12635,Shardas Boys,NIL,Nil,Nil,,0.0,39.54,0,1
12637,Reducing Family Conflict,NIL,Nil,Nil,,0.0,0.0,0,2
12639,Yorkshire Dales Rivers Trust,NIL,Nil,Nil,,0.0,0.0,0,1
12644,Mrs Vicki Bloomer,Tier 3,Tier 4,Tier 4,36.9,159.46,403.12,89,3
1265,Kindred Suppers/Sarah Corbridge,NIL,Nil,Nil,,0.0,3.12,0,1
12652,Rob Jackson Consulting Ltd,NIL,Nil,Nil,,0.0,214.28,0,2
12654,Julie steele,NIL,Nil,Nil,,0.0,0.0,0,1
12655,New England Chess Club,Tier 2,Tier 5,Tier 5,81.09,18.54,29.58,38,3
12662,Business Network,NIL,Nil,Nil,,0.0,0.0,0,1
12665,Well-Being Training Academy &amp; Events,Tier 4,Free,Free,,0.0,0.0,1050,3
12666,inspiro kitchens ltd,NIL,Nil,Nil,,0.0,4.67,0,1
12667,James Lind Guitar,NIL,Nil,Nil,,0.0,2.42,0,1
12674,Plumpton Churches,NIL,Nil,Nil,,0.0,72.54,0,1
12675,RTW Monson Swim Club,Tier 4,Tier 3,Tier 3,12.78,923.12,1550.0,1574,3
12676,SC Maxim Ltd,Tier 4,Tier 3,Tier 4,25.71,359.67,489.92,133,3
12678,Julie Tomkinson,NIL,Nil,Nil,,0.0,6.79,0,1
1268,Encore Opera,NIL,Nil,Nil,,0.0,20.08,0,2
12681,Emma Taylor,NIL,Nil,Nil,,0.0,10.83,0,1
12683,Morecambe Parish Church,Tier 3,Tier 5,Tier 5,52.44,80.49,164.6,183,3
12684,Smiths Tea Room,Tier 3,Tier 4,Tier 4,48.01,126.29,157.79,103,2
1269,Lindfield Gin Festival,NIL,Nil,Nil,,0.0,98.54,0,1
12691,St Hildas PTA,Tier 4,Tier 4,Tier 4,50.16,78.67,324.75,498,2
12694,St Helens Primary School,Tier 4,Tier 3,Tier 3,12.5,949.0,1601.94,1406,3
12698,Home-Start Reading,NIL,Nil,Nil,,0.0,41.17,0,1
12699,Emma Eldershaw,Tier 3,Tier 5,Tier 5,59.47,64.33,99.67,193,3
127,Admissions Team,NIL,Nil,Nil,,0.0,370.43,0,5
1270,Surrey Music Box Office,NIL,Nil,Nil,,0.0,624.29,0,2
12700,Amol Jagtap,NIL,Nil,Nil,,0.0,0.0,0,1
12702,Namahatta Nottingham,Tier 3,Free,Free,,0.0,0.0,288,2
12706,Gather Eden,NIL,Nil,Nil,,0.0,40.46,0,2
1271,Megan O'Todd,NIL,Nil,Nil,,0.0,10.0,0,1
12711,Katy OHara,NIL,Nil,Nil,,0.0,13.67,0,1
12714,WBPS,NIL,Nil,Nil,,0.0,0.0,0,1
12715,The Painted Church,Tier 4,Tier 3,Tier 3,22.24,382.25,836.75,865,3
12716,MTM Consulting,NIL,Nil,Nil,,0.0,5.33,0,1
12718,Clan Logan Society International  Inc.,NIL,Nil,Nil,,0.0,500.42,0,1
12719,Morecambe Bay Curriculum,NIL,Nil,Nil,,0.0,0.0,0,1
12720,Economics Department  Lancaster University,NIL,Nil,Nil,,0.0,0.0,0,1
12723,BrooklandsPTA,Tier 4,Tier 4,Tier 4,32.71,271.77,271.77,1091,3
12725,St Ben’s Friends PTA,NIL,Nil,Nil,,0.0,54.12,0,2
12726,Alloa Round Table,NIL,Nil,Nil,,0.0,1153.25,0,1
12728,Shillingford Organics,NIL,Nil,Nil,,0.0,45.06,0,2
12732,Press Gangers,Tier 1,Tier 5,Tier 5,91.15,4.33,10.83,10,3
12733,A S Pollitt,NIL,Nil,Nil,,0.0,0.0,0,1
12734,FreeStyleWithKj,Tier 3,Tier 5,Tier 5,52.54,83.75,184.58,199,2
12735,Burton Thistle FC,NIL,Nil,Nil,,0.0,33.0,0,1
12737,Inspiring Music,Tier 4,Tier 3,Tier 3,21.72,456.96,700.38,1336,3
12738,James Coach Deaf Pickleball,Tier 3,Tier 4,Tier 4,42.85,147.75,186.08,107,3
1274,Northamptonshire Children's Book Group,NIL,Nil,Nil,,0.0,5.62,0,1
12740,Ermysteds Friends Association,Tier 4,Tier 4,Tier 4,28.65,277.86,485.33,1162,3
12745,Thrive Hub Haverhill,NIL,Nil,Nil,,0.0,56.25,0,2
1275,Hallfield School,High Value,Tier 2,Tier 2,6.99,1011.02,3369.99,3057,6
12751,Clinical Educator Course,NIL,Nil,Nil,,0.0,0.0,0,1
12755,Claire Sophia,Tier 1,Tier 5,Tier 5,85.38,11.45,23.95,30,3
12756,Nottingham Cathedral,Tier 2,Tier 5,Tier 5,69.28,20.65,198.63,29,2
12757,DS Cheshire,High Value,Tier 3,Tier 3,15.23,872.71,1025.55,2156,3
12758,Inspire Youth Zone,Tier 4,Tier 5,Tier 4,50.9,100.72,128.3,652,3
1276,Action for Carers Oxfordshire,NIL,Nil,Nil,,0.0,175.65,0,1
12760,Barnet Education Arts Trust,NIL,Nil,Nil,,0.0,9.33,0,1
12761,Lingfield College Parents Association LCPA,Tier 4,Tier 4,Tier 4,45.45,109.93,224.73,646,3
12768,Raj Fulchand,NIL,Nil,Nil,,0.0,0.0,0,1
12769,Christchurch Singers,NIL,Nil,Nil,,0.0,9.75,0,1
1277,Queen's College London,High Value,Tier 2,Tier 2,3.8,1316.52,5904.3,2114,8
12770,West Kilbride Primary School Parent Council,Tier 4,Tier 4,Tier 4,34.63,199.42,356.98,1339,3
12771,Our Lady Immaculate Catholic Academies Trust,Tier 2,Free,Free,,0.0,0.0,58,2
12775,Sandy Lane Farm,NIL,Nil,Nil,,0.0,0.0,0,1
12780,Sarah L Bradder,NIL,Nil,Nil,,0.0,0.0,1,2
12782,Blaenbaglan Primary PTA,Tier 4,Tier 5,Tier 5,59.06,74.96,74.96,749,3
12784,Hemel Hempstead Band,NIL,Nil,Nil,,0.0,53.46,0,1
12787,Cumbria Gardens Trust,Tier 4,Tier 3,Tier 3,24.38,409.42,499.67,287,3
12789,The Kasios,NIL,Nil,Nil,,0.0,97.63,0,1
1279,Beaconside Primary School,Tier 4,Tier 4,Tier 4,42.23,139.75,139.75,1224,7
12791,Rangamanch uk,Tier 3,Tier 5,Tier 5,54.75,76.81,132.18,138,3
12795,Claire Booth Training Ltd,NIL,Nil,Nil,,0.0,22.92,0,2
12799,ADRIAN BECKINGHAM,NIL,Nil,Nil,,8.67,10.17,7,3
128,St Catherine Parents' Guild ,High Value,Tier 1,Tier 2,2.89,1300.52,8569.9,2024,11
12803,Susanna Scouller,NIL,Nil,Nil,,0.0,31.63,0,1
12805,NeurodivergentServicesUK,NIL,Nil,Nil,,0.0,2.33,0,1
12807,Marie Curie Wales,Tier 4,Tier 4,Tier 4,28.67,390.0,390.0,478,2
12810,Howell's School  Llandaff,High Value,Tier 2,Tier 2,10.26,1269.0,2078.08,2029,3
12812,Andover Ladies Choir,Tier 2,Tier 5,Tier 5,58.95,64.54,104.96,121,3
12814,ASB PTFA,Tier 3,Tier 5,Tier 5,67.32,40.18,75.85,169,3
12816,Laurencekirk Primary Partnership,Tier 4,Tier 4,Tier 4,35.81,180.25,365.25,434,3
12818,Ultimate Events,NIL,Nil,Nil,,0.0,26.17,0,1
1282,StageShock,NIL,Nil,Nil,,0.0,20.9,0,1
12820,Streatham & Clapham High,Tier 4,Tier 3,Tier 3,20.26,462.02,872.77,597,3
12821,Ila Biggin,NIL,Nil,Nil,,0.0,196.62,0,2
12822,UHNM,NIL,Nil,Nil,,0.0,0.0,0,1
12823,Andrew Key,Tier 2,Free,Free,,0.0,0.0,40,2
12825,Safeguarding,Tier 4,Free,Free,,0.0,0.0,434,2
12826,BforB Chester,NIL,Nil,Nil,,0.0,7.38,0,1
12827,Friends of Scott Primary,Tier 4,Tier 4,Tier 4,32.65,265.25,391.71,851,2
12831,Heart of Lancot PTFA,Tier 4,Tier 3,Tier 3,17.53,565.23,1086.69,1731,3
12832,Sarah Bunt,NIL,Nil,Nil,,0.0,48.75,0,1
12833,The Rehearsal Project,NIL,Nil,Nil,,0.0,13.54,0,1
12836,MK Piano Celebration,Tier 3,Tier 4,Tier 4,45.93,122.71,223.37,312,2
12837,Kala Utsav,NIL,Nil,Nil,,0.0,1233.04,0,1
1284,Every Brilliant Thing - Student Production,NIL,Nil,Nil,,0.0,0.0,0,1
12844,Woore Cricket Club,Tier 4,Tier 4,Tier 4,38.87,180.37,304.04,567,2
12846,Owens Farm Shop,NIL,Nil,Nil,,0.0,10.42,0,1
12847,Lancing College Enterprises LTD,Tier 3,Tier 4,Tier 4,39.69,112.5,518.12,168,3
12854,Our Bar,NIL,Nil,Nil,,0.0,195.26,0,2
12857,Maja Bugge,Tier 3,Tier 5,Tier 5,60.93,43.58,157.54,89,3
1286,Benjamin Guilfoyle - Woolly Hat Poems,NIL,Nil,Nil,,0.0,15.33,0,1
12860,F&amp;CS Events,NIL,Nil,Nil,,0.0,0.0,0,1
12864,Red Hot Chili Players UK Tribute Events,NIL,Nil,Nil,,0.0,7.04,0,1
12865,South London Careers Hub,NIL,Nil,Nil,,0.0,0.0,4,2
12866,St Paul&#39;s School Admin,Tier 3,Free,Free,,0.0,0.0,233,3
1287,MindfullyU,NIL,Nil,Nil,,0.0,0.0,0,1
12876,Adam Bradley Business Growth Consultancy ltd,NIL,Nil,Nil,,0.0,2.88,0,1
12877,Milton Keynes Music Co-operative,NIL,Nil,Nil,,0.0,27.12,0,1
1288,Goring URC,NIL,Nil,Nil,,0.0,1.75,0,1
12880,Lower First Events,NIL,Nil,Nil,,0.0,51.58,0,1
12881,Sally Walker,Tier 1,Tier 5,Tier 5,88.75,7.0,17.0,21,3
12882,123rd Carlisle Scout Group,NIL,Nil,Nil,,0.0,21.08,0,1
12885,Cousland Village Hall Association,NIL,Nil,Nil,,0.0,20.21,0,1
12890,Josh Charnley Testimonial,NIL,Nil,Nil,,0.0,14.62,0,1
12893,West Kent Masons,High Value,Tier 2,Tier 2,9.43,1541.12,2124.87,1851,3
12894,Complete Works NYC Fundraiser,Tier 3,Tier 4,Tier 4,50.82,98.25,175.58,158,2
12899,Silverton C of E Primary School,Tier 3,Tier 4,Tier 4,48.95,115.92,166.79,325,2
1290,#SASS,NIL,Nil,Nil,,0.0,62.29,0,2
12901,Lamphey Community Association,NIL,Nil,Nil,,0.13,4.5,0,2
12905,Girvan Arts Festival,Tier 4,Tier 4,Tier 4,43.07,137.46,201.92,465,3
12906,OWN Trust,NIL,Nil,Nil,,0.0,0.0,0,1
12907,Comrie Amateur Dramatic Society,Tier 4,Tier 3,Tier 3,20.68,498.83,727.67,1140,3
12911,Gold Geese,Tier 4,Tier 4,Tier 3,27.21,326.25,634.87,373,2
12912,Franklin John Limited,NIL,Nil,Nil,,0.0,45.25,0,1
12916,Debs Risbridger   The Elm Tree (for Victoria Johnstone),NIL,Nil,Nil,,0.0,40.96,0,1
12917,Hatters Heritage,Tier 4,Tier 3,Tier 3,20.5,418.87,987.76,771,3
12918,Nene Valley Primary School,Tier 2,Free,Free,,0.0,0.0,100,2
12919,Hive Huddersfield CIC,Tier 1,Tier 5,Tier 5,94.27,1.21,9.58,12,2
12920,Chiari Fundraising,NIL,Nil,Nil,,0.0,25.33,0,1
12921,Megan Newhouse,NIL,Nil,Nil,,0.0,4.46,0,1
12923,St Mary&#39;s Church,Tier 4,Tier 3,Tier 3,20.77,510.75,996.62,888,2
12925,BrightspaceEvents,Tier 2,Free,Free,,0.0,0.0,60,2
12926,Abbie Digweed Your Cotswold Florist,NIL,Nil,Nil,,0.0,21.0,0,1
12927,Friends of Hackbridge,Tier 4,Tier 4,Tier 4,29.16,251.11,537.6,865,3
12928,Greasby Community Association,Tier 3,Tier 4,Tier 4,37.88,183.38,344.38,384,2
1293,Moreton Hall,High Value,Tier 1,Tier 2,3.05,1375.54,9259.62,3869,8
12930,Clutton District,Tier 2,Tier 5,Tier 5,61.8,48.33,152.08,50,2
12932,Break,NIL,Nil,Nil,,10.75,73.67,6,2
12934,POM,Tier 4,Tier 3,Tier 3,21.57,396.37,876.53,355,3
12935,MK&Broughton Village Hall,Tier 3,Tier 5,Tier 5,53.53,80.88,138.59,88,3
12936,Orton Wistow Primary School,Tier 2,Free,Free,,0.0,0.0,88,3
12938,Sales Geek Limited,NIL,Nil,Nil,,0.62,1.88,1,2
12939,anne marie evans,NIL,Nil,Nil,,0.0,4.87,0,1
12940,Brindle Cuckoo Walks,Tier 3,Tier 4,Tier 4,45.68,121.75,238.29,135,2
12941,Dalmeny and Queensferry Parish Church,NIL,Nil,Nil,,0.0,35.83,0,1
12949,Strava Cafe,Tier 2,Tier 5,Tier 5,61.97,50.96,133.67,31,2
12951,Amina Habib,NIL,Nil,Nil,,0.0,0.0,0,1
12952,St Annes Football Club,Tier 3,Tier 5,Tier 5,74.63,24.17,59.25,134,3
12957,Willingham Action Group,Tier 2,Tier 5,Tier 5,84.58,14.33,33.08,40,2
1296,Trust Music,NIL,Nil,Nil,,0.0,269.75,0,4
12963,The Cheshire Club,Tier 3,Tier 4,Tier 4,36.95,200.62,241.25,355,3
12964,Wildmoor Flowers,NIL,Nil,Nil,,0.0,35.75,0,1
12966,Tynedale u3a,Tier 3,Tier 5,Tier 5,64.89,56.92,56.92,233,3
1297,Devonshire House School,NIL,Nil,Nil,,0.0,1071.19,0,3
12974,Willow Grove PTA,NIL,Nil,Nil,,0.0,8.32,0,1
12975,YULA Drama,Tier 2,Tier 5,Tier 5,78.66,22.75,47.03,42,2
12977,To The Summit Ltd,Tier 4,Tier 3,Tier 3,22.07,490.0,582.25,83,3
12979,Vocations,NIL,Nil,Nil,,0.0,0.0,1,1
12984,Radiant Roots Wellbeing,NIL,Nil,Nil,,0.0,0.0,0,1
12985,CRMC,Tier 3,Tier 4,Tier 4,37.21,188.75,358.75,344,2
12987,Community Kitchen Glos CIO,NIL,Nil,Nil,,0.0,0.0,0,1
12995,New Voices in Island Studies,NIL,Nil,Nil,,0.0,0.0,0,2
12998,Church events,Tier 2,Free,Free,,0.0,8.0,68,2
13,Hollywood Studio of Performing Arts,NIL,Nil,Nil,,0.0,286.73,0,7
130,NSPCC KIRKBY LONSDALE,Tier 3,Tier 3,Tier 4,23.42,206.92,1127.01,175,10
1300,Latin Vibe Dance Academy,NIL,Nil,Nil,,0.0,0.0,0,1
13001,Greater Manchester Combined Authority,NIL,Nil,Nil,,0.0,0.0,0,1
13002,Ask Zoe,Tier 3,Tier 4,Tier 4,35.66,190.04,332.07,117,3
13004,Carers Link East Dunbartonshire,Tier 3,Free,Free,,0.0,0.0,194,3
13007,Gira Davda,NIL,Nil,Nil,,0.0,80.5,0,1
13009,The Nigel Prosser Foundation,Tier 2,Tier 5,Tier 5,76.76,12.21,99.17,17,3
1301,Account Deleted,NIL,Nil,Nil,,0.0,0.0,0,1
13013,St Joseph's High School   Crossmaglen,NIL,Nil,Nil,,0.0,1037.67,0,1
13016,Red Sky Foundation,High Value,Tier 2,Tier 2,6.68,2601.18,3918.92,5391,3
13021,Meld,Tier 3,Tier 4,Tier 4,41.52,137.17,354.33,80,2
13022,Char Pizza,Tier 2,Tier 5,Tier 5,56.29,78.42,133.75,59,2
13023,Rainford Young Famers,Tier 4,Tier 4,Tier 4,28.12,313.12,583.04,167,2
13024,Goring and Streatley Young Musicians Trust,Tier 3,Tier 5,Tier 5,56.48,92.58,92.58,126,2
13026,Intrum UK,NIL,Nil,Nil,,0.0,0.0,1,2
13029,Bhagavad-gita,Tier 4,Free,Free,,0.0,0.0,1749,3
13033,Heritage Railway Association,Tier 4,Tier 3,Tier 3,22.71,416.25,665.0,1432,3
13041,Neil Cradock,NIL,Nil,Nil,,0.0,39.21,0,1
13042,Northwood Youth FC,NIL,Nil,Nil,,0.0,29.21,0,1
13047,Clifton Upon Teme Primary,NIL,Nil,Nil,,0.0,0.0,0,1
13048,Cappella Newcastle,Tier 3,Tier 4,Tier 5,50.73,92.96,150.37,191,3
1305,Cheeki Monkeys Shrewsbury,NIL,Nil,Nil,,0.0,0.94,0,1
13050,Woodston Primary School,Tier 1,Free,Free,,0.0,0.0,24,2
13053,Woodside Primary,Tier 4,Tier 3,Tier 3,18.81,759.34,887.46,1887,2
13054,Michelle Crack,Tier 2,Tier 5,Tier 5,63.17,45.46,141.15,45,2
13056,The Caldy Society,Tier 2,Free,Free,,0.0,66.83,21,2
13057,GHS Admissions,Tier 3,Free,Free,,0.0,0.0,317,2
13059,I green,NIL,Nil,Nil,,0.0,25.54,0,1
13060,Hallam Choral Society,Tier 2,Tier 5,Tier 5,78.31,16.5,77.17,22,2
13065,Friends of Holy Name,NIL,Nil,Nil,,0.0,3.0,0,1
13067,Bun Chicken Bun,Tier 3,Tier 5,Tier 5,51.77,81.17,232.62,66,2
13069,Curious Tales,NIL,Nil,Nil,,0.0,0.0,0,1
13071,Shree Vishwakarma Mandal Leicester,Tier 4,Tier 4,Tier 4,28.79,290.33,442.42,561,3
13076,Staveley Amateur Operatic Society,Tier 3,Tier 5,Tier 5,55.23,98.62,98.62,180,2
13082,Nant Celyn Primary Parents Friends Staff Association,NIL,Nil,Nil,,0.0,20.87,0,1
13084,Account Deleted,NIL,Nil,Nil,,0.0,35.83,0,1
13086,Srinivasa Kalyanam,NIL,Nil,Nil,,0.0,0.0,0,1
13087,Kings School Rochester,Tier 4,Tier 3,Tier 3,22.78,474.17,775.43,161,2
1309,606 Club LLP,High Value,Tier 2,Tier 2,3.96,1332.84,8060.02,1532,6
13092,Our Lady&#39;s Catholic Primary School,NIL,Nil,Nil,,0.0,0.0,0,1
13096,Alder Grove PCSA,Tier 4,Tier 3,Tier 3,16.08,717.37,1087.87,1609,3
13097,Institute of Professional Development,NIL,Nil,Nil,,0.0,0.0,0,1
13099,Bilton Grange Admissions,NIL,Nil,Nil,,0.0,0.0,0,2
1310,Lets Do Business,NIL,Nil,Nil,,0.0,0.0,0,1
13104,Chorlton CofE PTA,NIL,Nil,Nil,,0.0,0.0,0,1
13105,Lee Rawlinson,NIL,Nil,Nil,,0.0,2.33,0,2
13107,DEAL SAVOYARDS,NIL,Nil,Nil,,0.0,33.12,0,1
13108,Music in Action,NIL,Nil,Nil,,0.0,26.46,0,1
13109,PCAN,Tier 3,Tier 5,Tier 5,93.83,0.42,0.42,134,3
13110,Annabelles Day Nursery,NIL,Nil,Nil,,0.0,123.0,0,1
13111,BryonyB,Tier 3,Free,Free,,0.0,0.0,304,3
13113,Buddies PTA,Tier 4,Tier 3,Tier 3,24.81,338.12,651.66,898,3
13114,Kinsella HR Solutions Limited,Tier 3,Tier 5,Tier 5,66.93,25.65,154.79,21,3
13115,LICA,Tier 3,Free,Free,,0.0,0.0,214,3
13116,TryBooking Councils,NIL,Nil,Nil,,0.0,3.62,0,2
13117,Adams Company Lakes Ltd,NIL,Nil,Nil,,0.0,16.25,0,1
13118,Friends of the Storey Gardens,NIL,Nil,Nil,,0.0,0.7,0,1
13119,Sophie Paluch,Tier 1,Tier 5,Tier 5,95.0,2.88,2.88,15,2
1312,Foodbank Fabaret,NIL,Nil,Nil,,0.0,20.46,0,1
13120,Cumbria Tourism Quiz,NIL,Nil,Nil,,0.0,25.83,0,1
13123,Chris Kerwin,NIL,Nil,Nil,,0.0,0.0,0,1
13125,New Romney Youth FC,NIL,Nil,Nil,,0.0,326.81,0,1
13128,Ambleside Players,Tier 2,Tier 5,Tier 5,64.26,49.5,107.0,77,2
13130,Ruislip Rugby Football Club,Tier 4,Tier 3,Tier 3,16.79,695.77,1458.43,1599,2
13133,Friends of Romero,Tier 2,Tier 5,Tier 5,81.68,18.58,39.24,28,2
13135,Shire Brook Valley,Tier 2,Tier 5,Tier 5,93.48,4.17,9.58,114,2
13137,Gateshead Safeguarding Partnership,NIL,Nil,Nil,,0.0,0.0,0,1
13138,Lets Market Ltd,Tier 2,Tier 5,Tier 5,85.19,5.0,59.63,118,2
13139,Cohort Creations,NIL,Nil,Nil,,0.0,3.12,0,1
13140,Eagles Head,NIL,Nil,Nil,,0.0,21.75,0,1
13146,Ledbury Allotment Association,Tier 1,Free,Free,,0.0,0.0,10,2
13149,Friends of Bedes Prep,Tier 2,Tier 5,Tier 5,78.47,21.67,52.54,40,2
1315,Penny & Pete Psychic Events,Tier 4,Tier 2,Tier 2,6.2,1039.16,3335.23,1567,8
13153,Longfields School PTA,NIL,Nil,Nil,,0.0,24.69,0,1
13158,IUCN National Committee UK,NIL,Nil,Nil,,0.0,0.0,0,1
13159,Sabrina Bhundoo,NIL,Nil,Nil,,0.0,0.0,0,1
13165,Dame Catherine Harpurs School,Tier 2,Tier 5,Tier 5,57.48,63.38,131.67,46,3
13166,Uncover Your Power &amp; Create Your Best Future,Tier 1,Tier 5,Tier 5,82.95,16.79,55.13,17,1
13167,Cardboard Box Theatre,Tier 3,Tier 4,Tier 4,41.84,147.32,220.25,318,3
13169,Kursat Karaman,Tier 2,Tier 5,Tier 5,59.51,64.54,96.92,93,3
13171,Ormiston Victory Academy,High Value,Tier 2,Tier 2,9.28,1485.37,2400.88,2898,3
13175,Indira Weaver,NIL,Nil,Nil,,0.0,23.91,0,1
13176,Tijana Kozarcic,NIL,Nil,Nil,,0.0,12.42,0,1
13178,Claire's Yogacello,NIL,Nil,Nil,,0.0,31.25,0,2
13179,Burgess Hill Girls,High Value,Tier 3,Tier 3,16.7,811.15,839.87,5256,3
13180,Europa School UK,NIL,Nil,Nil,,0.0,21.67,0,2
13181,P Diddy,NIL,Nil,Nil,,0.0,0.0,0,1
13183,Filipino British Community,NIL,Nil,Nil,,0.0,0.0,8,2
13185,Your Business Showcase,NIL,Nil,Nil,,0.0,134.83,0,2
13186,Caldy Open Gardens,Tier 4,Tier 3,Tier 3,17.42,691.0,1288.5,1188,2
13187,SPJ Drama,NIL,Nil,Nil,,0.0,287.5,0,2
13189,Equin Limited,Tier 2,Free,Free,,0.0,0.0,39,2
13191,Armathwaite School,Tier 3,Free,Free,,0.0,0.0,269,3
13192,Horndean Infant School PTA,NIL,Nil,Nil,,0.0,33.52,0,1
13193,Kinsella Business Solutions CIC,NIL,Nil,Nil,,0.0,0.0,0,2
13195,olivermcgowantraining@autismtogether.co.uk,Tier 2,Tier 5,Tier 5,59.83,77.97,84.77,41,2
13196,Notre Dame School,NIL,Nil,Nil,,0.0,0.0,0,1
1320,Poole and Parkstone Grammar School,NIL,Nil,Nil,,0.0,0.0,0,1
13200,Craignure Hogmanay Party,NIL,Nil,Nil,,0.0,20.04,0,1
13203,Stealing Thunder,Tier 4,Tier 3,Tier 3,23.15,355.02,1144.55,660,2
13208,Creative Designer Club,Tier 2,Tier 5,Tier 5,60.96,47.42,133.12,19,3
13209,Littlewick Green Society,Tier 2,Tier 5,Tier 5,82.16,16.72,41.34,32,2
1321,Horwich Music Festival,NIL,Nil,Nil,,0.0,200.29,0,1
13213,Waltham Chase Pre-School,Tier 2,Tier 5,Tier 5,72.04,16.5,137.13,20,3
13215,Walmsley CE School,NIL,Nil,Nil,,0.0,0.0,0,1
13217,Quorn FC Youth,Tier 4,Tier 5,Tier 4,50.98,89.87,155.71,793,3
1322,Men2sing,NIL,Nil,Nil,,0.0,175.46,0,4
13220,L2 SPJ,Tier 3,Tier 5,Tier 5,54.87,85.33,132.29,56,2
13222,St John&#39;s Community Choir,NIL,Nil,Nil,,0.0,20.58,0,1
13226,Beauty With Sarah,NIL,Nil,Nil,,0.0,0.67,0,1
13227,St Mary&#39;s Music,NIL,Nil,Nil,,0.0,0.0,0,1
13229,Alexandra Park School,Tier 4,Tier 4,Tier 4,40.1,150.58,268.5,559,3
1323,Greenlands Farm Village,Key Account,Tier 1,Tier 1,0.74,15180.95,58526.61,43226,7
13230,Vision 21 Cyfle Cymru,Tier 2,Tier 5,Tier 5,70.8,36.94,53.07,74,3
13231,University of Bristol Edinburgh Alumni Event,NIL,Nil,Nil,,0.0,0.0,0,1
13232,Winter Wonderland,NIL,Nil,Nil,,0.0,0.0,0,1
1324,Cardinal Hume Centre,NIL,Nil,Nil,,0.0,480.72,0,2
13245,Friends of Great Ballard (FOGB),Tier 4,Tier 4,Tier 4,30.75,284.04,346.41,693,3
13249,Action with Communities in Cumbria,NIL,Nil,Nil,,0.0,0.0,0,1
13250,Sales Geek Liverpool,NIL,Nil,Nil,,0.0,3.75,0,1
13253,Kingswinford Concert Band,Tier 2,Tier 5,Tier 5,72.25,36.25,59.25,98,2
1326,DTFC,NIL,Nil,Nil,,0.0,67.33,0,2
13260,Summerbridge Primary School,Tier 2,Tier 5,Tier 5,66.1,47.04,68.12,58,3
13264,Selvarani Selvaraja,NIL,Nil,Nil,,0.0,36.21,0,1
13267,Lancaster Bright Club,Tier 2,Tier 5,Tier 5,67.98,43.33,80.17,80,2
1327,Kirklees 10K Challenge,NIL,Nil,Nil,,0.0,239.0,0,3
13270,Emma Goodwin-Jones,NIL,Nil,Nil,,6.5,50.13,8,2
13275,KHS Reunion,NIL,Nil,Nil,,0.0,40.85,0,2
13279,WFnws,NIL,Nil,Nil,,0.0,144.0,0,1
13280,Brown Paper Packages,NIL,Nil,Nil,,0.0,41.38,0,1
13281,Gaer PTA,NIL,Nil,Nil,,0.0,13.37,0,1
13282,The Capricorn Singers,Tier 2,Tier 5,Tier 5,69.77,36.54,64.12,67,3
13286,Guy UK,NIL,Nil,Nil,,0.0,0.0,0,1
13288,Viviane Barzyk,NIL,Nil,Nil,,0.0,14.0,0,1
13289,LYPFT_Research,Tier 2,Free,Free,,0.0,0.0,70,2
1329,Ladies in Property - Lancashire,NIL,Nil,Nil,,0.0,0.0,0,3
13291,St Benedicts School Office,Tier 4,Tier 3,Tier 3,15.13,723.42,1308.0,1613,3
13294,Matinee Theatre School,Tier 3,Tier 4,Tier 4,39.31,178.75,287.5,295,2
13295,Love Holway,Tier 3,Free,Free,,0.0,0.0,376,3
13296,Anti-Racist Education Strategy (BHCC),Tier 2,Tier 5,Tier 5,75.84,34.75,34.75,18,2
13297,BELMONT ACADEMY EVENTS,Tier 3,Tier 4,Tier 4,49.57,89.67,186.05,362,3
13298,Star Jammers,Tier 3,Tier 4,Tier 4,34.97,207.82,312.76,185,3
13299,Marr Minis,NIL,Nil,Nil,,0.0,171.88,0,2
133,BassFACE,NIL,Nil,Nil,,0.0,1345.47,0,2
13300,DrJoeBurton,NIL,Nil,Nil,,0.0,0.0,0,1
13302,North Worcester Primary Academy,Tier 3,Free,Free,,0.0,0.0,282,2
13304,The Sinfonia Stellaris,NIL,Nil,Nil,,0.0,30.29,0,2
13308,Voices on the Wall,NIL,Nil,Nil,,0.0,0.0,0,1
13310,Property Chat Staines upon Thames,NIL,Nil,Nil,,0.0,0.0,0,1
13313,Bicycle Mayor of Cumbria group,NIL,Nil,Nil,,0.0,16.87,0,1
13314,BOOMIN HEALTHY RAVES,Tier 2,Tier 5,Tier 5,60.13,50.58,134.42,72,3
13316,FLARE,Tier 1,Tier 5,Tier 5,94.28,4.33,4.33,13,2
1332,Illuminations A Cappella,NIL,Nil,Nil,,0.0,84.96,0,1
13320,The Keys Academy Trust,Tier 4,Tier 5,Tier 5,52.37,79.42,169.92,412,3
13321,Full Cup Coaching,Tier 3,Tier 5,Tier 5,84.9,15.38,28.25,132,2
13322,One Adoption South Yorkshire,Tier 3,Free,Free,,0.0,0.0,189,2
13328,Talal,NIL,Nil,Nil,,0.0,2.17,0,1
13329,Gloucester Property Chat,NIL,Nil,Nil,,0.0,0.0,0,2
13330,University Hospital North Midlands,Tier 3,Free,Free,,0.0,0.0,176,3
13331,These Girls Van,Tier 3,Tier 4,Tier 4,43.26,100.41,526.54,83,2
13334,liv&amp;freya,NIL,Nil,Nil,,0.0,10.21,0,1
13335,Beverley Minster,High Value,Tier 2,Tier 2,6.77,2317.93,4117.13,3753,3
1334,Sewing cafe Lancaster,NIL,Nil,Nil,,0.0,30.92,0,4
13341,Exeter Stagecoach Theatre School,Tier 3,Tier 5,Tier 5,56.94,74.42,133.58,302,2
13342,Leandro Landolina,NIL,Nil,Nil,,0.0,0.0,0,1
13347,EastbourneCricket,Tier 3,Tier 4,Tier 4,50.11,103.38,176.5,93,2
13348,Denise Quigley,Tier 3,Tier 5,Tier 5,63.25,50.33,89.67,151,3
13349,Sleaford Concert Band,Tier 1,Tier 5,Tier 5,87.7,12.46,20.04,23,2
13352,D R Malcolm,NIL,Nil,Nil,,0.0,0.0,0,1
13354,Hazlehead Primary Parent Council,Tier 3,Tier 4,Tier 4,49.58,100.25,200.4,350,2
13359,Friends of Nene Valley,Tier 4,Tier 3,Tier 3,26.2,338.86,500.22,1011,3
1336,Leverton Primary School PTA,Tier 4,Tier 3,Tier 4,26.09,183.38,1077.15,309,6
13364,Pit Farm Tennis Club,Tier 2,Tier 5,Tier 5,65.86,46.42,94.92,47,2
13366,Alexandra Saffer,NIL,Nil,Nil,,2.67,10.0,8,2
13369,Malvern Male Voice Choir,Tier 2,Tier 5,Tier 5,61.24,62.87,81.21,88,3
1337,God for All,NIL,Nil,Nil,,0.0,0.0,0,1
13371,Rotary Club of Maidstone Riverside,NIL,Nil,Nil,,0.0,39.0,0,1
13372,Nicole Perez,NIL,Nil,Nil,,0.0,3.75,0,1
13375,Michelle Perrott,Tier 2,Tier 5,Tier 5,70.47,38.17,71.04,29,2
13376,Public Health Westmorland and Furness Council,Tier 2,Free,Free,,0.0,0.0,75,3
13379,Friends of Castle Donington College,Tier 3,Tier 4,Tier 4,48.15,89.17,236.83,172,3
1338,Account Deleted,NIL,Nil,Nil,,0.0,104.0,0,1
13382,Moormead Community Sports Pavilion,NIL,Nil,Nil,,0.0,31.58,0,1
13387,AMEND Patient Group Charity,Tier 2,Tier 5,Tier 5,72.98,30.21,53.33,49,3
13388,Toni Taylor-Munn: Meeting Minds,NIL,Nil,Nil,,1.63,20.04,2,2
13391,Elswick Singers,Tier 2,Tier 5,Tier 5,75.64,27.5,55.92,61,2
13392,Community Music Makers CIC,Tier 3,Tier 5,Tier 5,59.57,68.54,111.13,135,2
13399,Magda,Tier 3,Free,Free,,0.0,0.0,226,3
134,Element Dance UK - Empowerment Workshop,NIL,Nil,Nil,,0.0,28.58,0,3
1340,BeesMAX,NIL,Nil,Nil,,0.0,0.0,0,1
13400,The Great Big Yawn,NIL,Nil,Nil,,0.0,0.0,0,1
13408,Christmas Concert for Families in Need,NIL,Nil,Nil,,0.0,24.75,0,1
1341,Sedbergh Easter & Summer Courses,NIL,Nil,Nil,,0.0,92.25,0,4
13413,PDCA,NIL,Nil,Nil,,0.0,37.42,0,2
13422,Stoke Park School,Tier 4,Tier 4,Tier 4,34.8,226.84,275.85,847,3
13426,Home Interiors & Renovation Exhibition,Tier 3,Tier 5,Tier 5,71.78,30.38,64.25,174,3
13429,Bexley Grammar ACS,NIL,Nil,Nil,,0.0,1.46,0,1
1343,Jacksons of Preston Launch,NIL,Nil,Nil,,0.0,0.0,0,1
13430,Radio Wigwam,Tier 4,Tier 4,Tier 4,34.44,210.65,332.69,638,3
13431,Nature Rich Miterdale,Tier 3,Free,Free,,0.0,0.0,166,3
13433,Clifton College,High Value,Tier 4,Tier 4,28.38,326.25,390.0,2368,3
13434,Boys&#39; Division,Tier 4,Tier 3,Tier 4,26.43,271.96,751.0,457,3
13435,Tom Clare Memorial Dinner,Tier 4,Tier 3,Tier 4,25.53,344.33,546.21,161,3
13436,Banstead Community Junior School,Tier 3,Tier 4,Tier 4,40.61,126.45,468.58,325,2
13437,D Willer,NIL,Nil,Nil,,0.0,0.0,0,1
13438,Henry Marsh,NIL,Nil,Nil,,0.0,54.17,0,2
13439,GemsBookings,NIL,Nil,Nil,,0.0,0.0,0,1
1344,Newcastle High School for Girls,High Value,Tier 1,Tier 2,2.2,1945.75,8038.58,3313,8
13441,StarRocker Studios,NIL,Nil,Nil,,0.0,152.83,0,1
13446,Irthlingborough Junior School PTA,NIL,Nil,Nil,,0.0,38.67,0,1
13449,Andrew&#39;s St Andrews,NIL,Nil,Nil,,0.0,20.46,0,1
13454,Catherine Bowman,Tier 3,Free,Free,,0.0,0.0,164,3
13457,Sarah Moody,NIL,Nil,Nil,,3.44,4.94,5,2
13459,St Pauls PCC,NIL,Nil,Nil,,0.0,70.59,0,1
13461,FoWS,Tier 4,Tier 4,Tier 4,27.67,308.44,465.07,408,3
13465,Heart of Hillbourne PTA,Tier 3,Tier 4,Tier 4,48.81,114.37,172.29,341,2
13467,ScriptoriumArts,Tier 1,Tier 5,Tier 5,89.26,9.58,19.42,10,2
1347,RRWW1,NIL,Nil,Nil,,0.0,28.67,0,1
13470,LES AMIS DE L'EFB,Tier 4,Tier 4,Tier 4,38.73,185.37,291.83,529,2
13473,Provincial Grand Chapter,Tier 4,Tier 3,Tier 3,23.19,555.38,571.71,535,2
13475,Jenny Clarke,Tier 2,Tier 5,Tier 5,70.95,35.48,55.79,79,3
13476,Surrey FRS Grotto 2024,NIL,Nil,Nil,,0.0,98.25,0,1
1348,Sus4 Sessions,NIL,Nil,Nil,,0.0,316.88,0,1
13481,NCPTA,Tier 4,Tier 3,Tier 3,23.83,491.17,608.46,1265,2
13482,St Martin and St Mary CE Primary School,Tier 4,Tier 4,Tier 4,27.22,329.58,450.96,994,3
13484,swingshift,Tier 1,Tier 5,Tier 5,87.31,13.12,20.62,21,2
13485,Travis Pola-Carter,NIL,Nil,Nil,,0.33,0.67,0,3
13487,Gosden house PTA,NIL,Nil,Nil,,0.0,10.66,0,1
13490,Angel Orchestra,Tier 3,Tier 4,Tier 4,40.06,155.62,257.08,263,3
13491,Fullbrook,Tier 2,Free,Free,,0.0,0.0,124,2
13492,Sales Geek C&N Hertfordshire,NIL,Nil,Nil,,5.62,11.88,9,3
13494,Shropshire Horticultural Society,NIL,Nil,Nil,,0.0,0.0,0,1
13496,Apollo Fundraising,Tier 3,Tier 4,Tier 4,43.69,145.75,173.34,96,3
13497,Mrs E L Graham,NIL,Nil,Nil,,0.0,66.75,0,2
135,Young Cumbria Training & Consultancy,NIL,Nil,Nil,,0.0,0.0,0,1
1350,Marie Curie London  SE + East,Tier 3,Tier 4,Tier 4,46.51,130.87,178.52,349,2
13500,Autism All Stars UK,NIL,Nil,Nil,,0.0,0.0,0,2
1351,The Mind Trainer ,NIL,Nil,Nil,,0.0,288.25,0,4
13513,MeCycle / Autism Ventures,NIL,Nil,Nil,,0.0,0.0,0,1
13514,Friends of Hillmorton Primary School,Tier 4,Tier 4,Tier 4,33.12,210.48,403.81,763,3
13515,PACE Team,Tier 1,Free,Free,,0.0,0.0,29,2
13517,Cherished Child Charity,NIL,Nil,Nil,,0.0,379.62,0,2
1352,Thank you for helping Mason,NIL,Nil,Nil,,0.0,28.37,0,1
13520,Mostly Music Events,NIL,Nil,Nil,,3.21,26.25,7,1
13526,Excel Coaching,NIL,Nil,Nil,,14.75,23.5,3,2
13528,Premier Transport,High Value,Tier 2,Tier 3,11.56,1144.43,1600.37,1002,3
13529,Sales Geek Milton Keynes,Tier 1,Tier 5,Tier 5,88.69,8.75,14.38,17,3
1353,Leicester-Shire Schools Music Service,NIL,Nil,Nil,,0.0,0.0,0,1
13530,The Ferry,NIL,Nil,Nil,,0.0,43.0,0,1
13531,Spilsby Primary PTFA,Tier 4,Tier 4,Tier 4,33.14,231.03,355.71,518,3
13532,White Bridge Primary School,NIL,Nil,Nil,,0.0,0.0,0,1
13533,Funding Futures,Tier 3,Free,Free,,0.0,0.0,395,3
13534,Sales Geek Glasgow East,Tier 1,Tier 5,Tier 5,96.76,3.12,7.5,18,1
13535,Moulsham High School,Tier 3,Free,Free,,0.0,0.0,172,2
13536,All Saints Pantomime Society,Tier 3,Tier 5,Tier 5,52.06,92.72,128.1,340,3
13541,Eggar's Together,Tier 3,Tier 5,Tier 5,59.15,68.08,119.38,146,2
13545,Durham City Aquatics,Tier 3,Tier 4,Tier 4,49.46,108.98,174.36,243,2
13547,Mrs Simone Paterson-Fay,Tier 4,Free,Free,,0.0,0.0,872,3
13550,Dollar Academy Camps,Key Account,Tier 2,Tier 2,8.97,2958.92,3407.3,630,2
13554,Career Intelligence Academy,NIL,Nil,Nil,,0.0,0.0,0,1
13557,Liphook Apple Regional Training Centre,Tier 2,Free,Free,,0.0,0.0,98,3
13559,Future Faces Performing Arts School,Tier 4,Tier 3,Tier 3,16.98,677.92,1008.83,1033,3
1356,Hillingdon U3A Events,Tier 4,Tier 2,Tier 2,7.53,887.39,2831.48,816,8
13561,Brent Music Service,High Value,Tier 3,Tier 3,22.79,498.0,498.0,2922,3
13566,Pulborough Rugby Club,NIL,Nil,Nil,,0.0,23.12,0,1
1357,1st Doddington Scout Group,Tier 3,Tier 5,Tier 5,51.13,61.83,207.19,208,7
13572,Angie's Around the world menu,Tier 2,Tier 5,Tier 5,71.95,31.63,77.54,23,2
13577,First Days Children's Charity,NIL,Nil,Nil,,0.0,0.75,0,1
13580,Birkbeck Primary School,NIL,Nil,Nil,,0.0,0.0,0,1
13581,Animal Concern Cumbria,NIL,Nil,Nil,,0.0,0.0,0,2
13584,Trinity Academy,Tier 3,Tier 4,Tier 4,50.14,89.38,174.64,394,3
13586,The soul dance tribe presents UNITY,NIL,Nil,Nil,,0.0,26.57,0,2
13587,Iona Fernandes,NIL,Nil,Nil,,0.0,1.0,0,1
13588,Wokingham In Need,Tier 3,Tier 4,Tier 4,49.05,118.63,119.63,100,3
1359,Singing with Style at Surbiton High,NIL,Nil,Nil,,0.0,0.0,0,1
13590,Hilltop Social Club,Tier 3,Tier 5,Tier 5,53.27,86.24,124.2,142,3
13591,Third Knowsley Scout Group,NIL,Nil,Nil,,0.0,0.37,0,2
13594,Celebration Circle Events,Tier 3,Tier 5,Tier 5,67.05,38.5,112.71,231,2
13597,Karltons Mixtape,NIL,Nil,Nil,,0.0,26.0,0,1
13598,Arnside Choral Society,Tier 3,Tier 5,Tier 5,57.59,81.71,103.0,135,2
13599,Crossford Parent Council,NIL,Nil,Nil,,0.0,20.0,0,1
136,David Holroyd,Tier 4,Tier 3,Tier 3,22.83,233.14,981.25,445,11
13602,SB 40 Year Reunion,NIL,Nil,Nil,,0.0,133.25,0,2
13606,All Saints CIW Primary School,Tier 4,Tier 4,Tier 4,46.87,126.25,182.58,503,2
13610,Sharon Mail Book Launch,NIL,Nil,Nil,,0.0,0.0,0,2
13611,Woking Cougars Football Club,Tier 2,Tier 5,Tier 5,67.06,36.11,123.17,13,2
13612,Helen Beecroft Music,NIL,Nil,Nil,,0.0,2.25,0,1
13614,Mimic Stage School,NIL,Nil,Nil,,0.0,93.62,0,2
13615,Wilberfoss Amateur Theatre Society,Tier 3,Tier 4,Tier 4,44.0,136.42,178.04,370,3
13617,Carus Green Ltd,Tier 3,Tier 4,Tier 4,38.72,160.83,299.83,108,3
13618,Aghalee Village Hall,NIL,Nil,Nil,,0.0,0.0,0,1
13619,PPS - King’s School Rochester,Tier 4,Tier 4,Tier 4,33.04,227.08,367.88,428,3
1362,Daniel Bye,NIL,Nil,Nil,,0.0,12.79,0,1
13624,Christ Church Orchard Park,NIL,Nil,Nil,,0.0,0.0,0,1
13631,Donisthorpe Community Group,Tier 2,Tier 5,Tier 5,82.38,18.33,34.38,66,2
13632,Christopher Wray,Tier 3,Free,Free,,0.0,0.0,231,3
13638,Circus Extravaganza,Key Account,Tier 2,Tier 2,6.47,3018.59,3906.33,7373,3
1364,St Herbert's School,Tier 4,Free,Free,,0.0,0.0,453,6
13644,Richmond Music Trust,Tier 4,Tier 4,Tier 4,34.96,248.26,308.68,440,2
13645,Ashbrooke Sports Club,Tier 3,Tier 4,Tier 4,43.67,125.46,302.92,167,2
13646,moved by my soular,Tier 1,Tier 5,Tier 5,86.74,10.54,30.17,22,2
13650,The Salvation Army,Tier 1,Free,Free,,0.0,0.0,12,2
13651,Jeremy Miles,NIL,Nil,Nil,,0.0,14.22,0,2
13657,AK Daniel,Tier 1,Tier 5,Tier 5,89.11,7.33,15.33,22,3
13659,Alleyn Court PTA,Tier 4,Tier 4,Tier 4,30.04,307.62,442.04,321,2
13667,Feyu,NIL,Nil,Nil,,0.0,0.0,0,1
13669,Feyi,NIL,Nil,Nil,,0.0,0.0,0,1
13674,Arkholme CoE Primary School,Tier 4,Tier 5,Tier 5,56.23,81.58,121.14,546,2
13675,REVEAL CENTRE BATH,NIL,Nil,Nil,,0.0,0.0,0,1
13679,Brightstar,NIL,Nil,Nil,,0.0,0.0,6,1
13681,Holy Trinity High Hurstwood,Tier 2,Tier 5,Tier 5,79.69,21.63,43.08,25,2
13684,Bay Search and Rescue,NIL,Nil,Nil,,2.46,2.46,0,2
13687,Towpath Trail,Tier 2,Free,Free,,0.0,0.0,40,1
13688,Upton House School,Tier 4,Free,Free,,0.0,0.0,508,2
1369,WOTR Kendal Virtual Challenge,NIL,Nil,Nil,,0.0,38.12,0,1
13691,The Hive Party Bookings,Tier 2,Tier 5,Tier 5,54.48,78.91,130.04,50,3
13694,Home-Start In Suffolk,Tier 1,Tier 5,Tier 5,83.04,18.75,46.79,30,1
13695,Brackham U18 Girls’ Tour,Tier 2,Tier 5,Tier 5,68.83,58.5,58.5,78,1
13698,Epicurus Camden,NIL,Nil,Nil,,0.0,78.21,0,1
13699,Infant Feeding Team,NIL,Nil,Nil,,0.0,0.0,1,2
137,equicultureuk,NIL,Nil,Nil,,0.0,717.37,0,6
1370,Bolton Music Service (FF),NIL,Nil,Nil,,0.0,236.76,0,2
13702,St Josephs Juvenile GAA Club,Tier 3,Tier 4,Tier 4,47.08,97.58,232.92,405,3
13704,Grimsby Town Cricket Club,Tier 2,Tier 5,Tier 5,79.06,20.58,50.77,38,2
13705,Garboldisham Amateur Dramatic Society,NIL,Nil,Nil,,0.0,104.75,0,2
1371,TI Brands Ltd,NIL,Nil,Nil,,0.0,0.0,0,1
13714,Unipol Student Homes,Tier 4,Tier 5,Tier 5,59.34,70.0,110.0,689,2
1372,Banstead Prep School,Tier 4,Free,Free,,0.0,180.12,769,8
13724,Dissenters Players,NIL,Nil,Nil,,0.0,43.33,0,1
13727,Ilkley Gym Club,NIL,Nil,Nil,,0.0,25.33,0,2
13729,Manchester High School for Girls,High Value,Tier 3,Tier 3,14.45,881.02,1172.42,2468,3
1374,Balkanics,NIL,Nil,Nil,,0.0,16.88,0,1
13741,Antony Wilson &amp; Liam Castellas,NIL,Nil,Nil,,25.0,25.0,5,2
13744,Gedling CLP,Tier 2,Free,Free,,0.0,18.0,38,2
13747,Sales Geek South & West Herts,Tier 1,Tier 5,Tier 5,91.69,8.12,10.62,13,2
13751,Great Walstead School,Tier 4,Free,Free,,0.0,0.0,914,3
1376,Marie Curie Scotland Katie Old Data,NIL,Nil,Nil,,0.0,210.42,0,4
13762,STMARKSCEPRIMARY,NIL,Nil,Nil,,0.0,0.0,0,1
13771,George Davies,NIL,Nil,Nil,,0.0,52.12,0,2
13776,Annette Shaw Unstoppable You Coaching,NIL,Nil,Nil,,0.0,0.0,0,1
13779,Harvey Centre Fundraiser,Tier 3,Tier 4,Tier 4,46.68,116.92,171.67,58,3
1378,Langcliffe Singers,Tier 2,Tier 5,Tier 5,53.48,53.29,182.96,88,8
13780,Lottie Chatfield,Tier 2,Tier 5,Tier 5,70.73,42.0,56.75,64,2
13781,Frederic Pettigrew,Tier 1,Tier 5,Tier 5,91.48,13.29,13.29,23,1
13784,Lesley Walker,NIL,Nil,Nil,,0.0,0.0,0,2
13786,Jamia Masjid Bilal,Tier 3,Tier 5,Tier 5,77.34,27.42,28.79,180,3
1379,ASEAN Emerging Researchers Conference 2019 (UK),NIL,Nil,Nil,,0.0,60.51,0,2
13792,Salute to the Sun Yoga,Tier 4,Tier 4,Tier 4,37.89,202.27,282.3,520,2
13795,PACT,Tier 2,Free,Free,,0.0,0.0,87,3
13799,Kent &amp; Medway Looked after Children Team,NIL,Nil,Nil,,0.0,0.0,0,1
1380,Marie Curie Yorkshire Old Data,NIL,Nil,Nil,,0.0,0.0,0,2
13800,Togme Sangpo Studygroup,Tier 3,Tier 4,Tier 4,36.75,204.77,337.06,103,2
13801,Andrea Clare Art,Tier 1,Tier 5,Tier 5,95.04,7.54,7.54,14,1
13803,Rebecca McFarlane,Tier 4,Tier 3,Tier 3,26.22,313.63,572.29,228,3
13805,Friends of Barby School,Tier 4,Tier 4,Tier 4,43.99,151.5,199.77,665,2
13812,Noak Hill Archers,Tier 3,Tier 4,Tier 4,40.83,168.12,261.13,144,2
13814,Your Menopause Your Power,Tier 1,Tier 5,Tier 5,84.16,23.87,23.87,17,1
13816,M3 Job Club,Tier 2,Tier 5,Tier 5,61.7,51.38,136.21,48,2
13817,The Old Oundelian Club,Tier 4,Tier 3,Tier 3,18.45,841.5,841.5,481,2
13818,Windsor Boys School Sport Department,NIL,Nil,Nil,,5.37,130.96,3,1
13820,BOTC Sheffield,Tier 2,Tier 5,Tier 5,69.62,38.62,59.25,103,3
13822,Ilminster Cricket Club,NIL,Nil,Nil,,0.0,35.72,0,2
13826,Judith Carlton,Tier 2,Tier 5,Tier 5,77.4,22.12,44.13,66,3
13830,Brazilian party,NIL,Nil,Nil,,0.0,44.92,0,2
13831,Art at the Duchess,Tier 2,Tier 5,Tier 5,86.98,17.12,24.62,66,1
13832,Leicester High,Tier 3,Tier 4,Tier 4,38.18,186.13,317.12,364,2
13833,Staveley Village Association,Tier 3,Tier 4,Tier 4,49.51,116.71,116.71,243,3
13834,K Kennedy,NIL,Nil,Nil,,0.0,30.0,0,1
13835,Neuro North Forum,NIL,Nil,Nil,,0.0,2.33,0,1
13837,Business Networking For Women  Alderley Edge,Tier 3,Tier 4,Tier 4,37.74,188.08,241.13,356,3
13838,St James Schools,Tier 3,Tier 5,Tier 5,72.62,20.0,184.0,243,1
13839,Network B2B,NIL,Nil,Nil,,0.0,0.0,1,1
13843,The Prince of Wales Hospice,Tier 4,Tier 4,Tier 4,35.19,255.0,276.88,609,2
13845,Ampthill Cultural Events,Key Account,Tier 2,Tier 2,9.96,2353.75,2743.12,5542,2
13847,FOB test site,NIL,Nil,Nil,,0.0,0.0,0,1
13853,Covem Cheshire,Tier 3,Tier 5,Tier 5,65.1,57.0,73.33,171,2
13855,East NSPCC,Tier 1,Tier 5,Tier 5,97.93,1.46,1.46,32,1
13860,Maddison-Greenwell Equestrian,NIL,Nil,Nil,,0.0,36.75,0,1
13862,SaritaPrintsJoy,Tier 2,Tier 5,Tier 5,56.3,79.53,130.4,61,2
13863,Musica,Tier 2,Tier 5,Tier 5,61.36,72.92,109.88,111,1
13864,Light of the Moon,Tier 2,Tier 5,Tier 5,59.92,65.28,116.03,77,2
13866,GNI,Tier 3,Tier 4,Tier 4,37.43,213.58,269.38,119,2
13867,New Choice Improv,Tier 2,Tier 5,Tier 5,77.25,25.58,33.5,77,3
1387,Habs Girls Admissions Team,NIL,Nil,Nil,,0.0,0.0,0,1
13871,WILDSIDE WALKS,NIL,Nil,Nil,,17.33,33.04,7,1
13874,Isabelle Betts,NIL,Nil,Nil,,0.0,8.33,0,1
13878,The Nici (Bournemouth) Limited,Tier 4,Tier 5,Tier 5,73.15,19.0,103.39,527,3
13880,Grazity GV,NIL,Nil,Nil,,0.0,2.0,0,1
13884,F11 Photography,Tier 2,Tier 5,Tier 5,62.68,63.04,85.75,98,2
13885,Dinner at Marias,Tier 2,Tier 5,Tier 5,75.3,25.33,94.33,16,1
13886,Avington Park,Tier 3,Free,Free,,0.0,0.0,204,3
13889,Muslim Women Society,NIL,Nil,Nil,,0.0,113.15,0,1
13895,Naunton Music,Tier 4,Tier 4,Tier 4,27.37,387.16,476.22,482,2
139,King Edward's Witley,NIL,Nil,Nil,,0.0,0.0,0,2
13902,Eltham Kutchenhaus,Tier 2,Free,Free,,0.0,0.0,98,2
13903,York Whisky Club,Tier 4,Tier 3,Tier 3,24.61,450.43,602.02,224,2
13905,The SEND Den,Tier 3,Tier 4,Tier 4,38.97,243.63,255.54,391,1
13908,Little white feather healing,Tier 2,Tier 5,Tier 5,73.71,28.95,69.0,24,2
13910,Old School Weekender,NIL,Nil,Nil,,0.0,29.38,0,1
13913,Hannah Abdulhamid,NIL,Nil,Nil,,0.0,4.96,0,1
13915,ABM Skittles Club,NIL,Nil,Nil,,0.0,49.29,0,1
13918,South London Integration Hub,NIL,Nil,Nil,,0.0,0.0,0,1
1392,Creative Theatre Arts,NIL,Nil,Nil,,0.0,25.75,0,1
13920,SheffieldCares,NIL,Nil,Nil,,0.0,0.0,0,1
13922,Hannah Woodhouse,Tier 2,Free,Free,,0.0,0.0,42,1
13923,Laura Coulthard,NIL,Nil,Nil,,0.0,40.62,0,1
13924,Dales Trailer Hire,NIL,Nil,Nil,,0.0,0.0,0,1
13926,Kenmore Primary School Parent Council,NIL,Nil,Nil,,0.0,5.04,0,1
13929,Panache Cheer Fundraising,NIL,Nil,Nil,,0.0,31.08,0,1
1393,Stinkeye UK,Tier 4,Tier 3,Tier 3,18.48,313.46,1378.29,98,6
13930,Ffrindiau Ysgol Gynradd Llanrug,NIL,Nil,Nil,,0.0,28.5,0,1
13931,The High School Leckhampton,Tier 4,Tier 3,Tier 3,20.87,520.62,943.79,1079,2
13932,Good Grief Dear CIC,Tier 1,Tier 5,Tier 5,90.18,9.83,14.75,28,2
13934,Cumbria Careers Hub,Tier 3,Free,Free,,0.0,0.0,315,2
13937,Craiglockhart Parent and Carer Council,Tier 3,Tier 5,Tier 5,52.53,94.33,150.41,163,2
13939,St Albans High School Music Department,NIL,Nil,Nil,,0.0,12.71,0,1
13941,Ormiston Sudbury Academy,Tier 4,Tier 3,Tier 3,15.94,837.12,1367.37,1491,2
13943,Carla Kronfli,Tier 1,Tier 5,Tier 5,90.49,9.75,25.5,13,1
13945,North West NSPCC,Tier 2,Tier 5,Tier 5,72.17,41.67,68.58,94,1
13946,Suffolk Community Foundation,Tier 4,Tier 4,Tier 4,47.35,142.04,142.04,857,2
13947,A Durcan Kingston Grammar School,NIL,Nil,Nil,,0.0,0.0,0,1
13952,GarjanaUK,NIL,Nil,Nil,,0.0,0.0,0,1
13955,Garjana UK,Tier 3,Tier 5,Tier 5,95.14,2.5,2.5,298,2
13958,SDG Embedded Solutions CIC,NIL,Nil,Nil,,0.0,0.0,0,1
13959,LOSSIEFEST,High Value,Tier 3,Tier 3,21.59,581.39,1143.03,2939,1
1396,Nosewise,NIL,Nil,Nil,,0.0,5.5,0,1
13963,ACN Scotland Office,Tier 3,Tier 5,Tier 5,68.22,13.33,404.13,152,2
13965,Rattle and Brash,Tier 4,Tier 4,Tier 4,34.64,248.04,326.71,598,2
13966,Lancing College,Tier 2,Free,Free,,0.0,5.25,51,2
13968,Herts Music Service,Tier 4,Tier 4,Tier 4,42.87,175.71,176.08,608,2
13969,Lancaster Photographic Society,Tier 1,Tier 5,Tier 5,92.48,6.58,9.58,19,2
1397,Bowjangles,NIL,Nil,Nil,,0.0,19.71,0,1
13971,Food in a Field,NIL,Nil,Nil,,0.0,82.92,0,1
13973,Rammy Ladies,Tier 2,Tier 5,Tier 5,64.4,55.33,86.75,76,2
13974,Woodhall Country Park Ltd,Key Account,Tier 3,Tier 2,12.8,1469.46,1546.12,5481,2
13975,Red Squash Theatre,NIL,Nil,Nil,,0.0,144.78,0,1
13976,Kierstenson,Tier 3,Tier 4,Tier 4,42.38,166.96,209.92,314,2
13979,AIM Kent,Tier 4,Tier 3,Tier 3,17.83,684.19,1196.02,359,2
13982,Naylor Accountancy Services,Tier 1,Tier 5,Tier 5,84.34,19.26,34.86,13,1
13983,Oxclose Community Academy,Tier 4,Tier 4,Tier 4,32.71,301.37,301.37,1523,2
13985,Reading Community Hub,NIL,Nil,Nil,,0.0,19.0,0,1
13987,Heather Rose,Tier 3,Tier 4,Tier 4,48.41,123.25,158.58,369,2
13990,Burntwood Swimming Club,NIL,Nil,Nil,,0.0,23.27,0,1
13996,Plymouth Dolphins,Tier 2,Tier 5,Tier 5,79.87,25.29,47.29,29,1
13998,Sales Geek C&S Bucks,NIL,Nil,Nil,,0.0,0.62,0,1
13999,Madeley Academy,NIL,Nil,Nil,,0.0,0.0,0,1
14,Institute of Medical Illustrators,Tier 4,Tier 5,Tier 5,52.06,11.0,5719.6,254,12
140,Reeds School,High Value,Tier 4,Tier 4,46.23,46.58,723.83,2329,9
14001,Think : Listen : Chat,Tier 2,Tier 5,Tier 5,78.58,25.5,57.44,10,1
14002,The City of Sheffield Youth Orchestra,Tier 4,Tier 3,Tier 3,19.78,718.0,798.21,843,2
14005,The Confident You by Drama Jo,NIL,Nil,Nil,,2.9,17.61,3,1
14006,The Blandford School,High Value,Tier 3,Tier 3,16.91,966.85,966.85,2699,2
14008,Alexander Kyle,Tier 2,Tier 5,Tier 5,72.01,40.13,51.17,71,2
14009,AISA events,Tier 3,Tier 4,Tier 4,47.7,107.17,347.54,112,1
1401,Sedbergh School,High Value,Tier 1,Tier 1,1.75,2437.44,8723.41,2985,8
14013,Bob &amp; Blether,NIL,Nil,Nil,,0.0,312.62,0,1
14015,Rushgreen Bowmen,NIL,Nil,Nil,,0.0,50.0,0,1
14016,Chalk & Cheese The Stables,NIL,Nil,Nil,,0.0,21.67,0,1
1402,Crosscrake Hub,NIL,Nil,Nil,,0.0,34.29,0,1
14022,Network Youth Church,NIL,Nil,Nil,,0.0,25.29,0,1
14023,Culford Prep School Parents' Association,Tier 4,Tier 3,Tier 3,26.07,293.67,954.79,271,2
14025,Love Black Country Mental Health Forum,Tier 1,Free,Free,,0.0,0.0,12,1
14027,Hali &amp; Lulu,Tier 4,Tier 4,Tier 4,28.59,357.77,433.68,323,2
14032,Allan McDowall,Tier 1,Tier 5,Tier 5,86.61,19.92,19.92,28,1
14035,Reform UK,Tier 3,Tier 5,Tier 5,95.61,0.83,0.83,170,2
14038,Sociology PS Team,NIL,Nil,Nil,,0.0,0.0,0,1
14039,Dilek Livaneli,NIL,Nil,Nil,,0.0,95.83,0,1
14042,Three Rivers Community Choir,Tier 2,Tier 5,Tier 5,74.05,38.18,40.51,115,2
1405,Independent Schools Portal,Tier 4,Tier 2,Tier 3,11.27,460.53,3459.38,1973,8
14055,British Tapestry Group,Tier 3,Tier 4,Tier 4,41.92,194.17,240.38,144,1
14056,Unipol Student Homes,Tier 2,Tier 5,Tier 5,63.31,57.81,130.02,119,1
14058,Bromyard Road Methodist Church,NIL,Nil,Nil,,0.0,18.75,0,1
14059,CELP research Group,Tier 2,Free,Free,,0.0,0.0,49,1
1406,MK Sports Coaching and Development,Tier 4,Tier 2,Tier 3,9.27,603.58,3476.11,462,8
14062,Bellingham PTA,NIL,Nil,Nil,,0.0,35.4,0,1
14063,Bohunt Farnborough,NIL,Nil,Nil,,0.0,0.0,0,1
14067,SHSK 2025 Year 11 Prom,NIL,Nil,Nil,,3.75,60.0,6,1
14068,International Diskoteka Aberdeen,Tier 2,Tier 5,Tier 5,81.59,17.46,42.08,31,2
14069,Tetiana Loskutova,Tier 3,Tier 4,Tier 4,36.34,227.71,294.0,105,2
1407,Marie Curie Fundraising Volunteer Team,Tier 3,Free,Free,,0.0,0.0,141,6
14070,Rugby School,Tier 4,Tier 5,Tier 5,95.54,1.13,1.13,801,2
14071,Herefordshire Composers' Workshop,Tier 1,Tier 5,Tier 5,93.97,8.25,11.6,11,1
14072,Music in Ulpha,Tier 4,Tier 4,Tier 4,38.58,198.0,260.83,473,2
14076,Grasmere Sports &amp; Show,Tier 4,Tier 4,Tier 3,29.26,435.32,440.65,1301,1
14077,Caroline Roberts-Gunn,Tier 1,Tier 5,Tier 5,81.55,15.75,73.5,18,1
1408,Coachwise Ltd,NIL,Nil,Nil,,0.0,78.75,0,1
14080,Èpico Events,Tier 2,Tier 5,Tier 5,65.45,31.5,272.25,12,1
14082,The Dorothy Dunnett Society,NIL,Nil,Nil,,0.0,0.0,0,1
14083,Families and Friends of the Oldham Music Centre,Tier 3,Tier 5,Tier 5,62.81,59.63,93.42,172,2
14084,Edgbaston High School for Girls,Tier 4,Tier 4,Tier 4,33.94,244.41,375.07,1713,2
14086,HASLINGFIELD ENDOWED PRIMARY SCHOOL PTFA,NIL,Nil,Nil,,0.0,100.62,0,1
14089,GuildfordFAS,NIL,Nil,Nil,,0.0,0.0,0,1
1409,FOPS,NIL,Nil,Nil,,0.0,302.68,0,3
14090,Friends of English Martyrs PTA,Tier 4,Tier 4,Tier 4,34.0,278.08,289.75,507,2
14091,Open Farm Sunday Gaddesden Home Farm,Tier 4,Tier 5,Tier 5,89.78,10.0,28.96,588,1
14094,SSAFA East Midlands,Tier 1,Tier 5,Tier 5,92.94,6.58,7.08,14,2
14096,Kathryn Haycock,NIL,Nil,Nil,,0.0,23.96,0,1
14098,Lunesdale Hall,NIL,Nil,Nil,,0.0,29.79,7,1
14099,Discover Scottish Gardens,Tier 2,Tier 5,Tier 5,70.71,36.83,72.25,36,2
141,Steele Saunders,NIL,Nil,Nil,,0.0,16.75,0,1
14102,Aeolian MVC,NIL,Nil,Nil,,0.0,9.71,0,1
14104,Habs Mencap,NIL,Nil,Nil,,0.0,0.28,0,1
14105,Edinburgh &#39;Open House&#39; Ceilidh Events,Tier 4,Tier 3,Tier 3,18.25,824.75,891.25,1339,2
14107,TYQFLIX,NIL,Nil,Nil,,0.0,0.0,0,1
1411,LRGS Rugby Tour Events,NIL,Nil,Nil,,0.0,158.5,0,1
14111,Artlune,Tier 2,Free,Free,,0.0,0.0,99,2
14116,Farthingloe Events,Key Account,Tier 2,Tier 2,9.91,2074.96,2966.13,7743,2
14117,Fife Out and About Walking Group,NIL,Nil,Nil,,0.0,0.0,0,1
14119,Multi Disciplinary Professional Network,Tier 4,Tier 3,Tier 3,17.13,890.33,1020.21,510,2
14121,Hexham Pride,NIL,Nil,Nil,,0.0,6.75,0,1
14122,Geordie Chapter#9721,Tier 4,Tier 3,Tier 3,16.77,797.14,1204.97,603,2
14124,North London Property Chat,NIL,Nil,Nil,,0.0,0.0,0,1
14127,Harbour bar Girvan,Tier 4,Tier 4,Tier 4,28.99,350.25,417.54,586,2
14130,Holy Cross Parents Friends Group,NIL,Nil,Nil,,0.0,20.51,0,1
14132,POINT,Tier 3,Free,Free,,0.0,0.0,178,2
14134,Dutchman Events,Tier 3,Tier 5,Tier 5,54.65,107.87,125.25,204,1
14136,3060 Festival,Tier 3,Free,Free,,0.0,0.0,309,1
1414,Data Collective,NIL,Nil,Nil,,0.0,0.0,0,1
14140,Helen Bailey,NIL,Nil,Nil,,4.12,19.73,3,1
14142,Synergy Health Kendal,NIL,Nil,Nil,,0.0,0.0,0,1
14144,Keyworth Women&#39;s Circle,NIL,Nil,Nil,,0.0,3.33,0,1
14145,Cherry Grove PTA,Tier 4,Tier 4,Tier 4,41.58,188.36,266.86,419,1
14149,Miss Glamour UK,Tier 3,Tier 4,Tier 4,49.79,120.29,136.92,94,2
1415,Heathfield & Horam FC,NIL,Nil,Nil,,0.0,283.55,0,4
14150,Team SOAR,NIL,Nil,Nil,,0.0,2.29,0,1
14152,Edinburgh Hebrew Congregation,NIL,Nil,Nil,,0.33,23.67,1,1
14154,Bevanda &amp; Co.,NIL,Nil,Nil,,0.0,1.58,0,1
14155,Colin Adamson,Tier 1,Free,Free,,0.0,0.25,35,2
14156,St Barnabas Ealing PCC,NIL,Nil,Nil,,4.0,34.29,6,2
14158,Gallipoli Association,Tier 3,Tier 5,Tier 5,88.8,12.71,14.88,175,2
14159,Warmingham Primary School PTA,Tier 3,Tier 5,Tier 5,63.52,64.48,71.98,220,2
14160,Bishop Wordsworth&#39;s School - Admissions,Tier 4,Free,Free,,0.0,0.0,840,2
14162,Gill Andrew,Tier 2,Tier 5,Tier 5,80.08,30.0,34.5,40,1
14163,Halcyon Therapies Ltd,NIL,Nil,Nil,,0.0,0.13,0,1
14164,Friends of Two Gates,Tier 4,Tier 4,Tier 4,47.74,125.55,166.02,479,2
14166,Dasha&#39;s Pop-Up,Tier 2,Tier 5,Tier 5,72.22,37.0,83.96,39,1
14169,Northampton Bach Choir,Tier 4,Tier 3,Tier 3,17.63,805.54,1026.25,901,2
14171,Hampshire Reels,Tier 4,Tier 4,Tier 4,29.18,342.0,425.0,335,2
14177,Performance For Sales Limited,Tier 1,Free,Free,,0.0,0.0,30,2
14178,Ewell Castle,Tier 4,Tier 3,Tier 3,18.52,819.67,846.12,702,2
14179,Syne Community,Tier 1,Tier 5,Tier 5,91.41,8.33,23.83,20,1
14185,Warrington Male Voice Choir,Tier 2,Tier 5,Tier 5,76.52,34.13,50.38,65,1
14186,Mr D M Leadsom,Tier 1,Tier 5,Tier 5,92.95,7.92,16.92,14,1
14187,Off The Pier Events,Tier 3,Tier 5,Tier 5,54.84,100.37,101.38,131,2
14188,Coffee &amp; Connections,NIL,Nil,Nil,,0.0,5.13,0,1
1419,Winter Night Shelter Milton Keynes,NIL,Nil,Nil,,0.0,148.58,0,1
14193,Account Deleted,NIL,Nil,Nil,,0.0,0.0,0,1
14197,Earls Colne Heritage Museum,Tier 2,Tier 5,Tier 5,69.74,34.7,91.7,89,2
14198,Thwaites Mountaineering,NIL,Nil,Nil,,10.08,28.99,7,2
14199,London Welsh Rugby Choir,Tier 1,Tier 5,Tier 5,81.0,19.29,61.83,21,1
14204,Brampton Community Ceilidh,NIL,Nil,Nil,,0.0,14.84,0,1
14205,Ely City Military Band Limited,Tier 2,Tier 5,Tier 5,66.4,66.0,66.0,88,1
14208,Edward Olhausen,Tier 2,Tier 5,Tier 5,66.76,59.58,75.83,85,1
14211,Kendal Parent Network,Tier 2,Tier 5,Tier 5,81.58,23.88,23.88,90,2
14215,St Hilary's Prep School,High Value,Tier 3,Tier 2,12.6,1525.43,1535.35,2941,2
14216,Newport Girls&#39; High School,Tier 4,Tier 5,Tier 5,95.86,0.37,0.37,1358,2
14219,Music Teachers Association,Tier 3,Tier 5,Tier 5,56.17,93.75,93.75,340,2
1422,House Schools Trust,NIL,Nil,Nil,,0.0,100.37,0,1
14221,Harrogate Neighbours,NIL,Nil,Nil,,3.12,23.63,3,1
14222,rickygopal,NIL,Nil,Nil,,0.0,0.0,0,1
14224,St Patrick’s P.S. PTA,NIL,Nil,Nil,,0.0,33.73,0,1
14227,Merchant Taylors&#39; Prep School,Tier 3,Free,Free,,0.0,0.0,372,2
14229,Ilos New Energy UK Ltd,Tier 1,Free,Free,,0.0,0.0,16,1
14231,North Mymms Memorial Hall,Tier 2,Tier 5,Tier 5,78.4,33.54,38.29,123,1
14232,Animal Rescue Cumbria,NIL,Nil,Nil,,0.0,62.25,0,1
14233,Tenancy Support - Unipol,NIL,Nil,Nil,,0.0,37.75,0,1
14235,Waters &amp; Atkinson,NIL,Nil,Nil,,0.0,0.0,0,1
14236,Wigan Youth Zone,Tier 3,Tier 4,Tier 4,36.58,244.58,244.58,241,2
14237,laurascreativeworkshop,NIL,Nil,Nil,,0.54,0.54,1,1
14238,The Lanes Shopping Centre,NIL,Nil,Nil,,0.0,0.0,0,1
1424,Low Sizergh Barn,NIL,Nil,Nil,,0.0,22.17,0,1
14244,Friends of LRGS,Tier 2,Tier 5,Tier 5,64.84,62.92,63.83,22,2
14245,Stretham School PSA,Tier 3,Tier 5,Tier 5,56.33,83.54,113.21,271,2
14247,IBIS Fundraising,NIL,Nil,Nil,,1.67,21.29,2,1
14248,The Puzzle Guzzle,NIL,Nil,Nil,,3.62,115.61,4,1
1425,Farmeco Community Care,NIL,Nil,Nil,,0.0,0.0,0,1
14251,Curious Owl,NIL,Nil,Nil,,0.0,2.63,0,1
14253,Sound of Iona Music Festival,NIL,Nil,Nil,,0.0,0.0,0,1
14257,St Leonards,Tier 1,Free,Free,,0.0,0.0,12,1
14258,Starlings,NIL,Nil,Nil,,0.0,13.75,0,1
1426,Year 6 party,NIL,Nil,Nil,,0.0,21.67,0,1
14261,East Midlands Deaf Badminton Club,Tier 2,Tier 5,Tier 5,88.6,12.46,29.38,45,1
14263,Barns Green Players,Tier 4,Tier 3,Tier 3,14.92,1044.63,1303.46,1374,2
14265,David Tyfield,Tier 3,Free,Free,,0.0,0.0,151,2
14266,The Cardinal Wiseman PTA,NIL,Nil,Nil,,3.12,109.0,0,2
14268,Liam O&#39;Keeffe,Tier 3,Tier 5,Tier 5,61.37,81.0,89.33,243,1
14269,Andy Stone ADHD Mentor,Tier 3,Tier 5,Tier 5,51.44,108.63,134.63,224,2
14270,The Olive Branch,Tier 3,Tier 5,Tier 5,53.36,89.0,150.0,92,2
14272,Lucis Choir,NIL,Nil,Nil,,0.0,51.33,0,1
14275,Springfield Domestic Abuse Support,Tier 2,Tier 5,Tier 5,67.35,50.79,92.46,71,1
14277,Friends Association of Bressingham Primary School,Tier 3,Tier 4,Tier 4,49.77,115.33,149.46,404,2
1428,Old Sydneians' Union UK Branch,NIL,Nil,Nil,,0.0,58.0,0,1
14280,Cultureaboveboarders,Tier 2,Tier 5,Tier 5,65.73,64.0,79.0,70,1
14281,Katherine Young,NIL,Nil,Nil,,0.0,0.0,0,1
14282,Dallam School,Tier 4,Tier 4,Tier 4,31.53,274.25,439.08,455,2
14286,Lancaster Medical School,Tier 1,Free,Free,,0.0,0.0,30,2
14287,Edinburgh Royal Warrant Holders Association,NIL,Nil,Nil,,0.0,5.0,0,1
14290,The Crafty Campout,Tier 4,Tier 4,Tier 4,30.04,326.75,402.75,140,2
14291,Wise Oak Forest School,Tier 3,Tier 4,Tier 4,43.8,158.42,189.08,185,2
14292,Just George,Tier 4,Tier 3,Tier 3,17.61,657.44,1342.63,169,2
14294,Hathern Primary PTA,Tier 3,Tier 4,Tier 4,46.63,115.3,347.97,227,1
14296,Philip Shakesheff,NIL,Nil,Nil,,0.0,0.0,0,1
14299,Plumpton Activity Scheme,Tier 4,Tier 4,Tier 4,29.59,398.79,471.04,352,1
143,Old Redingensians Association,NIL,Nil,Nil,,0.0,51.83,0,1
1430,Channing School,Tier 4,Tier 5,Tier 5,82.55,14.62,14.62,1188,7
14305,Perranwell Choir,Tier 2,Tier 5,Tier 5,87.76,15.87,24.54,44,1
14306,Charlbury School Association (CSA),Tier 4,Tier 4,Tier 4,44.33,146.53,205.67,554,2
14307,Vox Anima London,Tier 2,Tier 5,Tier 5,82.07,26.04,30.46,82,1
1431,Carter the Brave,NIL,Nil,Nil,,0.0,78.62,0,1
14315,Tiffin School Sixth Form,Tier 4,Tier 4,Tier 4,29.4,305.11,492.24,432,2
14316,Ingfield Friends,NIL,Nil,Nil,,0.0,0.0,0,1
14317,Hymers College,NIL,Nil,Nil,,0.0,92.42,0,1
14319,Stefan Peto,NIL,Nil,Nil,,0.0,0.0,0,1
14322,Future Farm,Tier 4,Free,Free,,0.0,0.0,1348,2
14324,Mill Field Forest Gardeners,Tier 2,Tier 5,Tier 5,86.42,12.54,26.29,63,2
14329,J. Mazzone,NIL,Nil,Nil,,2.17,2.17,4,1
1433,Isomi,NIL,Nil,Nil,,0.0,0.0,0,1
14330,Irlam and Cadishead Community Festivals CIC,Tier 3,Tier 5,Tier 5,65.4,67.37,72.79,157,1
14335,Air Ambulances UK,Tier 3,Tier 5,Tier 5,67.61,62.5,62.5,160,1
14336,girlhike,Tier 3,Tier 4,Tier 4,48.77,144.42,163.0,266,1
14338,Trinity Boys Choir,Tier 3,Free,Free,,0.0,228.21,146,1
1434,DLD College,NIL,Nil,Nil,,0.0,0.0,0,1
14342,KateEP@UoBath,NIL,Nil,Nil,,0.0,0.0,0,1
14343,YAB Calderdale,Tier 2,Tier 5,Tier 5,95.42,1.37,1.37,60,2
14344,Early Years Scotland Renfrewshire,NIL,Nil,Nil,,0.0,0.0,1,1
14345,Limestone Pavements Partnership,NIL,Nil,Nil,,0.0,0.0,0,1
14349,Laughs with Luce,NIL,Nil,Nil,,0.0,16.0,0,1
1435,Lena Huda,NIL,Nil,Nil,,0.0,39.5,0,1
14351,Zoobidoo - The Zoo That Comes To You,Tier 2,Tier 5,Tier 5,69.51,45.51,58.84,121,2
14353,EHS Laurels Association,NIL,Nil,Nil,,0.0,0.0,0,1
14354,Red Rose Radio,NIL,Nil,Nil,,0.87,7.54,0,1
14356,Parish of the Holy Cross,Tier 4,Tier 3,Tier 3,23.35,542.67,558.96,989,2
14359,White Horse WI (Rushall),NIL,Nil,Nil,,0.0,6.0,0,1
1436,Chloe North,NIL,Nil,Nil,,0.0,60.75,0,2
14361,TWGGS,Tier 4,Free,Free,,0.0,0.0,609,2
14362,Real Health Collective CIC,Tier 2,Tier 5,Tier 5,79.92,26.63,26.63,27,2
14363,The Tiffin School Foundation,Tier 3,Tier 4,Tier 4,45.63,123.29,233.83,73,2
14368,Learn by play Norfolk,Tier 2,Tier 5,Tier 5,66.0,48.77,85.61,114,2
1437,scifilondon,NIL,Nil,Nil,,0.0,35.83,0,2
14371,Heather Collin - Sing & Sip,NIL,Nil,Nil,,0.0,2.67,0,1
1438,Surrey Activities,NIL,Nil,Nil,,0.13,19.96,0,3
14383,Leila Platt Events,Tier 2,Tier 5,Tier 5,90.75,6.0,19.13,72,2
14386,TMR Health Professionals and Training Ltd,High Value,Tier 2,Tier 3,11.31,1685.14,2058.6,322,2
1439,Marie Curie ICE Team,NIL,Nil,Nil,,0.0,0.0,0,1
14390,South Lakes Live,Tier 3,Tier 4,Tier 4,36.6,211.88,317.42,290,2
14392,Hamsterley Trailblazers,NIL,Nil,Nil,,0.0,0.0,0,1
14396,Dance Fever,NIL,Nil,Nil,,0.0,334.88,0,1
14397,MPTS,NIL,Nil,Nil,,0.0,31.67,0,1
14399,Keyz2Success,Tier 2,Tier 5,Tier 5,84.78,23.08,23.08,60,1
144,Manor House School,Tier 4,Tier 2,Tier 3,12.35,368.63,4091.32,1271,11
1440,Music Emporium,Tier 4,Tier 2,Tier 2,9.06,786.56,2287.06,1284,7
14401,Drumburn Ladies,Tier 3,Tier 4,Tier 4,47.41,135.04,152.38,160,2
14404,Discovery Trust,NIL,Nil,Nil,,0.0,0.0,0,1
14408,Emma @ Action,Tier 2,Free,Free,,0.0,0.0,100,1
14410,Delphine Grass,Tier 2,Free,Free,,0.0,0.0,41,1
14413,DC Thomson,NIL,Nil,Nil,,0.0,0.0,0,1
14416,Strathearn Prep,Tier 3,Tier 4,Tier 4,38.78,174.71,334.88,359,2
1442,RTWScouts,NIL,Nil,Nil,,0.0,3.79,0,1
14422,CinemaFor2,NIL,Nil,Nil,,0.0,0.0,6,1
14423,The Procurement Plug,Tier 2,Tier 5,Tier 5,81.76,27.78,28.73,113,1
14426,Moulton Fun Run,Tier 2,Tier 5,Tier 5,81.11,20.21,36.71,66,2
14427,Eddington Kendal CIC,Tier 2,Tier 5,Tier 5,60.72,74.75,80.08,114,2
14429,SammyLee,Tier 3,Tier 5,Tier 5,61.55,80.71,87.58,51,1
1443,FreeAgent,NIL,Nil,Nil,,0.0,0.0,0,1
14431,Kincaidston community  centre,NIL,Nil,Nil,,3.0,6.75,4,1
14435,Glossop North End AFC,Tier 1,Tier 5,Tier 5,64.19,17.29,865.65,26,1
1444,The Kindling Trust,NIL,Nil,Nil,,0.0,0.0,0,1
14443,Wholehearted Solutions,NIL,Nil,Nil,,0.0,11.92,0,1
14445,Worcestershire Family Hubs - Barnados,Tier 2,Free,Free,,0.0,0.0,117,2
14447,NVLSC Scrumdown Scooter Rally 25,Tier 2,Tier 5,Tier 5,81.32,22.92,46.04,40,1
1445,Eastwood Collieries' Male Voice Choir,Tier 3,Tier 5,Tier 5,55.75,50.58,174.92,147,5
14451,Mrs Sudworth,NIL,Nil,Nil,,0.0,0.0,0,1
14455,LV Fitness Studio,NIL,Nil,Nil,,0.0,9.0,0,1
1446,Dramarama,Tier 4,Tier 3,Tier 3,21.66,265.17,1025.96,589,7
14467,Phoebe Partridge,Tier 1,Tier 5,Tier 5,89.31,12.38,13.52,34,2
1447,Fluffy Moos,NIL,Nil,Nil,,0.0,0.0,0,1
14473,Bristol Photographic Society,Tier 2,Tier 5,Tier 5,74.99,29.92,79.75,55,1
14474,Sacred Heart & Holy Souls Church,Tier 3,Tier 5,Tier 5,53.61,109.33,138.96,225,1
14475,Arty Times,Tier 4,Tier 3,Tier 3,14.85,1026.96,1358.05,287,2
14476,Brede Primary School PTA,NIL,Nil,Nil,,0.0,12.67,0,1
14478,Fulneck School,NIL,Nil,Nil,,0.0,89.33,0,1
14479,Cast Theatre Company,Tier 4,Tier 4,Tier 4,33.57,256.09,360.09,476,2
14481,TAB-UK,NIL,Nil,Nil,,0.0,8.51,0,1
14482,Faith in Action Merton Homelessness Project,Tier 2,Tier 5,Tier 5,65.82,45.25,140.21,32,1
14483,Simon Langton Girls&#39; Grammar School,Tier 4,Free,Free,,0.0,0.0,770,1
14484,Juniper Hall,Tier 3,Tier 5,Tier 5,61.24,73.63,75.43,257,2
14485,Copythorne PTA,Tier 4,Tier 4,Tier 4,45.45,138.92,186.92,509,2
14487,Grace Thomas,Tier 1,Tier 5,Tier 5,95.07,5.0,13.0,15,1
14488,KH Events,NIL,Nil,Nil,,0.0,0.0,0,1
1449,Downlands Partnership open farm Sunday 9th of June,NIL,Nil,Nil,,0.0,0.0,0,1
14492,Charliees fundraiser,NIL,Nil,Nil,,0.0,40.08,0,1
14497,Comedy Night,NIL,Nil,Nil,,0.0,66.46,0,1
145,Bookwana,NIL,Nil,Nil,,0.0,6.17,0,7
14501,Sales Geek Manchester,NIL,Nil,Nil,,0.0,1.88,1,1
14502,Sales Geek North Wales,NIL,Nil,Nil,,0.0,0.62,0,1
14503,Sales Geek Essex,Tier 3,Tier 5,Tier 5,95.73,0.62,0.62,155,2
14505,The Friends of Willaston School Association,Tier 2,Tier 5,Tier 5,62.13,71.25,71.25,114,2
14507,Charity Rugby,Tier 3,Tier 4,Tier 4,46.91,130.71,246.63,284,1
1451,Reading Blue Coat School,NIL,Nil,Nil,,0.0,0.0,0,3
14512,Naomi Gay,Tier 1,Tier 5,Tier 5,91.0,10.37,20.92,12,1
14515,Construction Clubhouse,Tier 3,Tier 4,Tier 4,50.03,122.21,180.08,49,1
14517,Easy Street Theatre Company,NIL,Nil,Nil,,0.0,21.75,0,1
1452,Blyth Bobcats Cricket,NIL,Nil,Nil,,0.0,24.96,0,1
14521,Fleckney School Association,Tier 4,Tier 4,Tier 4,40.13,181.5,242.25,864,2
14523,Ryan at Sheffield City Council,NIL,Nil,Nil,,0.0,0.0,0,1
14524,Greswold Primary School,Tier 3,Tier 5,Tier 4,53.69,118.57,118.57,317,1
14525,SGS East Lothian,Tier 3,Tier 4,Tier 4,47.37,140.21,145.12,360,2
14526,Queen's Gate School,Tier 3,Tier 4,Tier 4,38.75,190.54,271.67,240,2
14527,IzzyEvents,NIL,Nil,Nil,,0.0,0.0,0,1
14528,Longnor School Circle,Tier 3,Tier 4,Tier 4,45.58,148.08,169.54,188,2
14529,Ogden Trust Stargazing,NIL,Nil,Nil,,0.0,0.0,0,1
1453,Scots College  Wellington,NIL,Nil,Nil,,0.0,18.22,0,1
14531,TGAAC,Tier 2,Tier 5,Tier 5,79.55,32.67,32.67,28,1
14532,Honey Hill Tearooms,NIL,Nil,Nil,,2.5,13.12,0,1
14536,Preston Historical Society,Tier 2,Tier 5,Tier 5,82.08,22.0,25.67,66,2
14537,Choir Events,Tier 4,Tier 3,Tier 3,24.85,496.06,498.18,520,2
14539,South London Careers Hub,Tier 1,Free,Free,,0.0,0.0,15,2
1454,United Learning Partnerships,Tier 4,Tier 4,Tier 4,42.52,132.71,236.63,1160,3
14543,West Park Centre,Tier 4,Tier 4,Tier 4,28.38,371.29,432.87,719,2
14546,Indigo Drum,Tier 2,Tier 5,Tier 5,63.73,50.62,108.75,81,2
14549,CMB SOLUTIONS TRAINING,NIL,Nil,Nil,,0.0,0.0,1,1
1455,Skills Shop Ltd,NIL,Nil,Nil,,0.0,6.25,0,1
14552,Totnes Dance Collective,Tier 2,Tier 5,Tier 5,61.28,63.04,105.33,100,2
14553,Woodbury School PTFA,Tier 3,Tier 5,Tier 5,55.18,89.26,165.53,186,1
14557,Amanda Callaghan,Tier 1,Free,Free,,0.0,0.0,10,1
1456,Highway Hill Ltd,NIL,Nil,Nil,,0.0,0.0,0,1
14560,Caversham Festival of Song,Tier 3,Tier 5,Tier 5,61.18,83.08,85.25,179,1
14568,St Roberts Catholic Club,Tier 2,Tier 5,Tier 5,72.51,37.68,54.01,63,2
1457,Reiki Wellness Centre,NIL,Nil,Nil,,0.0,1.88,0,1
14572,Ikusa Ryu Karate,Tier 1,Tier 5,Tier 5,83.53,19.17,41.25,20,1
14574,King’s Lodge Friends,Tier 4,Tier 4,Tier 4,42.98,166.71,193.46,614,2
1459,Lancing Football Club,NIL,Nil,Nil,,0.0,531.25,0,5
14592,Windmill Missional Community,Tier 3,Tier 5,Tier 5,53.52,91.21,140.82,194,2
14595,Alice Hobday,Tier 3,Tier 5,Tier 5,66.02,52.82,106.75,279,1
14597,Lancaster City Council Housing Standards,Tier 2,Free,Free,,0.0,0.0,70,2
14599,Thompsons Solicitors,NIL,Nil,Nil,,0.0,53.29,0,1
146,Grand Day Out,NIL,Nil,Nil,,0.0,77.04,0,1
14601,Camden Music,Tier 4,Tier 3,Tier 3,20.23,690.97,768.51,1621,2
14604,Luke Milligan,Tier 1,Free,Free,,0.0,0.0,34,1
14609,Punsholt Reels,Tier 1,Tier 5,Tier 5,78.18,23.96,69.0,25,1
14611,JBLtd,Tier 4,Tier 4,Tier 4,29.32,374.75,374.75,76,2
14617,N Moulden,Tier 1,Tier 5,Tier 5,96.29,4.53,7.3,10,1
14618,Friends of TVA Events,NIL,Nil,Nil,,0.0,10.0,0,1
1462,Marie Curie Newcastle,NIL,Nil,Nil,,0.0,0.33,0,1
14621,Tweedie13Fundraising,Tier 2,Tier 5,Tier 5,76.25,30.57,42.44,59,2
14622,St Teresa&#39;s Prep School,Tier 4,Free,Free,,0.0,0.0,924,2
14628,Holmewood House,NIL,Nil,Nil,,0.0,0.0,0,1
1463,Account Deleted,NIL,Nil,Nil,,0.0,349.26,0,2
14633,Kate Wheatley,Tier 2,Tier 5,Tier 5,71.52,43.18,46.85,32,2
14634,Arbroath Rotary Club,Tier 2,Tier 5,Tier 5,86.13,16.92,16.92,80,2
14635,AVON AND TRIBUTARIES ANGLING ASSOCIATION,Tier 1,Free,Free,,0.0,0.0,10,1
14636,Renes Fashion,Tier 3,Tier 5,Tier 5,55.59,96.96,96.96,64,2
14637,Glasgow Friends of Israel,Tier 3,Tier 4,Tier 4,50.55,117.52,180.82,220,1
14638,Paediatric Occupational Therapy,Tier 3,Free,Free,,0.0,0.0,203,2
14639,Habs Elstree Conferences,NIL,Nil,Nil,,0.0,4.0,0,1
14640,Cumbria Clothing Collective,NIL,Nil,Nil,,1.33,4.33,3,1
14641,Stratford-upon-Avon Symphony Orchestra,Tier 3,Tier 4,Tier 4,42.17,181.46,181.46,244,2
14646,Girlguiding Scotland,Tier 3,Free,Free,,0.0,0.0,173,1
14647,Happy Mount Park Cafe,Tier 3,Tier 5,Tier 5,55.68,84.42,120.75,102,2
14648,Gresham Village Hall,Tier 2,Tier 5,Tier 5,70.35,41.05,64.06,100,2
1465,RJW Charity Coach Trips,NIL,Nil,Nil,,0.0,1.75,0,1
14650,Academic Primary Care Education Team,Tier 2,Free,Free,,0.0,0.0,54,1
14651,Ysgol Maes Garmon,NIL,Nil,Nil,,0.0,0.0,0,1
14654,Noha Sedky,Tier 2,Tier 5,Tier 5,82.43,22.83,22.83,39,2
14655,Leanne’s Lambs,Tier 4,Tier 4,Tier 4,27.97,328.87,545.25,438,2
14656,Helen Crook,Tier 2,Tier 5,Tier 5,60.4,54.04,216.71,24,1
14660,Friends of Ludgvan School,Tier 4,Tier 4,Tier 4,44.87,153.7,174.03,573,2
14665,My Culture Club,NIL,Nil,Nil,,0.0,26.58,0,1
14678,SPS&SPGS Leavers' Ball '25,Tier 3,Tier 4,Tier 4,45.31,112.0,442.75,64,1
14679,MREvents,NIL,Nil,Nil,,2.0,19.96,2,1
14681,paul wilkinson,Tier 1,Tier 5,Tier 5,92.78,7.23,7.23,12,2
14683,Cultura HR Limited,NIL,Nil,Nil,,0.0,0.0,9,1
14686,WCC,Tier 3,Tier 4,Tier 4,42.76,162.33,208.33,287,2
1469,Account Deleted,NIL,Nil,Nil,,0.0,0.0,0,1
14694,FOLSS - Leonard Stanley School,Tier 4,Tier 3,Tier 3,23.74,500.25,591.25,287,2
14695,OSG Colchester - SLT,Tier 3,Free,Free,,0.0,0.0,275,1
14699,Greenwich leisure limited,Tier 4,Free,Free,,0.0,0.0,700,2
1470,BNI Furness,NIL,Nil,Nil,,0.0,1.25,0,1
14702,Ashburnham Village Hall Revival Group,Tier 2,Tier 5,Tier 5,71.87,43.29,44.54,79,2
14703,Signature Creative Studio,NIL,Nil,Nil,,0.0,3.5,0,1
14705,Friends of Great Walstead Association,Tier 4,Tier 4,Tier 4,31.75,300.21,354.21,734,2
14706,St Peter&#39;s Tots  Carlisle,Tier 4,Free,Free,,0.0,0.0,599,2
14713,The Plot Events,NIL,Nil,Nil,,0.0,0.0,0,1
14714,Kick Up Your Heels!,High Value,Tier 3,Tier 3,14.77,1102.86,1233.11,466,2
14715,Sherborne Schools Group,Tier 4,Tier 3,Tier 3,26.73,395.0,501.88,667,2
14721,Moorlands and Rural PCN,Tier 2,Free,Free,,0.0,0.0,58,2
14724,QS Car Club,High Value,Tier 3,Tier 3,18.16,808.58,935.92,2407,2
14725,Daisy and Stars charity ball,Tier 1,Tier 5,Tier 5,81.72,23.61,40.78,11,1
1473,Account Deleted,NIL,Nil,Nil,,0.0,0.0,0,1
14732,St. Francis&#39; College,Tier 3,Free,Free,,0.0,0.0,185,1
14733,Kinship Activities,Tier 3,Free,Free,,0.0,0.0,339,1
14734,Littlella&#39;s childcare,NIL,Nil,Nil,,0.0,0.0,0,1
14738,Royal Caledonian Horticultural Society,Tier 3,Tier 4,Tier 4,49.49,127.79,127.79,348,2
14739,Leavers Ball 2025,NIL,Nil,Nil,,0.0,5.75,3,1
1474,Christleton High School Association,NIL,Nil,Nil,,0.0,154.27,0,1
14740,Cook with Owen,NIL,Nil,Nil,,0.0,98.42,0,1
14742,SI Swallows,Tier 3,Tier 4,Tier 4,44.52,160.83,170.41,254,2
14743,Hawkshead Agricultural Show Entries,Tier 4,Tier 5,Tier 4,51.67,115.76,115.76,602,2
14744,High Clandon Estate Vineyard,Tier 4,Tier 4,Tier 4,35.14,251.79,287.96,345,2
14753,Bloodthread,NIL,Nil,Nil,,0.0,16.79,0,1
14758,Prom 2025,Tier 3,Tier 4,Tier 4,40.77,192.13,292.12,96,1
14763,Legacy Vision Entertainment,Tier 3,Tier 5,Tier 5,59.92,82.63,103.96,94,1
14766,OLCC Lancaster,Tier 3,Tier 5,Tier 5,62.52,74.07,89.98,266,1
14767,Bestwood Male Voice Choir,Tier 2,Tier 5,Tier 5,78.4,23.08,48.0,43,2
14768,Reeds School Christmas Fair,Tier 3,Tier 4,Tier 4,46.06,126.58,202.83,46,2
1477,Wokingham Lions,Tier 4,Tier 4,Tier 4,28.38,151.99,1057.92,306,7
14773,langfieldfarm,Tier 2,Free,Free,,0.0,0.0,81,1
14776,Falmouth Uncovered,NIL,Nil,Nil,,0.0,12.58,0,1
14779,Saltburn House,Tier 1,Tier 5,Tier 5,96.07,5.96,5.96,11,1
14781,Bratton At War,Tier 3,Tier 4,Tier 4,37.85,210.24,263.37,327,2
14783,Celf Caerleon Arts Festival,Tier 4,Tier 4,Tier 4,27.25,421.13,421.13,505,2
14787,Fairfield Community Farm,Tier 3,Tier 5,Tier 5,52.65,109.34,159.01,384,1
14788,Shrewsbury Pals,NIL,Nil,Nil,,0.0,43.17,0,1
14790,Sir Richard Sutton Ltd,Tier 4,Free,Free,,0.0,0.0,1268,2
14791,Seven Stars Primary School &amp; Nursery,Tier 3,Free,Free,,0.0,0.0,308,2
14793,Diana,Tier 2,Free,Free,,0.0,0.0,106,1
14794,BaccyJ &amp; Folio Productions,Tier 4,Tier 3,Tier 3,26.66,433.13,447.63,815,2
14795,St Teresa&#39;s Careers Department,Tier 2,Free,Free,,0.0,0.0,91,2
14796,Groundswell,Tier 1,Free,Free,,0.0,0.0,35,1
14798,Beacon of Light,NIL,Nil,Nil,,1.05,3.15,7,1
14799,The Pit Ulverston,Tier 3,Tier 5,Tier 5,52.62,96.19,143.27,188,2
148,Gresham's School OG Club,Tier 4,Tier 3,Tier 3,15.15,321.54,2459.93,336,11
1480,Marie Curie South East OLD,NIL,Nil,Nil,,0.0,42.08,0,2
14801,Andre M Sialefuka,Tier 3,Tier 4,Tier 4,46.05,161.33,187.54,142,1
14810,Francine Evans,NIL,Nil,Nil,,0.0,7.67,0,1
14811,Torchlight Wellbeing,Tier 1,Tier 5,Tier 5,90.85,9.5,12.87,31,2
14812,Friends of East Wittering Primary School,Tier 2,Tier 5,Tier 5,80.63,30.34,30.34,85,1
14813,Lauren Jane Coaching,Tier 2,Tier 5,Tier 5,74.63,40.92,48.17,24,1
14814,Carlisle and Border Tourism Group,Tier 1,Free,Free,,0.0,0.0,20,1
14819,Little Miss Fox,NIL,Nil,Nil,,0.0,4.87,0,1
14820,Bitterne Spiritualist Church,Tier 3,Tier 5,Tier 5,59.61,80.46,81.62,89,2
14823,Leander SC London,Tier 2,Tier 5,Tier 5,68.91,44.79,97.08,95,1
14826,Tabor Rocks Events,Tier 1,Tier 5,Tier 5,91.58,10.33,18.0,31,1
14828,Hayley’s MODS workshops and networking,NIL,Nil,Nil,,0.0,2.83,0,1
1483,Lancaster Jazz Festival,Tier 3,Tier 5,Tier 5,53.84,41.71,311.76,97,6
14830,Selfcare With LJ,NIL,Nil,Nil,,6.83,21.63,8,1
14835,Goring Residents Association,NIL,Nil,Nil,,0.0,0.0,0,1
14836,Ashburnham English Song Awards,Tier 1,Tier 5,Tier 5,87.08,19.25,19.25,22,1
14837,NCT,NIL,Nil,Nil,,0.0,0.0,0,1
1484,Scottish Council of Jewish Communities,Tier 3,Tier 5,Tier 5,52.86,31.25,579.28,10,7
14840,The Hayling College,Tier 4,Tier 4,Tier 4,42.16,207.08,207.42,780,1
14841,124th Derby (Mickleover) Scout Group,Tier 2,Tier 5,Tier 5,78.25,34.51,36.26,106,1
14842,CHIME Consultancy,NIL,Nil,Nil,,5.62,5.62,9,1
14845,D & C Lowe & Sons Ltd,Tier 3,Tier 5,Tier 5,70.42,43.17,82.79,309,1
14848,Trianon Music Group,Tier 2,Tier 5,Tier 5,71.96,42.42,45.67,70,2
14849,Tycroes Rugby,Tier 2,Tier 5,Tier 5,72.33,40.29,71.04,64,1
1485,POPLARS FARM OFS 2019,NIL,Nil,Nil,,0.0,0.0,0,1
14851,Wildboar Centurions Cricket Club,NIL,Nil,Nil,,0.0,0.75,0,1
14855,Anneliese TryBooking,NIL,Nil,Nil,,0.0,0.0,1,1
14856,Llwynderw Woodland Limited,Tier 2,Free,Free,,0.0,0.0,70,1
14857,FOEC,Tier 3,Free,Free,,0.0,0.0,141,1
14858,Forza Sports Marketing Ltd,Tier 1,Tier 5,Tier 5,90.47,14.62,14.62,26,1
14859,Shivani Patel,Tier 3,Tier 4,Tier 4,34.44,207.5,712.58,110,1
1486,Endcliffe Orchestra,Tier 4,Tier 3,Tier 3,22.55,254.17,878.1,730,8
14860,Eastbourne Salsa,Tier 1,Tier 5,Tier 5,91.68,13.0,13.0,24,1
14867,Amy Purdie,NIL,Nil,Nil,,0.0,0.0,5,1
14871,Gemma Downton,Tier 2,Tier 5,Tier 5,74.22,38.46,59.04,71,1
14877,Otley Cycle Club,Tier 1,Tier 5,Tier 5,84.93,18.71,19.04,22,2
14878,Emily Robson-Ramsay,Tier 3,Tier 5,Tier 5,53.61,92.63,187.13,108,1
1488,Account Deleted,NIL,Nil,Nil,,0.0,0.0,0,1
14884,St Bartholomew wsa,Tier 3,Tier 4,Tier 4,49.92,124.88,124.88,299,2
14890,Cambridge and District MG Owners Club,Tier 1,Free,Free,,0.0,0.0,19,1
14894,Drama Academy,Tier 1,Tier 5,Tier 5,91.89,10.83,16.25,20,1
14898,Historic England Carbon Training,Tier 4,Tier 5,Tier 5,67.86,54.29,54.29,496,2
149,Carer Support South Lakes,Tier 3,Tier 5,Tier 5,59.52,5.17,1215.71,13,9
1490,South Battisborough Farm & Surfing Cow Ice Cream,NIL,Nil,Nil,,0.0,271.66,0,3
14901,Mina Djohan Spender SPGS VII,Tier 2,Tier 5,Tier 5,71.17,51.33,51.33,44,1
14904,Eren &amp; Vas,NIL,Nil,Nil,,0.0,0.54,0,1
14906,Coquetdale Jazz,Tier 2,Tier 5,Tier 5,66.28,57.75,60.67,99,2
14908,Wick-edly Creative Ltd,Tier 4,Tier 4,Tier 4,27.18,424.08,424.08,348,2
14909,FRW Farrington &amp; Son,Tier 2,Free,Free,,0.0,0.0,56,1
14910,Ulverston Boogie Nights,Tier 2,Tier 5,Tier 5,87.21,15.42,16.42,40,2
14913,North Stevenston Community Association,NIL,Nil,Nil,,0.0,0.0,0,1
14914,Ysgol Wepre PTA,Tier 3,Tier 5,Tier 5,71.09,41.25,56.33,199,2
14915,Rix Farms,Tier 4,Free,Free,,0.0,0.0,857,1
14917,Sustain Farm Shop,Tier 4,Free,Free,,0.0,0.0,685,1
14919,MSC,NIL,Nil,Nil,,0.0,2.5,0,1
14920,Sheffield Fostering Service,Tier 2,Free,Free,,0.0,0.0,58,1
14921,Belsay Hall Croquet Club,Tier 3,Free,Free,,0.0,0.0,364,2
14924,Friends of Lancaster City Museum,Tier 2,Tier 5,Tier 5,93.7,9.83,9.83,48,1
14925,Sarah E Pickles,Tier 3,Tier 4,Tier 4,44.86,177.96,183.63,168,1
14930,Hawkshead Agricultural Show Entry Tickets,Tier 4,Tier 4,Tier 3,28.42,462.68,462.68,811,1
14931,Aysgarth School,Tier 2,Free,Free,,0.0,0.0,75,1
14933,Mindset,Tier 2,Tier 5,Tier 5,64.03,73.46,73.46,41,1
14937,St Luke’s Park Primary PTFA,Tier 4,Tier 4,Tier 4,45.75,154.54,154.54,509,2
14938,Miranda Ellis,Tier 1,Free,Free,,0.0,0.0,12,1
1494,Protospiel Nottingham,NIL,Nil,Nil,,0.0,64.55,0,2
14942,Girlguiding Milngavie &amp; Castlehill,NIL,Nil,Nil,,0.0,0.0,0,1
14943,Elliot James Bransby Memorial Shield,Tier 4,Tier 5,Tier 5,54.88,111.89,111.89,738,1
14944,Joseph Pratt,NIL,Nil,Nil,,0.0,46.23,0,1
14947,Zoe Cartlidge Priory School,Tier 3,Tier 5,Tier 5,62.52,70.0,70.0,379,2
1495,Poole Grammar School,NIL,Nil,Nil,,0.0,0.0,0,1
14953,Hoveton Village Hall,Tier 3,Tier 4,Tier 4,48.31,124.75,155.62,264,2
14954,Platinum Facilities and Maintenance Services Ltd,Tier 1,Free,Free,,0.0,0.0,13,1
14955,Buswellsptfa,NIL,Nil,Nil,,0.0,7.29,0,1
14959,Alameda Middle School,Tier 4,Tier 4,Tier 3,27.77,407.08,407.08,1349,2
1496,Sevenoaks School Foundation,NIL,Nil,Nil,,0.0,1.46,0,1
14961,ABC Derby,Tier 3,Tier 5,Tier 5,65.14,54.83,79.79,138,2
14966,Kingscote Vineyard,Tier 4,Tier 4,Tier 4,33.43,271.0,341.29,226,2
14968,St Benedict&#39;s Summer Club,Tier 2,Tier 5,Tier 5,60.82,75.54,75.54,91,2
1497,Stocks Farm Open Farm Sunday,NIL,Nil,Nil,,0.0,0.0,0,1
14971,Flourish St Andrew&#39;s,NIL,Nil,Nil,,0.0,0.0,0,1
14972,Rayne PSA,Tier 3,Tier 5,Tier 5,61.74,81.6,81.6,137,1
14978,Matt Spiller,Tier 2,Tier 5,Tier 5,84.77,22.5,24.0,90,1
14979,Stone Choral Society,Tier 2,Tier 5,Tier 5,71.86,49.0,51.25,94,1
1498,RC Baker Ltd,Tier 3,Tier 5,Tier 5,51.02,73.83,154.75,186,6
14983,colinreamusic,Tier 2,Tier 5,Tier 5,88.12,16.25,22.62,44,1
14987,R&amp;D Team,NIL,Nil,Nil,,0.0,0.0,0,1
14988,Try Booking Test,NIL,Nil,Nil,,0.0,0.0,0,1
14989,Samuel&#39;s Books,NIL,Nil,Nil,,0.0,0.0,0,1
14990,Wiltshire College Music,Tier 2,Tier 5,Tier 5,91.19,12.44,16.35,54,1
14991,Silviculture Academy CIC,NIL,Nil,Nil,,46.5,46.5,9,1
14996,Price Club,NIL,Nil,Nil,,0.0,2.58,0,1
14997,Helen Jenkins personal,NIL,Nil,Nil,,0.0,0.0,2,1
14998,Entrust Outdoors,Tier 4,Tier 3,Tier 3,15.62,1080.36,1080.36,661,2
14999,Christian Aid,Tier 1,Tier 5,Tier 5,93.15,10.08,11.71,20,1
15,Helen Barker,NIL,Nil,Nil,,0.0,18.75,0,1
150,Cumbria Chamber of Commerce,NIL,Nil,Nil,,0.0,17358.5,0,10
15000,Dorothy Coleborn School of Dancing,Tier 4,Tier 3,Tier 3,16.31,915.67,1130.17,1479,2
15001,In Good Company,NIL,Nil,Nil,,0.0,0.0,0,1
15005,NLR,NIL,Nil,Nil,,0.0,0.0,0,1
15013,PP Broad,Tier 4,Free,Free,,0.0,0.0,950,2
15016,Kimon Parry,Tier 1,Tier 5,Tier 5,90.45,11.17,22.21,16,1
15017,NW Brick Community CIC,NIL,Nil,Nil,,0.0,0.0,8,1
15019,Tech District Cumbria,Tier 3,Free,Free,,0.0,0.0,157,2
15020,Global Hope Pageants and Awards,Tier 2,Tier 5,Tier 5,77.72,31.17,31.17,56,2
15026,Finley&#39;s Farm and Friends,NIL,Nil,Nil,,0.54,0.54,1,1
15027,NETAC,Tier 4,Tier 4,Tier 4,36.28,248.96,248.96,86,2
15029,Employability Services,NIL,Nil,Nil,,0.0,0.0,0,1
1503,James Allens Girls School,Tier 4,Tier 2,Tier 3,11.48,496.21,2615.34,1711,8
15030,Craig Jordan-Baker,Tier 2,Tier 5,Tier 5,82.8,25.87,25.87,27,1
15031,PromLHs,Tier 3,Tier 4,Tier 4,41.76,206.25,223.23,97,1
15035,Lancashire &amp; South Cumbria ICB,Tier 2,Free,Free,,0.0,0.0,50,1
15036,Huntapac Produce Ltd Woodside Farm,Tier 2,Free,Free,,0.0,0.0,69,1
15037,EJB Raffles,Tier 3,Tier 5,Tier 5,63.18,76.83,76.83,165,1
15038,St Andrew's Preservation Trust,Tier 4,Tier 4,Tier 4,28.03,401.19,403.19,938,2
1504,Monkton Combe School,High Value,Tier 2,Tier 2,10.43,613.72,2480.99,3182,7
15042,Michelmersh Manor Farm,Tier 2,Free,Free,,0.0,0.0,53,1
15043,RPM,NIL,Nil,Nil,,0.33,23.21,2,1
15045,Ukraine Spring Concert,Tier 2,Tier 5,Tier 5,79.11,32.33,35.33,81,1
15047,Bethel District 5,Tier 2,Tier 5,Tier 5,78.19,34.79,35.87,64,1
15049,Raw Feeding Veterinary Society,Tier 3,Tier 4,Tier 4,45.17,177.0,177.0,35,1
1505,Alison Atkinson Trading as Purple Bird Dance and Movement,NIL,Nil,Nil,,0.0,0.0,0,1
15050,Den-Tech Charity,NIL,Nil,Nil,,16.0,42.08,8,1
15052,JDF Performing Arts College,Tier 2,Tier 5,Tier 5,63.29,72.67,85.33,109,1
15053,Morecambe Bay Curriculum,Tier 1,Free,Free,,0.0,0.0,13,1
15055,Sameer nagaonkar,Tier 1,Free,Free,,0.0,0.0,36,1
15057,EAGA Gospel Choir,Tier 3,Tier 4,Tier 4,47.93,136.03,139.03,199,2
15058,Haslingfield Little Owls Preschool,Tier 3,Tier 5,Tier 5,79.24,33.12,33.12,155,1
15060,With The Ball,Tier 4,Tier 4,Tier 4,38.32,254.38,254.38,408,1
15061,IOW Rare Breeds CIC,Tier 4,Tier 3,Tier 3,19.19,787.54,787.54,2067,2
15063,Nightline Association,Tier 2,Tier 5,Tier 5,69.12,53.92,66.83,53,1
15068,BrightonSoup,Tier 4,Tier 4,Tier 4,44.32,165.08,165.21,520,2
1507,Oversley Hill Farm,NIL,Nil,Nil,,0.0,4.12,0,1
15070,DSAT,NIL,Nil,Nil,,0.0,0.0,0,1
15076,HomeGrown,Tier 3,Tier 4,Tier 4,46.31,166.79,174.38,298,1
1508,Hampton Estate Farms,Tier 3,Tier 3,Tier 4,24.42,235.75,804.17,150,7
15080,Art Deco Orchestra,Tier 2,Tier 5,Tier 5,78.81,34.13,34.13,42,1
15087,Italia at Home,Tier 2,Tier 5,Tier 5,65.84,65.33,72.25,13,1
15091,Beccles Town Festival,Tier 3,Tier 5,Tier 5,59.52,90.46,90.46,349,1
15093,Edgar and Son,Tier 4,Tier 4,Tier 4,29.64,366.74,366.74,990,2
15094,Allegri Singers,Tier 3,Tier 5,Tier 5,58.08,85.62,85.62,115,2
15098,SJH Therapies,NIL,Nil,Nil,,1.0,1.0,1,1
151,Bowness Bay Blues,NIL,Nil,Nil,,0.0,3132.58,0,10
15107,PAST,Tier 3,Tier 4,Tier 4,37.69,232.83,232.83,154,2
15109,Cumbria Yoga Foundation,Tier 4,Tier 4,Tier 4,34.26,276.46,279.58,658,2
15111,Spilsby Show Ltd,Tier 4,Tier 4,Tier 4,40.61,226.96,227.33,472,1
15112,Sound HER Out,Tier 1,Tier 5,Tier 5,96.65,4.67,4.67,14,1
15114,Friends of Thornford School,Tier 1,Free,Free,,0.0,0.0,19,1
15119,Francis Mizuro,Tier 2,Tier 5,Tier 5,78.69,34.28,34.28,53,1
15122,Halton Gardening Group,Tier 1,Tier 5,Tier 5,94.45,8.67,8.67,26,1
15124,E Co institute,NIL,Nil,Nil,,0.0,0.0,0,1
15126,Strawberry Hill Community Choir,Tier 3,Tier 4,Tier 4,49.3,147.42,147.42,226,1
15127,Wild Horses Collective,Tier 2,Tier 5,Tier 5,79.24,28.08,28.08,32,2
15128,Antenatal Education by the Infant Feeding Team,Tier 4,Free,Free,,0.0,0.0,516,2
15129,The Resilience Gathering,Tier 3,Tier 5,Tier 5,62.94,68.92,68.92,133,2
1513,Newark & Sherwood Concert Band,Tier 3,Tier 5,Tier 5,69.31,6.46,251.35,134,6
15132,Drama Workshop,Tier 2,Tier 5,Tier 5,72.6,41.96,41.96,85,2
15133,Kirkton Farm,Tier 4,Free,Free,,0.0,0.0,1401,1
15134,Georgia Owen,Tier 2,Free,Free,,0.0,0.0,115,2
15135,Louder For Life Fest,Tier 4,Tier 4,Tier 4,41.18,219.75,219.75,615,1
1514,Videalert Ltd,NIL,Nil,Nil,,0.0,0.0,0,1
15142,Niall Dayus,NIL,Nil,Nil,,0.0,0.0,4,1
15143,Friends of the Calvert Trust (Lake District),Tier 3,Tier 4,Tier 4,50.21,139.57,139.57,102,1
15144,Go-Forward Youth,Tier 1,Free,Free,,0.0,0.0,14,1
15147,Frodsham and Helsby Rotary,Tier 3,Tier 5,Tier 5,90.75,10.3,10.3,314,2
15148,Cherwell Choral Society,Tier 1,Tier 5,Tier 5,88.96,16.63,16.63,19,1
1515,SJB PTA,NIL,Nil,Nil,,0.0,381.73,0,4
15150,Be That Woman,NIL,Nil,Nil,,12.0,12.0,7,2
15151,Ukrainian hearts,Tier 1,Tier 5,Tier 5,90.15,15.21,15.21,25,1
15158,Voice Work,NIL,Nil,Nil,,3.88,3.88,1,1
15161,SECAmb,Tier 4,Tier 4,Tier 4,40.05,202.39,202.39,1282,2
15162,Leysa Noble,Tier 3,Tier 4,Tier 4,43.52,191.67,191.67,201,1
15167,Kimcote Church,Tier 1,Tier 5,Tier 5,91.68,13.0,13.0,17,1
15168,Gen McMahon,Tier 2,Tier 5,Tier 5,80.14,26.13,26.13,53,2
1517,Old Farm,Tier 3,Free,Free,,0.0,0.0,131,4
15172,Ml&amp;Ri Loder,Tier 3,Free,Free,,0.0,0.0,376,1
15175,Sheffield Clarinet Ensemble,Tier 1,Tier 5,Tier 5,94.39,8.71,8.71,15,1
15176,StMichaelsGrammar,Tier 4,Tier 4,Tier 4,30.38,348.49,348.49,561,2
15183,Enia Sa,Tier 2,Tier 5,Tier 5,83.03,25.47,25.47,41,1
1519,Holmewood House Holiday Courses,High Value,Tier 1,Tier 2,3.33,1495.0,5781.25,2599,8
15195,Melanie Philip - Movement Medicine,Tier 2,Tier 5,Tier 5,75.25,41.67,41.67,21,1
15196,Quy Hall Estate,Tier 2,Free,Free,,0.0,0.0,80,1
152,sdd events,NIL,Nil,Nil,,0.0,105.54,0,1
1520,Orleton Court Open farm Sunday,NIL,Nil,Nil,,0.0,0.0,0,1
15200,Kirkbymoorside Town Brass Band,Tier 4,Tier 4,Tier 4,34.34,276.37,276.37,882,2
15201,Andrea Saavedra,Tier 1,Tier 5,Tier 5,84.49,23.54,23.54,20,1
15202,Paediatric,Tier 3,Free,Free,,0.0,0.0,197,2
15203,VMC,Tier 2,Free,Free,,0.0,0.0,59,1
15204,Year 6 Leaving Party,Tier 2,Tier 5,Tier 5,67.94,61.83,61.83,122,1
15205,Killa Carbs,Tier 2,Tier 5,Tier 5,70.69,53.2,53.2,50,1
15206,SY Test,NIL,Nil,Nil,,0.0,0.0,1,1
15208,Scottish Jewish Heritage Centre,Tier 1,Free,Free,,0.0,0.0,20,1
15213,Parent Support Link,Tier 1,Tier 5,Tier 5,94.67,8.17,8.17,14,1
15217,Friends of Dr Radcliffe’s,Tier 3,Tier 4,Tier 4,50.65,121.11,121.11,296,2
15219,The Girls Spot,Tier 3,Tier 5,Tier 5,59.56,90.08,90.08,94,1
15220,The Fundraisers Forum,Tier 4,Tier 5,Tier 5,70.99,45.75,45.75,693,2
15222,The Park at Kendal FC,Tier 3,Tier 5,Tier 5,58.58,83.67,83.67,148,2
15223,Creative Calm,Tier 1,Tier 5,Tier 5,84.43,19.38,19.38,37,2
15224,Sewa Day,Tier 3,Tier 4,Tier 4,47.44,161.0,161.0,59,1
15229,St John&#39;s PCC,Tier 1,Tier 5,Tier 5,84.12,19.83,19.83,37,2
1523,Account Deleted,NIL,Nil,Nil,,0.0,158.21,0,1
15232,Ekopia,Tier 2,Tier 5,Tier 5,64.09,73.38,73.38,70,1
15233,The Lunar Swing,Tier 3,Tier 5,Tier 5,56.33,105.63,105.63,118,1
15235,Chris Sheppard,Tier 1,Free,Free,,0.0,0.0,32,1
15237,Off the Scale UK,NIL,Nil,Nil,,0.75,0.75,1,1
15238,MEDIC PPIE,Tier 3,Free,Free,,0.0,0.0,160,1
1524,Crooklands OFS,NIL,Nil,Nil,,0.0,1.33,0,1
15241,41st Ormskirk (1st Halsall) Scouts,NIL,Nil,Nil,,12.0,12.0,6,1
15242,Lancing with Coombes PCC,Tier 1,Tier 5,Tier 5,90.72,14.25,14.25,19,1
15244,Hithertones CIC,Tier 3,Tier 5,Tier 5,57.79,86.96,86.96,95,2
15246,Jola Sings,Tier 2,Tier 5,Tier 5,75.8,34.79,34.79,72,2
15248,Fubhub Leigh,Tier 3,Tier 5,Tier 5,56.12,94.0,94.0,262,2
15249,Shawlands Academy,Tier 3,Tier 5,Tier 5,62.5,79.67,79.67,400,1
1525,Gregson Festival Group,NIL,Nil,Nil,,0.0,17.54,0,2
15250,Kidderminster Male Choir CIO,Tier 1,Tier 5,Tier 5,93.3,6.21,6.21,11,2
15251,Worcestershire Family Hubs - Action for Children,Tier 4,Free,Free,,0.0,0.0,639,2
15252,Worcestershire Family Hubs - Redditch &amp; Bromsgrove,Tier 2,Free,Free,,0.0,0.0,93,2
15254,Furness Building Society,Tier 3,Tier 4,Tier 4,42.44,204.74,204.74,56,1
15255,Sandy Secondary School,Tier 3,Free,Free,,0.0,0.0,136,2
15258,NSPCC,NIL,Nil,Nil,,0.0,0.0,9,1
15259,RHSA Events,Tier 3,Tier 5,Tier 5,54.81,112.42,112.42,69,1
1526,Year 6 Disco,NIL,Nil,Nil,,0.0,126.67,0,1
15266,Simone Olagoke,Tier 3,Tier 5,Tier 5,96.13,5.88,5.88,234,1
15268,H2 Photographic Society,Tier 1,Tier 5,Tier 5,95.2,7.33,7.33,22,1
15270,Wirral Filling Station,Tier 2,Free,Free,,0.0,0.0,70,1
15272,Bexley Village Nutrition,NIL,Nil,Nil,,0.0,0.0,1,1
15276,4 Queens,Tier 2,Tier 5,Tier 5,97.5,3.08,3.08,55,1
15277,Mrs Sarah A Liddell,Tier 1,Tier 5,Tier 5,82.38,22.92,22.92,33,2
15278,OLCC Year 5 taster day,Tier 2,Free,Free,,0.0,0.0,114,1
15280,St Paul&#39;s Juniors,Tier 4,Free,Free,,0.0,0.0,458,1
15281,Centre for Dementia Studies,Tier 2,Free,Free,,0.0,0.0,62,1
15288,Debbie Rimmer,NIL,Nil,Nil,,2.71,2.71,5,1
15291,The Hive Crafts,NIL,Nil,Nil,,1.21,1.21,2,1
15292,The Hive Events,Tier 4,Tier 4,Tier 4,36.03,290.59,290.59,536,1
15294,DollarDramaDep,Tier 3,Free,Free,,0.0,0.0,334,1
15295,TruGrit,Tier 3,Tier 5,Tier 5,55.49,97.58,97.58,202,2
15296,North Notts Chamber Choir,NIL,Nil,Nil,,4.87,4.87,9,1
15299,Lane End Farm,Tier 3,Tier 5,Tier 5,81.47,28.67,28.67,357,1
153,Bradford Dragons Basketball Club,NIL,Nil,Nil,,0.0,498.86,0,9
15301,Holme Grange School,Tier 3,Tier 5,Tier 5,61.22,83.53,83.53,315,1
15302,New Leaf Learning,Tier 3,Tier 4,Tier 4,44.83,161.21,161.21,71,2
15303,Catherine Bewick,Tier 2,Free,Free,,0.0,0.0,64,1
15305,steven hurst,Tier 3,Tier 5,Tier 5,69.62,56.5,56.5,144,1
15306,St Bede&#39;s Family Association,NIL,Nil,Nil,,0.0,0.0,5,1
15307,OC Society Events,Tier 4,Tier 3,Tier 3,16.51,1012.77,1012.77,1296,2
1531,Global Link,NIL,Nil,Nil,,0.0,0.0,0,2
15311,Broomwood prep girls,Tier 3,Tier 4,Tier 4,47.13,162.96,162.96,405,1
15312,Wendy Smith,Tier 1,Tier 5,Tier 5,94.67,8.17,8.17,21,1
15313,BHS Basingstoke,Tier 2,Tier 5,Tier 5,76.66,38.96,38.96,117,1
15314,Gwastad Bach,NIL,Nil,Nil,,4.38,4.38,7,1
15317,Friends of the Cathedral of the Forest,Tier 2,Tier 5,Tier 5,63.4,75.47,75.47,85,1
15318,Friends of Hutton Cranswick School,Tier 3,Tier 4,Tier 4,49.93,142.0,142.0,293,1
1532,Women on Fire,NIL,Nil,Nil,,0.0,6.92,0,1
15322,Ashman,Tier 2,Tier 5,Tier 5,82.3,26.88,26.88,69,1
15324,Kingston and Elmbridge Sub Aqua Club,Tier 2,Free,Free,,0.0,0.0,58,1
15325,Lopemede Farm,Tier 3,Tier 5,Tier 5,72.36,48.33,48.33,145,1
15327,Friends of Wetwang School,Tier 2,Tier 5,Tier 5,84.63,23.3,23.3,50,1
1533,Warter C E Primary School,NIL,Nil,Nil,,0.0,255.54,0,3
15333,Harrogate and Knaresborough District of Sanctuary,Tier 2,Tier 5,Tier 5,83.07,25.44,25.44,37,1
15336,The Manchester Chorale,Tier 3,Tier 5,Tier 5,52.72,109.92,109.92,220,2
15339,Razzamataz Theatre Schools Brentwood,High Value,Tier 3,Tier 3,14.95,1569.68,1569.68,2378,1
15342,Don&#39;t Quit,Tier 1,Free,Free,,0.0,0.0,23,1
15343,Caulkhead Events,Tier 4,Tier 5,Tier 5,56.29,106.0,106.0,680,1
15344,Sustainable Aviation,NIL,Nil,Nil,,0.0,0.0,1,1
15345,LHPC2025,Tier 1,Free,Free,,0.0,0.0,35,1
15346,DiceAndBolter,Tier 1,Free,Free,,0.0,0.0,36,1
1535,Bigton Farm,NIL,Nil,Nil,,0.0,0.0,0,3
15350,Danielle Lowri,Tier 1,Tier 5,Tier 5,96.97,4.0,4.0,12,1
15351,Square farm shop,Tier 2,Free,Free,,0.0,0.0,102,1
15353,MhIST,NIL,Nil,Nil,,0.0,0.0,2,1
15354,RIBBLE VALLEY TOURISM,Tier 3,Tier 4,Tier 4,41.16,189.79,189.79,242,2
15356,Xanuel Shows,NIL,Nil,Nil,,0.0,0.0,1,1
15357,Queer By Gum CIC,Tier 4,Tier 4,Tier 4,41.19,189.34,189.34,425,2
15359,Mickleham Choral Society,Tier 4,Tier 4,Tier 4,33.19,292.98,292.98,345,2
1536,Climbing Wall Training Ltd,NIL,Nil,Nil,,44.62,1437.05,9,8
15360,Hexham and District Music Society,Tier 3,Tier 4,Tier 4,42.01,183.17,183.17,196,2
15361,Kent Mark Master Masons - Charity functions,Tier 4,Tier 4,Tier 4,33.53,337.12,337.12,183,1
15364,Millom &amp; Broughton Agricultural Show,Tier 3,Tier 5,Tier 4,51.24,132.46,132.46,335,1
15367,Grantham Canal Society,Tier 2,Tier 5,Tier 5,72.14,49.0,49.0,42,1
15369,Northern Whisky Festival,Tier 4,Tier 4,Tier 4,34.2,322.62,322.62,532,1
15370,Friends of Great Witchingham Primary,Tier 2,Tier 5,Tier 5,81.95,27.63,27.63,77,1
15371,Stephanie Wells,Tier 1,Free,Free,,0.0,0.0,14,1
15372,Cholmondeley Farms Ltd,Tier 4,Free,Free,,0.0,0.0,539,1
15373,Yarra Services LTD,Tier 3,Free,Free,,0.0,0.0,216,1
15375,St Cuthbert&#39;s Wells,Tier 2,Tier 5,Tier 5,66.55,65.71,65.71,88,1
15377,Me-Time Pop Choir,Tier 3,Tier 5,Tier 5,60.11,88.08,88.08,156,1
1538,D'Oyley's Farm,NIL,Nil,Nil,,0.0,1.67,0,2
15380,HPS2025,Tier 2,Tier 5,Tier 5,93.36,10.21,10.21,49,1
15383,Low Stanger Farm,Tier 1,Free,Free,,0.0,0.0,25,1
1539,Account Deleted,NIL,Nil,Nil,,0.0,0.0,0,1
15393,Askham Pools - Pool hire,Tier 2,Tier 5,Tier 5,68.24,60.62,60.62,58,1
15395,Mowden Hall School,Tier 1,Free,Free,,0.0,0.0,14,1
15396,Growing2gether,Tier 2,Tier 5,Tier 5,98.28,0.62,0.62,39,1
15397,Over Kellet PTA,Tier 2,Tier 5,Tier 5,72.45,48.12,48.12,85,1
15399,Hormones Headspace &amp; Hustle,Tier 1,Tier 5,Tier 5,89.54,16.08,16.08,10,1
1540,HJ & IM Duncan,NIL,Nil,Nil,,0.0,0.0,0,2
15400,Unique Ladies South Lakes,Tier 2,Tier 5,Tier 5,62.81,69.12,69.12,85,2
15402,Park Reunions,Tier 2,Tier 5,Tier 5,85.13,22.5,22.5,54,1
15409,Tom White - HSBC,NIL,Nil,Nil,,0.0,0.0,1,1
15410,South Northampton Music Fund,Tier 1,Tier 5,Tier 5,95.09,7.5,7.5,12,1
15411,Connected CX Ltd,NIL,Nil,Nil,,25.38,25.38,5,1
15412,Upton Hall School,Tier 3,Free,Free,,0.0,0.0,157,1
15413,Dufton Agricultural Show,Tier 1,Tier 5,Tier 5,94.45,8.67,8.67,17,1
15414,GNMS,Tier 2,Tier 5,Tier 5,83.1,25.42,25.42,51,1
15416,Sales Geek East Lancashire,NIL,Nil,Nil,,3.12,3.12,5,1
15417,Lower Hope Fruit Ltd,Tier 3,Free,Free,,0.0,0.0,179,1
15419,Sennybridge Show,Tier 4,Tier 5,Tier 5,90.86,14.0,14.0,738,1
15420,SY Ecofit CIC,Tier 2,Tier 5,Tier 5,76.58,39.08,39.08,111,1
15424,Ely’s Puzzle Hustle,Tier 1,Tier 5,Tier 5,90.86,14.0,14.0,16,1
1543,Soul Symphony CHoir,NIL,Nil,Nil,,0.0,25.87,0,1
15432,John Wheeldon PTFA,Tier 2,Tier 5,Tier 5,85.46,21.91,21.91,68,1
15436,Elmfield Gymnastics Club,Tier 4,Tier 4,Tier 4,36.97,275.5,275.5,842,1
15439,Hotwells Primary PTA,Tier 4,Tier 4,Tier 4,46.45,148.83,148.83,578,2
15441,L1 Summer BBQ,Tier 2,Tier 5,Tier 5,73.12,46.5,46.5,36,1
15445,Lower Treginnis Farm,Tier 3,Free,Free,,0.0,0.0,132,1
15452,Abertillery Orpheus Male Choir,NIL,Nil,Nil,,2.75,2.75,6,1
15454,Masonic Centre Ticketing,Tier 1,Tier 5,Tier 5,93.89,9.67,9.67,29,1
15456,St Piran’s Year 6 Leavers Events,Tier 3,Tier 4,Tier 4,44.36,184.38,184.38,192,1
15458,Babbinswood Organic Farm Ltd,Tier 3,Tier 5,Tier 5,83.12,21.63,21.63,219,2
1546,National Concert Band Festival,Tier 3,Tier 4,Tier 4,39.18,104.5,395.25,98,7
15460,MNI Summit,Tier 2,Tier 5,Tier 5,71.07,45.54,45.54,68,2
15462,YAB North Manchester,Tier 2,Tier 5,Tier 5,98.61,0.13,0.13,46,1
15465,Kasia OM UK,Tier 2,Tier 5,Tier 5,68.01,53.5,53.5,26,2
15468,St Helens Council,Tier 3,Free,Free,,0.0,0.0,211,1
15469,YAB Merseyside,Tier 2,Free,Free,,0.0,0.0,60,2
1547,Lurgan Farm,Tier 3,Free,Free,,0.0,0.0,162,2
15473,Bowie Music Ltd,NIL,Nil,Nil,,0.0,0.0,3,1
15478,Constructing Excellence in Wales,Tier 3,Tier 4,Tier 4,49.42,146.62,146.62,56,1
15479,Swillington,Tier 3,Tier 5,Tier 5,82.87,25.75,25.75,198,1
1548,Miss Diamond UK,Tier 4,Tier 3,Tier 3,17.02,314.38,1659.28,275,8
15480,Scarisbrick Hall School PFA,Tier 4,Tier 4,Tier 4,39.97,236.17,236.17,450,1
15481,Parents Association of Bournes Green School,Tier 4,Tier 3,Tier 3,24.17,519.8,519.8,1494,2
15482,Crosscrake PTFA,Tier 3,Tier 5,Tier 5,55.87,108.05,108.05,161,1
15484,Old Rayne School Parent Council,Tier 2,Tier 5,Tier 5,74.02,44.87,44.87,60,1
15486,Cambridge University Press,Tier 2,Free,Free,,0.0,0.0,61,1
15487,Broomwood Boys PA,Tier 3,Tier 4,Tier 4,44.07,186.83,186.83,372,1
15488,The Friends of Capel Church  Kent,Tier 1,Tier 5,Tier 5,96.31,5.42,5.42,10,1
15489,Glasgow Ultimate,Tier 3,Tier 5,Tier 5,69.53,56.67,56.67,184,1
1549,Jubilate,NIL,Nil,Nil,,0.0,35.42,0,1
15490,Groaten Farm,Tier 2,Free,Free,,0.0,0.0,100,1
15493,The Friends of KAM,Tier 3,Tier 5,Tier 5,55.29,98.49,98.49,209,2
15504,mk852cic,Tier 4,Tier 4,Tier 4,46.25,149.63,149.63,1608,2
15505,R N &amp; M Lawton,Tier 2,Free,Free,,0.0,0.0,97,1
15506,Octo Books,NIL,Nil,Nil,,0.0,0.0,2,1
15508,ICS,Tier 3,Free,Free,,0.0,0.0,170,2
15509,Holiday Hideout,NIL,Nil,Nil,,0.0,0.0,5,1
15515,Carries Courage - Fighting Cancer,Tier 3,Tier 5,Tier 5,57.09,102.54,102.54,107,1
15519,Music in the Harptrees,Tier 1,Free,Free,,0.0,0.0,11,1
1552,Glassonby Festival,NIL,Nil,Nil,,0.0,797.67,0,4
1553,Salisbury Community Choir,NIL,Nil,Nil,,0.0,8.12,0,1
15533,Hatch Farm,NIL,Nil,Nil,,0.0,0.0,2,1
15535,Tonbridge Grammar School,Tier 4,Tier 4,Tier 4,31.94,316.63,316.63,587,2
15536,Summer Sizzler,Tier 3,Tier 5,Tier 5,53.6,119.0,119.0,128,1
15541,COMMERCIAL,Tier 1,Tier 5,Tier 5,90.05,15.38,15.38,32,1
15542,Greenfingers Charity,NIL,Nil,Nil,,0.0,0.0,4,1
15544,DeerFest Team,Tier 1,Free,Free,,0.0,0.0,31,1
15546,Laser Tag Wales,Tier 1,Tier 5,Tier 5,86.18,16.88,16.88,27,2
15547,PTFA St Mary&#39;s School Bideford,Tier 2,Tier 5,Tier 5,90.11,15.33,15.33,104,1
15549,St James PTA,Tier 4,Tier 4,Tier 4,47.7,159.31,159.31,743,1
15551,CSRA,Tier 4,Tier 3,Tier 3,24.63,622.02,622.02,828,1
15553,Year 6 Leavers Party,Tier 2,Tier 5,Tier 5,76.26,39.63,39.63,61,1
15555,South Wales African Vibes 2025,Tier 4,Tier 4,Tier 4,37.55,267.54,267.54,191,1
15556,Chords of Chaos,Tier 2,Tier 5,Tier 5,86.58,16.5,16.5,58,2
15557,Bee Burlesque,Tier 3,Tier 4,Tier 4,41.75,211.25,211.25,188,1
15559,Checkout 2025,Tier 4,Tier 3,Tier 3,20.63,865.82,865.82,783,1
15563,Windermere School Development,NIL,Nil,Nil,,1.25,1.25,1,1
15564,Lyris for Women,Tier 2,Tier 5,Tier 5,69.3,49.92,49.92,96,2
15566,Ealing Street Dance Academy,Tier 3,Tier 4,Tier 4,42.35,205.32,205.32,333,1
15567,Gunaraja Nitai Dasa,Tier 2,Free,Free,,0.0,0.0,99,2
15568,Penrith Action for Community Transition,Tier 3,Free,Free,,0.0,0.0,145,1
15573,Haye-Farm-On-River-Tamar,Tier 2,Free,Free,,0.0,0.0,55,1
15576,BCU Wellbeing,Tier 2,Free,Free,,0.0,0.0,40,1
15577,Down on the Farm,Tier 3,Free,Free,,0.0,0.0,245,1
15578,Faculty of Science and Technology,Tier 2,Free,Free,,0.0,0.0,55,1
15579,SWPS Drama Department,Tier 4,Tier 4,Tier 4,28.34,395.25,395.25,952,2
1558,Account Deleted,NIL,Nil,Nil,,0.0,145.08,0,1
15580,Italiafest,Tier 4,Tier 4,Tier 4,32.51,357.59,357.59,788,1
15583,Kath Jones Romain Twigs&amp;More,Tier 1,Tier 5,Tier 5,82.3,23.02,23.02,11,2
15585,Lewis Girls’ School,Tier 4,Tier 4,Tier 4,36.7,280.75,280.75,669,1
1559,Kentdale Scouts Watersports,NIL,Nil,Nil,,2.83,194.77,5,7
15590,THE REPARATION NATION LIMITED,NIL,Nil,Nil,,0.0,0.0,3,1
15593,Glo i Natur CIC,Tier 3,Free,Free,,0.0,0.0,239,2
15594,The Szilvay Foundation,Tier 4,Tier 4,Tier 4,47.73,138.75,138.75,526,2
15595,Vocalia,Tier 2,Tier 5,Tier 5,69.35,49.83,49.83,76,2
15596,BlueBird Ball,Tier 4,Tier 3,Tier 3,26.93,510.08,510.08,360,1
15598,Street Katz Theatre and Film CIC,Tier 3,Tier 5,Tier 4,52.73,123.67,123.67,325,1
1560,Louise Kjellerup Roper,NIL,Nil,Nil,,0.0,29.38,0,1
15600,St John's Beaumont,Tier 4,Tier 4,Tier 4,49.71,143.8,143.8,598,1
15601,Yaxley Events,Tier 1,Tier 5,Tier 5,88.45,17.25,17.25,18,1
15602,ryelands @ Ivy Cottage,Tier 3,Tier 5,Tier 5,52.17,112.65,112.65,304,2
15605,Wood End Farm Open Day,Tier 3,Tier 5,Tier 5,57.58,99.58,99.58,316,1
15606,Wakefield Jazz,Tier 4,Tier 4,Tier 4,29.78,359.84,359.84,465,2
15609,Frae Fife Concerts,Tier 2,Tier 5,Tier 5,68.2,60.74,60.74,94,1
1561,Languages INTER Networks,NIL,Nil,Nil,,0.0,0.25,0,1
15611,Woodroffe School,Tier 4,Tier 4,Tier 4,34.81,310.46,310.46,796,1
15614,THE SPOT FOR TOTS,NIL,Nil,Nil,,2.29,2.29,8,1
1562,G Chandler Farming Ltd,NIL,Nil,Nil,,0.0,0.0,0,1
15620,The Farmers Arms,Tier 1,Tier 5,Tier 5,91.18,13.58,13.58,29,1
15623,Jannah Legacy,NIL,Nil,Nil,,12.0,12.0,6,1
15628,Vocal Accord,Tier 3,Tier 5,Tier 5,60.18,87.75,87.75,167,1
15634,Fundraiser - SALLYMAY SCHOOL,Tier 1,Tier 5,Tier 5,87.32,19.0,19.0,30,1
15637,Zillah Cope,Tier 2,Free,Free,,0.0,0.0,47,1
1564,SCBU Bollywood Night,NIL,Nil,Nil,,0.0,211.46,0,1
15640,Simply Be,NIL,Nil,Nil,,1.17,1.17,1,1
15647,Kilted Farming Partnership,Tier 2,Free,Free,,0.0,0.0,70,1
15648,Queen Elizabeth Grammar School - Penrith,Tier 3,Free,Free,,0.0,0.0,192,1
15651,Adi Naamati,Tier 2,Tier 5,Tier 5,90.62,14.33,14.33,43,1
15653,Carnatic Vocal Academy,Tier 2,Tier 5,Tier 5,97.83,1.63,1.63,86,1
15659,Jo Sanderson,Tier 2,Tier 5,Tier 5,72.82,41.46,41.46,124,2
1566,Harvest Barn Farmshop,NIL,Nil,Nil,,0.0,17.25,0,1
15662,Rebecca Fielding Lancashire NFU Chair,Tier 3,Tier 5,Tier 5,57.91,98.12,98.12,163,1
15663,Pilgrimage for Palestine,Tier 1,Tier 5,Tier 5,86.86,19.5,19.5,36,1
15664,Making Art,Tier 2,Tier 5,Tier 5,78.9,34.04,34.04,43,1
15668,A E Banks,Tier 3,Free,Free,,0.0,0.0,150,1
1567,Socca Events,NIL,Nil,Nil,,0.0,621.34,0,1
15670,SRC Kalinka,Tier 2,Tier 5,Tier 5,75.17,41.88,41.88,85,1
15676,Strelley Systems Ltd,Tier 3,Tier 4,Tier 4,46.02,171.92,171.92,272,1
15677,OW Wortley &amp; Sons Ltd,Tier 3,Free,Free,,0.0,0.0,137,1
15678,SuzyBlyth,Tier 1,Tier 5,Tier 5,95.36,7.08,7.08,20,1
1568,Lewes BaroqueFest,NIL,Nil,Nil,,0.0,321.79,0,2
15681,Poppy Soilleux,Tier 3,Tier 5,Tier 5,59.91,88.79,88.79,76,1
15682,Friends of St Anne&#39;s church,Tier 2,Tier 5,Tier 5,97.44,3.12,3.12,85,1
15689,Knowle FC,NIL,Nil,Nil,,16.88,16.88,5,1
1569,Sport Structures Education CIC,High Value,Tier 2,Tier 2,4.8,1046.25,5731.88,1777,8
15690,Brighton Philharmonic Orchestra,Tier 4,Tier 3,Tier 3,17.66,902.39,902.39,1389,2
15691,Bolton Priory,Tier 3,Tier 5,Tier 5,51.01,119.25,119.25,140,2
15693,MILES THE PLAY LTD,Tier 3,Tier 5,Tier 5,55.08,110.83,110.83,188,1
15696,The Mums Social,Tier 3,Tier 4,Tier 4,37.24,237.75,237.75,248,2
157,Bromley Guitar Society,NIL,Nil,Nil,,0.0,123.12,0,2
15704,Birmingham Handsworth Lions Club CIO - Jitesh Samani,Tier 2,Tier 5,Tier 5,79.82,31.88,31.88,30,1
15712,Delanoy Dancers,Tier 4,Tier 4,Tier 4,37.02,275.27,275.27,448,1
15716,Sam,Tier 3,Tier 4,Tier 4,47.18,162.5,162.5,260,1
15717,Arc Events,NIL,Nil,Nil,,0.0,0.0,1,1
15719,Bristol Harbourside Churches,Tier 2,Tier 5,Tier 5,74.5,38.04,38.04,111,2
15720,SJD Careers,Tier 1,Free,Free,,0.0,0.0,16,1
15725,ARC Events,Tier 2,Free,Free,,0.0,0.0,99,1
15729,Secret Society - The Car Club,NIL,Nil,Nil,,0.54,0.54,1,1
15730,Greenlands Adventures,Tier 3,Tier 4,Tier 4,45.55,156.0,156.0,134,2
15731,Accrington Pipe Band,Tier 2,Tier 5,Tier 5,77.64,36.29,36.29,67,1
15733,6 Fest,NIL,Nil,Nil,,7.75,7.75,2,1
15735,Shepshed Watermill,Tier 3,Tier 5,Tier 5,56.79,91.27,91.27,207,2
15736,LGBT Out in the Bay,Tier 3,Tier 5,Tier 5,57.77,98.62,98.62,307,1
15737,Weydon School,High Value,Tier 2,Tier 2,11.12,2004.17,2004.17,3309,2
15741,Cumberland Geological Society,Tier 2,Free,Free,,0.0,0.0,43,2
15742,Inkpot Farm,Tier 2,Free,Free,,0.0,0.0,67,1
15743,year 6 kings,Tier 2,Tier 5,Tier 5,65.17,69.58,69.58,66,1
15748,The Whiskey Brothers,High Value,Tier 3,Tier 3,14.44,1229.95,1229.95,1257,2
1575,Penrith Town Band,NIL,Nil,Nil,,0.0,39.96,0,1
15750,South Hampstead Events,Tier 4,Tier 5,Tier 5,64.5,71.88,71.88,463,1
15753,Ripley St Thomas,Tier 3,Tier 5,Tier 5,68.59,59.33,59.33,151,1
15754,Bolton Chamber Orchestra,Tier 2,Tier 5,Tier 5,84.15,19.79,19.79,40,2
15757,Vocal Expressions,Tier 3,Tier 5,Tier 4,51.46,130.88,130.88,219,1
1576,The Rosie,High Value,Tier 5,Tier 5,58.39,17.75,537.5,2801,8
15767,Rose Hill School,Tier 4,Free,Free,,0.0,0.0,619,2
1577,Mancheshare,NIL,Nil,Nil,,0.0,0.54,0,1
15770,John Kilshaw,Tier 4,Tier 4,Tier 4,31.17,333.67,333.67,1080,2
15774,Home Instead South Lakes,Tier 1,Free,Free,,0.0,0.0,33,1
15775,Samantha Cooper Event,Tier 3,Tier 5,Tier 5,59.14,92.35,92.35,103,1
1578,Church Farm  Barnsley,NIL,Nil,Nil,,0.0,15.64,0,3
15780,Sheaf and Porter Trust,Tier 4,Tier 3,Tier 3,23.13,708.79,708.79,617,1
15781,USH PTFA,Tier 3,Tier 5,Tier 5,57.93,86.27,86.27,205,2
15783,Heywood Prep Deputy Head,Tier 2,Free,Free,,0.0,0.0,100,2
15793,ZOO & FARM,Tier 3,Tier 5,Tier 5,65.63,68.54,68.54,203,1
15796,Mrs R Keogh-Briggs,Tier 2,Tier 5,Tier 5,84.39,23.63,23.63,53,1
15798,Not Out At 90,Tier 2,Tier 5,Tier 5,77.1,38.0,38.0,38,1
15799,Queensbridge School,Tier 4,Tier 4,Tier 4,35.19,264.25,264.25,1060,2
158,Leeds Festival Chorus,Tier 4,Tier 2,Tier 3,10.12,516.58,3126.97,559,11
1580,Heidi- Marie Dance Academy,NIL,Nil,Nil,,0.0,124.07,0,3
1581,Action for Carers Oxfordshire,Tier 2,Free,Free,,0.0,0.0,75,6
15815,Martin Wheeler Fields,Tier 1,Free,Free,,0.0,0.0,27,1
1582,Event Organisers Network (EON),NIL,Nil,Nil,,0.0,78.73,0,4
15824,Antiphon,Tier 2,Tier 5,Tier 5,68.55,59.38,59.38,72,1
15825,Annabelle Gantelmi d&#39;Ille,NIL,Nil,Nil,,0.0,0.0,1,1
15826,Bannockburn High School,Tier 4,Tier 4,Tier 4,44.63,162.5,162.5,997,2
1583,Rochdale Music Service,Tier 4,Tier 3,Tier 3,16.15,376.11,1362.25,1277,8
15830,The Three Mystics,Tier 3,Tier 4,Tier 4,46.99,145.75,145.75,246,2
15831,Whisper,Tier 2,Tier 5,Tier 5,87.36,15.62,15.62,38,2
15832,Caroline Wiggins,Tier 3,Free,Free,,0.0,0.0,207,1
15833,Sarah Gracey,Tier 2,Tier 5,Tier 5,74.25,44.42,44.42,91,1
15835,DAMWC,Tier 3,Tier 5,Tier 5,65.11,69.92,69.92,147,1
15843,Light-Bearer Theatre Perfomance,Tier 2,Tier 5,Tier 5,94.13,9.18,9.18,40,1
15845,Brysdales Ltd,Tier 3,Tier 4,Tier 4,48.13,135.75,135.75,11,2
15846,Canton RFC minis and juniors,Tier 2,Tier 5,Tier 5,70.27,54.67,54.67,92,1
15848,Lunar Children's Activities,Tier 3,Tier 5,Tier 5,68.09,61.16,61.16,153,1
15849,Humber Teaching NHS Foundation Trust,Tier 2,Free,Free,,0.0,0.0,105,1
15850,Djembe Kingdom,Tier 2,Tier 5,Tier 5,66.15,66.75,66.75,30,1
15851,AGU UK HHB,Tier 2,Tier 5,Tier 5,88.21,17.42,17.42,38,1
15856,Herts &amp; Essex High School,Tier 3,Tier 4,Tier 4,47.57,160.33,160.33,138,1
15857,Bromley High School,Tier 2,Tier 5,Tier 5,62.98,68.88,68.88,50,2
1586,Little Heath School,NIL,Nil,Nil,,0.0,236.33,0,1
15861,Hooked On Harmony,Tier 3,Tier 4,Tier 4,50.22,123.42,123.42,351,2
15862,Dulwich College Enterprises Limited,Tier 4,Tier 4,Tier 4,39.72,205.79,205.79,467,2
15864,Natasha Barclay,Tier 2,Tier 5,Tier 5,70.22,47.19,47.19,112,2
15866,White Bridge Primary School,Tier 4,Free,Free,,0.0,0.0,1174,2
15868,Chacewater Community Energy Group,Tier 2,Free,Free,,0.0,0.0,82,2
1587,Hope GB,NIL,Nil,Nil,,0.0,60.11,0,1
1588,Rosemere Cancer Foundation,High Value,Tier 1,Tier 2,3.72,1468.08,5185.31,2266,8
15881,New AU Media,Tier 2,Free,Free,,0.0,0.0,89,1
15883,Stocksfield Church of England,NIL,Nil,Nil,,0.54,0.54,1,1
15885,I Findley,NIL,Nil,Nil,,0.0,0.0,4,1
15888,Maidenhill School,Tier 3,Tier 5,Tier 4,54.06,116.66,116.66,299,1
15890,Royal Sutton Coldfield Orchestra,Tier 4,Tier 4,Tier 4,35.64,256.88,256.88,411,2
15895,North East Stage and Screen Orchestra and Choir,Tier 3,Tier 5,Tier 5,70.85,45.92,45.92,173,2
15899,St Mary’s Church - Project Vision,Tier 3,Tier 5,Tier 5,60.37,86.92,86.92,107,1
159,Southampton Camera Club,NIL,Nil,Nil,,0.0,41.41,0,1
1590,Luton Hoo Estate,Tier 4,Tier 4,Tier 4,27.5,125.32,2212.12,241,8
15900,The Odyssey Media House,Tier 1,Free,Free,,0.0,0.0,28,1
15901,Findon Swimming Club,Tier 1,Tier 5,Tier 5,91.23,13.54,13.54,25,1
15905,Mei Wine,NIL,Nil,Nil,,9.42,9.42,2,1
15907,Nabby Nook,NIL,Nil,Nil,,0.0,0.0,1,1
1591,Furneux Pelham School,NIL,Nil,Nil,,0.0,133.63,0,4
15910,Friends of Portland Works,Tier 2,Tier 5,Tier 5,85.67,17.42,17.42,75,2
15912,ACE Fundraising,Tier 3,Tier 5,Tier 5,58.36,84.78,84.78,120,2
15915,Ysgol Y Deri PTA,Tier 3,Tier 5,Tier 5,61.15,74.33,74.33,184,2
15917,Mrs K Simpson,Tier 4,Tier 4,Tier 4,28.64,390.04,390.04,87,2
15919,James Crosthwaite,Tier 1,Free,Free,,0.0,0.0,20,1
1592,Whitburn Church of England Academy,NIL,Nil,Nil,,0.0,61.46,0,1
15924,Hawthorn Press,Tier 3,Tier 5,Tier 5,53.75,117.67,117.67,214,1
15925,Mark Burstow,Tier 1,Free,Free,,0.0,0.0,20,1
15927,St Johns Clevedon,Tier 1,Tier 5,Tier 5,89.94,15.5,15.5,30,1
15928,Epsom Light Opera Company,NIL,Nil,Nil,,0.0,0.0,6,2
15931,Lodela Hidalgo,NIL,Nil,Nil,,3.17,3.17,2,1
15932,Middlewich High School,Tier 4,Tier 4,Tier 4,42.73,176.37,176.37,499,2
15935,Diana Eduhub Chichester,NIL,Nil,Nil,,0.0,0.0,3,1
15938,SWPS Boat Club,Tier 3,Tier 4,Tier 4,42.81,176.13,176.13,328,2
15939,Leavenheath Village Hall,Tier 2,Tier 5,Tier 5,88.99,16.58,16.58,42,1
1594,Natwest Borough Lunches,Tier 4,Tier 3,Tier 3,18.99,286.04,1447.21,361,7
15940,Georgiana Elite Dance Academy,Tier 3,Tier 4,Tier 4,43.99,187.08,187.08,269,1
15942,Seddon,Tier 3,Free,Free,,0.0,0.0,179,1
15944,The Mainly Mental Health Company Ltd,NIL,Nil,Nil,,15.25,15.25,2,1
15948,M L Bates,Tier 1,Tier 5,Tier 5,91.92,12.5,12.5,20,1
15949,Westmorland and Furness Council,NIL,Nil,Nil,,0.0,0.0,4,1
15952,CFWI,Tier 2,Tier 5,Tier 5,78.94,34.0,34.0,36,1
15956,Bangor Ladies Choir,Tier 3,Tier 5,Tier 5,53.29,108.07,108.07,85,2
15959,BNI Ignite,Tier 1,Tier 5,Tier 5,84.45,23.58,23.58,37,1
15963,City of Glasgow Chorus Trust,Tier 3,Tier 5,Tier 5,66.2,58.61,58.61,185,2
15964,Dorchester Middle School,Tier 4,Free,Free,,0.0,0.0,1485,2
15965,STHN House Arts,Tier 3,Free,Free,,0.0,0.0,210,1
15967,Salford Symphony Orchestra,Tier 3,Tier 5,Tier 5,52.02,113.08,113.08,178,2
15968,Barrow Operatic Dramatic Society,Tier 3,Tier 4,Tier 4,49.37,147.0,147.0,270,1
1597,Year 6 Party,NIL,Nil,Nil,,0.0,150.96,0,1
15970,Kendal-Rinteln Association,Tier 2,Tier 5,Tier 5,66.06,67.37,67.37,62,1
15976,Ulverston Parish Church,Tier 2,Tier 5,Tier 5,76.31,39.61,39.61,71,1
15982,Penrith Playhouse,Tier 4,Tier 3,Tier 3,16.42,1015.5,1015.5,1591,2
15986,Electric Alchemy,Tier 1,Tier 5,Tier 5,92.09,12.4,12.4,18,1
15995,Glasgow Reform Synagogue,Tier 2,Free,Free,,0.0,0.0,49,1
15996,Lailates,Tier 1,Tier 5,Tier 5,87.32,19.0,19.0,33,1
15997,Gather In Song,Tier 1,Tier 5,Tier 5,91.05,13.75,13.75,26,1
15999,West Suffolk Symphonic Wind Band,Tier 2,Tier 5,Tier 5,65.28,69.38,69.38,111,1
1600,Haffner Orchestra,Tier 4,Tier 2,Tier 2,6.3,925.51,3725.02,1078,8
16000,Chorley Silver Band,Tier 2,Tier 5,Tier 5,78.93,28.67,28.67,97,2
16002,Mia Pepper,Tier 3,Tier 4,Tier 4,46.39,169.12,169.12,123,1
16007,Sherborne Town Council,Tier 4,Tier 4,Tier 4,30.07,413.75,413.75,659,1
16008,Make Space Events,Tier 3,Tier 4,Tier 4,40.17,201.0,201.0,138,2
16016,Cumbrian Rambler Ltd,NIL,Nil,Nil,,0.54,0.54,1,1
16018,Test Valley Reels Events,Tier 4,Tier 4,Tier 4,32.77,300.25,300.25,397,2
16019,Scottish Junior Sports and Health Trust,Tier 3,Tier 5,Tier 5,57.68,87.37,87.37,104,2
1602,IRISi,NIL,Nil,Nil,,0.0,0.0,0,2
16022,Geoff and Dan Events,Tier 2,Tier 5,Tier 5,65.77,68.33,68.33,82,1
16023,Of One Accord Mixed Voice Choir,Tier 2,Tier 5,Tier 5,69.18,50.2,50.2,84,2
16024,GreyCon Animal Rescue,Tier 2,Tier 5,Tier 5,81.81,28.07,28.07,34,1
16026,The Natural Health Hub,NIL,Nil,Nil,,0.54,0.54,1,1
16028,Trull CE VA Primary School,Tier 3,Free,Free,,0.0,0.0,157,1
1603,Kutch Madhapur Community,NIL,Nil,Nil,,0.0,110.38,0,1
16032,Amy,Tier 1,Free,Free,,0.0,0.0,33,1
16034,Padel Dynamic Limited,Tier 3,Tier 5,Tier 5,55.16,110.17,110.17,81,1
16036,Silverporth,Tier 2,Free,Free,,0.0,0.0,82,1
16037,Bury Music,Tier 3,Free,Free,,0.0,0.0,154,1
1604,Account Deleted,NIL,Nil,Nil,,0.0,0.0,0,1
16040,LSE Estates Division,Tier 2,Free,Free,,0.0,0.0,102,1
16041,The Gesualdo Six - Charity,Tier 3,Tier 5,Tier 5,59.42,91.0,91.0,91,1
16042,Play More Board Games,NIL,Nil,Nil,,0.0,0.0,3,1
16043,Olivia Nevins,Tier 1,Tier 5,Tier 5,87.7,18.42,18.42,34,1
16046,Igor Entertainer,NIL,Nil,Nil,,2.5,2.5,4,1
16047,HTFT Patient and Carer Experience,Tier 3,Free,Free,,0.0,0.0,134,2
16048,PSOWN,NIL,Nil,Nil,,0.0,0.0,1,1
1605,APO33,NIL,Nil,Nil,,0.0,10.58,0,1
16052,The Ink &amp; Coal Collective,Tier 4,Tier 4,Tier 4,41.36,187.78,187.78,500,2
16054,North West Cancer Research South Cheshire,Tier 4,Tier 4,Tier 4,32.38,308.42,308.42,144,2
16055,North West Cancer Research Southport,Tier 3,Tier 5,Tier 5,53.04,109.0,109.0,77,2
16056,North West Cancer Research Head Office,Tier 3,Tier 5,Tier 5,52.79,109.75,109.75,66,2
16057,Me & the paint,Tier 3,Tier 4,Tier 4,41.49,186.96,186.96,166,2
1606,May Contain Notes,NIL,Nil,Nil,,0.0,2.29,0,1
16060,Lisa Ross,Tier 2,Free,Free,,0.0,0.0,69,2
16062,Oswestry School Development,Tier 1,Tier 5,Tier 5,88.51,13.75,13.75,31,2
16066,Regent Creative,Tier 2,Tier 5,Tier 5,66.93,56.83,56.83,98,2
1607,Arrow Vale Singers,NIL,Nil,Nil,,0.0,1.37,0,1
16074,Lancaster University Medical School,Tier 2,Free,Free,,0.0,0.0,72,2
16077,Ashbrooke Sports Club,Tier 2,Tier 5,Tier 5,65.92,68.0,68.0,119,1
1608,P.Fleming,NIL,Nil,Nil,,0.0,1.32,0,1
16084,Katana Squadron,NIL,Nil,Nil,,4.29,4.29,7,1
16086,The Orange Picture Club,Tier 3,Tier 5,Tier 5,60.82,75.54,75.54,321,2
16089,Warks Police Word Cafe Event,Tier 1,Free,Free,,0.0,0.0,36,1
16090,Cowden Garden,NIL,Nil,Nil,,0.0,0.0,5,1
16092,Sundowns,NIL,Nil,Nil,,0.0,0.0,4,1
16095,KenwoodHallHotel,Tier 3,Tier 4,Tier 4,44.86,161.16,161.16,176,2
16096,Abbey Musical Society,Tier 4,Tier 3,Tier 3,23.37,552.78,552.78,1235,2
16099,NODA East Region,NIL,Nil,Nil,,0.0,0.0,8,1
161,Cumbria Youth Alliance,NIL,Nil,Nil,,0.0,0.0,0,1
1610,Entradas Colegio Valle del Miro,High Value,Free,Free,,0.0,0.0,3122,7
16102,Lionsgate Soul Night 8th August,Tier 1,Tier 5,Tier 5,92.27,12.03,12.03,25,1
16106,Marketing,Tier 4,Tier 4,Tier 4,31.8,375.83,375.83,560,1
16107,Beverley Foy,NIL,Nil,Nil,,6.33,6.33,4,1
16109,Bolt-On Business Services,NIL,Nil,Nil,,0.62,0.62,1,1
16111,Cumbria Creative Workshops,Tier 2,Tier 5,Tier 5,78.81,34.13,34.13,12,1
16112,Peak Music Society,Tier 3,Tier 4,Tier 4,48.0,136.42,136.42,108,2
16114,Nature Over Natter,Tier 2,Tier 5,Tier 5,90.39,14.75,14.75,40,1
16115,Get Up Keep Going CIC,Tier 3,Tier 5,Tier 5,58.45,84.21,84.21,163,2
16120,Mashamshire Community Office,Tier 3,Tier 5,Tier 5,58.3,84.96,84.96,169,2
16126,Dacre Designs UK,Tier 1,Tier 5,Tier 5,89.04,13.05,13.05,12,2
16130,Meta-Dology - Events,NIL,Nil,Nil,,0.0,0.0,2,1
16136,FMPS,Tier 2,Tier 5,Tier 5,75.24,36.04,36.04,70,2
16141,Townley Grammar School,Tier 4,Tier 3,Tier 3,25.46,478.29,478.29,1347,2
16142,Shropshire Music Service,Tier 4,Tier 4,Tier 4,43.36,172.73,172.73,435,2
16143,Radiance Reiki,NIL,Nil,Nil,,0.33,0.33,1,1
16144,Gosden PTA,Tier 3,Tier 5,Tier 5,80.71,30.17,30.17,134,1
16152,GROW North Staffs,Tier 3,Free,Free,,0.0,0.0,249,1
16155,ISDBell1023!,Tier 2,Tier 5,Tier 5,81.2,29.08,29.08,18,1
16156,Drwm Y Ddraig,Tier 2,Tier 5,Tier 5,74.23,38.75,38.75,55,2
1616,Dorothy Coleborn School of Dance,NIL,Nil,Nil,,0.0,1618.33,0,5
16162,Youth Adventure Trust,Tier 1,Free,Free,,0.0,0.0,10,2
16164,Upperthong School Support Group,Tier 3,Tier 5,Tier 5,66.26,66.21,66.21,144,1
16166,All Stars Theatre Academy,Tier 4,Tier 3,Tier 3,26.38,532.5,532.5,870,1
16167,Torbay Family Hub,Tier 4,Free,Free,,0.0,0.0,501,2
16170,gregsymonds201,Tier 1,Tier 5,Tier 5,90.19,15.17,15.17,13,1
16172,Masque Players of West Wycombe,Tier 4,Tier 4,Tier 4,39.78,205.37,205.37,435,2
16174,Kingkarine,Tier 1,Tier 5,Tier 5,88.13,14.29,14.29,31,2
16175,Women Who Cumbria CIC,Tier 2,Tier 5,Tier 5,74.0,39.21,39.21,78,2
16176,The Music Garden,Tier 4,Tier 4,Tier 4,34.54,274.38,274.38,240,2
16178,UTFTC,Tier 2,Tier 5,Tier 5,82.54,26.46,26.46,80,1
16180,Playwriter,NIL,Nil,Nil,,1.88,1.88,5,1
16183,October8UKPremiere,Tier 3,Tier 4,Tier 4,50.07,140.58,140.58,268,1
16186,University of Nottingham Business Network,Tier 2,Free,Free,,0.0,0.0,108,1
16187,Westport Lake View Cafe,Tier 3,Tier 4,Tier 4,40.84,193.65,193.65,336,2
16189,Thames Valley and South Central EY SPH,Tier 4,Free,Free,,0.0,0.0,2125,2
16190,Marie-Claire Lindsay,Tier 4,Tier 4,Tier 3,28.32,464.25,464.25,604,1
16191,Birley Council,Tier 2,Tier 5,Tier 5,74.86,42.5,42.5,39,1
16194,Jennifer Gordon,Tier 2,Tier 5,Tier 5,68.87,50.67,50.67,32,2
16195,St Mary's Church,Tier 2,Tier 5,Tier 5,77.97,35.62,35.62,95,1
16199,Dunscore Art Collective,Tier 1,Tier 5,Tier 5,88.8,16.79,16.79,31,1
16201,Lewis campbell-smith,Tier 3,Tier 4,Tier 4,43.08,196.25,196.25,314,1
1623,Hawthorn Press,NIL,Nil,Nil,,0.0,49.88,0,2
1624,East Lancashire Chamber of Commerce,NIL,Nil,Nil,,0.0,22.33,0,1
1625,Calder Bookshop & Theatre,NIL,Nil,Nil,,0.0,174.12,0,1
1627,Stewart Clague Services Limited,NIL,Nil,Nil,,0.0,0.0,0,1
16286,The Family Magic Show,Tier 1,Tier 5,Tier 5,95.4,7.0,7.0,19,1
16289,Thames River Row,NIL,Nil,Nil,,0.0,0.0,3,1
1629,Total Integrated Solutions Ltd,NIL,Nil,Nil,,0.0,0.0,0,1
16291,INV:SION,Tier 3,Tier 5,Tier 5,69.3,57.08,57.08,166,1
16295,The Hospital of St Cross,Tier 2,Tier 5,Tier 5,64.04,65.46,65.46,67,2
16296,Olive Tree Cafe,Tier 2,Tier 5,Tier 5,79.97,31.67,31.67,38,1
163,Strathallan School,NIL,Nil,Nil,,0.0,0.0,0,1
1630,DAS 6TH Reunion,NIL,Nil,Nil,,0.0,24.5,0,1
16300,KWMCC,Tier 4,Tier 3,Tier 3,18.98,801.88,801.88,1663,2
16301,Kavi,NIL,Nil,Nil,,0.0,0.0,1,1
16303,CW Events - South Area Cumberland & Westmorland Freemasons,Tier 3,Tier 5,Tier 5,55.4,109.5,109.5,75,1
16308,Harbertonford PTFA,Tier 3,Tier 5,Tier 5,73.56,45.72,45.72,128,1
16313,Whirlwind Sports Community Interest Company,NIL,Nil,Nil,,1.5,1.5,2,1
16319,Harika Mogudampally,NIL,Nil,Nil,,12.38,12.38,9,1
16323,Uttlesford Schools Consortium,Tier 2,Free,Free,,0.0,0.0,62,2
16325,Women Unfiltered,NIL,Nil,Nil,,7.13,7.13,8,1
16327,Kayde,Tier 2,Tier 5,Tier 5,82.08,27.42,27.42,92,1
16328,October 8 Edinburgh,Tier 2,Tier 5,Tier 5,83.7,24.5,24.5,60,1
16330,Dartford Choral Society,Tier 2,Tier 5,Tier 5,73.23,40.78,40.78,72,2
16335,Headline Music,Tier 2,Tier 5,Tier 5,78.56,34.5,34.5,36,1
1634,Solve Mediation,NIL,Nil,Nil,,0.0,126.88,0,1
16340,Fit 2 Learn CIC,Tier 1,Free,Free,,0.0,0.0,14,1
16341,Emerge Entertainment,Tier 4,Tier 3,Tier 3,20.18,729.96,729.96,514,2
16345,Westmorland and Furness Council,Tier 2,Free,Free,,0.0,0.0,113,1
16346,St Martins School,High Value,Free,Free,,0.0,0.0,3132,1
16347,Dunsfold Amateur Dramatic Society,Tier 3,Tier 4,Tier 4,43.27,194.46,194.46,264,1
16350,Humber Teaching NHS Foundation Trust,Tier 4,Tier 4,Tier 4,29.32,435.75,435.75,173,1
1636,James Allen's Girls' School,High Value,Tier 3,Tier 3,23.01,169.42,2763.27,3918,8
16375,Stony in Bloom Concert,Tier 2,Tier 5,Tier 5,75.42,41.38,41.38,64,1
1638,Lucy Farrett,NIL,Nil,Nil,,0.0,6.88,0,1
16384,Tregony Clockhouse Players,Tier 4,Tier 4,Tier 4,42.86,175.83,175.83,425,2
16385,Taunton Military Wives Choir,Tier 3,Tier 5,Tier 5,54.59,102.04,102.04,139,2
164,Hurlingham School,NIL,Nil,Nil,,0.0,0.0,0,4
16403,Claire Fraser-Lim Stakeholder Engagement Advisor,Tier 2,Free,Free,,0.0,0.0,70,1
16410,WAOS Musical Theatre,Tier 3,Tier 5,Tier 5,64.38,72.58,72.58,134,1
16415,CGCCo Ltd,Tier 3,Tier 5,Tier 5,68.5,51.87,51.87,146,2
16416,Skirrid Systems,NIL,Nil,Nil,,0.0,0.0,5,1
1642,kellylau,NIL,Nil,Nil,,0.0,0.0,0,1
16422,Buckhurst Hill Residents Society,NIL,Nil,Nil,,0.0,0.0,5,1
16424,St Mary's Warsash,Tier 2,Tier 5,Tier 5,76.02,34.5,34.5,61,2
16425,Maryport Events,Tier 2,Tier 5,Tier 5,74.16,44.54,44.54,71,1
16426,Puts for Guts,Tier 3,Tier 4,Tier 4,42.38,204.88,204.88,117,1
16427,Class of 82,Tier 2,Tier 5,Tier 5,72.14,42.79,42.79,79,2
16428,Mark Stafford Events LTD,NIL,Nil,Nil,,0.0,0.0,1,1
16429,Tania Murray,Tier 1,Tier 5,Tier 5,90.86,14.0,14.0,37,1
1643,DC@BDSIP,NIL,Nil,Nil,,0.0,0.0,0,1
16434,Lancaster Park WI,Tier 1,Tier 5,Tier 5,97.34,3.29,3.29,11,1
16435,Farmers Arms Newbarns,Tier 3,Tier 5,Tier 5,51.18,118.38,118.38,186,2
16437,Cheltenham Foodbank,Tier 1,Tier 5,Tier 5,86.46,20.12,20.12,31,1
16438,Wellington Baptist Church,NIL,Nil,Nil,,0.0,0.0,7,1
16441,Priceless Events Ltd,Tier 4,Tier 3,Tier 3,19.87,748.12,748.12,1217,2
16445,Abundante Vida Church,Tier 2,Tier 5,Tier 5,79.59,32.5,32.5,60,1
16446,Kully Sandhu Yoga &amp; Mindfulness,NIL,Nil,Nil,,31.29,31.29,7,1
16450,EmStMartins,Tier 3,Free,Free,,0.0,0.0,373,2
16453,Property Chats - Yorkshire,Tier 2,Free,Free,,0.0,0.0,80,2
16454,Sales Geek Glasgow West,NIL,Nil,Nil,,1.88,1.88,3,1
16456,HEX Northern,Tier 4,Tier 4,Tier 4,45.3,157.87,157.87,454,2
16457,Hanul Domnesc @ Rosie Malones,Tier 3,Tier 4,Tier 4,47.81,157.87,157.87,83,1
1646,PrestonOperaTicketing,Tier 4,Tier 3,Tier 3,18.91,343.04,1003.67,471,7
16461,Lunar Events,High Value,Tier 5,Tier 5,75.67,35.25,35.25,2515,2
16462,John Lyon Marketing,High Value,Tier 3,Tier 3,24.96,494.05,494.05,2311,2
16464,Mind and Motion Therapy,Tier 1,Tier 5,Tier 5,91.29,13.5,13.5,18,1
16467,Disability Snowsport UK,Tier 3,Tier 5,Tier 5,56.86,103.66,103.66,130,1
16468,Nigel Clarke,NIL,Nil,Nil,,5.88,5.88,3,1
16471,University Hospitals of Liverpool Charity,Tier 4,Tier 5,Tier 5,58.35,95.33,95.33,572,1
16473,Boston Wellbeing Hub,Tier 1,Free,Free,,0.0,0.0,19,1
16476,The Ashcombe School,Tier 4,Free,Free,,0.0,0.0,414,2
16477,Second Chance,Tier 3,Free,Free,,0.0,0.0,197,1
16479,Spinal Research,Tier 4,Tier 4,Tier 4,38.23,255.91,255.91,299,1
16480,Grania Foster,NIL,Nil,Nil,,0.0,0.0,4,1
16481,Winchester College Sports Centre,Tier 3,Tier 4,Tier 4,49.61,126.65,126.65,353,2
16483,Andrew Dandridge,Tier 3,Tier 5,Tier 5,70.88,45.87,45.87,143,2
16486,Barnet VirtualSchool,Tier 3,Free,Free,,0.0,0.0,179,2
16488,Brothers4LifeBJJ,Tier 2,Tier 5,Tier 5,74.89,36.92,36.92,40,2
16489,Engage Enrol (OMTAC Ltd),Tier 3,Tier 5,Tier 5,85.13,22.5,22.5,257,1
16490,UNITED SCOTLAND MALAYALEE ASSOCIATION,Tier 3,Tier 4,Tier 4,45.37,157.47,157.47,244,2
16492,Connective Healing,Tier 3,Tier 5,Tier 5,57.61,87.79,87.79,52,2
16493,Grace Black Vocalist,Tier 1,Tier 5,Tier 5,96.37,5.33,5.33,16,1
16494,Alexandra Vladimirov,Tier 2,Tier 5,Tier 5,82.02,27.5,27.5,20,1
16495,Friends of Kent College Canterbury,NIL,Nil,Nil,,1.79,1.79,1,1
16498,Islas Bingo,Tier 3,Tier 5,Tier 5,57.45,100.21,100.21,185,1
165,Colfe's School,NIL,Nil,Nil,,0.0,373.46,0,2
1650,Cape Wrath Round the World Summer Ball in aid of Macmillan C,NIL,Nil,Nil,,0.0,67.75,0,1
16501,2MFEST,NIL,Nil,Nil,,0.62,0.62,1,1
16504,GHRC,Tier 3,Tier 4,Tier 4,46.82,165.49,165.49,98,1
16505,Lucas and friends,Tier 3,Tier 5,Tier 5,56.12,106.75,106.75,122,1
16508,Lloyd Degler,Tier 3,Tier 4,Tier 4,49.53,127.04,127.04,263,2
1651,Marie Curie Public Affairs,NIL,Nil,Nil,,0.0,24.33,0,1
16511,Little Lu Creative Experiences,Tier 1,Tier 5,Tier 5,86.73,19.75,19.75,26,1
16514,City of London Freemen's School,Tier 4,Free,Free,,0.0,0.0,1269,2
16515,St Columba&#39;s Church  Omagh,Tier 3,Tier 4,Tier 4,44.26,184.96,184.96,193,1
16521,Lancashire Teaching Hospitals,Tier 4,Free,Free,,0.0,0.0,506,2
16523,Volvo Motherwell,Tier 3,Free,Free,,0.0,0.0,311,1
16526,Cranial Flow,Tier 2,Free,Free,,0.0,0.0,50,1
1653,Torrisholme Cricket Club,NIL,Nil,Nil,,0.0,0.0,0,1
16531,Bandicoot,Tier 1,Free,Free,,0.0,0.0,18,1
16532,St Mark&#39;s Community Centre,Tier 2,Tier 5,Tier 5,65.63,60.75,60.75,81,2
16534,Berkshire Federation of Women&#39;s Institutes,Tier 4,Tier 4,Tier 4,30.26,350.82,350.82,658,2
16538,True Nature,Tier 1,Tier 5,Tier 5,87.99,14.58,14.58,25,2
1654,Wymondham Symphony Orchestra,Tier 4,Tier 3,Tier 3,23.11,246.17,926.67,370,7
16541,Marham Families Day,High Value,Free,Free,,0.0,0.0,2196,1
16542,stefandr,NIL,Nil,Nil,,0.0,0.0,1,1
16543,Clarion Hotel Charlecote Pheasant,Tier 1,Free,Free,,0.0,0.0,19,2
16544,Stronger Together Run Club,Tier 3,Tier 4,Tier 4,38.22,225.51,225.51,360,2
16545,England Masters Athletics Association,Tier 4,Tier 3,Tier 3,24.59,622.5,622.5,1007,1
16547,Historic Wheels Club,Tier 4,Tier 5,Tier 5,77.28,31.88,31.88,460,2
1655,Ferryhill Stage Society,NIL,Nil,Nil,,0.0,23.04,0,1
16550,Nick Bagnall,NIL,Nil,Nil,,4.12,4.12,3,1
16551,Ely Pride (Pride in Ely CIO),Tier 3,Tier 5,Tier 5,65.38,69.08,69.08,257,1
16552,The Safe Woman,Tier 2,Tier 5,Tier 5,89.54,16.08,16.08,42,1
16554,Barry Wood,Tier 3,Tier 5,Tier 5,54.09,116.38,116.38,92,1
16556,ORB,Tier 3,Tier 4,Tier 4,43.02,174.88,174.88,283,2
16557,Shanks Trybooking,Tier 1,Free,Free,,0.0,0.0,18,1
16561,Lucigenic,Tier 2,Free,Free,,0.0,0.0,116,1
16562,Longton Carnival,Tier 4,Tier 4,Tier 4,42.55,202.56,202.56,467,1
16564,Friends of St Annes,Tier 2,Tier 5,Tier 5,95.47,1.25,1.25,60,2
16572,Dunbar Dragons,Tier 2,Tier 5,Tier 5,78.44,34.67,34.67,51,1
16573,Psychic Charity Night 31/10/25,Tier 1,Tier 5,Tier 5,86.97,19.38,19.38,31,1
16576,Integrity Coaching,Tier 2,Tier 5,Tier 5,76.82,38.58,38.58,25,1
16577,Alcester Day Care,Tier 3,Tier 4,Tier 4,44.73,161.35,161.35,158,2
16578,Lucy Woodham,Tier 2,Free,Free,,0.0,0.0,45,2
16580,Doddington SMBC,Tier 1,Tier 5,Tier 5,95.59,6.5,6.5,12,1
16581,Staff Apprenticeships at UoS,NIL,Nil,Nil,,0.0,0.0,4,1
16587,Her Hampshire,Tier 3,Tier 5,Tier 5,51.97,113.52,113.52,100,2
16588,Prime Dance Scotland,Tier 2,Tier 5,Tier 5,73.86,45.0,45.0,72,1
16589,Chester-Le-Street District Scouts,Tier 2,Free,Free,,0.0,0.0,46,2
16590,SEEN Ltd,Tier 2,Tier 5,Tier 5,66.23,66.5,66.5,76,1
16591,Whirlow Brook Hall,Tier 3,Tier 5,Tier 5,57.52,88.2,88.2,366,2
16593,Alexander SC,Tier 3,Tier 4,Tier 4,50.33,137.96,137.96,47,1
16595,Kiera,Tier 1,Tier 5,Tier 5,89.24,16.4,16.4,28,1
16597,St Davids Penknife Club,Tier 3,Tier 5,Tier 5,59.29,91.54,91.54,99,1
16598,RAF Marham,Tier 3,Free,Free,,0.0,0.0,283,1
166,Young Biologist Forum,NIL,Nil,Nil,,0.0,0.0,0,2
16602,Emma Capstick,Tier 1,Tier 5,Tier 5,92.42,11.58,11.58,19,1
1661,Junkyard Artists,NIL,Nil,Nil,,0.0,1514.62,0,1
16610,Ampthill Orchestra,Tier 4,Tier 4,Tier 4,42.69,176.5,176.5,454,2
16611,The Menopause Raconteur On Tour,Tier 2,Tier 5,Tier 5,80.31,31.04,31.04,52,1
16612,Bolton Deaf Society,NIL,Nil,Nil,,3.83,3.83,4,1
16613,Loddington Farm,Tier 1,Tier 5,Tier 5,89.26,16.37,16.37,30,1
16614,Ad-Options Ltd,Tier 2,Tier 5,Tier 5,95.79,6.33,6.33,65,1
1662,Event Marketing Association,NIL,Nil,Nil,,0.0,0.0,0,1
16621,NEWSA,Tier 1,Tier 5,Tier 5,94.24,8.87,8.87,26,1
16626,Caroline Nield,Tier 1,Free,Free,,0.0,0.0,23,1
16628,Taviskate - Community skatepark project,Tier 2,Tier 5,Tier 5,92.71,11.22,11.22,43,1
16629,Be the Business,Tier 2,Free,Free,,0.0,0.0,74,1
1663,Kington Choral Society,Tier 3,Tier 4,Tier 4,34.75,113.87,674.21,147,7
16631,Glasgow Friends of Israel,NIL,Nil,Nil,,0.0,0.0,6,1
16632,Kerry Events &amp; Defib Group,Tier 1,Tier 5,Tier 5,95.89,6.09,6.09,11,1
16633,Jericho Living Heritage Trust,Tier 4,Tier 4,Tier 4,35.29,261.75,261.75,585,2
16634,Kinghorn Community Centre,Tier 4,Tier 3,Tier 3,21.55,651.34,651.34,1460,2
16636,Coachieve coaching services   Rosemary Haynes,NIL,Nil,Nil,,3.12,3.12,3,2
16637,Courtney Kennedy,NIL,Nil,Nil,,0.0,0.0,2,1
1664,The Cumbria Proms,Tier 1,Free,Free,,0.0,0.0,19,1
16640,HopLab Ltd,Tier 2,Tier 5,Tier 5,79.71,32.12,32.12,88,1
16641,Frankie Turner,Tier 1,Free,Free,,0.0,0.0,18,1
16643,Gor,Tier 1,Tier 5,Tier 5,97.15,3.67,3.67,11,1
16646,YMCALiverpool,NIL,Nil,Nil,,0.0,0.0,1,1
16647,Soroptimists Grange-over-Sands,Tier 2,Tier 5,Tier 5,70.07,47.37,47.37,100,2
16648,YAB Greater Manchester,Tier 1,Tier 5,Tier 5,95.06,2.75,2.75,37,2
16649,NPAA Ltd,Tier 3,Tier 5,Tier 5,58.89,82.92,82.92,59,2
1665,We Add Heart,NIL,Nil,Nil,,0.0,52.0,0,1
16651,Liberton Hospital Staff Reunion,Tier 2,Tier 5,Tier 5,84.36,23.67,23.67,71,1
16654,County Durham &amp; Darlington NHS Foundation Trust,Tier 1,Free,Free,,0.0,0.0,35,1
16655,MindStore International Limited,Tier 3,Tier 4,Tier 4,49.74,143.5,143.5,28,1
16657,TRFC Events Committee,Tier 2,Tier 5,Tier 5,74.72,42.75,42.75,57,1
16660,Leeds Marathi Mitra Mandal,Tier 2,Tier 5,Tier 5,86.55,20.0,20.0,60,1
16662,Godstowe,Tier 4,Free,Free,,0.0,0.0,717,1
16663,Northbrook Park,Tier 4,Free,Free,,0.0,0.0,1088,2
16668,Chris Diamand Music,Tier 2,Tier 5,Tier 5,76.94,32.78,32.78,65,2
1667,Lancaster Singers,NIL,Nil,Nil,,0.0,73.08,0,2
16670,Arlington Museum,Tier 1,Tier 5,Tier 5,94.99,7.58,7.58,14,1
16671,Testway Youth Football League,Tier 3,Free,Free,,0.0,0.0,280,2
16674,Torphichen Community Centre,Tier 2,Tier 5,Tier 5,68.41,52.08,52.08,100,2
16676,Get Active Ston Easton,Tier 1,Tier 5,Tier 5,91.56,9.25,9.25,19,2
16677,Rattle and Rhyme,Tier 1,Tier 5,Tier 5,95.59,6.5,6.5,24,1
1668,EiR Lancaster,NIL,Nil,Nil,,0.0,0.0,0,1
16681,St Clare Hospice Account,Tier 4,Tier 4,Tier 4,33.41,339.38,339.38,304,1
16683,Comrie Community Woodland,Tier 2,Free,Free,,0.0,0.0,108,1
16684,FlowMotion,Tier 3,Tier 4,Tier 4,48.29,135.02,135.02,138,2
16686,Essex Property Chats,Tier 2,Free,Free,,0.0,0.0,75,2
16689,Owen Roes GFC,Tier 2,Tier 5,Tier 5,66.86,64.5,64.5,86,1
16690,Staff Experience &amp; Engagement Team,Tier 3,Free,Free,,0.0,0.0,369,1
16691,Burns Club of London,Tier 3,Tier 4,Tier 4,37.47,235.42,235.42,99,2
16695,Chesham Stags Rugby Club,Tier 2,Tier 5,Tier 5,80.15,31.33,31.33,94,1
16696,Gracie,Tier 2,Tier 5,Tier 5,92.15,12.21,12.21,41,1
16698,LFF TEENS AND TWEENS,Tier 1,Free,Free,,0.0,0.0,15,1
16702,DYW,Tier 1,Free,Free,,0.0,0.0,19,1
16703,Anselms,Tier 4,Tier 4,Tier 4,32.56,305.42,305.42,800,2
16704,Houghton Toddlers,Tier 2,Tier 5,Tier 5,78.63,34.38,34.38,96,1
16706,Esselle Sports,Tier 3,Tier 5,Tier 5,51.29,117.5,117.5,190,2
16708,Swan Entertainment,Tier 3,Tier 5,Tier 5,58.43,95.0,95.0,85,1
16709,Oxgangs PTA,Tier 3,Tier 5,Tier 5,64.43,64.38,64.38,178,2
16711,The Beatroots,Tier 1,Tier 5,Tier 5,84.89,22.96,22.96,37,1
16714,Avington,Tier 3,Free,Free,,0.0,0.0,150,1
16717,Bec Healey,Tier 2,Tier 5,Tier 5,75.04,36.67,36.67,110,2
16721,Green Man Medical,Tier 1,Tier 5,Tier 5,91.78,8.75,8.75,10,2
16723,Grange Soroptimists,Tier 1,Tier 5,Tier 5,90.36,10.88,10.88,18,2
16729,Burghley Park Cricket Club,Tier 2,Tier 5,Tier 5,70.79,52.71,52.71,55,1
16731,Quintessentially Christmas,Tier 3,Tier 5,Tier 5,54.91,111.78,111.78,153,1
16732,Swap &amp; Style,Tier 1,Tier 5,Tier 5,93.65,9.88,9.88,31,1
16733,Friends of Lancaster Cemetery,Tier 2,Tier 5,Tier 5,90.91,10.12,10.12,79,2
16737,Open Water Swim Coaching,Tier 1,Free,Free,,0.0,0.0,28,1
16738,Lowered Tones,Tier 1,Free,Free,,0.0,0.0,28,1
16739,Kirsty Bourne,Tier 3,Tier 4,Tier 4,37.64,233.42,233.42,226,2
16740,Arts for Health at Alder Hey,Tier 3,Free,Free,,0.0,0.0,323,2
16742,Community Catalysts CIC,Tier 1,Free,Free,,0.0,0.0,18,1
16744,Sherborne Schools Group Events,Tier 4,Tier 3,Tier 3,26.05,459.67,459.67,536,2
16745,Project Joy,Tier 2,Free,Free,,0.0,0.0,119,1
16746,North Camden Chorus,Tier 2,Tier 5,Tier 5,61.55,73.38,73.38,105,2
1675,Lancaster Morecambe & District Law Society,NIL,Nil,Nil,,0.0,206.75,0,2
16754,CLASP,Tier 3,Tier 4,Tier 4,50.01,124.67,124.67,195,2
16755,Tommy Lindley,Tier 3,Tier 5,Tier 5,53.78,117.61,117.61,62,1
16756,Honorary Consul for Israel in Scotland,Tier 3,Free,Free,,0.0,0.0,213,1
16757,Infinite Business Consulting,Tier 2,Tier 5,Tier 5,73.68,39.68,39.68,74,2
16758,KatieLee,Tier 2,Free,Free,,0.0,0.0,40,1
16766,Howell,Tier 2,Tier 5,Tier 5,65.41,69.04,69.04,79,1
16767,merseymindproject,Tier 2,Free,Free,,0.0,0.0,46,1
16770,Exning Presents,Tier 2,Tier 5,Tier 5,77.36,37.21,37.21,56,1
16772,Birchington Christmas,Tier 3,Tier 5,Tier 5,62.32,80.22,80.22,312,1
1678,Blackpool Symphony Orchestra,Tier 3,Tier 4,Tier 4,29.32,149.75,863.96,225,8
16784,Nylah Gigi&#39;s Memorial Tournament,NIL,Nil,Nil,,2.42,2.42,6,1
16791,Paul Salt,Tier 2,Tier 5,Tier 5,86.47,16.57,16.57,53,2
16793,Train My Mind,Tier 1,Tier 5,Tier 5,84.28,19.54,19.54,12,2
16794,Science Matters,Tier 2,Tier 5,Tier 5,72.79,41.5,41.5,12,2
16796,Jumping Generations,NIL,Nil,Nil,,1.0,1.0,3,1
168,Cheadle Hulme School,NIL,Nil,Nil,,0.0,1416.96,0,7
16800,MAQ,NIL,Nil,Nil,,0.0,0.0,5,1
16801,Cities Embracing Jewish Heritage,Tier 3,Free,Free,,0.0,0.0,245,1
16802,The Band Project for Restore the Music,Tier 3,Tier 4,Tier 4,50.04,140.71,140.71,258,1
16804,Kinship activities,Tier 2,Free,Free,,0.0,0.0,58,1
16805,Northaw Transition CIC,Tier 2,Free,Free,,0.0,0.0,51,1
16806,St Austell Cricket Club,Tier 4,Tier 4,Tier 4,31.33,388.12,388.12,1295,1
16809,Wellacre Academy,Tier 4,Free,Free,,0.0,0.0,412,1
16810,AWS Catterick,NIL,Nil,Nil,,0.0,0.0,2,1
16811,Kidscan - Michelle Attak,Tier 3,Tier 4,Tier 4,49.83,142.58,142.58,59,1
16812,JRC Jewish Events,Tier 1,Tier 5,Tier 5,96.75,4.38,4.38,30,1
16814,Lancs Road Club,Tier 1,Tier 5,Tier 5,91.24,9.75,9.75,29,2
16815,NSRA,NIL,Nil,Nil,,0.0,0.0,1,1
16819,Coedffranc PTA,Tier 2,Tier 5,Tier 5,76.18,39.75,39.75,53,1
16821,Stirling Chinese Community Group,Tier 2,Tier 5,Tier 5,88.37,17.29,17.29,60,1
16824,South Oxhey Choir,Tier 2,Tier 5,Tier 5,74.43,43.5,43.5,67,1
16827,The Purple Turtle,Tier 3,Tier 5,Tier 5,60.46,77.43,77.43,284,2
1683,Miss Joanne's School of Dance,Tier 4,Tier 3,Tier 3,16.1,394.2,1327.77,998,7
16830,Pentland Centre,Tier 2,Free,Free,,0.0,0.0,118,2
16834,TrustonTap,Tier 2,Free,Free,,0.0,0.0,78,1
16837,West Suffolk Trades Union Council,NIL,Nil,Nil,,0.0,0.0,1,1
16839,Lisa McCormick,Tier 2,Free,Free,,0.0,0.0,47,1
1684,Potters Bar Choral Society,Tier 2,Tier 5,Tier 5,61.27,47.5,107.75,60,4
16843,Heversham8396,Tier 1,Tier 5,Tier 5,90.34,14.88,14.88,17,1
16844,South Devon Bal Folk,Tier 3,Tier 5,Tier 5,51.4,117.13,117.13,179,2
16846,Old Shirburnian Society,Tier 2,Tier 5,Tier 5,64.43,64.38,64.38,103,2
16847,June Tobin,Tier 1,Tier 5,Tier 5,98.52,0.21,0.21,12,1
16848,RAY (Refugee Action York),Tier 3,Tier 5,Tier 5,61.27,83.46,83.46,67,1
1685,Kentish Opera,NIL,Nil,Nil,,0.0,817.71,0,3
16851,Susie Tracey,Tier 2,Tier 5,Tier 5,88.32,14.0,14.0,42,2
16854,Work and Health Team,Tier 3,Free,Free,,0.0,0.0,275,2
16855,Stuba,NIL,Nil,Nil,,0.0,0.0,1,1
16858,Adisa Extrawdinaire,NIL,Nil,Nil,,1.63,1.63,3,1
16859,Drive 4UR Community,Tier 3,Tier 5,Tier 5,95.7,6.46,6.46,136,1
16862,Evenjobb Village Hall,Tier 1,Tier 5,Tier 5,93.78,9.75,9.75,18,1
16863,Bridge &amp; Patrixbourne CEP School,Tier 3,Free,Free,,0.0,0.0,177,2
16866,Motorhome Depot South Lakes,NIL,Nil,Nil,,0.0,0.0,9,2
16867,St John&#39;s College Choir Association,Tier 2,Tier 5,Tier 5,79.94,31.75,31.75,33,1
16869,SSAFA West Midlands North,NIL,Nil,Nil,,2.63,2.63,1,2
1687,Sedbergh SSFC South Africa Dinner,NIL,Nil,Nil,,0.0,444.38,0,1
16871,The King&#39;s School in Macclesfield,Tier 4,Free,Free,,0.0,0.0,665,1
16881,Calderwood Friday Night Dinner,Tier 2,Tier 5,Tier 5,74.12,44.67,44.67,79,1
16882,NYC Fundraiser,NIL,Nil,Nil,,0.0,0.0,2,1
16888,Robyn Leach,Tier 2,Tier 5,Tier 5,72.55,47.56,47.56,106,1
1689,Furneux Pelham school association,NIL,Nil,Nil,,0.0,107.83,0,2
16890,Imogen Graham,Tier 3,Tier 5,Tier 5,56.72,104.0,104.0,240,1
16893,Ulverston Town Band,Tier 2,Tier 5,Tier 5,81.86,27.96,27.96,62,1
16901,Tandridge Photographic Society,Tier 1,Tier 5,Tier 5,88.4,13.93,13.93,32,2
16902,Barham CE Primary School,Tier 3,Free,Free,,0.0,0.0,145,2
16904,Kinloss Barracks Community Forum,Tier 4,Tier 4,Tier 4,47.89,137.4,137.4,506,2
16906,MESSY CHURCH,Tier 2,Free,Free,,0.0,0.0,64,2
16908,MJH ArtStudio,Tier 3,Tier 5,Tier 5,57.76,87.01,87.01,53,2
16913,Linden Bridge School,Tier 3,Free,Free,,0.0,0.0,136,2
16915,Minter Et Al,Tier 2,Tier 5,Tier 5,71.66,50.25,50.25,97,1
16916,Friends of Leehurst Swan,Tier 4,Tier 4,Tier 4,39.61,239.75,239.75,594,1
16918,Carlisle United South cumbria,Tier 2,Tier 5,Tier 5,64.74,71.17,71.17,61,1
16919,St Francis RC PS Parent Council,Tier 3,Tier 5,Tier 5,80.22,25.92,25.92,362,2
16920,Inverness Highlanders,Tier 2,Tier 5,Tier 5,69.14,57.42,57.42,106,1
16921,Louise Cross,Tier 2,Tier 5,Tier 5,76.08,40.04,40.04,123,1
16922,Torriano Meeting House,Tier 1,Tier 5,Tier 5,93.0,10.71,10.71,14,1
16924,St Paul&#39;s Girls School Environmental Action Committee,Tier 2,Free,Free,,0.0,0.0,50,1
16925,YAS Charity,Tier 4,Tier 4,Tier 4,38.72,250.17,250.17,1501,1
16926,Health Inequalities Events,Tier 1,Free,Free,,0.0,0.0,23,1
16927,Walesby PTA,Tier 2,Tier 5,Tier 5,85.6,21.67,21.67,40,1
16928,Sheffield Youth Orchestra,Tier 4,Tier 4,Tier 4,29.86,359.29,359.29,813,2
16929,Sean McArdle,Tier 2,Tier 5,Tier 5,80.07,26.27,26.27,30,2
16930,The Hillery Family Foundation,Tier 2,Free,Free,,0.0,0.0,79,2
16931,Willowbrook Hospice,Tier 2,Tier 5,Tier 5,68.06,61.21,61.21,58,1
16934,Friends of Longridge Library,Tier 2,Tier 5,Tier 5,67.24,56.0,56.0,110,2
16938,Kay Clarkson,Tier 3,Tier 5,Tier 5,52.76,109.77,109.77,264,2
16942,Hugo&#39;s,Tier 2,Tier 5,Tier 5,79.21,28.12,28.12,40,2
16944,Percival Guildhouse,NIL,Nil,Nil,,0.0,0.0,1,1
16945,King George Memorial Hall,Tier 4,Tier 4,Tier 4,33.1,293.75,293.75,483,2
16946,TA Supervisors and Trainers Network,Tier 2,Tier 5,Tier 5,64.2,73.0,73.0,24,1
1695,Lester Bartlett,NIL,Nil,Nil,,0.0,184.12,0,4
16951,Junior Masters,Tier 3,Tier 5,Tier 5,61.3,83.33,83.33,107,1
16952,White Cliffs Pool Association,Tier 2,Tier 5,Tier 5,81.11,29.29,29.29,68,1
16960,Nav Durga Utsav Basingstoke,Tier 2,Tier 5,Tier 5,93.42,10.17,10.17,77,1
16961,Pond Meadow,Tier 2,Free,Free,,0.0,0.0,56,2
16962,MISS M OPPONG MENSAH,Tier 2,Tier 5,Tier 5,82.83,25.79,25.79,92,1
16963,Whinless Down Academy Trust,Tier 2,Free,Free,,0.0,0.0,112,1
16968,Adelle Selkie Art,NIL,Nil,Nil,,3.0,3.0,4,1
1697,BDSIP,NIL,Nil,Nil,,0.0,0.0,0,1
16972,Christmas Party,Tier 3,Tier 5,Tier 5,55.05,110.83,110.83,70,1
16981,personality disorders cic,Tier 1,Tier 5,Tier 5,95.59,6.5,6.5,12,1
16982,Red Dragon Ventures Ltd,NIL,Nil,Nil,,30.75,30.75,6,1
16983,Kelly Turtington,Tier 2,Tier 5,Tier 5,80.96,24.67,24.67,74,2
16984,SLIS,Tier 4,Free,Free,,0.0,0.0,569,1
16985,Floral Fringe Fair,NIL,Nil,Nil,,0.0,0.0,4,1
16987,Sefton Charities,Tier 3,Tier 5,Tier 5,60.45,86.31,86.31,93,1
16988,Devonshire Secondhand Uniform,Tier 1,Free,Free,,0.0,0.0,14,1
16989,Staveley Satellites,Tier 2,Tier 5,Tier 5,68.12,53.21,53.21,85,2
16999,Town Hall January 3rd 2026 Concert Tickets,Tier 3,Tier 4,Tier 4,45.39,157.33,157.33,148,2
17,Casterton Sedbergh Preparatory School,NIL,Nil,Nil,,0.0,0.0,0,8
17000,SHSK Yr 11 Prom 2026,Tier 3,Tier 4,Tier 4,38.94,214.21,214.21,97,2
17002,Newbuildings Fireworks,Tier 2,Tier 5,Tier 5,84.06,23.96,23.96,88,1
17003,Deneholm Primary School PTA,Tier 4,Tier 5,Tier 5,56.92,90.59,90.59,471,2
17006,Wellacre Careers Fair,Tier 3,Free,Free,,0.0,0.0,257,1
17009,Crusaders Rugby Club,Tier 1,Tier 5,Tier 5,90.23,15.05,15.05,12,1
17012,Property Chats - Crawley,Tier 1,Free,Free,,0.0,0.0,12,2
17014,USSG,Tier 3,Tier 5,Tier 5,52.27,126.09,126.09,67,1
17019,Lottie Darby,Tier 3,Tier 5,Tier 5,57.4,88.77,88.77,210,2
17021,University of Nottingham Innovation Park,Tier 3,Free,Free,,0.0,0.0,157,2
17022,Oswestry Rheumatology Association,NIL,Nil,Nil,,1.25,1.25,2,1
17028,Poonam Batra,NIL,Nil,Nil,,6.33,6.33,4,1
17030,ANTONIA KLEOPA,Tier 1,Tier 5,Tier 5,97.18,3.5,3.5,11,1
17031,Central Association of Agricultural Valuers,Tier 1,Tier 5,Tier 5,95.68,0.79,0.79,13,2
17032,St Andrew's PTA,Tier 4,Tier 4,Tier 4,29.68,366.47,366.47,1274,2
17036,A Bridge Apart,Tier 2,Free,Free,,0.0,0.0,96,1
1704,Apedale Heritage Centre,Tier 3,Tier 4,Tier 4,30.78,146.88,759.67,159,7
17044,Parks and Countryside team,Tier 3,Free,Free,,0.0,0.0,257,2
17045,3Cs Community,Tier 2,Tier 5,Tier 5,83.28,21.33,21.33,64,2
17046,The Judd School,Tier 4,Free,Free,,0.0,0.0,600,1
17047,Tintinhull Drama Group,Tier 2,Free,Free,,0.0,0.0,96,1
1705,Miss Fashion Week UK,NIL,Nil,Nil,,0.0,41.92,0,2
17051,Moulsford Parents Association,Tier 4,Tier 4,Tier 4,29.08,379.39,379.39,624,2
17053,Wise Agriculture Ltd,Tier 2,Tier 5,Tier 5,85.6,21.67,21.67,65,1
17056,AlexAlex,NIL,Nil,Nil,,0.17,0.17,1,1
17059,Lancaster City Council,Tier 1,Free,Free,,0.0,0.0,23,1
1706,St Mary's Calne,NIL,Nil,Nil,,0.0,0.0,0,4
17068,SPA - Dance,Tier 4,Tier 4,Tier 4,29.13,377.92,377.92,68,2
17069,First Frame Productions LTD,Tier 4,Tier 4,Tier 4,35.53,258.01,258.01,60,2
17070,Feathers,Tier 2,Tier 5,Tier 5,76.5,39.25,39.25,61,1
17073,St Kenelms HSA,Tier 3,Tier 5,Tier 5,63.5,75.26,75.26,215,1
17074,Stephen Poleon,Tier 1,Free,Free,,0.0,0.0,15,1
17075,Kerry Banks BEM,Tier 2,Tier 5,Tier 5,71.71,44.42,44.42,82,2
17077,Ryarsh PTFA,Tier 4,Tier 3,Tier 3,24.53,625.33,625.33,1450,1
17078,Friends of St Barnabas C E Primary School PTA,Tier 3,Tier 5,Tier 5,65.12,62.49,62.49,229,2
17087,Brandywine Theatre Company,Tier 2,Tier 5,Tier 5,82.36,26.78,26.78,41,1
17088,Friends of St Martins School Scarborough FOSMs,Tier 3,Tier 5,Tier 5,73.75,45.21,45.21,155,1
17089,The Cart Shed,Tier 3,Tier 5,Tier 5,50.83,120.25,120.25,37,2
1709,IPA Course Development,NIL,Nil,Nil,,0.0,0.0,0,1
17092,Chittlehampton Twinning Association,Tier 2,Tier 5,Tier 5,65.28,69.38,69.38,111,1
17097,Forth Valley Family Support Services,NIL,Nil,Nil,,0.0,0.0,9,1
17098,AOUP,Tier 1,Free,Free,,0.0,0.0,13,1
171,MTJBS Sport,NIL,Nil,Nil,,0.0,0.0,0,2
1710,Bolton Cancer Voices,NIL,Nil,Nil,,0.0,14.96,0,1
17103,The young explorerers forest school,Tier 2,Tier 5,Tier 5,75.49,35.51,35.51,91,2
17105,Precision HR Limited,NIL,Nil,Nil,,29.38,29.38,7,1
17108,Kendal Youth Darts Academy,Tier 3,Tier 4,Tier 4,47.06,144.96,144.96,187,2
17111,Sarah Hartley,Tier 1,Tier 5,Tier 5,96.82,4.33,4.33,13,1
17117,Hyndburn &amp; Ribble Valley CVS,Tier 1,Free,Free,,0.0,0.0,36,1
17119,Ashton on Mersey Golf Club,Tier 3,Tier 4,Tier 4,48.89,131.0,131.0,99,2
1712,Worksop Community Gospel Choir,NIL,Nil,Nil,,0.0,3.67,0,1
17121,LMC Training Solutions,NIL,Nil,Nil,,2.63,2.63,1,1
17124,Dolly,Tier 3,Tier 5,Tier 5,61.18,74.28,74.28,171,2
17129,WMCTClecture,NIL,Nil,Nil,,0.0,0.0,7,1
17141,See of Oswestry,Tier 4,Tier 4,Tier 4,30.84,395.5,395.5,62,1
17142,York Dukes,Tier 3,Tier 5,Tier 5,66.73,57.21,57.21,239,2
17143,Nathan Moorby,NIL,Nil,Nil,,0.0,0.0,1,1
17146,Tank Tour,Tier 2,Tier 5,Tier 5,80.8,30.0,30.0,48,1
17149,Sawley CC,Tier 2,Tier 5,Tier 5,62.63,79.33,79.33,68,1
17155,Magdalen College School Brackley,Tier 4,Tier 4,Tier 4,39.44,208.48,208.48,532,2
17158,Barefoot Music,Tier 3,Tier 5,Tier 5,56.01,94.58,94.58,248,2
17159,ADLER FC,NIL,Nil,Nil,,1.29,1.29,1,1
17161,@beccasaud Rebecca Rampersaud Events,Tier 2,Tier 5,Tier 5,67.42,62.96,62.96,25,1
17165,Northampton Concert Orchestra,Tier 1,Tier 5,Tier 5,83.45,20.96,20.96,36,2
17167,Austin Friars PTA,Tier 2,Tier 5,Tier 5,83.16,21.61,21.61,81,2
17168,Caf&#233; Roo,Tier 2,Tier 5,Tier 5,85.19,22.39,22.39,41,1
17170,TABUK,NIL,Nil,Nil,,0.17,0.17,1,1
17179,Arun Padakanti,Tier 3,Tier 5,Tier 5,74.16,44.54,44.54,174,1
17182,Pennthorpe School,Tier 4,Tier 4,Tier 4,48.17,135.5,135.5,1619,2
17184,Packington Recreation Ground,NIL,Nil,Nil,,9.04,9.04,3,1
17186,Bender UK,Tier 1,Free,Free,,0.0,0.0,37,1
17187,Social Prosper,NIL,Nil,Nil,,2.33,2.33,7,1
17188,Esselle Bowling,Tier 3,Tier 4,Tier 4,46.71,147.5,147.5,229,2
17190,Fable and Mirth,Tier 2,Tier 5,Tier 5,80.47,30.71,30.71,34,1
17193,Julian Hawes,NIL,Nil,Nil,,0.0,0.0,4,1
17196,Rawthey,Tier 3,Tier 4,Tier 4,45.08,160.12,160.12,61,2
172,Julian Pugsley,NIL,Nil,Nil,,0.0,11.32,0,1
17203,PPN Stratford,NIL,Nil,Nil,,0.0,0.0,1,1
17206,Naomi Jacobs,NIL,Nil,Nil,,0.0,0.0,7,1
17208,NHNN Therapy and Rehab,NIL,Nil,Nil,,0.75,0.75,1,1
1721,Disco Daddy,NIL,Nil,Nil,,0.0,149.25,0,4
17220,Gigs At The Common,Tier 1,Tier 5,Tier 5,92.78,11.13,11.13,23,1
17223,Queen's College Enterprise,High Value,Tier 3,Tier 2,12.68,1518.22,1518.22,1588,2
17224,HAODS,Tier 2,Tier 5,Tier 5,71.07,51.67,51.67,39,1
17226,Anord Mardix,Tier 1,Free,Free,,0.0,0.0,19,1
17231,Brett Speed,Tier 3,Free,Free,,0.0,0.0,328,2
17234,Asita Pearce,Tier 3,Tier 5,Tier 5,61.39,83.01,83.01,81,1
17238,Elmridge Primary School PTA,Tier 2,Tier 5,Tier 5,80.29,31.08,31.08,36,1
1724,NHS West Hertfordshire Hospitals NHS Trust,NIL,Nil,Nil,,0.0,147.62,0,1
17244,Friends of Great Bentley Primary School,NIL,Nil,Nil,,0.33,0.33,2,1
17249,Hooray Party Box,Tier 1,Tier 5,Tier 5,85.36,18.0,18.0,19,2
1725,National Theatre Learning,NIL,Nil,Nil,,0.0,0.0,0,2
17251,Skyblupinkcreative,NIL,Nil,Nil,,4.79,4.79,5,1
17255,Island Society,Tier 2,Tier 5,Tier 5,68.0,61.79,61.79,56,1
17256,Winshill Village Primary and Nursery School PTFA,Tier 3,Tier 5,Tier 5,64.84,63.0,63.0,339,2
1726,Blaenau Gwent Young Stars Musical Theatre Company,NIL,Nil,Nil,,0.0,137.55,0,3
17264,Cairnshill PSA,Tier 3,Tier 5,Tier 5,73.02,46.79,46.79,128,1
17268,EGCA Fireworks,Tier 4,Tier 4,Tier 4,46.22,170.05,170.05,432,1
17269,Frithwood School Association,Tier 4,Tier 4,Tier 4,46.35,169.21,169.21,460,1
1727,Age UK Oxfordshire,NIL,Nil,Nil,,0.0,8.67,0,1
17271,Sixth_form_senior_team,Tier 4,Tier 4,Tier 4,39.03,213.11,213.11,510,2
17274,Friends of St Mary&#39;s IOM,Tier 4,Tier 4,Tier 4,28.54,391.33,391.33,1303,2
1728,Old Bedstonian Society,NIL,Nil,Nil,,0.0,25.71,0,1
17281,St Gildas,Tier 3,Free,Free,,0.0,0.0,319,2
17285,Third Child Events,Tier 2,Tier 5,Tier 5,78.74,34.17,34.17,35,1
17287,AT Children and Families,Tier 1,Tier 5,Tier 5,83.77,20.38,20.38,15,2
17289,Polish Family Association,Tier 2,Free,Free,,0.0,0.0,51,2
1729,Golden Dragon Martial Arts,NIL,Nil,Nil,,0.0,40.83,0,2
17293,Friends of St John&#39;s CE Academy,Tier 3,Tier 5,Tier 5,63.98,65.73,65.73,220,2
17295,The Meadow Barns Centre 4 Climate Hope,NIL,Nil,Nil,,1.08,1.08,7,2
17296,McAuley Steward,Tier 1,Tier 5,Tier 5,84.58,23.37,23.37,18,1
17298,Cheriton Primary School PTFA,Tier 1,Tier 5,Tier 5,92.47,11.5,11.5,37,1
173,Alumni Relations,NIL,Nil,Nil,,0.0,0.0,0,3
17301,Paul Tage - Chairman - Reform - Maldon,Tier 2,Tier 5,Tier 5,67.51,62.83,62.83,66,1
17306,Fetcham Event,Tier 2,Tier 5,Tier 5,93.17,10.43,10.43,45,1
17307,New Holland Primary School,Tier 2,Free,Free,,0.0,0.0,39,2
17308,Chichester Festival for Music Dance & Speech,Tier 3,Tier 5,Tier 5,68.95,58.19,58.19,233,1
17309,CrossReach,Tier 3,Tier 5,Tier 5,59.1,92.52,92.52,184,1
17312,Ukraine Appeal,Tier 2,Tier 5,Tier 5,81.58,28.5,28.5,39,1
17315,Send Amateur Dramatic Society,Tier 3,Tier 4,Tier 4,43.71,169.79,169.79,319,2
17318,Josephine Davis,Tier 2,Free,Free,,0.0,0.0,83,1
17323,Chorley Council - Housing Options,Tier 1,Free,Free,,0.0,0.0,25,1
17330,Penrith Quaker Meeting,Tier 2,Free,Free,,0.0,0.0,42,1
17335,Georgian Gardens PTA,Tier 4,Tier 4,Tier 4,36.25,286.92,286.92,903,1
17343,Culford School - Music Department,Tier 3,Free,Free,,0.0,0.0,283,2
17344,Jack WIlkinson,Tier 3,Free,Free,,0.0,0.0,284,2
17347,HI for Palestinians,Tier 3,Tier 5,Tier 5,53.94,104.67,104.67,166,2
17349,The Geordieland Experience,Tier 1,Tier 5,Tier 5,95.16,2.12,2.12,21,2
17351,Dr Morgan Maths Tutor,NIL,Nil,Nil,,4.67,4.67,4,1
17358,Business Confidence Club,NIL,Nil,Nil,,0.13,0.13,2,1
17365,ICMG Edmonton,Tier 2,Tier 5,Tier 5,69.95,55.58,55.58,35,1
17366,St Lawrence&#39;s Christmas Fair 2025 - Santa&#39;s Grotto,Tier 2,Tier 5,Tier 5,84.33,23.7,23.7,49,1
1737,Mini Movers,Tier 4,Tier 3,Tier 3,20.6,217.04,2070.77,410,8
17371,Appleton Players,NIL,Nil,Nil,,1.33,1.33,4,1
17372,Terror Management,Tier 2,Tier 5,Tier 5,75.24,36.04,36.04,63,2
1738,Disco Ducks with Spotlight Dance Academy,NIL,Nil,Nil,,0.0,114.92,0,2
17381,EYFS Prep items,Tier 1,Tier 5,Tier 5,90.81,10.21,10.21,13,2
17382,Badminton School,Tier 3,Free,Free,,0.0,0.0,167,1
17388,Carlisle Diocese Renewal Retreat,Tier 1,Free,Free,,0.0,0.0,30,1
17389,Trafford Music Service,Tier 1,Tier 5,Tier 5,91.64,9.0,9.0,26,2
1739,Harmony Sinfonia,Tier 3,Tier 4,Tier 4,27.3,194.83,658.62,280,8
17393,Christmas Drag &amp; Drive,Tier 1,Tier 5,Tier 5,95.77,6.38,6.38,17,1
174,Rachel & Joy,NIL,Nil,Nil,,0.0,48.43,0,1
1740,EVA Cumbria Finalist Events,NIL,Nil,Nil,,0.0,22.42,0,1
17408,Armitstead events,Tier 2,Free,Free,,0.0,0.0,56,2
1741,CleanTheSeas,NIL,Nil,Nil,,0.0,0.0,0,1
17420,St Leonard’s PTA,Tier 2,Tier 5,Tier 5,76.41,39.43,39.43,90,1
17444,Brooklands Club,Tier 2,Tier 5,Tier 5,75.3,35.93,35.93,71,2
17446,Lauren Waterworth,Tier 4,Tier 4,Tier 4,34.72,271.67,271.67,424,2
17447,Maya Lesch,Tier 3,Tier 4,Tier 4,38.39,223.25,223.25,141,2
17448,The star Inn,Tier 2,Tier 5,Tier 5,74.93,36.83,36.83,79,2
17450,Étoile Reverie,Tier 2,Tier 5,Tier 5,71.81,50.0,50.0,80,1
17451,Wyre Forest Chamber Choir,Tier 2,Tier 5,Tier 5,85.78,21.46,21.46,40,1
17453,Abbey musical youth,Tier 2,Tier 5,Tier 5,81.47,28.67,28.67,86,1
17454,Ms2407,Tier 3,Tier 5,Tier 5,54.45,102.96,102.96,62,2
1746,Jiu-Jitsu (IJJA),NIL,Nil,Nil,,0.0,19.38,0,2
1747,Charity Football Match,Tier 2,Tier 5,Tier 5,55.78,51.38,190.26,83,4
17472,CLIP community led inclusion partnership,Tier 2,Free,Free,,0.0,0.0,114,2
17473,Bressingham Primary School,Tier 3,Free,Free,,0.0,0.0,165,1
17476,Rodeo Duo,High Value,Tier 4,Tier 4,43.28,173.17,173.17,2999,2
1748,St Peter's Collegians' Association,Tier 3,Tier 4,Tier 4,29.43,171.58,709.83,35,6
17487,VRFC-Wilson,Tier 2,Tier 5,Tier 5,66.1,67.27,67.27,104,1
17490,North West Cancer Research,Tier 4,Tier 3,Tier 3,24.43,509.58,509.58,726,2
17492,ROM Theatre Arts,Tier 3,Tier 5,Tier 5,62.46,79.68,79.68,161,1
17493,LSE Estates Division,Tier 2,Free,Free,,0.0,0.0,99,1
17496,JezSFCIC,Tier 2,Free,Free,,0.0,0.0,38,2
175,Kendal College,NIL,Nil,Nil,,0.0,86.33,0,2
1750,Viables Community Association,Tier 4,Tier 2,Tier 3,11.28,452.44,3685.45,1898,8
17504,Rachel Hucker,NIL,Nil,Nil,,7.0,7.0,6,1
17505,Cuckfield Progressive Supper,Tier 3,Tier 5,Tier 5,54.65,101.96,101.96,89,2
17507,Bethany Gough,Tier 2,Tier 5,Tier 5,80.79,25.02,25.02,57,2
17514,The Big Get Together,NIL,Nil,Nil,,0.0,0.0,3,1
17516,Robert Monk,Tier 3,Tier 4,Tier 4,42.6,177.13,177.13,137,2
17517,Ceremonies by Fleur,Tier 1,Free,Free,,0.0,0.0,13,1
17519,Nightingale Primary PTA,Tier 3,Tier 5,Tier 5,74.21,44.53,44.53,169,1
17520,Swim Club,Tier 3,Tier 5,Tier 5,54.74,112.58,112.58,370,1
17521,PNC HR LTD,NIL,Nil,Nil,,3.79,3.79,7,1
17522,Dramacube,High Value,Tier 2,Tier 2,11.84,1705.17,1705.17,2191,2
17524,The Granville School,Tier 3,Free,Free,,0.0,0.0,386,1
17528,St Patrick’s Primary School  Portrush,Tier 2,Tier 5,Tier 5,70.04,55.25,55.25,102,1
1753,Bellfield Brewery Tap Room,NIL,Nil,Nil,,0.0,0.0,0,1
17530,Orange Frog,NIL,Nil,Nil,,8.83,8.83,4,1
17533,LFQC,NIL,Nil,Nil,,0.0,0.0,4,1
1754,P.A.N.T.S,NIL,Nil,Nil,,0.0,162.78,0,2
17540,Redstones Dufton,Tier 2,Tier 5,Tier 5,70.17,54.96,54.96,73,1
17541,SPARTA,Tier 3,Tier 5,Tier 5,55.89,95.0,95.0,50,2
17542,R&amp;R Crafts,Tier 2,Tier 5,Tier 5,77.28,37.54,37.54,17,1
17544,Abby Wilson,Tier 2,Free,Free,,0.0,0.0,60,2
17547,Purplemoon Supervision and Coaching Ltd,NIL,Nil,Nil,,14.75,14.75,7,1
17551,Plymtree Cricket Club,Tier 3,Tier 5,Tier 5,55.02,110.92,110.92,259,1
17557,Katie Wright,Tier 2,Tier 5,Tier 5,73.17,40.86,40.86,85,2
17559,Lothian Hospitals' Choir Christmas Carol Concert,Tier 3,Tier 4,Tier 4,39.54,240.21,240.21,243,1
17561,Ellis Edwards Foundation,Tier 3,Tier 5,Tier 5,59.73,89.38,89.38,143,1
17565,Unlocked Travel Community,Tier 2,Tier 5,Tier 5,74.37,44.0,44.0,32,1
17569,Sheppey RFC,Tier 4,Tier 4,Tier 3,28.06,475.42,475.42,1258,1
17570,halfway petting farm events,Tier 4,Tier 4,Tier 4,45.87,172.81,172.81,712,1
17574,Around the world in 60 minutes🌏,Tier 1,Tier 5,Tier 5,95.97,6.07,6.07,27,1
1759,London Phoenix Orchestra,NIL,Nil,Nil,,0.0,9.67,0,1
17590,Edwinstree Theatre Productions,NIL,Nil,Nil,,1.13,1.13,4,1
17592,Norfolk and Norwich Bat Group,Tier 2,Tier 5,Tier 5,87.51,18.81,18.81,47,1
176,Archbishop Temple School,Tier 4,Tier 3,Tier 3,21.7,275.5,936.51,1353,7
17601,Brandywine Theatre Company,Tier 2,Tier 5,Tier 5,83.95,24.19,24.19,37,1
17609,Feral Outdoor Company Ltd,Tier 2,Tier 5,Tier 5,72.44,42.23,42.23,33,2
1761,Fareham Philharmonic Choir,Tier 3,Tier 4,Tier 4,41.19,111.75,262.75,146,6
17616,Cardinal Heenan Catholic High School Performing Arts,Tier 2,Tier 5,Tier 5,85.75,17.33,17.33,51,2
1762,Gen-i Consulting,NIL,Nil,Nil,,0.0,11.67,0,1
17621,Cheshire Woman Awards,Tier 2,Tier 5,Tier 5,80.8,30.0,30.0,40,1
17628,Yuka,Tier 2,Tier 5,Tier 5,90.19,15.17,15.17,91,1
17631,West Horndon Primary School,Tier 3,Free,Free,,0.0,0.0,176,1
17632,St Peter's Church  North Tawton,Tier 1,Tier 5,Tier 5,92.35,11.78,11.78,20,1
17636,lanah,Tier 3,Free,Free,,0.0,0.0,128,1
17637,Prestwich Ju-Jitsu Club,Tier 2,Free,Free,,0.0,0.0,39,1
17639,Birkenhead School,Tier 4,Tier 3,Tier 3,21.65,792.71,792.71,1259,1
17640,Wyre Forest Youth for Christ,Tier 1,Free,Free,,0.0,0.0,19,2
17645,Feminists4Jina,Tier 2,Tier 5,Tier 5,85.74,21.5,21.5,63,1
1765,Cancer Support Scotland,NIL,Nil,Nil,,0.0,34.0,0,1
17654,PenkethPTFA,Tier 4,Tier 4,Tier 4,29.96,416.26,416.26,1163,1
17655,TGI CHOIR,Tier 3,Tier 5,Tier 5,61.85,81.27,81.27,127,1
17657,Friends of Bolton on Swale C of E Primary School,Tier 2,Tier 5,Tier 5,79.59,27.29,27.29,97,2
17661,FOSS events,Tier 1,Tier 5,Tier 5,94.55,8.38,8.38,28,1
17663,Maria Yugina,Tier 1,Tier 5,Tier 5,89.41,16.29,16.29,21,1
17669,Dunblane Scouts,Tier 2,Tier 5,Tier 5,76.91,38.25,38.25,86,1
1767,Account Deleted,NIL,Nil,Nil,,0.0,0.0,0,1
17672,CACN events,Tier 3,Tier 5,Tier 5,86.86,16.29,16.29,184,2
17673,The Hive,Tier 3,Tier 5,Tier 5,78.87,28.69,28.69,225,2
17676,Longfleet PTA,Tier 2,Tier 5,Tier 5,83.57,20.67,20.67,47,2
17678,Together for Becca,Tier 3,Tier 4,Tier 4,42.25,180.59,180.59,168,2
17679,Home-Start Omagh District HOOP,Tier 4,Free,Free,,0.0,0.0,499,2
1768,Sandhurst Joggers run LLHM for Guide Dogs,NIL,Nil,Nil,,0.0,0.0,0,2
17680,Fram Creativity,Tier 1,Free,Free,,0.0,0.0,19,1
17681,Miss Anika&#39;s School of Dance,Tier 2,Tier 5,Tier 5,87.61,18.58,18.58,50,1
17682,Capgemini UK,Tier 3,Free,Free,,0.0,0.0,246,1
17684,MPS,Tier 4,Tier 4,Tier 4,31.71,376.26,376.26,831,1
17685,Whitehead Sport and Social Club,Tier 3,Tier 5,Tier 5,54.72,101.42,101.42,263,2
17686,The Trull Players,Tier 4,Tier 3,Tier 3,26.83,434.67,434.67,726,2
17687,Obsessive Recessive Roots CIC,Tier 1,Free,Free,,0.0,0.0,26,1
1769,Northern Equine Events,High Value,Tier 2,Tier 2,7.23,623.17,9569.95,342,8
17693,Paulina,NIL,Nil,Nil,,0.0,0.0,3,1
17694,The Limes,Tier 1,Tier 5,Tier 5,96.82,4.33,4.33,13,1
17696,Medway NHS Foundation Trust,Tier 4,Free,Free,,0.0,0.0,709,2
17699,Bewdley Carnival,Tier 3,Tier 5,Tier 4,51.35,117.29,117.29,208,2
177,Ampleforth College Music Department,NIL,Nil,Nil,,0.0,3295.77,0,10
17700,St Thomas of Canterbury Cathedral Centre Ltd,NIL,Nil,Nil,,5.41,5.41,7,1
17703,Claire Stones,Tier 1,Tier 5,Tier 5,85.91,17.25,17.25,13,2
17707,Oswestry rugby club,Tier 3,Tier 5,Tier 5,58.96,82.75,82.75,72,2
1771,Malvern St James OGA,NIL,Nil,Nil,,0.0,988.29,0,7
17710,Laura McFall,Tier 2,Tier 5,Tier 5,65.01,70.04,70.04,20,1
17715,Vocals With Eve,NIL,Nil,Nil,,1.88,1.88,3,1
17717,BAmDram,Tier 2,Tier 5,Tier 5,72.55,42.0,42.0,118,2
17719,Essentially Medical,Tier 4,Free,Free,,0.0,0.0,445,2
17720,Call to Stage Theatre Company,Tier 4,Tier 4,Tier 4,27.6,411.63,411.63,412,2
17723,Kelly &amp; Gabriela,NIL,Nil,Nil,,7.0,7.0,6,1
17724,Capel-le-Ferne PFA,Tier 3,Tier 5,Tier 4,53.63,118.96,118.96,308,1
17730,Purpose Bakery,NIL,Nil,Nil,,3.5,3.5,3,1
17736,Justine,NIL,Nil,Nil,,0.0,0.0,1,1
1774,Icicle Mountaineering,NIL,Nil,Nil,,0.0,0.0,0,1
17741,Letting the outside in,Tier 2,Tier 5,Tier 5,80.62,25.19,25.19,15,2
17745,UOM Film,Tier 2,Free,Free,,0.0,0.0,124,1
17746,YOGA DANCE FOOD,Tier 3,Tier 5,Tier 5,58.27,85.08,85.08,36,2
1775,Lancaster Lindy Circle,NIL,Nil,Nil,,0.0,35.25,0,1
17754,Unified Sports Centre Limited,Tier 3,Tier 4,Tier 4,41.87,183.92,183.92,380,2
17755,Up Up &amp; Away,Tier 3,Free,Free,,0.0,0.0,363,2
17771,HH ICU Wellness Group,Tier 2,Tier 5,Tier 5,96.52,4.96,4.96,50,1
17772,Pleo Reachout Organisation CIC,Tier 2,Tier 5,Tier 5,67.87,61.96,61.96,28,1
17774,Malmesbury Paranomal Society,Tier 2,Tier 5,Tier 5,85.75,17.33,17.33,52,2
17775,Chenade Ogungbadero,Tier 3,Tier 5,Tier 4,52.68,124.25,124.25,294,1
17776,Flight of the Dragonfly,Tier 1,Free,Free,,0.0,0.0,27,1
17777,Clwb Rygbi Bangor,Tier 2,Tier 5,Tier 5,77.33,31.83,31.83,43,2
17778,WBHC-PPG,NIL,Nil,Nil,,0.0,0.0,2,1
17779,Kedington RBL events,Tier 2,Tier 5,Tier 5,65.6,60.88,60.88,107,2
1778,South West Chamber Choir,Tier 1,Tier 5,Tier 5,78.81,18.54,28.88,30,5
17780,South Devon Herd Book Society,Tier 1,Free,Free,,0.0,0.0,12,1
17782,Friends of Clevedon School,Tier 1,Tier 5,Tier 5,89.68,15.79,15.79,19,1
1779,Circus Maximus,High Value,Tier 2,Tier 2,5.02,1139.18,4118.29,551,8
17792,Reflect Productions,Tier 3,Tier 5,Tier 5,58.89,92.87,92.87,193,1
17799,ErmystedsOldBoys,Tier 2,Tier 5,Tier 5,70.1,55.13,55.13,81,1
1780,Ascend World Limited,NIL,Nil,Nil,,0.0,0.0,0,1
17801,Family Matters York,Tier 2,Tier 5,Tier 5,62.69,69.42,69.42,123,2
17803,House Of Sculpt,Tier 3,Tier 5,Tier 5,54.12,104.12,104.12,53,2
17808,Troon Hockey Club,Tier 2,Tier 5,Tier 5,88.89,16.71,16.71,80,1
1781,Bramhall Firework Festival at Stockport Rugby Club,Key Account,Tier 1,Tier 1,1.02,4316.07,18280.97,7437,7
17815,Connection Health and Fitness,NIL,Nil,Nil,,7.17,7.17,4,1
1782,Young Cumbria Committee,NIL,Nil,Nil,,0.0,12.75,0,1
17821,Claire Khan,NIL,Nil,Nil,,0.0,0.0,5,1
17823,St Michaels PTFA,Tier 2,Free,Free,,0.0,0.0,114,1
17824,TheFold,Tier 3,Tier 5,Tier 5,54.38,103.38,103.38,167,2
17825,Penicuik Twinning Association,Tier 2,Tier 5,Tier 5,75.56,41.21,41.21,43,1
17827,Louis W Kidger,Tier 3,Tier 5,Tier 5,59.36,81.25,81.25,200,2
17829,Knutsford Methodist Church,Tier 2,Tier 5,Tier 5,88.76,16.83,16.83,38,1
1783,The Play Group,Tier 3,Tier 4,Tier 4,47.0,62.37,404.36,111,6
17830,Lytham Car Show,Tier 3,Tier 4,Tier 4,42.96,175.0,175.0,226,2
17831,Sheen Park Colts,Tier 2,Tier 5,Tier 5,67.5,55.25,55.25,52,2
17832,Mid Ulster Spurs Supporters Club,Tier 2,Tier 5,Tier 5,61.63,73.08,73.08,76,2
17833,Clear Presentations Ltd,Key Account,Tier 2,Tier 2,7.92,4426.13,4426.13,54,2
17836,Living Light Christian Church UK,Tier 3,Tier 4,Tier 4,50.78,120.32,120.32,242,2
1784,mjdlifestyle,Tier 3,Tier 4,Tier 4,34.92,124.63,492.25,38,8
17844,London NEU Unite Branch,Tier 2,Tier 5,Tier 5,72.95,46.88,46.88,65,1
17846,Sarah Events,Tier 2,Tier 5,Tier 5,76.65,33.25,33.25,21,2
17847,Orchard Lea and Friends,Tier 3,Tier 5,Tier 5,69.2,57.32,57.32,247,1
17848,Source Of Life Bakery & Brunch,Tier 2,Tier 5,Tier 5,80.4,30.83,30.83,36,1
1785,Sovereign Women Global Circle,NIL,Nil,Nil,,0.0,5.83,0,1
17850,Border Concert Band,Tier 2,Tier 5,Tier 5,67.37,55.76,55.76,123,2
17851,Sheffield Socials,Tier 2,Free,Free,,0.0,0.0,109,2
17853,Cheltenham Festival preview,Tier 2,Tier 5,Tier 5,80.71,25.08,25.08,57,2
17856,Yanwath,Tier 1,Tier 5,Tier 5,92.01,12.46,12.46,13,1
17859,Bridgwater Pantomime Society,Tier 4,Tier 3,Tier 3,25.93,462.33,462.33,718,2
1786,Jordanhill School,NIL,Nil,Nil,,0.0,210.62,0,3
17863,Hats By Sherry,NIL,Nil,Nil,,12.0,12.0,8,1
17873,Sales Geek Winchester,Tier 1,Tier 5,Tier 5,91.78,8.75,8.75,14,2
17875,1hart1mind1future,Tier 3,Free,Free,,0.0,0.0,218,2
17877,Jordans Village Performs,Tier 2,Tier 5,Tier 5,76.98,32.71,32.71,52,2
1788,Dumfries Car Boot Sales,Tier 4,Tier 3,Tier 3,22.5,253.75,953.29,386,7
17880,KP Jazz,Tier 2,Tier 5,Tier 5,79.63,27.12,27.12,67,2
17883,Friends of Church Langton School,Tier 3,Tier 5,Tier 4,50.9,134.6,134.6,356,1
17884,Prick Up Your Ears CIC,NIL,Nil,Nil,,4.08,4.08,1,1
17885,The HCPC,Tier 3,Free,Free,,0.0,0.0,340,1
17886,GNMS Challah Bake,Tier 3,Tier 4,Tier 4,42.94,175.33,175.33,387,2
17887,Joanne Lazarus,Tier 2,Tier 5,Tier 5,79.88,26.67,26.67,80,2
1789,The Boundstone Chorus,Tier 3,Tier 4,Tier 5,50.62,46.29,390.62,106,7
17892,Friends of Longridge Library,Tier 2,Free,Free,,0.0,0.0,43,1
17893,Chislehurst &amp; Sidcup Grammar School,Tier 4,Free,Free,,0.0,0.0,550,2
17897,The beach house,Tier 2,Tier 5,Tier 5,72.65,47.33,47.33,47,1
17899,RA PTA,Tier 2,Tier 5,Tier 5,83.29,25.04,25.04,44,1
179,The Royal School,NIL,Nil,Nil,,0.0,0.0,0,1
1790,Winterland MK,NIL,Nil,Nil,,0.0,4328.33,0,2
17902,The Resource House,Tier 2,Tier 5,Tier 5,70.16,47.25,47.25,16,2
17903,St Nicholas School PTA,Tier 3,Tier 4,Tier 4,47.32,142.17,142.17,374,2
17904,Work,Tier 4,Free,Free,,0.0,0.0,425,1
17905,Banstead Prep,Tier 2,Free,Free,,0.0,0.0,99,2
17908,Steve Canavan,Tier 3,Tier 5,Tier 5,50.96,119.54,119.54,151,2
17909,The Sister Sanctuary,Tier 2,Tier 5,Tier 5,77.9,30.79,30.79,27,2
17910,Historic England PARIS6,Tier 4,Tier 3,Tier 3,24.48,506.92,506.92,144,2
1792,Come To Know Windermere,NIL,Nil,Nil,,0.0,0.0,0,1
17922,Helping Hands PTA,Tier 3,Free,Free,,0.0,0.0,240,1
17929,RWB Mayor,Tier 2,Tier 5,Tier 5,63.16,68.38,68.38,68,2
1793,Colchester County HSG,High Value,Tier 2,Tier 2,5.91,896.08,5166.04,2927,8
17933,Beren,Tier 1,Tier 5,Tier 5,85.5,21.75,21.75,29,1
17934,Chyngton PTFA,Tier 3,Tier 5,Tier 5,66.38,58.25,58.25,186,2
17938,Norfolk Box Office,NIL,Nil,Nil,,0.13,0.13,1,1
17939,earth works,Tier 1,Tier 5,Tier 5,87.94,17.92,17.92,10,1
17941,Leominster Wassail,Tier 3,Free,Free,,0.0,0.0,323,2
17942,Friends of Sandall park,Tier 3,Tier 5,Tier 5,68.77,58.54,58.54,200,1
17943,The George Community Pub,Tier 1,Free,Free,,0.0,0.0,15,1
17945,The Sovereign Hospitaller Order Of Saint John Of Jerusalem,Tier 2,Tier 5,Tier 5,61.9,72.08,72.08,57,2
17949,SC Designs,Tier 2,Tier 5,Tier 5,78.12,30.33,30.33,56,2
17955,Jennifer Peril,Tier 3,Tier 5,Tier 5,63.04,77.37,77.37,233,1
17958,Champagne Glass Studio,Tier 2,Tier 5,Tier 5,64.18,65.0,65.0,122,2
17959,Arts &amp; Heritage at Horizon Youth Zone,Tier 1,Free,Free,,0.0,0.0,30,1
1796,The Fruitful Pursuit,NIL,Nil,Nil,,0.0,102.58,0,1
17961,Rascals castles,Tier 2,Tier 5,Tier 5,79.66,32.25,32.25,48,1
17962,Rathcoole PSNU,NIL,Nil,Nil,,0.0,0.0,5,1
17963,Wandering to Wonder Coaching,NIL,Nil,Nil,,5.17,5.17,5,1
17969,Ashley Teer Intuitive Mentor,Tier 1,Tier 5,Tier 5,89.83,15.71,15.71,29,1
17970,Eastbourne Concert Orchestra,Tier 2,Tier 5,Tier 5,79.31,27.96,27.96,60,2
17974,FONSS,Tier 1,Tier 5,Tier 5,85.38,22.0,22.0,16,1
17976,Mr Le Masurier,NIL,Nil,Nil,,0.0,0.0,6,1
17977,The Witchy Room,Tier 4,Tier 4,Tier 4,38.44,222.79,222.79,427,2
1798,Emma Lomas,NIL,Nil,Nil,,0.0,70.37,0,2
17982,JAGS Prep Ticket Bookings,Tier 3,Free,Free,,0.0,0.0,160,1
17983,Cor Bryn Owain,Tier 3,Tier 5,Tier 5,62.5,79.67,79.67,134,1
17984,The Liverpool Blue Coat School,Tier 3,Tier 5,Tier 5,54.27,103.76,103.76,406,2
17985,NBI,Tier 4,Tier 4,Tier 4,36.61,281.33,281.33,90,1
17986,GNMS Beetle Drive,Tier 3,Tier 5,Tier 5,52.65,110.08,110.08,188,2
17987,ReDoo,Tier 1,Tier 5,Tier 5,84.49,23.54,23.54,30,1
17989,Amalia Roseti,NIL,Nil,Nil,,0.0,0.0,2,1
1799,Bratton Jubilee Players,NIL,Nil,Nil,,0.0,276.37,0,3
17990,Dedworth Middle School,Tier 3,Free,Free,,0.0,0.0,280,1
17992,Young and Corporate Events,NIL,Nil,Nil,,6.25,6.25,3,1
17995,Burneside Cricket Club,Tier 3,Tier 5,Tier 5,66.9,56.88,56.88,203,2
17996,Rainbow Turtle,Tier 1,Free,Free,,0.0,0.0,16,1
17998,Elaine Edwards,Tier 2,Tier 5,Tier 5,84.78,19.0,19.0,57,2
17999,Genome Stability Network,Tier 4,Tier 3,Tier 3,19.47,771.88,771.88,294,2
180,Ventnor Exchange,NIL,Nil,Nil,,0.0,0.0,0,1
18000,Slyne-with-Hest Memorial Hall,Tier 2,Tier 5,Tier 5,68.35,52.29,52.29,77,2
18001,Denise Community CVS,Tier 2,Free,Free,,0.0,0.0,124,1
18002,The Movement,Tier 3,Tier 4,Tier 4,37.54,234.35,234.35,40,2
18003,Friends of Desford Community Primary School,Tier 2,Tier 5,Tier 5,80.03,26.37,26.37,18,2
18004,Ammanford Netball Club,Tier 3,Tier 5,Tier 5,77.64,31.29,31.29,198,2
1801,Testing Testing 123,NIL,Nil,Nil,,0.0,0.0,0,1
18010,Caitlin Braes,Tier 1,Tier 5,Tier 5,85.42,21.96,21.96,33,1
18015,RSPCA Woodside,Tier 1,Free,Free,,0.0,0.0,17,2
18019,Wetherby Pembridge Performing Arts,Tier 3,Free,Free,,0.0,0.0,178,1
18024,Queer Sphere,Tier 2,Tier 5,Tier 5,85.05,22.67,22.67,68,1
18025,Mosborough Hall Hotel,Tier 4,Tier 4,Tier 4,28.96,382.14,382.14,403,2
18026,WAF123,Tier 2,Free,Free,,0.0,0.0,117,2
18027,Lakota Sands,Tier 3,Tier 5,Tier 5,57.88,86.54,86.54,59,2
18028,Arkholme PTFA,NIL,Nil,Nil,,0.0,0.0,1,1
18029,The Old Rectory - Handsworth,Tier 1,Free,Free,,0.0,0.0,29,1
18033,Jessica Ferrari-Wells,Tier 2,Tier 5,Tier 5,75.17,36.17,36.17,31,2
18038,Liverpool Phoenix Voices,Tier 1,Tier 5,Tier 5,90.05,11.33,11.33,28,2
18039,Arkholme CofE Priamry School PTFA,Tier 2,Free,Free,,0.0,0.0,63,1
1804,The Studio Chislehurst,NIL,Nil,Nil,,0.0,182.62,0,1
18041,Friends of Felsted,Tier 2,Tier 5,Tier 5,81.08,29.33,29.33,64,1
18044,Tempest Running Club,Tier 2,Tier 5,Tier 5,73.08,46.58,46.58,86,1
18045,The Wool Hub,Tier 2,Tier 5,Tier 5,74.69,37.63,37.63,20,2
18046,What&#39;s A Foot Reflexology,NIL,Nil,Nil,,8.0,8.0,4,1
18049,FEWS,Tier 2,Tier 5,Tier 5,73.43,40.28,40.28,120,2
18052,Aghalee Village Hall,Tier 3,Free,Free,,0.0,0.0,137,1
18055,Claires Intuitive Tarot,Tier 2,Tier 5,Tier 5,64.24,64.92,64.92,41,2
18059,Tulas Magical Tree Limited,Tier 2,Tier 5,Tier 5,70.17,54.96,54.96,14,1
18061,Lane End Primary PcTA,Tier 3,Tier 5,Tier 5,61.91,81.25,81.25,124,1
18062,The Julia Margaret Cameron Trust Ltd,Tier 2,Tier 5,Tier 5,72.75,41.58,41.58,55,2
18065,Friends of Cerne Abbas School,Tier 3,Tier 5,Tier 5,54.44,114.12,114.12,72,1
18066,Borders Additional Needs Group SCIO,NIL,Nil,Nil,,3.25,3.25,6,1
18069,Amanda Ross Coaching  Consultancy &amp; Conducting,Tier 1,Tier 5,Tier 5,96.58,4.83,4.83,36,1
1807,A R Thornber,NIL,Nil,Nil,,0.0,229.67,0,1
18071,John Bunyan Primary School &amp; Nursery,Tier 4,Tier 4,Tier 4,39.51,208.09,208.09,795,2
18079,Rice,Tier 1,Tier 5,Tier 5,96.31,5.42,5.42,10,1
18083,Lewisham Choral Society,Tier 4,Tier 4,Tier 4,30.33,349.88,349.88,464,2
18088,Neil Long,Tier 3,Tier 4,Tier 4,44.11,167.17,167.17,256,2
1809,Thomas Coats Memorial Choral Society,NIL,Nil,Nil,,0.0,18.12,0,3
18091,JessJames13,Tier 2,Free,Free,,0.0,0.0,104,1
18095,Maya Love,Tier 3,Tier 5,Tier 5,51.87,114.21,114.21,187,2
18096,Sassy Lassies,NIL,Nil,Nil,,0.0,0.0,6,1
18098,Bridgwater Convention,Tier 3,Tier 4,Tier 4,50.53,121.75,121.75,145,2
181,Ryedale School,Tier 4,Tier 3,Tier 3,17.96,249.67,2591.96,1244,11
1810,Bishop's Stortford College,Key Account,Tier 2,Tier 2,5.07,1092.47,4385.97,7928,8
18100,Anita Carter,Tier 2,Tier 5,Tier 5,77.24,31.92,31.92,27,2
18101,Pre-Therapy,NIL,Nil,Nil,,0.0,0.0,1,1
18103,Marie&#39;s Marchers,Tier 2,Tier 5,Tier 5,70.31,54.48,54.48,60,1
18107,Storytellers Performing Arts School,Tier 2,Tier 5,Tier 5,88.04,17.67,17.67,64,1
18112,Godstowe,Tier 4,Tier 5,Tier 5,67.04,64.25,64.25,532,1
1812,St Benedict's School,High Value,Tier 2,Tier 2,4.79,977.67,7307.83,1085,8
18125,St Paul&#39;s URC,Tier 2,Tier 5,Tier 5,87.24,19.04,19.04,55,1
18126,Vanguard Nexus Studios,NIL,Nil,Nil,,0.0,0.0,1,1
18127,Thorns Community Infant School,Tier 3,Free,Free,,0.0,0.0,330,1
18128,Cheshire A Cappella,Tier 2,Tier 5,Tier 5,67.5,55.25,55.25,106,2
18130,Newbarns Primary School,Tier 4,Free,Free,,0.0,0.0,426,1
18131,Granite City Wanderers Hockey Club,NIL,Nil,Nil,,0.62,0.62,1,1
18132,Little Common PTA,Tier 4,Tier 4,Tier 4,42.01,208.38,208.38,630,1
18133,Katy’s Songbirds,Tier 3,Tier 4,Tier 4,49.06,130.04,130.04,199,2
18137,The Irish Society&#39;s Primary School,Tier 4,Tier 4,Tier 4,39.2,243.87,243.87,834,1
18138,William Oliver,Tier 1,Tier 5,Tier 5,90.77,14.21,14.21,31,1
18139,Women in the Built Environment,Tier 2,Tier 5,Tier 5,80.34,30.92,30.92,14,1
18140,Ammanford AFC,Tier 3,Tier 5,Tier 5,81.69,28.25,28.25,231,1
18141,TKerr,NIL,Nil,Nil,,0.33,0.33,1,1
18144,St Margaret&#39;s School Baby Club,Tier 2,Tier 5,Tier 5,85.83,17.29,17.29,66,2
18146,Saint Chads Burton,Tier 2,Tier 5,Tier 5,83.81,24.38,24.38,45,1
18147,Synergy Health Kendal,NIL,Nil,Nil,,6.79,6.79,3,1
18149,Lancaster University and College Union,Tier 1,Tier 5,Tier 5,84.43,19.38,19.38,35,2
1815,Barnet Choral Society - Emi Morimoto,Tier 3,Tier 4,Tier 4,38.7,106.62,394.0,135,8
18154,Ant Show UK 2026,Tier 2,Tier 5,Tier 5,61.43,73.5,73.5,124,2
1816,Pictures By Rachel,NIL,Nil,Nil,,0.0,15.33,0,1
18160,Collegiate School,Tier 3,Free,Free,,0.0,0.0,206,2
18162,Adlington Village Hall,Tier 3,Tier 5,Tier 5,54.04,104.25,104.25,192,2
18163,SEANWILLISPRINTS,NIL,Nil,Nil,,1.37,1.37,1,1
18167,Roy Poulton,Tier 2,Tier 5,Tier 5,68.41,52.08,52.08,95,2
18168,Winchester Road Methodist Church,Tier 2,Tier 5,Tier 5,73.64,39.75,39.75,112,2
18169,Ottery Community Theatre,Tier 3,Tier 4,Tier 4,48.32,134.96,134.96,326,2
1817,Account Deleted,NIL,Nil,Nil,,0.0,0.0,0,2
18170,Oldfield Park Junior School,Tier 4,Tier 5,Tier 5,71.47,50.62,50.62,565,1
18177,Amy’s Cookery Education,Tier 1,Tier 5,Tier 5,87.42,18.96,18.96,15,1
18178,St Mary & St Eanswythe,NIL,Nil,Nil,,10.29,10.29,9,1
18185,Waza Films,Tier 2,Tier 5,Tier 5,74.77,42.69,42.69,104,1
18186,Johnsons of Old Hurst,Tier 3,Tier 5,Tier 4,51.34,131.31,131.31,405,1
18187,York Music Forum,Tier 2,Tier 5,Tier 5,74.65,42.88,42.88,96,1
18188,Great Walstead School,Tier 2,Free,Free,,0.0,0.0,41,2
18191,Channel Talent,Key Account,Free,Free,,0.0,0.0,6626,2
18194,Play on productions,Tier 3,Tier 5,Tier 5,53.19,108.5,108.5,289,2
18199,Wellstead Primary,Tier 3,Free,Free,,0.0,0.0,188,1
182,Lincoln Minster School,NIL,Nil,Nil,,0.0,1480.3,0,6
1820,Derian House Children's Hospice,NIL,Nil,Nil,,0.0,0.0,0,2
18204,Pedaltastic,Tier 2,Free,Free,,0.0,0.0,40,2
18206,Theatre on Foot,Tier 4,Tier 4,Tier 4,33.4,290.87,290.87,472,2
1821,Sedbergh School House,NIL,Nil,Nil,,0.0,176.54,0,3
18213,GABA Foundation,Tier 4,Tier 4,Tier 4,30.14,353.33,353.33,126,2
18218,Castle View Academy Expressive Arts Department,Tier 3,Tier 5,Tier 5,65.22,62.25,62.25,246,2
1822,Merchant Taylors' School Northwood,Key Account,Tier 2,Tier 2,8.92,605.67,3837.18,5779,8
18221,Lancaster Walks  Talks &amp; Tours,Tier 2,Tier 5,Tier 5,64.38,64.46,64.46,117,2
18227,Glasgow Malayalee as,Tier 3,Tier 5,Tier 5,61.72,72.87,72.87,158,2
18228,Aces High Gallery,Tier 3,Tier 5,Tier 5,73.9,39.42,39.42,308,2
1823,Lincs Inspire - Sports Development,High Value,Tier 3,Tier 3,12.65,359.61,5350.19,1076,7
18232,St Mary&#39;s CE First School,Tier 3,Free,Free,,0.0,0.0,300,1
18233,Ripley St Thomas KPO,Tier 3,Free,Free,,0.0,0.0,397,1
1824,Aztec Hotel & Spa,NIL,Nil,Nil,,0.0,2.58,0,2
18241,Friends of Kymbrook School,Tier 2,Tier 5,Tier 5,84.27,23.75,23.75,54,1
1825,LondonAudax,NIL,Nil,Nil,,0.0,464.78,0,3
18250,St Augustines School PTA,Tier 2,Tier 5,Tier 5,80.0,31.65,31.65,94,1
18251,Burgess Hill Girls PTA,Tier 2,Tier 5,Tier 5,65.02,62.54,62.54,65,2
18253,Bolton Muslim Girls School,Tier 3,Tier 5,Tier 5,54.62,102.0,102.0,181,2
18257,Bronya Emily School of Dance,Tier 2,Tier 5,Tier 5,79.01,28.58,28.58,101,2
18259,Curtain Up For Chris,Tier 3,Tier 4,Tier 4,48.05,136.25,136.25,141,2
18260,Nicola Slater,Tier 4,Tier 4,Tier 4,34.86,269.4,269.4,321,2
18261,Graig Villa Dino FC,Tier 2,Tier 5,Tier 5,78.18,35.29,35.29,121,1
18262,Awesome Chat,NIL,Nil,Nil,,2.33,2.33,7,1
18264,Wiggly Charity,Tier 1,Tier 5,Tier 5,92.66,11.29,11.29,17,1
18267,Kin Hill Events,Tier 2,Tier 5,Tier 5,70.41,46.88,46.88,112,2
18268,Studio by Hannah Beth,Tier 1,Tier 5,Tier 5,83.62,20.62,20.62,33,2
18269,Xmas Move Night,Tier 3,Tier 5,Tier 5,85.74,21.5,21.5,129,1
18270,TrewirgieinfPTA,Tier 2,Tier 5,Tier 5,87.15,19.14,19.14,70,1
18275,Mill Hill School Christmas Concert,Tier 3,Free,Free,,0.0,0.0,335,1
18276,Bloom with Berry,Tier 2,Tier 5,Tier 5,65.07,62.5,62.5,100,2
18277,Entrust Outdoor Education,NIL,Nil,Nil,,9.12,9.12,3,2
18278,Miss Earle,Tier 3,Free,Free,,0.0,0.0,172,1
18279,GuildfordFAS,Tier 2,Free,Free,,0.0,0.0,47,2
18280,Ripley Music,Tier 3,Tier 5,Tier 5,72.29,48.67,48.67,163,1
18281,The Topsham School,Tier 3,Free,Free,,0.0,0.0,266,1
18282,White Notley PTA,Tier 4,Tier 5,Tier 5,57.5,99.81,99.81,435,1
18283,ssaalkhobar,Tier 3,Free,Free,,0.0,0.0,326,2
18290,London Churchill College,Tier 2,Free,Free,,0.0,0.0,95,2
18292,SciTech Graduate School,Tier 3,Free,Free,,0.0,0.0,165,1
18295,Hebburn Comprehensive School,Tier 4,Tier 4,Tier 4,43.76,169.5,169.5,493,2
183,Account Deleted,NIL,Nil,Nil,,0.0,226.71,0,2
1830,Abercarn Primary School,High Value,Tier 2,Tier 2,4.29,1110.13,6154.86,2384,8
18300,RSAcademics,Tier 3,Tier 4,Tier 4,39.28,210.62,210.62,65,2
18301,Erasmus Darwin House,Tier 3,Tier 4,Tier 4,50.69,120.96,120.96,260,2
18307,Herne Bay Youth FC,Tier 2,Tier 5,Tier 5,74.06,44.79,44.79,100,1
18310,ITU,NIL,Nil,Nil,,0.13,0.13,1,1
18314,FOSH,Tier 3,Tier 4,Tier 4,43.23,173.29,173.29,319,2
18317,Herfordshire Festival 2031,Tier 4,Tier 4,Tier 3,27.35,497.25,497.25,153,1
1832,Sedgwick House  Sedbergh,NIL,Nil,Nil,,0.0,352.25,0,2
18326,Padd2Kings,NIL,Nil,Nil,,0.17,0.17,4,1
18328,The Armitt Events,Tier 3,Tier 5,Tier 5,72.87,41.38,41.38,155,2
18329,Stanwix,Tier 4,Free,Free,,0.0,0.0,633,2
18333,Sow &#39;n Grow Kirkcaldy,NIL,Nil,Nil,,0.0,0.0,6,1
18335,Fleetville Swing Band,Tier 2,Tier 5,Tier 5,66.73,65.0,65.0,120,1
18337,Tarik Frimpong,Tier 1,Tier 5,Tier 5,95.14,7.35,7.35,12,1
18341,TEKK-MOUTH,NIL,Nil,Nil,,2.33,2.33,4,2
18342,Lowick & District Agricultural Show,Tier 1,Free,Free,,0.0,0.0,29,2
18347,West End Project,Tier 2,Tier 5,Tier 5,94.83,3.25,3.25,43,2
18350,Parkside Trial,Tier 3,Tier 4,Tier 4,42.38,179.58,179.58,219,2
18352,Phil Moore Music,Tier 4,Tier 4,Tier 4,35.9,253.12,253.12,492,2
18353,University of Nottingham,Tier 2,Free,Free,,0.0,0.0,104,2
18354,Jen’s big night out,Tier 2,Tier 5,Tier 5,77.51,31.5,31.5,42,2
18355,Mill Hill School Music,NIL,Nil,Nil,,0.0,0.0,2,1
18356,make it flourish,NIL,Nil,Nil,,4.83,4.83,2,1
18359,The Baby Bank,Tier 1,Free,Free,,0.0,0.0,14,2
18360,Networking Ninjas X Rossendale Vibes,Tier 2,Tier 5,Tier 5,70.93,45.83,45.83,80,2
18361,Cwmffrwdoer,Tier 3,Free,Free,,0.0,0.0,274,1
18365,Rainbow Families,Tier 2,Tier 5,Tier 5,98.43,0.33,0.33,93,1
18371,Zoe Parsons,Tier 2,Tier 5,Tier 5,82.74,22.21,22.21,41,2
18377,Waltham Holy Cross PTA,Tier 4,Tier 4,Tier 4,48.65,150.67,150.67,452,1
18379,Syston RFC Fundraising,Tier 2,Tier 5,Tier 5,73.7,45.45,45.45,72,1
18381,Bilibala 大三爸 音樂會,Tier 1,Tier 5,Tier 5,86.78,16.33,16.33,14,2
18384,HamerConcert,Tier 2,Free,Free,,0.0,0.0,91,1
18388,Ecole FLAM Jersey,Tier 2,Tier 5,Tier 5,75.93,34.62,34.62,95,2
1839,Rotary and Charters Charity Concert,NIL,Nil,Nil,,0.0,44.25,0,1
18392,Friends of All Hallows,Tier 3,Tier 5,Tier 5,52.14,112.67,112.67,52,2
18396,Patricroft conservative sports and social club,Tier 2,Tier 5,Tier 5,84.32,19.5,19.5,54,2
184,People Junction,NIL,Nil,Nil,,0.0,45.85,0,2
1840,Little Heath PTA,Tier 4,Tier 2,Tier 3,11.78,487.5,3127.67,1400,6
18402,Makeup by Taylor,Tier 2,Tier 5,Tier 5,67.17,56.33,56.33,32,2
1841,Fulham Symphony Orchestra,Tier 3,Tier 4,Tier 4,35.87,147.46,386.37,221,5
18410,Perth and Kinross Intergroup - AA Convention,Tier 3,Tier 5,Tier 5,60.06,79.38,79.38,127,2
18411,Muslim Women Liverpool,Tier 3,Tier 4,Tier 4,41.3,188.42,188.42,106,2
18412,Kingston Museum,Tier 2,Tier 5,Tier 5,92.39,11.67,11.67,102,1
18416,Ragtag Arts,Tier 3,Tier 4,Tier 4,39.4,241.33,241.33,260,1
18418,RGS Surrey Hills,Tier 3,Tier 5,Tier 5,59.49,81.17,81.17,150,2
1842,Dauntsey's School,High Value,Tier 2,Tier 2,6.99,680.21,7441.51,4619,8
18420,Rough Draft,Tier 2,Tier 5,Tier 5,73.2,46.38,46.38,60,1
18436,Samantha Jane Dance Company,Tier 3,Tier 5,Tier 5,56.96,103.1,103.1,104,1
1844,Taboo-Pause,NIL,Nil,Nil,,0.0,2.33,0,1
18448,St Bernards Prep,Tier 3,Tier 4,Tier 4,50.75,135.33,135.33,56,1
1845,ACPGBI - ACC,NIL,Nil,Nil,,0.0,47.5,0,3
18473,NawalBluecoat,Tier 1,Tier 5,Tier 5,87.42,18.96,18.96,35,1
18476,Pocket &amp; Wonder,NIL,Nil,Nil,,7.54,7.54,7,1
18478,The Willink School and Sixth Form,Tier 3,Tier 5,Tier 5,55.77,108.37,108.37,247,1
18479,Millfield Enterprises,NIL,Nil,Nil,,0.0,0.0,5,2
1848,John Gillingham keynote,NIL,Nil,Nil,,0.0,14.42,0,1
18485,Kinship Activites,Tier 3,Free,Free,,0.0,0.0,143,1
18486,Wellbeing Team,NIL,Nil,Nil,,0.0,0.0,1,1
18487,The Mrs Sunderland Music Festival,NIL,Nil,Nil,,3.5,3.5,3,1
18489,CUSCSC (Travel),Tier 2,Tier 5,Tier 5,81.27,24.38,24.38,80,2
18490,Daniel Wijngaarden,Tier 1,Tier 5,Tier 5,90.29,15.0,15.0,20,1
18491,Gedling Play Forum,Tier 3,Tier 5,Tier 5,69.53,49.21,49.21,211,2
18494,Colai Events,Tier 4,Free,Free,,0.0,0.0,685,2
18497,Barry Thomas,Tier 1,Tier 5,Tier 5,82.13,23.25,23.25,31,2
18499,Claire Louise Hill,Tier 1,Tier 5,Tier 5,82.8,22.05,22.05,21,2
185,Kendal College - Perf. Arts Class of 2018,NIL,Nil,Nil,,0.0,19.71,0,1
18500,Quartz,Tier 2,Tier 5,Tier 5,90.62,14.33,14.33,43,1
18506,Olive Clothing Limited,Tier 3,Free,Free,,0.0,0.0,193,2
18508,library duck,Tier 1,Tier 5,Tier 5,89.05,16.54,16.54,13,1
18513,The Imperial Palace of Big Red,Tier 3,Tier 5,Tier 5,56.39,105.17,105.17,238,1
18519,Michael Hall School,Tier 4,Tier 4,Tier 4,31.93,372.08,372.08,1181,1
18521,Broad Oak Primary School,Tier 2,Tier 5,Tier 5,80.8,30.0,30.0,90,1
18526,Firefly Hub Ltd,Tier 2,Tier 5,Tier 5,89.24,12.83,12.83,101,2
1853,ESMS S6 Ball,NIL,Nil,Nil,,0.0,69.75,0,1
18532,Haya Events,Tier 2,Tier 5,Tier 5,74.86,42.5,42.5,30,1
18534,Flora Maeve Parrott,Tier 2,Tier 5,Tier 5,62.08,71.5,71.5,22,2
18536,Greg Burford,Tier 2,Tier 5,Tier 5,73.2,40.79,40.79,98,2
1854,Dubai Celts Football Club,NIL,Nil,Nil,,0.0,0.42,0,1
18542,Celestial Sound Healing,Tier 1,Tier 5,Tier 5,91.1,9.88,9.88,11,2
18544,Mini Monsters soft play hire,Tier 1,Tier 5,Tier 5,92.25,8.04,8.04,17,2
18545,St Patrick’s PS,Tier 3,Free,Free,,0.0,0.0,139,1
18546,thestrayz,Tier 2,Tier 5,Tier 5,79.07,28.46,28.46,52,2
18547,Zumba with Jo,Tier 2,Tier 5,Tier 5,83.92,24.21,24.21,23,1
18548,Aurora Kvízy,Tier 2,Free,Free,,0.0,0.0,121,2
18553,rachelrewrites,NIL,Nil,Nil,,11.17,11.17,6,2
18555,BBSRC DTP Team,Tier 3,Free,Free,,0.0,0.0,188,2
18558,Sarah Evans,Tier 3,Tier 5,Tier 5,59.42,81.23,81.23,25,2
18562,NextGen Somerset,Tier 3,Tier 4,Tier 4,44.86,180.04,180.04,81,1
18563,Care &amp; Repair Scotland,Tier 4,Tier 4,Tier 4,31.81,319.25,319.25,148,2
18569,St Neot&#39;s Prep School,Tier 1,Free,Free,,0.0,0.0,13,2
1857,Ashwell Primary School,Tier 2,Free,Free,,0.0,114.02,87,8
18570,Target Darts,Tier 4,Tier 4,Tier 4,27.33,418.87,418.87,312,2
18575,Guiding Roots,Tier 2,Tier 5,Tier 5,83.35,21.13,21.13,39,2
18577,Wellbeing Way,Tier 1,Tier 5,Tier 5,94.89,3.12,3.12,26,2
1858,GADE VALLEY SCHOOL TOUR - RECEPTION 2020,NIL,Nil,Nil,,0.0,0.0,0,2
18581,K Caun Classic account,Tier 1,Tier 5,Tier 5,84.73,23.12,23.12,37,1
18584,Four Rivers Retreat,Tier 2,Tier 5,Tier 5,69.01,58.0,58.0,43,1
18587,Bigshot Music,Tier 2,Tier 5,Tier 5,88.89,16.71,16.71,45,1
18588,Coventry Cathedral Chorus,Tier 2,Tier 5,Tier 5,62.6,69.75,69.75,96,2
18591,Biz mates,Tier 1,Free,Free,,0.0,0.0,30,2
18594,The Waite Collective,Tier 2,Tier 5,Tier 5,82.13,23.25,23.25,90,2
1860,Ulverston Victoria High School,Tier 4,Tier 4,Tier 4,34.71,137.94,498.27,555,5
18605,Babcock International - Devonport,Key Account,Free,Free,,0.0,0.0,10391,1
18606,Goodcup,Tier 2,Tier 5,Tier 5,77.31,37.5,37.5,50,1
18607,Lancaster Faculty of Science and Technology,Tier 2,Free,Free,,0.0,0.0,121,2
18609,Chameleon On An Iceberg Ltd,Tier 1,Tier 5,Tier 5,93.05,6.5,6.5,12,2
18612,Finley Vaughan,Tier 2,Tier 5,Tier 5,88.57,13.71,13.71,47,2
18615,The South,Tier 3,Tier 4,Tier 4,49.3,129.29,129.29,253,2
18618,Northampton Bengali Hindu Association,Tier 2,Tier 5,Tier 5,93.69,5.54,5.54,55,2
18622,Bunatati Romanesti,NIL,Nil,Nil,,12.71,12.71,6,1
18624,Westcliff U9 Rugby,Tier 2,Tier 5,Tier 5,70.81,46.04,46.04,85,2
18626,The Lewis Carroll Society,Tier 2,Tier 5,Tier 5,80.85,24.79,24.79,23,2
18633,Bilton C of E Junior School,Tier 3,Tier 5,Tier 5,62.7,79.02,79.02,308,1
18634,BFREPA,NIL,Nil,Nil,,7.0,7.0,4,2
18636,Great Ayton Drama,Tier 2,Tier 5,Tier 5,72.48,42.21,42.21,90,2
1864,St Paul's Girls' School,Tier 4,Tier 3,Tier 4,25.44,165.0,1553.09,1208,7
18643,Aura Networking,Tier 2,Tier 5,Tier 5,59.83,80.13,80.13,108,2
18655,Historic England,Tier 4,Tier 4,Tier 4,49.2,147.75,147.75,834,1
18657,Hitchin Boys' School,Tier 4,Tier 4,Tier 4,38.86,248.91,248.91,629,1
18665,Warrington Business Expo,Tier 2,Tier 5,Tier 5,68.5,59.53,59.53,59,1
18676,Scriptwriting Workshop,Tier 1,Tier 5,Tier 5,92.47,11.5,11.5,17,1
18677,Emma Louise,Tier 2,Tier 5,Tier 5,80.65,25.17,25.17,26,2
18678,a dumb production company,Tier 2,Tier 5,Tier 5,90.05,15.38,15.38,43,1
18681,SoulVillage,Tier 2,Tier 5,Tier 5,71.32,45.0,45.0,120,2
18683,BAE ATC - Sowerby RC Alumni,Tier 2,Tier 5,Tier 5,69.03,50.38,50.38,93,2
18685,From a Lancashire Lass,Tier 1,Tier 5,Tier 5,92.21,8.08,8.08,13,2
1869,Sedbergh School Evans House,NIL,Nil,Nil,,0.0,63.79,0,1
18692,Ethereal Essence,NIL,Nil,Nil,,3.54,3.54,5,1
18696,St Albans High School for Girls Admissions,Tier 1,Free,Free,,0.0,0.0,31,1
18700,Southside Chamber Music,Tier 1,Tier 5,Tier 5,91.55,13.12,13.12,14,1
18702,Delta: Poetry  Prose and Performance,Tier 1,Free,Free,,0.0,0.0,10,2
18703,HMD play,Tier 2,Tier 5,Tier 5,64.31,72.75,72.75,97,1
18704,Oleg,Tier 1,Tier 5,Tier 5,88.29,17.33,17.33,26,1
1871,RyanSidleyEvents,NIL,Nil,Nil,,0.0,0.18,0,1
18711,NHVS,Tier 3,Tier 5,Tier 5,60.01,88.58,88.58,108,1
18714,Ashburton Arts,Tier 1,Tier 5,Tier 5,92.23,12.04,12.04,20,1
18717,Northwood House Tickets,NIL,Nil,Nil,,0.0,0.0,6,1
18719,Kimberley Barnett,Tier 1,Tier 5,Tier 5,86.39,16.67,16.67,11,2
18721,LV Fitness Studio,Tier 2,Tier 5,Tier 5,78.63,34.38,34.38,25,1
18723,LeeFenFilms,Tier 2,Tier 5,Tier 5,87.84,18.08,18.08,57,1
18725,Rocco&#39;s &amp; Rugby Festival,Tier 3,Tier 5,Tier 5,64.83,70.96,70.96,397,1
18736,RollerRox,Tier 4,Tier 3,Tier 3,24.43,629.53,629.53,1514,1
18737,Lewis_Hannington,Tier 2,Tier 5,Tier 5,72.26,48.75,48.75,24,1
18739,Ynys Y Cwtsh Events,Tier 2,Tier 5,Tier 5,85.01,22.75,22.75,85,1
18741,Nottingham Young Musician of the Year,Tier 1,Tier 5,Tier 5,94.07,9.33,9.33,23,1
18745,Insightful Life,Tier 2,Tier 5,Tier 5,97.0,3.97,3.97,41,1
18747,BEES,Tier 3,Tier 4,Tier 4,41.63,212.79,212.79,285,1
18748,Mayor Dani Hunter,Tier 3,Tier 4,Tier 4,44.52,183.24,183.24,211,1
18749,The Ember Collective,Tier 2,Tier 5,Tier 5,81.02,29.67,29.67,55,1
18750,Haltwhistle Boardwalkers,Tier 2,Tier 5,Tier 5,73.98,44.92,44.92,98,1
18751,Bay Youth Project,Tier 4,Free,Free,,0.0,0.0,456,1
18756,TGAs Got Talent,Tier 1,Tier 5,Tier 5,98.61,0.13,0.13,16,1
18762,Great Milton Dads,Tier 2,Tier 5,Tier 5,68.35,60.0,60.0,80,1
18763,London Homeless Collective,NIL,Nil,Nil,,0.0,0.0,7,1
18764,Wilderness Events,Tier 2,Tier 5,Tier 5,82.87,25.75,25.75,26,1
18765,Keswick Museum,Tier 2,Tier 5,Tier 5,91.14,13.67,13.67,124,1
18767,ncameron,NIL,Nil,Nil,,0.0,0.0,1,1
18769,CancerCare2,Tier 4,Tier 4,Tier 4,33.92,328.12,328.12,526,1
1877,Makemake,NIL,Nil,Nil,,0.0,20.12,0,1
18770,Drum Happy CIC,Tier 2,Tier 5,Tier 5,78.25,35.11,35.11,88,1
18775,Ysgol Llanhari,Tier 4,Tier 4,Tier 4,36.58,281.75,281.75,459,1
18780,Flux Therapy,Tier 2,Tier 5,Tier 5,76.61,39.0,39.0,10,1
18781,Southborough High School,Tier 3,Tier 5,Tier 5,75.87,40.6,40.6,135,1
18784,Beth Gray Events,Tier 1,Tier 5,Tier 5,93.24,10.33,10.33,31,1
18785,Teasses Estate,Tier 3,Tier 4,Tier 4,48.74,150.0,150.0,244,1
18787,Westward Ho! Follies,Tier 3,Tier 5,Tier 4,53.14,121.37,121.37,407,1
18792,Elizabeth’s Tuition Centre,Tier 2,Free,Free,,0.0,0.0,44,1
18795,Romani Uniti din Anglia,Tier 3,Tier 5,Tier 5,65.59,68.75,68.75,218,1
18796,Blundells SFC/PAPAYA,Tier 2,Free,Free,,0.0,0.0,65,1
18797,Community Wellbeing Events,Tier 2,Tier 5,Tier 5,93.57,10.0,10.0,47,1
188,Dan Chadwick,NIL,Nil,Nil,,0.0,13.03,0,2
1880,The Baroque Collective,Tier 4,Tier 2,Tier 2,7.69,750.83,3727.71,654,8
18802,Heathcote &amp; Co,NIL,Nil,Nil,,0.0,0.0,3,1
18803,Wild Horse Taproom,Tier 2,Tier 5,Tier 5,80.58,30.5,30.5,61,1
18806,Notswolds Events,NIL,Nil,Nil,,0.0,0.0,2,1
18808,Darwin Cuban Salsa Society,Tier 4,Tier 4,Tier 4,35.86,291.48,291.48,911,1
18810,Fivemiletown College,Tier 4,Tier 4,Tier 4,37.78,262.79,262.79,119,1
18811,The Elms PSA,Tier 2,Tier 5,Tier 5,68.66,59.21,59.21,61,1
18817,Cwmffrwdoer Primary PTFA,Tier 2,Tier 5,Tier 5,79.73,32.04,32.04,117,1
18819,Bury Parish Church,Tier 3,Tier 5,Tier 5,59.78,89.33,89.33,123,1
18823,Coventry School Foundation,Tier 4,Free,Free,,0.0,0.0,628,1
18825,CancerCare3,Tier 2,Tier 5,Tier 5,72.19,48.96,48.96,56,1
18826,KDF Dance World Cup Fundraising,Tier 3,Tier 5,Tier 5,61.15,83.63,83.63,108,1
18828,Autism Workshops,NIL,Nil,Nil,,2.27,2.27,4,1
18834,White Horse Family Reels,Tier 2,Tier 5,Tier 5,63.22,76.5,76.5,102,1
18838,Prom organisation,Tier 4,Tier 4,Tier 4,35.79,292.04,292.04,167,1
18839,ASKeN,Tier 3,Tier 4,Tier 4,46.39,169.12,169.12,123,1
1884,Cumbria Curtain Call,Tier 2,Tier 5,Tier 5,67.76,9.54,265.87,29,6
18841,SCALE,Tier 1,Tier 5,Tier 5,84.27,23.75,23.75,22,1
18842,Orpington Chinese Language School,Tier 4,Free,Free,,0.0,0.0,448,1
18843,Camberley 478 Scout Group,Tier 3,Tier 5,Tier 5,58.93,92.75,92.75,145,1
1886,British Youth Music Theatre,NIL,Nil,Nil,,0.0,2.92,0,3
18863,Tiffin School,Tier 4,Tier 4,Tier 3,27.86,482.17,482.17,209,1
18868,Jane robbins,Tier 2,Tier 5,Tier 5,77.1,38.0,38.0,24,1
18869,Yarm School,Tier 3,Free,Free,,0.0,0.0,128,1
1887,St Matthew's Catholic Primary School,NIL,Nil,Nil,,0.0,29.38,0,3
18870,Twinkles by Nina,Tier 2,Tier 5,Tier 5,79.16,33.29,33.29,43,1
18874,Giggling Panda Chinese School,Tier 4,Tier 5,Tier 4,52.79,123.33,123.33,520,1
18877,Sarah Jackson,Tier 3,Tier 5,Tier 5,60.74,85.25,85.25,80,1
18879,WHS Music Dept,Tier 3,Tier 4,Tier 4,45.68,173.75,173.75,378,1
18881,Friends of Sarah Louise Ashworth School of Dance,Tier 4,Tier 3,Tier 3,25.45,571.87,571.87,1041,1
18885,Old Vicarage School,Tier 3,Free,Free,,0.0,0.0,146,1
1889,Charity Event - In Memory of Hannah Meldrum,NIL,Nil,Nil,,0.0,1.88,0,1
18893,Manchester Property Chats,NIL,Nil,Nil,,0.0,0.0,4,1
18894,Bournes Green Leavers,Tier 3,Tier 4,Tier 4,48.22,155.25,155.25,139,1
18897,Miss Griffiths,Tier 1,Free,Free,,0.0,0.0,20,1
189,Reigate Grammar School,High Value,Tier 2,Tier 2,8.09,2052.13,2868.25,3451,3
18902,Free HCS,Tier 3,Free,Free,,0.0,0.0,131,1
18903,Chris Swithinbank,Tier 2,Tier 5,Tier 5,79.24,33.12,33.12,51,1
18905,Tribe Collective,Tier 2,Tier 5,Tier 5,88.52,17.08,17.08,41,1
18906,North West Tourist Guides Association,Tier 1,Tier 5,Tier 5,91.37,13.42,13.42,19,1
18909,Kailzie Gardens,NIL,Nil,Nil,,1.15,1.15,5,1
1891,Baby & Me,NIL,Nil,Nil,,0.0,512.59,0,5
18911,Edgy Expo,Tier 3,Tier 5,Tier 4,51.54,130.38,130.38,197,1
18912,ESMS Commercial Enterprises,Tier 3,Tier 5,Tier 5,55.49,109.38,109.38,67,1
18914,Tropic With Annie,Tier 1,Tier 5,Tier 5,93.11,10.54,10.54,11,1
18916,Whitton Photographic Club,Tier 2,Tier 5,Tier 5,79.36,33.04,33.04,51,1
18919,Advance TRS,Tier 3,Tier 4,Tier 4,48.5,152.42,152.42,52,1
1892,Rowandale Parents Council,NIL,Nil,Nil,,0.0,139.25,0,4
18920,Winchester College Society,Tier 4,Tier 4,Tier 4,34.15,324.29,324.29,181,1
18923,Kingshott School,Tier 3,Tier 5,Tier 5,65.77,68.33,68.33,205,1
18925,The Darren Munnelly Memorial Fund,Tier 3,Tier 5,Tier 5,61.91,81.25,81.25,150,1
18926,Friends of Ashurst,Tier 2,Tier 5,Tier 5,76.04,40.13,40.13,120,1
18927,CCYD Performing Arts,Tier 4,Tier 4,Tier 3,28.65,457.96,457.96,775,1
18928,HopScotch Whisky Bar,Tier 3,Tier 5,Tier 5,58.43,95.0,95.0,152,1
18934,Ramsey Manor PTA,Tier 3,Tier 4,Tier 4,48.32,154.38,154.38,247,1
18936,Friends of bottesford primary school,Tier 3,Tier 5,Tier 5,59.68,89.54,89.54,163,1
18937,M T Melia,Tier 2,Tier 5,Tier 5,80.22,31.25,31.25,50,1
1894,The Dance Place,NIL,Nil,Nil,,0.0,36.79,0,1
18944,Peepul Enterprise,Tier 1,Tier 5,Tier 5,84.82,23.03,23.03,33,1
18947,High Sheriff South Glamorgan,Tier 3,Tier 4,Tier 4,50.1,140.33,140.33,151,1
1895,Taxiplus @ Personnel Checks,High Value,Tier 1,Tier 2,1.59,2375.0,11329.39,1463,8
18950,Kendal Adventure Club,Tier 2,Tier 5,Tier 5,66.73,65.0,65.0,104,1
18957,BEVA Tickets,Tier 2,Tier 5,Tier 5,75.91,40.54,40.54,92,1
1896,St Joseph's Catholic Primary School,NIL,Nil,Nil,,0.0,44.11,0,3
18965,JD Hospitality Ltd,Tier 2,Tier 5,Tier 5,76.14,39.79,39.79,100,1
18967,Sundown Society,Tier 3,Tier 5,Tier 5,78.07,35.42,35.42,175,1
18968,Michael Bede Dunlop,Tier 2,Tier 5,Tier 5,75.81,40.68,40.68,64,1
1897,Birmingham Symphonic Winds,NIL,Nil,Nil,,0.0,153.29,0,5
18970,AnjanaSamajUK,Tier 3,Free,Free,,0.0,0.0,195,1
18972,Friends of st Patrick’s,Tier 2,Tier 5,Tier 5,87.78,18.23,18.23,97,1
18974,HannahM,Tier 2,Tier 5,Tier 5,92.19,12.17,12.17,65,1
18975,Reflections Tarot with Nicola,NIL,Nil,Nil,,2.42,2.42,1,1
18977,Carlisle One World Centre,Tier 2,Tier 5,Tier 5,96.55,4.9,4.9,73,1
18979,Party Plus IOM,Tier 2,Tier 5,Tier 5,69.57,56.58,56.58,31,1
1898,TAPPIT,NIL,Nil,Nil,,0.0,0.0,0,1
18981,LCR CA Yoga class,Tier 2,Tier 5,Tier 5,85.86,21.2,21.2,48,1
18983,Leicestershire Adopters and Foster Carers Support,Tier 2,Tier 5,Tier 5,95.7,6.46,6.46,44,1
18986,Clean Slate Clinic,Tier 1,Free,Free,,0.0,0.0,20,1
18989,Ellie Barrett,Tier 2,Free,Free,,0.0,0.0,40,1
18991,Blooma Florals,NIL,Nil,Nil,,6.38,6.38,3,1
18992,VC Pop Up Voices,Tier 2,Tier 5,Tier 5,76.33,39.58,39.58,39,1
190,Account Deleted,NIL,Nil,Nil,,0.0,4.42,0,2
1900,Three Left Feet,Tier 4,Free,Free,,0.0,174.25,486,3
19002,Pershore Town Choir,Tier 1,Tier 5,Tier 5,92.87,10.96,10.96,16,1
19003,Chafyn Grove School,NIL,Nil,Nil,,0.0,0.0,1,1
19006,Friends of Kingsfold Library,Tier 2,Free,Free,,0.0,0.0,62,1
19011,Beckley School Association,Tier 1,Tier 5,Tier 5,98.61,0.13,0.13,11,1
19012,MartaGuzowski,NIL,Nil,Nil,,0.0,0.0,1,1
19014,Hagstone Arts,NIL,Nil,Nil,,1.13,1.13,3,1
19018,Development Department,Tier 2,Tier 5,Tier 5,79.02,33.83,33.83,59,1
19019,Abbot&#39;s Hill School,NIL,Nil,Nil,,0.0,0.0,1,1
19023,Barney stripe,Tier 1,Tier 5,Tier 5,94.32,8.75,8.75,14,1
19024,Christine Hill,NIL,Nil,Nil,,0.0,0.0,3,1
19026,Powerhouse Ballet,Tier 1,Tier 5,Tier 5,95.93,6.08,6.08,10,1
19027,Brechin Rotary,Tier 2,Tier 5,Tier 5,75.09,42.0,42.0,36,1
19029,Sheffield Trans Film Club,Tier 1,Tier 5,Tier 5,97.73,2.08,2.08,18,1
1903,Account Deleted,NIL,Nil,Nil,,0.0,40.96,0,2
19036,SMUS-GCSE,Tier 2,Free,Free,,0.0,0.0,60,1
19041,Stiwdio 37,Tier 2,Tier 5,Tier 5,97.27,3.38,3.38,58,1
19042,Perins School,Tier 4,Tier 3,Tier 3,23.76,673.17,673.17,740,1
19043,Newport Girls&#39; High School,Tier 4,Tier 4,Tier 3,27.82,482.83,482.83,916,1
19044,Manor House School,Tier 2,Tier 5,Tier 5,78.81,34.13,34.13,70,1
19045,ACMMovement,Tier 3,Free,Free,,0.0,0.0,182,1
19047,Step Into The Spotlight,Tier 2,Tier 5,Tier 5,86.22,20.58,20.58,38,1
19049,Barnes Community Players,Tier 2,Tier 5,Tier 5,80.97,29.71,29.71,65,1
1905,Sherriff Club,NIL,Nil,Nil,,0.0,3.83,0,1
19051,Jazz in the Sahara,Tier 3,Tier 5,Tier 4,52.5,124.75,124.75,192,1
19058,The Armitt General Admission,Tier 1,Tier 5,Tier 5,92.54,11.39,11.39,29,1
19061,The Armitt Escape Boxes,Tier 2,Tier 5,Tier 5,75.52,41.25,41.25,14,1
19064,Wadhurst Castle,NIL,Nil,Nil,,13.0,13.0,4,1
19065,The Smart Group,Tier 2,Tier 5,Tier 5,83.81,24.38,24.38,39,1
19066,Swim England,Tier 1,Free,Free,,0.0,0.0,23,1
19067,BUXTON SPEEDWAY,Tier 3,Tier 5,Tier 5,61.62,81.99,81.99,118,1
19070,Amelie Bramer,Tier 4,Tier 3,Tier 3,23.64,680.21,680.21,274,1
19071,Heart Healer,NIL,Nil,Nil,,2.17,2.17,4,1
19077,The Sheffield Chorale,Tier 2,Tier 5,Tier 5,75.64,41.0,41.0,66,1
1908,Holmewood House Swim School,High Value,Tier 1,Tier 2,3.26,1371.88,7648.12,2404,8
1909,Corner House Coaching,NIL,Nil,Nil,,0.0,3.0,0,2
19096,Wildflowers Outdoor Stay and Play,Tier 1,Tier 5,Tier 5,96.43,5.13,5.13,20,1
19097,Friends of Tedder,Tier 2,Tier 5,Tier 5,94.95,7.67,7.67,47,1
19098,Celebrate Recovery UK,Tier 1,Tier 5,Tier 5,93.04,10.62,10.62,15,1
191,Prospect House tea towels,NIL,Nil,Nil,,0.0,75.71,0,1
19107,Friends of Matching,Tier 2,Tier 5,Tier 5,90.72,14.25,14.25,39,1
19108,The Avila Partnership,NIL,Nil,Nil,,0.0,0.0,1,1
19109,MondoItaliano,Tier 2,Tier 5,Tier 5,79.13,33.33,33.33,100,1
19112,Amanda Alder Dance Academy,Tier 4,Tier 3,Tier 3,21.92,777.83,777.83,1247,1
19114,Better Travel Photography,Tier 1,Free,Free,,0.0,0.0,23,1
19118,TEDxDulwich College Youth,Tier 3,Free,Free,,0.0,0.0,154,1
1912,CHITS UK,NIL,Nil,Nil,,0.0,0.0,0,1
19121,Richmond upon Thames Performing Arts Festival,Tier 4,Tier 4,Tier 4,46.58,167.54,167.54,426,1
19122,Salusbury Primary School,Tier 3,Free,Free,,0.0,0.0,211,1
19125,Brentor Events,Tier 1,Free,Free,,0.0,0.0,22,1
19127,Music of Life,Tier 3,Free,Free,,0.0,0.0,161,1
19129,Oakley Players,Tier 2,Tier 5,Tier 5,64.89,70.75,70.75,94,1
1913,Land & Sky Media,NIL,Nil,Nil,,0.0,0.0,0,1
19131,Elixir Entertainment,Tier 3,Tier 5,Tier 5,56.21,106.38,106.38,111,1
19132,Reigate St Mary&#39;s School,Tier 4,Tier 4,Tier 4,39.43,241.32,241.32,456,1
19133,Welsh Coast MCC,Tier 4,Tier 4,Tier 4,32.77,351.37,351.37,369,1
19134,The Creative Edit Events,Tier 1,Tier 5,Tier 5,91.84,12.58,12.58,21,1
19135,WeToastHK,Tier 1,Tier 5,Tier 5,89.41,16.29,16.29,37,1
19136,Anne-Lise Boulouys-Ledingham,Tier 2,Tier 5,Tier 5,86.77,19.67,19.67,59,1
19141,Party 2026,Tier 2,Tier 5,Tier 5,68.11,61.12,61.12,121,1
19143,Kayleigh Owen,NIL,Nil,Nil,,0.0,0.0,2,1
19146,Pangbourne Music,Tier 1,Tier 5,Tier 5,89.19,16.46,16.46,29,1
19147,Promoting Economic Pluralism,Tier 2,Tier 5,Tier 5,89.61,15.94,15.94,45,1
19153,Dodd Group QP,Tier 2,Tier 5,Tier 5,74.52,43.21,43.21,48,1
19166,St Annes PSA,Tier 1,Free,Free,,0.0,0.0,19,1
1917,Ampleforth College,Tier 3,Tier 4,Tier 4,36.97,88.08,821.25,26,8
19174,St James Senior Girls School,Tier 3,Tier 5,Tier 5,63.44,75.46,75.46,145,1
19175,Naomi Louise Rae,NIL,Nil,Nil,,3.75,3.75,5,1
19177,Garibaldi Girls,Tier 2,Tier 5,Tier 5,72.41,48.13,48.13,25,1
1918,Lincolnshire Scouts,NIL,Nil,Nil,,0.0,0.0,0,2
19189,West Moors Town Council,Tier 2,Tier 5,Tier 5,81.2,29.08,29.08,99,1
19191,Burnham and Highbridge Band,NIL,Nil,Nil,,0.5,0.5,1,1
19192,Kes Ward,NIL,Nil,Nil,,16.04,16.04,8,1
19194,Salisbury Baptist Church,Tier 2,Tier 5,Tier 5,63.61,74.75,74.75,80,1
19195,Herne Bay Away,NIL,Nil,Nil,,2.71,2.71,5,1
19196,Northwest Business LinkedIn Group,Tier 2,Tier 5,Tier 5,81.69,28.25,28.25,87,1
19197,Lmu3anumber2,NIL,Nil,Nil,,0.0,0.0,2,1
19198,Sustainable Staveley,NIL,Nil,Nil,,0.0,0.0,4,1
19200,Brimena Creatives Ltd,Tier 1,Free,Free,,0.0,0.0,12,1
1921,Cantamus Music,Tier 3,Tier 3,Tier 4,26.43,167.08,1156.92,238,8
19212,Hatherleigh Science,Tier 2,Tier 5,Tier 5,88.59,17.0,17.0,76,1
19213,Selena Mara Music,Tier 1,Tier 5,Tier 5,97.58,2.79,2.79,24,1
19216,Frequency Flow,Tier 1,Tier 5,Tier 5,85.95,21.0,21.0,18,1
19219,Matthew Hennessey,Tier 2,Tier 5,Tier 5,75.59,41.12,41.12,41,1
1922,Autism Together Fundraising,Tier 3,Tier 4,Tier 4,45.39,60.5,492.42,274,8
19222,Make with Lee,NIL,Nil,Nil,,4.67,4.67,4,1
19223,New Road,Tier 1,Free,Free,,0.0,0.0,28,1
19224,TSP,Tier 3,Tier 5,Tier 5,55.13,110.21,110.21,302,1
19225,BigDoggyDayOut,Tier 3,Tier 5,Tier 5,61.17,83.58,83.58,366,1
19227,Aura Entertainment,Tier 4,Tier 4,Tier 4,39.58,239.82,239.82,564,1
19229,NACOA Fundraising,Tier 2,Tier 5,Tier 5,71.41,50.67,50.67,32,1
1923,Lancashire Women,Tier 4,Tier 3,Tier 4,23.52,274.15,694.44,352,7
1924,Islington Choral Society,Tier 4,Tier 2,Tier 2,7.72,832.55,2949.18,769,8
19241,King&#39;s Macclesfield,Tier 3,Tier 4,Tier 4,45.93,172.71,172.71,30,1
19242,1st Overslade Guides &amp; Rangers,Tier 2,Tier 5,Tier 5,97.31,3.33,3.33,61,1
19243,Friends of Blackbrook PTA,Tier 4,Tier 5,Tier 5,56.45,104.84,104.84,471,1
19245,Tricia Peters Networking,Tier 1,Tier 5,Tier 5,87.75,18.25,18.25,10,1
1925,Oswestry School,High Value,Tier 1,Tier 1,1.41,2592.76,12463.66,1808,8
19254,Jubilee Church Bromley,Tier 2,Tier 5,Tier 5,68.28,60.29,60.29,67,1
19258,Steyning Parish Church Children&#39;s &amp; Families Events,Tier 1,Free,Free,,0.0,0.0,21,1
1926,Marie Curie Special Events,NIL,Nil,Nil,,0.0,0.0,0,1
19260,Nessie,Tier 2,Tier 5,Tier 5,73.2,46.38,46.38,80,1
19264,Katie Taylor,Tier 1,Tier 5,Tier 5,96.68,4.58,4.58,14,1
19266,Guernsey Youth Housing,Tier 2,Free,Free,,0.0,0.0,38,1
19270,Belle Vue Leavers 2026,Tier 2,Tier 5,Tier 5,80.9,29.9,29.9,46,1
19272,The Liverbird Choir,Tier 3,Tier 5,Tier 4,51.75,129.5,129.5,111,1
19276,Becoming TreeWise,NIL,Nil,Nil,,2.83,2.83,6,1
19279,Cathy Ballard,NIL,Nil,Nil,,4.04,4.04,4,1
19281,Join The Dots,Tier 3,Tier 4,Tier 4,40.47,230.46,230.46,132,1
19283,Raval Consultants LTD,NIL,Nil,Nil,,41.83,41.83,2,1
19287,Fressingfield Sports &amp; Social,Tier 1,Tier 5,Tier 5,97.76,2.0,2.0,11,1
19289,Bhagwati Shakti Peeth,Tier 1,Free,Free,,0.0,0.0,18,1
19292,Julia Whitbread,Tier 2,Tier 5,Tier 5,83.44,24.75,24.75,33,1
19293,Botolphs Bowmen,Tier 1,Tier 5,Tier 5,88.11,17.54,17.54,33,1
19294,Tiffin Music Department,Tier 2,Free,Free,,0.0,0.0,108,1
19296,Sunninghill and Ascot Parish Council,Tier 3,Free,Free,,0.0,0.0,215,1
19299,Rowington Village Hall,NIL,Nil,Nil,,0.0,0.0,3,1
19300,Edinburgh Geological Society,Tier 3,Tier 5,Tier 4,52.31,125.71,125.71,270,1
19306,ThePartyPourers,Tier 2,Tier 5,Tier 5,85.22,22.33,22.33,67,1
19307,FundraisingforREACT,Tier 2,Tier 5,Tier 5,67.8,62.21,62.21,71,1
1931,MS Positive Charity,NIL,Nil,Nil,,0.0,28.25,0,1
19310,Volunteer Recruitment at Alder Hey,Tier 2,Free,Free,,0.0,0.0,54,1
19312,IMC GLOBAL LTD,Tier 2,Tier 5,Tier 5,66.92,64.46,64.46,70,1
19313,Special Rider Books & Records,Tier 3,Tier 5,Tier 5,56.63,104.17,104.17,182,1
19314,The Foundation Studio,NIL,Nil,Nil,,3.83,3.83,4,1
19315,Moth Coffi,Tier 3,Tier 5,Tier 5,59.23,91.75,91.75,232,1
19316,Kirsty Goode-Crowe,Tier 2,Tier 5,Tier 5,82.5,26.54,26.54,36,1
19317,Heathside Walton on Thames,Tier 4,Tier 4,Tier 4,41.38,215.71,215.71,423,1
19318,St Michael's PTA,NIL,Nil,Nil,,0.62,0.62,1,1
19323,Cultura above boarders,Tier 2,Tier 5,Tier 5,72.45,48.12,48.12,48,1
19324,Ryecroft Rare Breeds,Tier 1,Tier 5,Tier 5,89.12,16.5,16.5,28,1
19326,City of Norwich Archers,Tier 2,Tier 5,Tier 5,82.24,27.0,27.0,52,1
19327,East Sussex East u3a network,NIL,Nil,Nil,,0.0,0.0,8,1
19328,Progress Theatre,NIL,Nil,Nil,,0.0,0.0,4,1
1933,Priddy Singers,Tier 3,Tier 4,Tier 4,38.82,115.58,394.78,210,5
19333,Sidedoor Social,Tier 2,Tier 5,Tier 5,95.45,6.79,6.79,80,1
19336,St Philomena&#39;s School,Tier 3,Free,Free,,0.0,0.0,150,1
19338,Lucy Drewery,Tier 1,Tier 5,Tier 5,95.87,6.17,6.17,16,1
19339,Trull School Fundrasiers,Tier 2,Tier 5,Tier 5,76.11,40.01,40.01,107,1
19341,The Lancasstrian,Tier 1,Tier 5,Tier 5,95.04,7.54,7.54,26,1
19344,40 Plus Cycling Club,Tier 2,Free,Free,,0.0,0.0,73,1
19348,Squiggles &amp; Giggles Playgroup,Tier 2,Tier 5,Tier 5,85.92,21.12,21.12,54,1
19349,Pip&#39;s,NIL,Nil,Nil,,0.0,0.0,1,1
1935,Malvern St James Girls' School,NIL,Nil,Nil,,0.0,13.54,0,1
19352,Bryanston Events,NIL,Nil,Nil,,0.0,0.0,4,1
19353,Jay Mott,Tier 1,Tier 5,Tier 5,87.08,19.25,19.25,11,1
19355,Joanne Morrey MAS,Tier 2,Tier 5,Tier 5,71.94,49.75,49.75,88,1
1936,The Holroyd Community Theatre,Tier 4,Tier 2,Tier 3,10.18,496.54,4021.68,477,8
19362,1 Compass,NIL,Nil,Nil,,1.33,1.33,1,1
19364,St Peter&#39;s Church  Sompting,Tier 1,Tier 5,Tier 5,98.15,0.83,0.83,19,1
19365,Silver Cellar Bar,Tier 1,Tier 5,Tier 5,84.2,23.83,23.83,11,1
19367,Alice Evans,NIL,Nil,Nil,,10.25,10.25,2,1
19368,Radio-Activ,Tier 1,Tier 5,Tier 5,88.83,16.75,16.75,25,1
19369,Solihull Judo Academy,NIL,Nil,Nil,,0.0,0.0,6,1
1937,Chefs Catering,NIL,Nil,Nil,,0.0,1.04,0,1
19371,Re:Minds,NIL,Nil,Nil,,0.0,0.0,1,1
19372,Iris Training &amp; Consulting,NIL,Nil,Nil,,8.96,8.96,5,1
19374,Moulsford School,Tier 3,Free,Free,,0.0,0.0,382,1
19378,NVSDD,Tier 3,Tier 5,Tier 5,62.09,81.0,81.0,108,1
1938,Ely Choral Society,NIL,Nil,Nil,,0.0,26.25,0,1
19385,Inspire Yourself Happy,Tier 1,Tier 5,Tier 5,93.49,10.08,10.08,22,1
19386,Carlisle One World Centre,Tier 1,Tier 5,Tier 5,98.35,0.42,0.42,31,1
19387,CERI MASON,NIL,Nil,Nil,,2.33,2.33,7,1
19389,C-section Coffee Club,NIL,Nil,Nil,,2.67,2.67,9,1
19390,Bra-vissima Ladies Choir,Tier 2,Tier 5,Tier 5,83.63,24.54,24.54,33,1
19393,Danielles World Scout Jamboree 2027,Tier 2,Tier 5,Tier 5,80.97,29.71,29.71,61,1
19395,Oral Health,Tier 2,Free,Free,,0.0,0.0,46,1
19396,Robinson Contract Services,Tier 3,Tier 5,Tier 5,58.27,95.54,95.54,39,1
194,Hutchesons Grammar School,High Value,Tier 1,Tier 2,2.21,1950.54,6180.37,3553,10
19400,Jack Charlton Disabled Anglers Association,Tier 1,Tier 5,Tier 5,90.56,14.38,14.38,24,1
19404,Britten: 50 Years On,Tier 3,Tier 4,Tier 4,43.45,192.42,192.42,200,1
19406,Wellnessevents,Tier 1,Tier 5,Tier 5,93.85,9.71,9.71,10,1
19408,Sue Wilson,NIL,Nil,Nil,,0.92,0.92,2,1
1941,Blundell's Development Office,NIL,Nil,Nil,,0.0,137.78,0,2
19412,Canterbury Desi Residence,Tier 3,Free,Free,,0.0,0.0,147,1
19413,The Crafty Lunch Club,Tier 3,Tier 5,Tier 4,51.09,133.63,133.63,178,1
19417,Judd Sixth Form,Tier 3,Free,Free,,0.0,0.0,214,1
19418,FH PSPA,Tier 2,Tier 5,Tier 5,64.98,70.13,70.13,51,1
19419,Hart House,Tier 3,Tier 4,Tier 4,49.48,146.25,146.25,45,1
19420,ASHW T1 Log Book/Training day 5th July,Tier 1,Free,Free,,0.0,0.0,16,1
19426,West Sussex Music,Tier 1,Free,Free,,0.0,0.0,13,1
1943,Barnt Green Choral Society,NIL,Nil,Nil,,0.0,4.04,0,2
19435,Christopher Sullivan,NIL,Nil,Nil,,0.44,0.44,1,1
19436,BJA Midland Area Judo,NIL,Nil,Nil,,4.67,4.67,8,1
19438,Desi Gradinarova,Tier 2,Free,Free,,0.0,0.0,78,1
19442,Evo Dev/Test Account,NIL,Nil,Nil,,0.0,0.0,1,1
19445,Blood on the Clocktower Chelmsford,NIL,Nil,Nil,,3.25,3.25,6,1
19446,Ampthill Cultural Events,Tier 3,Tier 4,Tier 4,48.41,153.63,153.63,243,1
19447,YM4P,Tier 2,Tier 5,Tier 5,77.51,36.75,36.75,88,1
1945,ADP Panto,NIL,Nil,Nil,,0.0,110.37,0,2
19451,Newstead Wood Prom,Tier 3,Tier 5,Tier 5,55.45,109.42,109.42,61,1
19452,Slaithwaite J&amp;I,Tier 2,Tier 5,Tier 5,91.68,13.0,13.0,39,1
19453,Rewild Wellness,Tier 2,Tier 5,Tier 5,69.67,56.38,56.38,11,1
19454,UUKMA Yorkshire n Humber,Tier 3,Tier 5,Tier 5,65.56,68.79,68.79,156,1
19456,Lev Echad Glasgow,Tier 1,Tier 5,Tier 5,89.74,15.75,15.75,21,1
19462,Weymouth Land Train,Tier 2,Tier 5,Tier 5,76.36,39.54,39.54,110,1
19464,Taff Ely Foodbank,Tier 2,Tier 5,Tier 5,66.48,65.81,65.81,41,1
1947,Royal Kingston Scout District,NIL,Nil,Nil,,0.0,0.0,0,1
19471,Race Equality First,NIL,Nil,Nil,,0.0,0.0,1,1
19472,Jo Wells,Tier 1,Free,Free,,0.0,0.0,30,1
19473,GuitarEvent,Tier 1,Tier 5,Tier 5,88.59,17.0,17.0,34,1
19474,Discover Wight,Tier 1,Tier 5,Tier 5,91.29,13.5,13.5,18,1
19475,Southend Choirs,Tier 3,Tier 5,Tier 5,65.2,69.53,69.53,143,1
19478,The Snow Queen,Tier 2,Free,Free,,0.0,0.0,60,1
19481,West Heaton,Tier 2,Tier 5,Tier 5,77.2,37.67,37.67,106,1
19483,Scot Club Bletchley,Tier 2,Tier 5,Tier 5,89.74,15.75,15.75,41,1
19484,Caro,Tier 2,Tier 5,Tier 5,94.85,7.92,7.92,60,1
19488,Rhapsody,Tier 1,Tier 5,Tier 5,89.65,15.83,15.83,29,1
19491,FantasySocial,NIL,Nil,Nil,,4.33,4.33,8,1
19494,Sasha Davies,Tier 2,Tier 5,Tier 5,91.42,13.33,13.33,40,1
19495,Kendal Parish Church,NIL,Nil,Nil,,0.0,0.0,2,1
19496,Shit Runners Club Kendal,Tier 2,Tier 5,Tier 5,79.45,32.83,32.83,99,1
19499,Abel Smith School PFA,Tier 2,Tier 5,Tier 5,79.4,33.0,33.0,22,1
195,Chanctonbury Chorus,NIL,Nil,Nil,,0.0,8.32,0,2
19501,Mini Memories,NIL,Nil,Nil,,1.88,1.88,3,1
19509,Ness Castle Primary,Tier 2,Free,Free,,0.0,0.0,65,1
1951,A R Watts,Tier 3,Tier 5,Tier 5,61.28,32.5,245.64,39,3
19510,Lakeland Life Events,Tier 3,Tier 5,Tier 5,73.3,46.21,46.21,143,1
19520,Fraser House Hub,Tier 1,Free,Free,,0.0,0.0,30,1
19524,West Sussex Music,NIL,Nil,Nil,,0.0,0.0,1,1
19528,Sihan Sun,Tier 1,Tier 5,Tier 5,91.48,13.29,13.29,32,1
19529,SHYBB,NIL,Nil,Nil,,0.0,0.0,1,1
1953,19 The Wine Bar,NIL,Nil,Nil,,0.0,2.33,0,2
19531,SCE Jamboree,Tier 1,Tier 5,Tier 5,94.5,8.46,8.46,25,1
19534,Hollingbury Table Tennis Club,NIL,Nil,Nil,,2.5,2.5,4,1
19535,Michael Andrews,NIL,Nil,Nil,,0.0,0.0,3,1
19537,Raise Your Voice,Tier 2,Tier 5,Tier 5,70.84,52.5,52.5,70,1
19539,2minds,NIL,Nil,Nil,,31.63,31.63,9,1
1954,King's School Worcester,Tier 4,Free,Free,,0.0,768.61,422,6
19546,The Pumpkin Place Wolston,NIL,Nil,Nil,,0.0,0.0,2,1
19548,Friends of the Storey Gardens,Tier 1,Tier 5,Tier 5,97.88,1.5,1.5,22,1
1955,Samantha Jensen,NIL,Nil,Nil,,0.0,0.0,0,2
19552,DUIS,Tier 3,Tier 5,Tier 5,56.77,103.8,103.8,145,1
19555,Bianco Nero,NIL,Nil,Nil,,0.0,0.0,3,1
19556,UK Sartre Society,Tier 3,Tier 5,Tier 5,56.53,104.58,104.58,20,1
1956,London Mandolin Ensemble,NIL,Nil,Nil,,0.0,5.62,0,1
19561,SaudiClub in Edinburgh,NIL,Nil,Nil,,0.46,0.46,1,1
19562,Jude Surr,Tier 1,Tier 5,Tier 5,93.11,10.54,10.54,23,1
19566,Libby Bateman,NIL,Nil,Nil,,10.5,10.5,9,1
19569,OCLS,Tier 3,Free,Free,,0.0,0.0,140,1
1957,HMC,NIL,Nil,Nil,,0.0,0.0,0,2
19572,Preston Volunteers,NIL,Nil,Nil,,0.0,0.0,2,1
19574,MaitreyaSutton,Tier 1,Free,Free,,0.0,0.0,26,1
19578,DFA Training,Tier 1,Tier 5,Tier 5,91.92,12.5,12.5,16,1
19580,Rossendale Community First Responders,Tier 1,Free,Free,,0.0,0.0,30,1
19581,SAK FOOD Services,Tier 2,Tier 5,Tier 5,79.31,33.08,33.08,36,1
19583,Beiter Hit Miss,Tier 1,Free,Free,,0.0,0.0,23,1
19584,Footsteps To Theatre,Tier 2,Tier 5,Tier 5,91.68,13.0,13.0,39,1
19587,Gareth Hanson - Director of Musical Performance,Tier 2,Free,Free,,0.0,0.0,85,1
19588,Women Winning,NIL,Nil,Nil,,8.17,8.17,7,1
19590,Greater Manchester Dance Collective,Tier 2,Tier 5,Tier 5,90.34,14.88,14.88,61,1
19597,St Edmunds School,Tier 2,Free,Free,,0.0,0.0,49,1
19599,Stephen Leslie Productions,NIL,Nil,Nil,,5.0,5.0,8,1
196,ASH Stage Productions,Tier 4,Tier 2,Tier 2,6.41,737.42,5934.49,1373,11
1960,Lea Rüegg,NIL,Nil,Nil,,0.0,0.4,0,1
19600,Private Cellar,NIL,Nil,Nil,,0.0,0.0,2,1
19601,Rotary Club of Loughborough Beacon,NIL,Nil,Nil,,11.46,11.46,9,1
19604,Suzee Tyulee,Tier 2,Tier 5,Tier 5,66.19,66.67,66.67,20,1
1961,Catering Partnership Ltd,NIL,Nil,Nil,,0.0,0.0,0,1
19610,The Visibility Lab,NIL,Nil,Nil,,38.0,38.0,6,1
19611,HEMAT,Tier 1,Tier 5,Tier 5,96.47,5.0,5.0,15,1
19612,X-Press Legal Services (Bolton & Lancashire),NIL,Nil,Nil,,2.75,2.75,2,1
19613,WvCcharityevents,Tier 2,Tier 5,Tier 5,78.29,34.96,34.96,58,1
19619,Richard Challoner School,Tier 4,Tier 4,Tier 4,45.71,173.67,173.67,440,1
1962,EastGrinstead Choral Society,NIL,Nil,Nil,,0.0,8.25,0,1
19620,NAS Lancaster and Morecambe,Tier 2,Free,Free,,0.0,0.0,60,1
19625,The Crypt School,Tier 3,Tier 5,Tier 5,63.81,74.04,74.04,144,1
19626,Crown&amp;Cause,Tier 2,Tier 5,Tier 5,72.01,49.33,49.33,28,1
19627,FOBS BOTW,Tier 3,Tier 5,Tier 5,60.25,87.25,87.25,133,1
19633,lucascunha24,Tier 1,Free,Free,,0.0,0.0,21,1
19635,Ben Williams,NIL,Nil,Nil,,1.5,1.5,2,1
19636,Elsewhere Bar,Tier 2,Tier 5,Tier 5,71.69,50.21,50.21,95,1
19637,Chinese Original Scents Workshop,NIL,Nil,Nil,,1.55,1.55,8,1
19638,Stroud Symphony Orchestra,NIL,Nil,Nil,,1.42,1.42,2,1
19642,Emerging Fern,NIL,Nil,Nil,,0.96,0.96,1,1
19647,Laura Chatterton,NIL,Nil,Nil,,1.37,1.37,1,1
19657,Limestone Pavement Partnership,Tier 2,Free,Free,,0.0,0.0,41,1
19660,Ysgol Bro Caereinion,Tier 2,Tier 5,Tier 5,71.79,50.04,50.04,119,1
19667,Rossett Village Hall,Tier 2,Tier 5,Tier 5,83.36,24.92,24.92,26,1
19669,Cantina Carnitas,Tier 3,Tier 5,Tier 5,59.27,91.67,91.67,55,1
19670,Rotary Club of Sherborne Castles,NIL,Nil,Nil,,0.37,0.37,1,1
19672,C Doherty &amp; Co,NIL,Nil,Nil,,0.0,0.0,1,1
19674,Serendipity Brides,Tier 2,Free,Free,,0.0,0.0,88,1
19675,Kat&#39;s Print Shop,NIL,Nil,Nil,,2.5,2.5,6,1
19677,Neon Skies,Tier 2,Tier 5,Tier 5,84.54,23.5,23.5,50,1
19678,themakingroom,Tier 2,Tier 5,Tier 5,80.4,30.83,30.83,15,1
19681,SGS Peeblesshire,NIL,Nil,Nil,,3.08,3.08,7,1
19694,The Grampian Society For The Blind,Tier 2,Tier 5,Tier 5,82.39,26.71,26.71,57,1
19699,Garstang Walking Football CLub,Tier 1,Free,Free,,0.0,0.0,26,1
197,Lady Eleanor Holles School,High Value,Tier 1,Tier 2,3.03,1152.98,12843.97,3332,11
19702,Bournemouth Positive Living Group,NIL,Nil,Nil,,2.33,2.33,7,1
19707,Mill Mead PSA,Tier 3,Tier 5,Tier 5,59.49,90.5,90.5,339,1
1971,Reed's School Drama,Tier 4,Tier 3,Tier 3,15.14,375.83,1742.36,1028,8
19715,Britain Palestine Friendship and Twinning Network,Tier 2,Tier 5,Tier 5,82.21,27.08,27.08,51,1
19716,InterActive Dance Collective,NIL,Nil,Nil,,0.0,0.0,7,1
19717,Keira Egan,Tier 3,Tier 4,Tier 4,44.19,185.62,185.62,135,1
19719,Moulsham High School - AK,Tier 3,Free,Free,,0.0,0.0,323,1
19720,Unitarian Transformers,NIL,Nil,Nil,,0.0,0.0,4,1
19722,Chipstead Residents Association,Tier 1,Tier 5,Tier 5,95.2,7.33,7.33,22,1
19724,Joseph Earl,Tier 1,Free,Free,,0.0,0.0,30,1
1973,St Benedict's School Combined Cadet Force,NIL,Nil,Nil,,0.0,92.71,0,2
19735,Dev Account,NIL,Nil,Nil,,0.0,0.0,1,1
19744,Barnes FC,Tier 2,Tier 5,Tier 5,98.02,1.25,1.25,54,1
1975,Monkton School Senior Production 2019,NIL,Nil,Nil,,0.0,0.0,0,2
19754,Bloom Digitally,Tier 1,Free,Free,,0.0,0.0,17,1
1976,Glasgow Orchestral Society,NIL,Nil,Nil,,0.0,30.42,0,1
19760,Ivy,Tier 1,Tier 5,Tier 5,97.63,2.71,2.71,13,1
19762,Pangbourne College,Tier 2,Tier 5,Tier 5,63.84,74.0,74.0,37,1
19763,Abertawe Education,NIL,Nil,Nil,,0.0,0.0,1,1
19767,Shall We Dance Usk,Tier 2,Tier 5,Tier 5,67.38,63.0,63.0,54,1
19768,Calderwood Shuk 2026,Tier 1,Tier 5,Tier 5,94.85,7.92,7.92,24,1
19769,WUSPA,Tier 2,Tier 5,Tier 5,73.66,45.5,45.5,28,1
19777,Kaia China-Sawyer,NIL,Nil,Nil,,0.46,0.46,1,1
19780,Clare Pritchard Somatic Stress &amp; Breathwork,Tier 1,Tier 5,Tier 5,96.6,4.79,4.79,16,1
19781,TALKHUB CIC,Tier 1,Tier 5,Tier 5,98.48,0.25,0.25,31,1
19788,Patrick Duffy,Tier 2,Tier 5,Tier 5,89.58,16.0,16.0,48,1
1979,Erica Materacki  St Edward's Prep School,NIL,Nil,Nil,,0.0,0.0,0,1
19792,The Elms PSA,Tier 2,Free,Free,,0.0,0.0,100,1
19794,Calm Aura Healing,Tier 1,Tier 5,Tier 5,94.92,7.68,7.68,17,1
19796,The Salvation Army Public Affairs,Tier 2,Free,Free,,0.0,0.0,72,1
19799,Southend Choral Society,Tier 1,Tier 5,Tier 5,89.9,15.62,15.62,27,1
19800,East Markham Village Hall,Tier 2,Tier 5,Tier 5,80.52,30.58,30.58,38,1
19801,Mayfield Girls School | East Sussex,Tier 2,Tier 5,Tier 5,86.29,20.39,20.39,52,1
19803,Nile Wilson Gymnastics,Tier 4,Tier 4,Tier 4,36.43,284.46,284.46,657,1
19804,PAUL WILKINS,Tier 1,Tier 5,Tier 5,84.06,23.96,23.96,25,1
19807,Abingdon Athletics Club,Tier 2,Tier 5,Tier 5,69.82,55.88,55.88,89,1
19808,Sound Therapy By Susan Cain,NIL,Nil,Nil,,0.65,0.65,1,1
19815,Gwrych Castle,High Value,Tier 3,Tier 3,17.04,1226.9,1226.9,2873,1
19818,Chantal Paige Events,Tier 3,Tier 5,Tier 4,52.64,124.38,124.38,198,1
1982,Let Me Sing,Tier 3,Tier 5,Tier 5,51.44,99.5,103.83,124,4
19831,Last Wolf MCC,Tier 2,Tier 5,Tier 5,83.55,24.62,24.62,27,1
19833,OttoVoce,NIL,Nil,Nil,,2.71,2.71,5,1
19834,Anne Durward-Brown,Tier 1,Tier 5,Tier 5,94.45,8.67,8.67,16,1
19835,Buxton Garden Trail Community Group,NIL,Nil,Nil,,1.42,1.42,6,1
19837,Tallie Maughan,NIL,Nil,Nil,,5.13,5.13,9,1
19840,Anthony Sayer Lodge,Tier 1,Free,Free,,0.0,0.0,11,1
19844,Remain In Light 2026,Tier 1,Tier 5,Tier 5,87.19,19.13,19.13,26,1
19847,Grace,Tier 1,Free,Free,,0.0,0.0,16,1
19851,Ulverston Resilience Group CIC,Tier 1,Free,Free,,0.0,0.0,24,1
19853,Evie,Tier 1,Free,Free,,0.0,0.0,14,1
19854,Castle Hill High School,NIL,Nil,Nil,,1.88,1.88,3,1
19855,Newport &amp; District History Society,Tier 1,Tier 5,Tier 5,96.19,5.7,5.7,13,1
19859,Northern Lights Early Years Stronger Practice Hub,Tier 1,Free,Free,,0.0,0.0,21,1
1986,Beatson Booby Birds,NIL,Nil,Nil,,0.0,417.67,0,2
19860,Meristep,NIL,Nil,Nil,,0.0,0.0,1,1
19861,Villa &amp; Proud,Tier 2,Free,Free,,0.0,0.0,42,1
19865,Paddy&#39;s Events,NIL,Nil,Nil,,0.67,0.67,2,1
19866,RB First Aid,NIL,Nil,Nil,,0.0,0.0,2,1
19867,Amnesty Monmouthshire,NIL,Nil,Nil,,1.67,1.67,5,1
19875,Selden College,NIL,Nil,Nil,,0.0,0.0,2,1
19879,ElizabethAllisonmarplehallschool,Tier 2,Free,Free,,0.0,0.0,89,1
1988,HUNTER-GATHERER,NIL,Nil,Nil,,0.0,23.46,0,2
19883,KJ Fundays,Tier 3,Tier 5,Tier 5,65.67,68.46,68.46,183,1
19886,Property Chat Rugby,Tier 1,Free,Free,,0.0,0.0,23,1
19887,Gwent N-gage Training,NIL,Nil,Nil,,0.0,0.0,1,1
19888,Designing Libraries International CIC,Tier 2,Tier 5,Tier 5,67.83,62.0,62.0,20,1
19889,AdmissionsTeam,NIL,Nil,Nil,,0.0,0.0,3,1
1989,Ember Big Band,NIL,Nil,Nil,,0.0,32.17,0,1
19890,The lakes Farm,Tier 2,Tier 5,Tier 5,71.75,50.13,50.13,114,1
19898,1st Barnt Green Scouts,Tier 2,Tier 5,Tier 5,95.28,7.27,7.27,55,1
199,Artisan Network Nw Ltd,NIL,Nil,Nil,,0.0,172.33,0,1
1990,Verulam Drama Department,NIL,Nil,Nil,,0.0,89.42,0,2
19900,Inner Ambition,Tier 1,Tier 5,Tier 5,96.26,5.51,5.51,14,1
19901,Beyond Your Lodge / Beyond Your Chapter,Tier 3,Tier 5,Tier 4,51.38,131.25,131.25,175,1
19911,Lara,NIL,Nil,Nil,,0.75,0.75,1,1
1992,No Coward Soul,NIL,Nil,Nil,,0.0,29.58,0,2
19922,Boots &amp; Beats,Tier 2,Tier 5,Tier 5,73.86,45.0,45.0,60,1
19928,London Centre for Positive Psychotherapy,NIL,Nil,Nil,,0.0,0.0,1,1
1993,Youth Orbit,NIL,Nil,Nil,,0.0,4.67,0,1
19934,University of Nottingham Technical Sustainable Working Group,Tier 1,Free,Free,,0.0,0.0,34,1
19935,CMacleod,NIL,Nil,Nil,,0.0,0.0,2,1
19936,REACHout EYSPH,Tier 2,Free,Free,,0.0,0.0,98,1
19938,Dunottar School Events,Tier 3,Free,Free,,0.0,0.0,130,1
19941,Gajanan Maharaj UK Parivar Trust,Tier 1,Tier 5,Tier 5,92.96,10.83,10.83,15,1
19944,Active Gymnastics,NIL,Nil,Nil,,0.25,0.25,1,1
19945,Dan Bowen,Tier 2,Tier 5,Tier 5,66.31,66.17,66.17,87,1
19948,Jazz North,NIL,Nil,Nil,,0.0,0.0,2,1
19951,The Duke @ Marlow,Tier 3,Tier 5,Tier 5,56.05,107.08,107.08,246,1
19953,WCB,NIL,Nil,Nil,,0.17,0.17,1,1
19954,Annie Mawson's Sunbeams Music Trust,Tier 1,Tier 5,Tier 5,86.64,19.9,19.9,28,1
19956,Hedgerow and Hearth,NIL,Nil,Nil,,0.0,0.0,9,1
1996,St Michael and All Angels Church,Tier 3,Tier 5,Tier 5,79.65,0.83,72.74,146,7
19964,JK Performance,NIL,Nil,Nil,,1.5,1.5,2,1
19969,Longwick Events,Tier 1,Tier 5,Tier 5,92.01,12.46,12.46,23,1
19987,Grace Devine,NIL,Nil,Nil,,1.5,1.5,2,1
19988,Economic Development,Tier 2,Free,Free,,0.0,0.0,98,1
1999,Friends of Claines School,Tier 4,Tier 2,Tier 3,11.22,532.7,2263.38,2091,8
19992,Miss Jacqueline Robinson,NIL,Nil,Nil,,3.25,3.25,6,1
19995,The Queenager Club,NIL,Nil,Nil,,5.42,5.42,5,1
19999,MSMI &amp; SoS RNCM Conference,Tier 3,Tier 4,Tier 4,46.02,171.92,171.92,32,1
2,SEED Symposium,NIL,Nil,Nil,,0.0,388.29,0,1
200,Nottingham High School Drama Department,Tier 4,Free,Free,,0.0,0.0,1087,11
20002,Ty Poeth Farm,Tier 2,Tier 5,Tier 5,77.92,35.8,35.8,92,1
20004,The EYSWSPH,Tier 3,Free,Free,,0.0,0.0,163,1
20005,The Barn Nursery School,Tier 1,Free,Free,,0.0,0.0,32,1
20008,Top Women,NIL,Nil,Nil,,2.0,2.0,1,1
2001,Razzle Dazzle Productions,NIL,Nil,Nil,,0.0,617.83,0,3
20011,Cumbria Community Orchestra Days Collective,Tier 3,Tier 5,Tier 5,87.8,18.12,18.12,244,1
20018,Chloe Madden,Tier 1,Tier 5,Tier 5,97.08,3.75,3.75,18,1
20022,Ellen,NIL,Nil,Nil,,19.88,19.88,9,1
20027,Stardust Banchory,Tier 1,Free,Free,,0.0,0.0,13,1
20031,Big Brue,NIL,Nil,Nil,,0.0,0.0,2,1
20032,Brathay Trust,NIL,Nil,Nil,,0.0,0.0,2,1
20037,Vicki and Joes Strictly Fundraising,Tier 1,Free,Free,,0.0,0.0,24,1
20038,East Midlands Early Years Stronger Practice Hub,Tier 1,Free,Free,,0.0,0.0,31,1
2004,Diabettech,NIL,Nil,Nil,,0.0,0.0,0,2
20040,Connection First,NIL,Nil,Nil,,0.83,0.83,2,1
20041,Sian Sculpts - Mat pilates event,Tier 1,Tier 5,Tier 5,94.9,7.79,7.79,11,1
20042,My Time To Write London Screenwriting Course,NIL,Nil,Nil,,12.62,12.62,1,1
20045,Just4FunBouncyCastles,Tier 1,Free,Free,,0.0,0.0,26,1
20049,Rhapsody Chorus,NIL,Nil,Nil,,1.32,1.32,3,1
20052,Michelle Clegg,NIL,Nil,Nil,,4.5,4.5,3,1
20053,Just4FunBoucyCastles,Tier 3,Tier 5,Tier 5,84.16,23.87,23.87,292,1
20057,UNIP,NIL,Nil,Nil,,0.0,0.0,3,1
20059,York House Hotel,NIL,Nil,Nil,,1.88,1.88,3,1
20063,Arianne Rebekah Yoga,NIL,Nil,Nil,,3.25,3.25,6,1
20067,The Salvation Army Derby Central,Tier 1,Tier 5,Tier 5,94.18,9.0,9.0,24,1
2007,MTS Rugby Club,NIL,Nil,Nil,,0.0,85.83,0,2
20077,The Physio Doula,NIL,Nil,Nil,,2.63,2.63,7,1
20078,FODCAP,NIL,Nil,Nil,,0.0,0.0,5,1
20085,Eildon Singers,NIL,Nil,Nil,,4.33,4.33,8,1
2009,esmss6afterball,NIL,Nil,Nil,,0.0,446.5,0,1
20098,Beth Lilley-Draper,NIL,Nil,Nil,,1.13,1.13,4,1
20103,Natalie Going,NIL,Nil,Nil,,5.0,5.0,8,1
20104,Bubwith Leisure &amp; Sports Centre,NIL,Nil,Nil,,0.92,0.92,2,1
20106,Leila &amp; Co,Tier 2,Tier 5,Tier 5,73.86,45.0,45.0,60,1
2011,THINK Consulting Solutions,NIL,Nil,Nil,,0.0,672.22,0,4
20111,Barratt Eastern Counties,NIL,Nil,Nil,,0.0,0.0,6,1
20113,Worrall Workshops,NIL,Nil,Nil,,7.83,7.83,1,1
20115,Etal Village Show,Tier 1,Free,Free,,0.0,0.0,10,1
20120,Lucia Tripepi Supper Club &amp; Art,Tier 1,Tier 5,Tier 5,86.91,19.46,19.46,13,1
20128,Wonderbean Ltd,NIL,Nil,Nil,,0.0,0.0,2,1
2013,LastMinuteDJs,NIL,Nil,Nil,,0.0,5.08,0,2
20132,Camden Peoples Alliance,Tier 1,Tier 5,Tier 5,89.41,16.29,16.29,17,1
20145,Westport Music Studio,NIL,Nil,Nil,,0.33,0.33,2,1
20146,DylanProud,NIL,Nil,Nil,,0.0,0.0,9,1
2016,Terrington Young Farmers,NIL,Nil,Nil,,0.0,20.71,0,2
20160,CazHProductions,NIL,Nil,Nil,,1.5,1.5,2,1
20165,Pelham Structures Ltd,Tier 1,Tier 5,Tier 5,95.2,7.33,7.33,22,1
20166,Knight Farming Ltd,Tier 1,Free,Free,,0.0,0.0,11,1
20167,Induction Onboarding,NIL,Nil,Nil,,0.0,0.0,8,1
2017,5 STAR UNIQUE TALENT,NIL,Nil,Nil,,0.0,13.88,0,1
2018,Loughborough Junction Action Group,NIL,Nil,Nil,,0.0,78.75,0,2
20188,Sustainable Carlisle,Tier 1,Free,Free,,0.0,0.0,11,1
20192,Sourdown Farm,NIL,Nil,Nil,,2.17,2.17,4,1
20194,HSE Advice UK,NIL,Nil,Nil,,1.33,1.33,4,1
20196,Skegness Show 2026,NIL,Nil,Nil,,0.21,0.21,1,1
202,Princethorpe College,NIL,Nil,Nil,,0.0,0.0,0,4
20218,Little Beats,NIL,Nil,Nil,,0.4,0.4,1,1
2022,Klezmer Keilidh,NIL,Nil,Nil,,0.0,1.5,0,1
20224,Willow Tree Academy Music,NIL,Nil,Nil,,0.0,0.0,1,1
2023,Surrey Scouts,NIL,Nil,Nil,,5.0,303.67,3,5
20232,Fairytale Faces &amp; Events,NIL,Nil,Nil,,4.98,4.98,8,1
20237,Steppasix,NIL,Nil,Nil,,4.7,4.7,6,1
2024,Via Vita Health,NIL,Nil,Nil,,0.0,0.0,0,2
20241,TheLongRest,Tier 1,Free,Free,,0.0,0.0,14,1
2025,Lucid Dreaming Ltd,NIL,Nil,Nil,,0.0,0.0,0,1
2028,Bloxham School,NIL,Nil,Nil,,0.0,0.0,0,3
2029,St Bartholomew's Church,NIL,Nil,Nil,,0.0,0.44,0,1
203,Manor Lodge School,NIL,Nil,Nil,,0.0,1603.04,0,6
2030,Wisborough Green Primary School PTA,NIL,Nil,Nil,,0.0,7.33,0,1
2031,East Sussex Community Choir,NIL,Nil,Nil,,0.0,12.75,0,2
2032,Linlithgow Scotch Hop SCIO,Tier 4,Tier 3,Tier 3,19.04,343.37,1172.13,496,5
2039,Andrea Rimington Yoga,NIL,Nil,Nil,,0.0,310.33,0,4
204,LANFix,NIL,Nil,Nil,,0.0,0.0,0,2
2043,St Paul's School Spring Fling 2020,Key Account,Tier 1,Tier 2,1.63,2862.92,10612.83,233,7
2045,Dramagic - Colin irvine,Tier 3,Tier 5,Tier 5,54.83,32.17,419.21,59,6
205,St.Leonards Music School,Tier 3,Tier 5,Tier 5,81.57,6.46,39.38,128,8
2053,AU Product Manager Account,NIL,Nil,Nil,,0.0,0.0,0,1
2054,Spark Networking,NIL,Nil,Nil,,0.0,456.5,0,3
2058,Bolton Minerva Meetups,NIL,Nil,Nil,,0.0,0.0,0,1
206,Nottingham High School Admissions,Tier 3,Free,Free,,0.0,0.0,345,7
2060,St Helen and St Katharine,High Value,Tier 2,Tier 2,4.32,1223.72,5285.08,3586,8
2061,Autism Together Training,NIL,Nil,Nil,,0.0,45.58,0,3
2064,Fizzy Compass,NIL,Nil,Nil,,0.0,3.29,0,2
2067,EOA,NIL,Nil,Nil,,0.0,0.0,0,1
207,Culford School Foundation,NIL,Nil,Nil,,0.0,412.5,0,2
2070,Wellington Cricket Club,Tier 3,Tier 4,Tier 4,35.58,102.71,728.58,69,8
2073,Homewood Uniform Shop,NIL,Nil,Nil,,0.0,0.0,0,1
2074,Entrepreneurship Society,NIL,Nil,Nil,,0.0,0.0,0,1
2077,GSA,NIL,Nil,Nil,,0.0,0.0,0,3
2087,St Catherine's School,NIL,Nil,Nil,,0.0,2.5,0,1
2088,Account Deleted,NIL,Nil,Nil,,0.0,0.0,0,1
209,Nottingham High School - Music,Tier 4,Tier 3,Tier 3,17.98,279.78,1663.28,879,11
2090,Autism Together Children and Family,Tier 4,Tier 4,Tier 4,30.15,119.08,1414.08,517,7
2091,J'amies Gymnastics Academy,NIL,Nil,Nil,,0.0,795.17,0,2
2092,Edenhurst Preparatory School,NIL,Nil,Nil,,0.0,79.78,0,2
21,Sedbergh School Music Department,Tier 4,Tier 2,Tier 3,11.62,427.19,3243.25,949,12
210,Harrison Network,NIL,Nil,Nil,,0.0,637.26,0,4
2105,St Albans High School for Girls,High Value,Tier 2,Tier 2,3.95,1440.09,5398.42,3727,7
2107,re:Centre Lancaster,NIL,Nil,Nil,,0.0,2.0,0,1
2111,Still Crazy,Tier 3,Tier 5,Tier 5,64.33,9.63,495.87,11,5
2113,English Touring Opera @ Lancaster Priory,NIL,Nil,Nil,,0.0,31.54,0,2
2124,Morecambe Bay Extinction Rebels,NIL,Nil,Nil,,0.0,34.01,0,2
2126,4Networking North Lancashire & Cumbria,NIL,Nil,Nil,,0.0,7.25,0,1
2129,Reece Alderson,NIL,Nil,Nil,,0.0,0.0,0,1
2130,Village Books Dulwich,High Value,Tier 1,Tier 2,2.96,2440.82,4843.93,2294,7
2131,Lick It Back,NIL,Nil,Nil,,0.0,13.96,0,2
2136,Fipzee,NIL,Nil,Nil,,0.0,0.0,0,1
2137,James Bond 2020,NIL,Nil,Nil,,0.0,47.37,0,1
2141,Illy and Lottie Kenya Fundraiser,NIL,Nil,Nil,,0.0,9.2,0,1
2144,Heywood Prep,NIL,Nil,Nil,,0.0,43.21,0,2
2151,Trafford Enterprises Ltd,NIL,Nil,Nil,,0.0,0.0,0,4
2154,Seafarers Ball,Tier 4,Tier 3,Tier 3,21.83,291.5,955.54,132,5
216,About Turn Theatre Company,NIL,Nil,Nil,,0.0,17.96,0,2
2160,Ava Marie Foundation,NIL,Nil,Nil,,0.0,0.0,0,1
217,Cumbria CVS,NIL,Nil,Nil,,0.0,0.0,0,3
2170,Devonshire House Prep School,High Value,Tier 2,Tier 2,6.68,841.95,4782.75,1239,7
2172,The North School,Tier 3,Tier 4,Tier 4,35.63,120.96,494.12,385,7
2177,Lakes Luxury,NIL,Nil,Nil,,0.0,107.04,0,1
2179,Westmorland Law Society,NIL,Nil,Nil,,0.0,68.33,0,1
218,Account Deleted,NIL,Nil,Nil,,0.0,18.92,0,1
2181,Durham Education Ltd,Tier 4,Tier 3,Tier 4,25.75,172.27,1267.01,807,7
2183,meaningfulmarketing,NIL,Nil,Nil,,0.0,16.5,0,2
2184,Prospect House School - Rhiannon Chaudhuri,NIL,Nil,Nil,,0.0,196.79,0,1
2185,Friends of SRWA,NIL,Nil,Nil,,0.0,2.57,0,1
2188,Shropshire Cycle Hub,NIL,Nil,Nil,,0.0,14.0,0,1
2189,St Mary the Virgin and All Saints Church,NIL,Nil,Nil,,0.0,15.62,0,1
219,hi-impact,NIL,Nil,Nil,,0.0,221.78,0,7
2193,Guildford Cathedral,NIL,Nil,Nil,,0.0,0.0,0,1
2199,Friends of WHS,Tier 4,Tier 2,Tier 3,10.16,589.33,2948.95,806,7
22,Anazao,NIL,Nil,Nil,,0.0,37.8,0,1
2200,Falklands Talk by M Aston - Westwood PR,NIL,Nil,Nil,,0.0,32.67,0,1
2201,Meade,NIL,Nil,Nil,,0.0,67.58,0,1
2202,Heywood Prep,Tier 2,Free,Free,,0.0,0.0,52,4
2205,Jane Khan - College Reunion,NIL,Nil,Nil,,0.0,69.67,0,1
2206,Southbank International School - Jane Eyre Production,NIL,Nil,Nil,,0.0,0.0,0,1
2207,Seaton House School Sutton,NIL,Nil,Nil,,0.0,0.0,0,1
2208,Ealing Symphony Orchestra,Tier 4,Tier 3,Tier 3,15.72,421.54,1575.92,892,5
2209,Luney Ladies,Tier 4,Tier 3,Tier 4,22.94,290.04,677.21,326,7
221,Steve Biddulph,NIL,Nil,Nil,,0.0,2405.95,0,4
2210,Scottish Opera,NIL,Nil,Nil,,0.0,837.32,0,1
2212,Collavoce Collective,Tier 2,Tier 5,Tier 5,51.07,62.31,216.9,123,6
2219,Across the Pond,NIL,Nil,Nil,,0.0,0.0,0,1
2220,Break Free,NIL,Nil,Nil,,0.0,129.38,0,1
2222,Reading Blue Coat School Office,High Value,Tier 2,Tier 2,6.03,859.38,8399.88,2764,6
2224,Hutton Grammar School,NIL,Nil,Nil,,0.0,0.0,0,1
223,Cumbria Family Business Awards,NIL,Nil,Nil,,0.0,51.46,0,1
2231,New Music Players,NIL,Nil,Nil,,0.0,120.5,2,7
2237,West Byfleet Infant School PFA,NIL,Nil,Nil,,0.0,2.33,0,1
224,Chesham Threatre Group,NIL,Nil,Nil,,0.0,470.08,0,3
2240,The Wellbeing Farm,NIL,Nil,Nil,,0.0,1054.64,0,4
2243,Surrey Sports Park,NIL,Nil,Nil,,0.0,0.0,0,1
2244,Trent College Careers,NIL,Nil,Nil,,0.0,0.0,0,1
2246,Campbell Ure Business Events,NIL,Nil,Nil,,0.0,81.25,0,1
2249,Poetry Performance,NIL,Nil,Nil,,0.0,1.08,0,1
225,Lupton House,NIL,Nil,Nil,,0.0,530.62,0,3
2250,Wimbledon High School WHSBC,Tier 4,Tier 2,Tier 2,7.7,749.98,4157.82,558,7
2253,Belmont School,NIL,Nil,Nil,,0.0,0.0,0,1
2260,Putney High RSA,Tier 3,Tier 4,Tier 4,29.91,161.25,747.0,258,6
2262,St Helen's Alumnae and Friends,NIL,Nil,Nil,,0.0,12.04,0,1
2265,RR_TEST_ACCOUNT,NIL,Nil,Nil,,0.0,0.0,0,1
2268,Carleton Community Umbrella,NIL,Nil,Nil,,0.0,21.92,0,2
2269,Carlisle Diocese Board of Education,High Value,Tier 4,Tier 4,49.6,50.92,434.17,2157,5
2275,SBC,NIL,Nil,Nil,,0.0,0.0,0,1
2277,Tudor Hall Events,Tier 4,Tier 2,Tier 2,7.88,759.96,3733.79,1462,7
2278,Rise and Shine Music,NIL,Nil,Nil,,0.0,32.31,0,2
2281,ADP Community Matters,Tier 4,Tier 4,Tier 4,42.69,151.79,151.79,612,4
2282,SixthFormRockBand,NIL,Nil,Nil,,0.0,17.21,0,1
2287,Embody Dance,NIL,Nil,Nil,,0.0,0.0,0,1
2289,WORKSOP COLLEGE,Tier 4,Tier 2,Tier 2,6.7,926.87,3566.09,1929,7
2290,Fresh Perspective Resourcing,High Value,Tier 2,Tier 2,5.35,1078.83,4619.62,644,7
2297,George Watson's College,Key Account,Tier 2,Tier 2,4.14,1420.23,5131.32,6783,7
23,Lantern Ghost Tours UK,NIL,Nil,Nil,,0.0,409.23,0,3
230,Thingwall Players,Tier 4,Tier 3,Tier 3,16.29,357.29,1341.62,709,10
2300,Select Arts,NIL,Nil,Nil,,0.0,40.28,0,1
2303,Neil Kendall Language School,NIL,Nil,Nil,,0.0,24.21,0,1
2308,Bournemouth Youth Handbell Team,Tier 3,Tier 4,Tier 4,37.49,102.77,537.95,166,7
231,Wellington School Somerset,Tier 4,Tier 3,Tier 3,17.44,230.12,4918.77,178,10
2310,Arctic Numpties,NIL,Nil,Nil,,0.0,5.74,0,2
2311,The Elms PSA,NIL,Nil,Nil,,0.0,12.0,0,1
2314,Church of St J the Baptist Tunstall Trust,NIL,Nil,Nil,,0.0,53.75,0,2
2316,St Michael and All Angels  Lancing,NIL,Nil,Nil,,0.0,56.04,0,2
232,Ryde School with Upper Chine,Tier 4,Tier 4,Tier 4,43.11,49.33,1170.29,47,8
2323,Lancaster University,NIL,Nil,Nil,,0.0,0.0,0,1
2325,Thornton Hall Hotel & Spa,NIL,Nil,Nil,,0.0,5.5,0,1
2327,Castletown Farm Open Farm Sunday,NIL,Nil,Nil,,0.0,0.0,0,1
233,Charters School,Tier 4,Tier 4,Tier 4,48.4,20.92,3724.37,1832,10
2336,D & S Knowles Consulting Ltd,NIL,Nil,Nil,,0.0,4.33,0,1
2338,The Birchall Trust,Tier 3,Tier 4,Tier 5,50.12,112.71,112.71,176,3
234,Box Office - Merchant Taylors' School,NIL,Nil,Nil,,0.0,0.0,0,1
2342,Caterforce LTD,NIL,Nil,Nil,,0.0,0.62,0,1
2343,The SEA,Tier 4,Tier 4,Tier 4,34.36,136.25,463.75,966,7
2349,Sompting Big Local,NIL,Nil,Nil,,0.0,0.0,0,2
2352,Associated Clan MacLeod Society,High Value,Tier 2,Tier 2,7.19,2094.17,3763.04,303,3
2356,Allstars Group,NIL,Nil,Nil,,0.0,0.0,0,1
2359,Barrow Underground Music Society,NIL,Nil,Nil,,0.0,17.58,0,1
2360,Baldwyns Freeholders Association & Club,NIL,Nil,Nil,,0.0,0.0,0,1
2363,Arun Arena Allstars,NIL,Nil,Nil,,0.0,0.0,0,1
2365,T&B (Contractors) Ltd,NIL,Nil,Nil,,0.0,0.0,0,1
2367,Combe Garden Centre,NIL,Nil,Nil,,0.0,2161.77,0,3
237,God for All Team,Tier 3,Tier 5,Tier 5,57.74,10.88,1074.79,32,9
2371,PANTS,Tier 3,Tier 5,Tier 5,54.11,55.79,217.76,103,4
2375,WMLS Property & Compliance Event,NIL,Nil,Nil,,0.0,11.46,0,1
2376,Full House Events Ltd,NIL,Nil,Nil,,0.0,2.33,0,1
238,Culford School,High Value,Tier 1,Tier 2,3.34,1636.36,4502.35,2969,9
2380,Friends of Cadland,NIL,Nil,Nil,,0.0,73.5,0,2
2382,Bristol International Student Centre,NIL,Nil,Nil,,0.0,0.0,0,1
2383,Bentleys Bodyworks,NIL,Nil,Nil,,0.0,0.54,0,1
2390,Fleur's Charity Ball,NIL,Nil,Nil,,0.0,569.62,0,2
2393,Gumley House School FCJ,Tier 4,Tier 4,Tier 4,29.54,191.6,517.22,1234,6
240,EastwayPrimary,NIL,Nil,Nil,,0.0,0.0,0,2
2402,Planters A21 Limited,NIL,Nil,Nil,,0.0,21.49,0,1
2403,Clan Buchanan,NIL,Nil,Nil,,0.0,555.54,0,1
2404,KLHC,NIL,Nil,Nil,,0.0,21.77,0,2
2406,Taxi,NIL,Nil,Nil,,0.0,1.03,0,1
2410,Sam Brassington,NIL,Nil,Nil,,0.0,0.0,0,1
2412,Gowerton Tribute Show,NIL,Nil,Nil,,0.0,577.29,0,3
2414,DapurKalsom,NIL,Nil,Nil,,0.0,12.23,0,1
2417,Friends of the Gordon,Tier 4,Tier 4,Tier 3,27.26,402.89,451.73,1291,2
2418,Sarah Ashford Studio,NIL,Nil,Nil,,0.0,7.48,0,1
2419,Wymondham Archers,Key Account,Tier 3,Tier 3,19.83,272.58,1370.19,7014,7
2421,Motor Shows,NIL,Nil,Nil,,0.0,1634.93,0,3
2426,Ella Bella’s Parties,NIL,Nil,Nil,,0.0,60.72,0,3
2430,ACF Teambuilding & Events,NIL,Nil,Nil,,0.0,0.0,0,1
2431,Old Blundellian Club,Tier 4,Tier 3,Tier 3,20.41,282.17,1119.5,447,7
2434,West End Kids,NIL,Nil,Nil,,0.0,287.13,0,1
2436,UU Fashion Show Fundraiser 2020,NIL,Nil,Nil,,0.0,4.58,0,1
2439,Prudhoe West Academy,NIL,Nil,Nil,,0.0,0.0,0,3
2440,GHS Summer Buffet Party,NIL,Nil,Nil,,0.0,2.75,0,1
2446,Portsmouth High School,Tier 4,Free,Free,,0.0,6824.96,13,6
2447,Lancaster Bee Keepers,NIL,Nil,Nil,,0.0,31.04,0,1
2448,Clarity from The Edge,NIL,Nil,Nil,,0.0,1.88,0,1
245,Wellington School Box Office,Key Account,Tier 1,Tier 1,0.24,6461.35,27229.8,4837,10
2457,Alconbury Sports and Social Club (ASSC),NIL,Nil,Nil,,0.0,0.0,0,1
2460,Friends of Oakfield School,Tier 4,Tier 3,Tier 3,14.14,353.08,3132.32,985,7
2463,Trent College,NIL,Nil,Nil,,0.0,0.0,0,1
2469,NAPE,NIL,Nil,Nil,,0.0,79.68,0,4
247,Judith Bell,NIL,Nil,Nil,,0.0,29.17,0,1
248,Another Way Theatre,NIL,Nil,Nil,,0.0,120.62,0,4
2481,Bury Grammar School,Tier 4,Tier 2,Tier 2,8.62,842.75,3366.88,1121,5
2482,Sarah Spear Yoga,NIL,Nil,Nil,,0.0,0.67,0,1
2483,NAS South Lananarkshire Branch,NIL,Nil,Nil,,0.0,0.0,0,1
2485,Beaconside - Mr Glynn,Tier 1,Free,Free,,0.0,0.0,11,6
249,Goring Gap Players,Tier 3,Tier 3,Tier 3,22.72,220.3,1124.52,311,10
2494,Move Beyond,NIL,Nil,Nil,,0.0,0.0,0,1
2495,MARTYN HOWE,NIL,Nil,Nil,,0.0,118.38,0,1
25,Account Deleted,NIL,Nil,Nil,,0.0,5.0,0,2
250,Edinburgh Persian Community,NIL,Nil,Nil,,0.0,464.75,0,6
251,Cadogan House - The Lion King Jr.,NIL,Nil,Nil,,0.0,435.13,0,2
2512,Serious Comedy,NIL,Nil,Nil,,0.0,17.5,0,1
2517,Spirit Speaks,NIL,Nil,Nil,,0.0,1.63,0,1
2523,mateusz1,NIL,Nil,Nil,,0.0,0.0,0,1
2524,Chad Vale PPTA,NIL,Nil,Nil,,0.0,52.83,0,2
2529,People Analytics,NIL,Nil,Nil,,0.0,0.0,0,1
2531,CVE Scotland,Tier 2,Tier 5,Tier 5,77.01,15.33,54.83,88,5
2533,Digital Cumbria,NIL,Nil,Nil,,0.0,0.0,0,1
2534,Jogging Pals,NIL,Nil,Nil,,0.0,227.9,0,4
2535,The Society of Heads,NIL,Nil,Nil,,0.0,0.0,0,1
2539,Station House Cafe,NIL,Nil,Nil,,0.0,24.75,0,2
2540,kevin.nazal,NIL,Nil,Nil,,0.0,0.0,0,4
2543,EventWell Ltd,Tier 1,Tier 5,Tier 5,78.74,8.75,66.08,22,5
2545,AJ Lakes Consultancy and Training,NIL,Nil,Nil,,0.0,13.32,0,2
2547,Cumbria Woodlands,NIL,Nil,Nil,,0.0,0.0,0,1
2549,Swagelok Scotland,NIL,Nil,Nil,,0.0,0.0,0,1
255,Black Diamond Productions,NIL,Nil,Nil,,0.0,174.96,0,6
2550,Mission Me CIC,NIL,Nil,Nil,,0.0,0.0,0,1
2553,Account Deleted,NIL,Nil,Nil,,0.0,0.0,0,1
2554,GritED Ltd,NIL,Nil,Nil,,0.0,0.0,0,2
2557,Hertford Company of Archers,Tier 3,Tier 4,Tier 4,37.65,94.42,630.42,22,7
2558,Virtual Young Farmers Field Day Night Do,NIL,Nil,Nil,,0.0,0.0,0,1
2559,Oasis Events,NIL,Nil,Nil,,0.0,0.0,0,1
256,Chord,NIL,Nil,Nil,,0.0,9.57,0,2
2560,Account Deleted,NIL,Nil,Nil,,0.0,1187.17,0,4
2561,The Design Grove,NIL,Nil,Nil,,0.0,4.29,0,2
2563,Lancashire Business Growth Ltd,Tier 1,Free,Free,,0.0,8.75,10,5
2566,cibchair,NIL,Nil,Nil,,0.0,0.0,0,1
2567,Sisters Rising in Rhyme,NIL,Nil,Nil,,0.0,2.5,0,1
257,Sight Advice South Lakes,Tier 2,Tier 5,Tier 5,66.76,16.46,176.68,69,7
2571,Gigrin Farm Red Kite Feeding,Key Account,Tier 1,Tier 1,0.79,8031.99,40154.77,13111,7
2572,ARLT,NIL,Nil,Nil,,0.0,153.1,0,2
2577,Wonky Sheep,NIL,Nil,Nil,,0.0,3.12,0,1
2580,Marshland Archers,Tier 3,Tier 4,Tier 4,36.96,98.88,645.38,297,7
2585,The New Beacon,Tier 3,Free,Free,,0.0,0.0,407,7
2587,All Saints' CEP School Clayton le Moors,NIL,Nil,Nil,,0.0,92.22,0,4
2588,The Educational Consultant - Julie Keyes,NIL,Nil,Nil,,0.0,1.21,0,1
2590,Overflow,NIL,Nil,Nil,,0.0,0.0,4,1
2600,Wigan Networking,Tier 1,Tier 5,Tier 5,76.47,10.29,70.0,19,7
2602,Hornby Castle,Tier 3,Tier 4,Tier 4,44.82,50.25,856.75,140,7
2604,Hedgehogs Woodland Adventures,Tier 4,Tier 3,Tier 3,15.48,293.32,4616.72,506,6
2607,Parish of Rathmore,NIL,Nil,Nil,,0.0,0.0,0,2
2608,ActionCOACH Ilminster,NIL,Nil,Nil,,0.0,8.75,0,3
261,Cranmore School,NIL,Nil,Nil,,0.0,0.0,0,1
2614,Account Deleted,NIL,Nil,Nil,,0.0,0.0,0,1
2615,Halecat Garden Sculpture Trail,NIL,Nil,Nil,,0.0,26.13,0,2
2616,Thames River Boats,NIL,Nil,Nil,,0.0,1851.42,0,2
2618,ISPXtra,NIL,Nil,Nil,,0.0,51.79,0,3
262,1st Lady,NIL,Nil,Nil,,0.0,0.0,0,1
2621,Jules Postlethwaite TEST,Tier 1,Tier 5,Tier 5,90.49,0.25,0.62,10,7
2622,CISC,Tier 2,Tier 5,Tier 5,53.44,46.88,257.5,110,6
2624,Philosophy Wessex,Tier 2,Tier 5,Tier 5,64.18,28.59,142.34,52,5
2625,Potential Plus UK,NIL,Nil,Nil,,0.0,0.0,0,2
2626,Freemantles Outreach Training,Tier 4,Tier 3,Tier 3,18.03,271.54,2338.5,171,7
2628,Portsmouth Grammar School,High Value,Tier 1,Tier 2,3.14,2386.68,5400.49,5302,6
2630,Account Deleted,NIL,Nil,Nil,,0.0,0.67,0,1
2631,Virtually Together,NIL,Nil,Nil,,0.0,13.75,0,2
2632,IoFScotConf,NIL,Nil,Nil,,0.0,0.0,0,1
2634,Zezyx,NIL,Nil,Nil,,0.0,0.0,0,1
2637,Brampton Film Club,Tier 4,Tier 4,Tier 4,29.52,160.92,759.87,410,7
2638,The Wright Way Group,NIL,Nil,Nil,,0.0,537.94,0,1
264,Aiming High School of Performing Arts,NIL,Nil,Nil,,0.0,639.94,0,5
2643,Konsortia,Tier 3,Free,Free,,0.0,0.5,127,6
2644,St Helen & St Michael,NIL,Nil,Nil,,0.0,0.0,0,2
2646,AVTCnewsletter,NIL,Nil,Nil,,0.0,0.0,0,1
2647,St Nicolas  Old Shoreham,Tier 1,Tier 5,Tier 5,79.92,5.96,66.36,11,5
2648,AVTC,Tier 4,Tier 3,Tier 3,13.45,423.97,2258.18,1903,7
2649,brilliant trees media,NIL,Nil,Nil,,0.0,86.67,0,2
2650,Cokethorpe School,High Value,Tier 1,Tier 2,2.54,1806.13,8965.73,3883,7
2651,Lancaster Girls' Grammar School,High Value,Tier 3,Tier 3,12.45,481.38,2256.17,3318,7
2652,Oasis Academy Lister Park,NIL,Nil,Nil,,0.0,0.0,0,1
2653,BNI Heart of Lakes,NIL,Nil,Nil,,0.0,0.0,0,1
2655,St Peter & St Paul  Rustington,Tier 3,Tier 5,Tier 5,81.07,9.71,38.96,287,6
2658,Swagelok Scotland,NIL,Nil,Nil,,0.0,0.0,0,1
2659,Trinity Church Scarborough,Tier 3,Tier 4,Tier 4,36.97,119.96,410.69,186,7
266,Bishop Auckland Theatre Society,Tier 4,Tier 5,Tier 5,53.12,16.54,1633.47,51,9
2662,Weybridge Cricket Club,Tier 2,Tier 5,Tier 5,54.54,51.25,201.62,82,5
2668,St Mary de Haura - COGS,Tier 4,Tier 5,Tier 5,66.33,45.0,45.0,460,6
267,CoLFoCRUK,Tier 4,Tier 4,Tier 4,34.58,84.92,1415.72,86,8
2671,Artangel,NIL,Nil,Nil,,0.0,1399.53,0,2
2672,Red Kite Adventures CIC,NIL,Nil,Nil,,0.0,4.21,0,1
2676,LyndaPearce,NIL,Nil,Nil,,0.0,0.0,0,1
2677,Virtual Check In,NIL,Nil,Nil,,0.0,0.0,0,1
2678,Cokethorpe Pop-Up Uniform Shop,NIL,Nil,Nil,,0.0,0.0,0,1
2679,Worcester Hockey Club,NIL,Nil,Nil,,0.0,0.0,0,1
2682,Berkhamsted Film Society,NIL,Nil,Nil,,0.0,0.0,0,1
2683,vicky.lfac,NIL,Nil,Nil,,0.0,0.0,0,2
2684,Batheaston Garden,NIL,Nil,Nil,,0.0,0.0,0,1
2688,Bessacarr FC,NIL,Nil,Nil,,0.0,0.0,0,1
269,Goring & Streatley Concert Band,Tier 3,Tier 4,Tier 5,49.05,49.13,414.33,81,8
2691,Environment Agency CEMR Team,Tier 3,Free,Free,,0.0,0.0,207,6
2693,MK Sports,NIL,Nil,Nil,,0.0,137.8,0,2
2695,Nexus Education,NIL,Nil,Nil,,0.0,0.0,0,1
2696,Account Deleted,NIL,Nil,Nil,,0.0,52.0,0,3
2697,Trinity Church Lancaster,NIL,Nil,Nil,,0.0,67.0,0,2
2699,Graythwaite Adventure,NIL,Nil,Nil,,0.0,7.72,0,1
2700,Greece George Cinema,NIL,Nil,Nil,,0.0,0.0,0,1
2704,Praxis Sports Coaching,NIL,Nil,Nil,,0.0,168.08,0,3
2705,Account Deleted,NIL,Nil,Nil,,0.0,7.67,0,2
2706,Account Deleted,NIL,Nil,Nil,,0.0,2.88,0,2
2707,Roose Local Ministry Area,NIL,Nil,Nil,,0.0,0.0,7,4
2708,Amanda Green Coaching,Tier 3,Tier 5,Tier 5,51.3,49.08,334.46,52,6
2709,Christ Church South Cambs,Tier 2,Tier 5,Tier 5,67.92,25.99,89.42,91,6
271,George Heriot's School,Tier 4,Tier 2,Tier 2,5.89,920.67,3931.13,1781,10
2710,St James' by the Park,NIL,Nil,Nil,,0.0,0.0,0,1
2711,Cleethorpes AC,NIL,Nil,Nil,,0.0,0.0,0,1
2713,Wood Street Mission,Tier 3,Free,Free,,0.0,29.58,183,3
2715,Su Melville Art,NIL,Nil,Nil,,0.0,36.96,0,2
2717,Stanley Travel Ltd,High Value,Tier 2,Tier 2,4.7,1101.03,5902.82,2118,7
2718,Account Deleted,NIL,Nil,Nil,,0.0,0.0,0,1
2719,Jacaranda,NIL,Nil,Nil,,0.0,0.0,0,1
272,Account Deleted,NIL,Nil,Nil,,0.0,2.67,0,1
2721,Daisy Hill Football Club,Tier 3,Tier 5,Tier 5,54.57,34.75,496.33,367,4
2722,Scarborough Disabled Swimming Group,Tier 3,Tier 4,Tier 5,48.79,47.22,485.75,320,7
2727,Plymouth Gladiators Speedway,NIL,Nil,Nil,,0.0,10529.25,0,5
2728,Ræcan Networking,NIL,Nil,Nil,,0.0,0.0,0,1
2729,Tormead School,Key Account,Tier 2,Tier 3,11.41,723.22,1406.18,9218,7
273,St. Thomas Aquinas Catholic School Birmingham trial,NIL,Nil,Nil,,0.0,0.0,0,1
2735,Christ Church Central,NIL,Nil,Nil,,0.0,0.0,0,2
2736,COVID Cup 2020,NIL,Nil,Nil,,0.0,2.33,0,1
2740,Scottish Jewish Archives Centre,Tier 4,Tier 3,Tier 3,16.08,356.76,1643.58,411,7
2743,Account Deleted,NIL,Nil,Nil,,0.0,2712.17,0,4
2745,Unique Kidz and Co,Tier 4,Tier 3,Tier 3,15.53,505.17,1043.12,1300,6
2751,Littlehampton Town FC,NIL,Nil,Nil,,0.0,17.5,0,1
2752,Bluegreen Coaching,Tier 3,Tier 4,Tier 4,42.28,77.9,480.2,46,7
2753,Multisports for Schools Elm Hall,NIL,Nil,Nil,,0.0,1060.34,0,2
2758,Bute House Preparatory School,High Value,Free,Free,,0.0,0.0,3856,7
2759,Daventry Town FC,NIL,Nil,Nil,,0.0,673.55,0,5
2760,LNP Sound,NIL,Nil,Nil,,0.0,10.58,0,1
2761,Holyport Football Club,NIL,Nil,Nil,,0.0,7.0,0,1
2762,Shoreham FC,Tier 2,Tier 5,Tier 5,69.86,10.17,183.17,28,6
2764,Delyth Johnson,Tier 3,Tier 4,Tier 5,46.1,83.96,214.58,52,7
2765,Grow Traffic,Tier 2,Free,Free,,0.0,12.62,119,5
2766,Musicians of All Saints,Tier 3,Tier 4,Tier 4,33.97,110.0,829.29,119,7
2767,Account Deleted,NIL,Nil,Nil,,0.0,0.0,0,1
2768,Kennington Football Club,NIL,Nil,Nil,,0.0,417.28,0,2
2769,Mount House School,NIL,Nil,Nil,,0.0,0.0,0,4
277,Ibstock Place School,High Value,Tier 2,Tier 2,5.91,727.91,10327.62,1829,10
2770,Anti Racist Cumbria,Tier 3,Free,Free,,0.0,735.01,179,7
2772,MAD Minshull Amateur Dramatics,NIL,Nil,Nil,,0.0,0.0,0,1
2774,Kingswood School,Tier 4,Tier 5,Tier 5,54.44,30.62,463.17,1128,7
2776,Sidcot School,NIL,Nil,Nil,,0.0,0.0,0,1
2777,Environment Agency - Thames Area,NIL,Nil,Nil,,0.0,0.0,0,4
2778,Westbourne Orchestral Society,Tier 4,Tier 4,Tier 4,27.52,229.17,528.38,592,6
2784,TBMNL Testers Account,NIL,Nil,Nil,,0.0,0.0,0,1
2788,Jane Sedgwick Travel Counsellor,NIL,Nil,Nil,,0.0,0.0,0,2
2789,Environment Agency Kent and South London,Tier 1,Free,Free,,0.0,0.0,21,6
279,bigivan music events,NIL,Nil,Nil,,0.0,1235.18,0,5
2790,Chamomile cakes & treats,NIL,Nil,Nil,,0.0,1.17,0,1
2793,Emmanuel Church,NIL,Nil,Nil,,0.0,0.0,0,2
2795,Cornerstone Church Crewe,NIL,Nil,Nil,,0.0,0.0,0,5
2796,Raydon Hall AC,NIL,Nil,Nil,,0.0,0.0,0,1
2797,Unique Homecare,NIL,Nil,Nil,,0.0,1.71,0,1
280,BNI Wainwright,Tier 2,Tier 5,Tier 5,58.74,29.79,229.28,55,10
2803,Squire Performing Arts Centre,Key Account,Tier 1,Tier 1,1.2,11203.53,27768.61,15069,6
2804,Nunnery Gallery,NIL,Nil,Nil,,0.0,0.42,0,1
2806,Cranleigh Choral Society,Tier 2,Tier 5,Tier 5,53.12,52.04,206.83,63,7
2809,Leap Health,NIL,Nil,Nil,,0.0,17.75,0,1
2814,Sarah Clark Equine Behaviouist,NIL,Nil,Nil,,0.0,25.62,0,1
2815,Life Community Baptist Church,NIL,Nil,Nil,,0.0,0.0,0,1
2816,Adelyns birthday,NIL,Nil,Nil,,0.0,0.0,0,1
2818,Monkton Senior School,NIL,Nil,Nil,,0.0,9.17,0,3
282,Passchendaele 2017,NIL,Nil,Nil,,0.0,58.0,0,1
2821,KCT Strength & Conditioning Suite,NIL,Nil,Nil,,0.0,0.0,0,1
2822,Guildford High School,High Value,Tier 2,Tier 2,3.9,1335.62,6364.38,3323,7
2824,St James Senior Boys' School,Tier 4,Free,Free,,0.0,0.0,491,6
2826,Tormead School Parents Evening appointme,NIL,Nil,Nil,,0.0,0.0,0,1
2828,The Christian Heritage Centre,Tier 3,Tier 4,Tier 4,31.76,136.88,719.58,203,7
2829,Bolton School,High Value,Tier 2,Tier 2,4.27,1655.32,4331.18,1769,6
2831,Teenyboppers,Tier 4,Tier 3,Tier 3,23.3,230.86,1042.25,541,7
2835,St Alphege Church,Tier 2,Tier 5,Tier 5,64.14,31.93,111.97,77,6
2839,5éme1 Back to School Breakfast,NIL,Nil,Nil,,0.0,0.0,0,1
2841,Carbon Offsetting,NIL,Nil,Nil,,0.0,0.0,0,3
2844,Abigail Holland Events,NIL,Nil,Nil,,0.0,0.0,0,4
2845,The DPO Centre ltd,NIL,Nil,Nil,,0.0,0.0,0,1
2846,Environment Agency Wessex Area,Tier 3,Free,Free,,0.0,0.0,402,5
2847,Eden Little Friends,NIL,Nil,Nil,,0.0,55.08,0,2
2848,My Special Child,NIL,Nil,Nil,,0.0,254.29,0,1
2849,Milton Keynes Academy,NIL,Nil,Nil,,0.0,0.0,0,1
2850,Tudor Archers,NIL,Nil,Nil,,0.0,0.0,0,1
2851,Sunday Night Live,NIL,Nil,Nil,,0.0,0.0,0,1
2852,Lowther Castle & Gardens,NIL,Nil,Nil,,0.0,0.0,0,1
2853,FQEGS,Tier 4,Tier 3,Tier 4,25.22,164.74,1667.93,248,7
2855,Edinburgh Jewish Cultural Centre,Tier 4,Tier 3,Tier 3,23.31,288.0,629.54,719,7
2857,The Mall School,NIL,Nil,Nil,,0.0,0.0,0,1
2861,Rocket Learn,NIL,Nil,Nil,,0.0,21.29,0,3
2862,Manchester Art Gallery,NIL,Nil,Nil,,0.0,0.0,0,3
2863,Friends of Putney High School,NIL,Nil,Nil,,0.0,3036.25,0,4
2865,Brighter Futures for Children,NIL,Nil,Nil,,0.0,0.0,0,1
2868,Dunnottar Castle,NIL,Nil,Nil,,0.0,0.0,0,1
2869,St Mary's in the Lace Market,NIL,Nil,Nil,,0.0,0.0,0,1
287,Ann Ralph,NIL,Nil,Nil,,0.0,0.0,0,1
2872,Caritas Care,Tier 3,Free,Free,,0.0,4.87,204,7
2873,Lansdown Hall & Gallery CIO,Tier 4,Tier 2,Tier 2,5.68,1057.65,4035.78,1589,7
2876,Welling Town FC,NIL,Nil,Nil,,0.0,98.16,0,4
2879,GoChurch Bradford,NIL,Nil,Nil,,0.0,0.0,0,1
288,Equine Behaviour Courses,NIL,Nil,Nil,,1.17,600.0,1,10
2881,New Life Church,NIL,Nil,Nil,,0.0,0.0,0,1
2882,Alma Photo Studio,NIL,Nil,Nil,,0.0,0.96,0,1
2884,Laurel and Hardy Museum,Tier 2,Tier 5,Tier 5,81.08,24.54,24.54,58,2
2886,High Westmorland Parishes,NIL,Nil,Nil,,0.0,0.0,0,1
2888,These 4 Parishes,NIL,Nil,Nil,,0.0,2.75,0,1
2889,St Mary the Virgin Mortlake,NIL,Nil,Nil,,0.0,0.0,0,1
2892,Borderlands VA Network,NIL,Nil,Nil,,0.0,0.0,0,2
2897,AICC,High Value,Tier 4,Tier 4,30.94,83.12,6370.11,142,7
2899,MISS R A L WILLMOTT,NIL,Nil,Nil,,0.0,74.04,6,5
290,BestwoodMVC,NIL,Nil,Nil,,0.0,26.29,0,2
2903,Delves & Associates,NIL,Nil,Nil,,0.0,67.07,0,3
2906,rideventures.ltd,NIL,Nil,Nil,,0.0,0.0,0,1
2907,LYMINGTON TOWN FOOTBALL CLUB,NIL,Nil,Nil,,0.0,1352.22,0,3
2909,RuthYounger,NIL,Nil,Nil,,0.0,0.0,0,2
291,SPEAR,NIL,Nil,Nil,,0.0,0.0,0,1
2912,LUMS EiR,Tier 1,Free,Free,,0.0,37.46,29,4
2913,Retro Rides Events,NIL,Nil,Nil,,0.0,13643.12,0,3
2915,South East Events Limited,NIL,Nil,Nil,,0.0,812.63,0,2
2916,Be Motivated LTD,NIL,Nil,Nil,,0.0,89.5,0,2
2917,Margo van Greta,Tier 4,Tier 2,Tier 2,6.71,926.9,3533.07,273,7
2923,Lordswood Football Club,NIL,Nil,Nil,,0.0,1.33,0,1
2926,The Hospitality Partnership,NIL,Nil,Nil,,0.0,0.0,0,4
2927,Tess Pike Blue Badge Tourist Guide,NIL,Nil,Nil,,0.0,63.19,0,4
293,Hurlingham School PTA,NIL,Nil,Nil,,0.0,1235.88,0,3
2930,Digital Engagement,NIL,Nil,Nil,,0.0,0.0,0,1
2932,Bright Lead Ltd,NIL,Nil,Nil,,0.0,0.0,0,2
2933,Be Mindful now CIC,Tier 3,Tier 4,Tier 4,38.4,79.31,925.26,66,7
2934,Shakespeare in Italy,NIL,Nil,Nil,,0.0,85.62,0,2
2936,Hampshire and Isle of Wight Healthcare NHS Foundation Trust,High Value,Tier 3,Tier 3,13.11,682.92,1309.12,3921,5
2937,Rookhow,Tier 4,Tier 3,Tier 4,21.88,282.08,843.96,81,7
2941,Neuro DropIn Centre,NIL,Nil,Nil,,0.0,183.63,0,5
2942,Account Deleted,NIL,Nil,Nil,,0.0,0.0,0,1
2943,Environment Agency,NIL,Nil,Nil,,0.0,0.0,0,2
2944,Guru Dudu Productions,NIL,Nil,Nil,,0.0,233.32,0,3
2945,Aunty Jen Productions,High Value,Tier 2,Tier 2,5.46,1056.66,4659.71,1808,7
2948,Lynn Meadowcroft - Inspiring People,NIL,Nil,Nil,,0.0,21.46,0,2
295,Salford Sensations,NIL,Nil,Nil,,0.0,114.47,0,3
2950,KPS,High Value,Tier 2,Tier 2,5.31,1124.11,4167.93,3177,7
2951,Hare Hatch Sheeplands,NIL,Nil,Nil,,0.0,1512.15,0,5
2953,Cumbria Careers Hub,NIL,Nil,Nil,,0.0,0.0,0,2
2954,Association of State Girls' Schools,NIL,Nil,Nil,,0.0,54.71,0,1
2955,Positive Vibes Community,NIL,Nil,Nil,,0.0,71.29,0,2
2956,St Mary-at-Finchley,NIL,Nil,Nil,,0.0,0.0,0,1
2957,Prospect Parents Association,NIL,Nil,Nil,,0.0,321.13,0,2
2958,Prospect House School PA,Tier 4,Tier 3,Tier 3,14.35,404.08,1930.04,435,7
2959,Return to Work  Animal Sponsorship  Items for Sale,Tier 4,Tier 5,Tier 5,90.39,3.38,3.38,514,5
2960,Ashton Keynes Youth Football Club,NIL,Nil,Nil,,0.0,237.17,0,5
2961,Rossmere Forest School,Tier 4,Tier 2,Tier 3,10.95,485.03,3717.45,434,7
2962,OKHC,Tier 2,Free,Free,,0.0,0.0,44,2
2963,Norfolk FA Coaches Club,NIL,Nil,Nil,,0.0,0.0,0,2
2964,Anglican Mission in England,NIL,Nil,Nil,,0.0,0.0,0,1
2965,Shearwater Training Ltd,NIL,Nil,Nil,,0.0,74.38,0,3
2966,Y4RT,Tier 4,Tier 3,Tier 3,13.88,396.96,2385.62,1226,7
2967,EA West Midlands Engagement,NIL,Nil,Nil,,0.0,0.0,0,1
2969,EA GMMC,NIL,Nil,Nil,,0.0,0.0,0,3
297,In-Accord,NIL,Nil,Nil,,0.0,0.0,0,1
2971,EA Yorkshire,Tier 2,Free,Free,,0.0,0.0,106,5
2972,EA East Anglia,Tier 2,Free,Free,,0.0,0.0,74,4
2974,EA Herts and North London,NIL,Nil,Nil,,0.0,0.0,0,1
2975,EA London Engagement,NIL,Nil,Nil,,0.0,0.0,0,4
2976,EA Solent and South Downs,NIL,Nil,Nil,,0.0,0.0,0,2
2980,Events on the Brum - Emma Edwards,Tier 3,Tier 5,Tier 5,57.22,84.83,99.87,112,2
2981,Holy Family Catholic Primary School,NIL,Nil,Nil,,0.0,66.0,0,2
2984,Friends of Priory,NIL,Nil,Nil,,0.0,0.0,0,3
2988,Kendal Gymnastics Club,NIL,Nil,Nil,,0.0,78.04,0,1
2989,Wrekin College,NIL,Nil,Nil,,0.0,0.0,0,1
299,Powell House,NIL,Nil,Nil,,0.0,320.54,0,4
2991,She Inspires Group,Key Account,Tier 1,Tier 2,1.75,3008.05,8382.99,788,7
2992,Environment Agency,NIL,Nil,Nil,,0.0,0.0,0,1
2994,Moneyfields FC,NIL,Nil,Nil,,0.0,62.5,0,2
2995,EA Northeast Engagement,NIL,Nil,Nil,,0.0,0.0,0,1
2999,SVA Virtual Assistants CIC,NIL,Nil,Nil,,0.0,0.0,0,1
3,TryBooking Support,NIL,Nil,Nil,,0.0,0.54,0,3
30,Old Oakhamian Club,NIL,Nil,Nil,,0.0,124.17,0,2
300,The Family Business Community,NIL,Nil,Nil,,0.0,2936.99,0,6
3001,Lijack Consultancy Ltd,NIL,Nil,Nil,,0.0,5.0,0,1
3002,Hillside Specialist School and College,NIL,Nil,Nil,,0.0,110.12,0,3
3003,LABGC,NIL,Nil,Nil,,0.0,0.0,0,1
3004,St Peter's Droitwich Academy PTA,NIL,Nil,Nil,,0.0,235.54,0,2
3006,Harley Owners Group (UK & Ireland),NIL,Nil,Nil,,0.0,2554.22,0,5
3009,Account Deleted,NIL,Nil,Nil,,0.0,0.0,0,2
301,1st Malden Scout Group,NIL,Nil,Nil,,0.0,428.25,0,4
3012,EA National FCRM,NIL,Nil,Nil,,0.0,0.0,0,4
3013,Practicality,NIL,Nil,Nil,,0.0,30.75,0,1
3017,Colchester Royal Grammar School CRGSA,Tier 3,Tier 4,Tier 4,36.39,88.83,937.57,223,7
3018,The Ethical Small Traders Association,NIL,Nil,Nil,,0.0,0.79,0,2
302,Sara Brown,NIL,Nil,Nil,,0.0,58.16,0,1
3021,WESC Foundation,NIL,Nil,Nil,,0.0,0.0,0,1
3023,Joanne,NIL,Nil,Nil,,0.0,0.0,0,1
3025,Saint Margaret's Church Hornby,NIL,Nil,Nil,,0.0,8.4,0,1
3028,Stansfeld FC,NIL,Nil,Nil,,0.0,110.71,0,1
303,Stamford Green Primary School,NIL,Nil,Nil,,0.0,0.0,0,1
3037,Spencers Wood Village Hall,NIL,Nil,Nil,,0.0,109.09,0,2
3039,Albion House Social Club,NIL,Nil,Nil,,0.0,588.62,0,4
3041,St Andrew's Cheadle Hulme,NIL,Nil,Nil,,0.0,0.0,0,1
3045,Early Years Hub,Tier 4,Tier 4,Tier 4,29.92,130.0,1133.23,1820,7
3046,Rothamsted Research,NIL,Nil,Nil,,0.0,0.0,0,2
3047,West Mercia Scouts,NIL,Nil,Nil,,0.0,0.0,0,2
3048,South Downs Chamber Ensemble,NIL,Nil,Nil,,0.0,442.42,0,2
3050,Lake District Calvert Trust,Tier 3,Tier 5,Tier 5,69.42,48.75,51.21,191,2
3051,Hope Church Goldthorpe,NIL,Nil,Nil,,0.0,0.0,0,2
3053,Graham and Brown,NIL,Nil,Nil,,0.0,24.67,0,1
3055,The Swallows Head & Neck Cancer Support,Tier 4,Tier 5,Tier 5,51.58,57.29,221.79,1212,7
3059,Stanwix Parish,NIL,Nil,Nil,,0.0,0.0,0,2
3060,Lid Project,NIL,Nil,Nil,,0.0,0.0,0,1
3062,Network Inspired,NIL,Nil,Nil,,0.0,0.0,0,2
3065,Warrington and Halton Hospitals Charity,NIL,Nil,Nil,,0.0,488.71,0,5
3068,Jacaranda Venues,NIL,Nil,Nil,,0.0,124.95,0,2
3070,Fundraiser for the Recorder Road Hostel,NIL,Nil,Nil,,0.0,28.62,0,1
3071,Deal Town Football Club,NIL,Nil,Nil,,0.0,638.72,0,5
3072,Account Deleted,NIL,Nil,Nil,,0.0,76.5,0,2
3073,Unique Ladies Hyndburn,Tier 4,Tier 4,Tier 4,35.45,80.29,1588.22,96,7
3074,Unique Ladies Ribble Valley,Tier 3,Tier 4,Tier 4,37.42,103.5,576.96,108,6
3075,Kenilworth Runners,NIL,Nil,Nil,,0.0,0.0,0,1
3079,Hiking Highs,NIL,Nil,Nil,,0.0,36.67,0,3
308,In Ear Entertainment Limited,NIL,Nil,Nil,,0.0,1863.24,0,2
3082,Lydden Hill Race Circuit,NIL,Nil,Nil,,0.0,487.5,0,3
3085,GO Health and Fitness,NIL,Nil,Nil,,0.0,0.0,0,1
3086,DCIS Enquiries,NIL,Nil,Nil,,0.0,0.0,0,3
3088,Positive Safety Training Ltd,NIL,Nil,Nil,,47.12,250.77,7,6
309,Bojangles Dance,Tier 4,Tier 4,Tier 4,28.4,133.93,1905.52,183,5
3090,Zoe Palmer Travel Counsellor,NIL,Nil,Nil,,0.0,0.0,0,2
3094,TMS COACHING,Tier 4,Tier 4,Tier 4,46.31,39.42,1490.17,16,5
31,Wellington School Class of '78 Reunion,NIL,Nil,Nil,,0.0,38.75,0,1
310,Birmingham Canoldir Male Voice Choir,NIL,Nil,Nil,,0.0,0.17,0,1
3100,Treeline,NIL,Nil,Nil,,0.0,676.57,0,3
3101,Harrods,NIL,Nil,Nil,,0.0,0.0,0,1
3103,Pitch and Mix,NIL,Nil,Nil,,0.0,0.0,0,1
3104,Activity Connector,NIL,Nil,Nil,,0.0,3.67,0,1
3107,Send Evangelical Church,NIL,Nil,Nil,,0.0,5.5,0,2
3108,Account Deleted,NIL,Nil,Nil,,0.0,37.79,0,1
3110,Olivia Smith,NIL,Nil,Nil,,0.0,0.0,0,1
3111,Gina Baksa,NIL,Nil,Nil,,0.0,24.88,0,1
3113,Ben Uri Gallery and Museum,Tier 4,Tier 5,Tier 5,53.62,20.17,1189.32,44,6
3115,Gardens of Easton Lodge,Tier 4,Tier 3,Tier 3,14.07,392.96,2759.48,996,6
3116,Account Deleted,NIL,Nil,Nil,,0.0,26.0,0,2
3117,Cheadle Hulme - COVID Tests,NIL,Nil,Nil,,0.0,0.0,0,2
3123,Wriggle Learning,NIL,Nil,Nil,,0.0,0.0,0,1
3124,Dartmoor National Park Authority,Tier 4,Free,Free,,0.0,0.0,917,6
3126,YOLO Wellbeing Ltd,NIL,Nil,Nil,,0.0,0.0,0,3
3127,Grizedale Arts,Tier 4,Tier 5,Tier 5,58.08,0.13,5183.69,17,5
3131,Hounslow Festival of Dance,NIL,Nil,Nil,,0.0,152.92,0,1
3134,St Mary's Calne,Tier 3,Free,Free,,0.0,0.0,238,5
3136,Speed Of Sight,Tier 2,Tier 5,Tier 5,64.45,46.38,114.38,60,2
3138,St Michael's Church  Southwick,NIL,Nil,Nil,,0.0,0.0,0,1
3139,Sheer Edge,NIL,Nil,Nil,,0.0,0.0,0,1
3140,Hayley Hilton 13,NIL,Nil,Nil,,0.0,3.25,0,1
3141,Karen Thornton Travel Counsellors,NIL,Nil,Nil,,0.0,0.0,0,1
3142,CLC Venues and Events,NIL,Nil,Nil,,0.0,348.37,0,4
3144,NSPCC East Cheshire Special Events,NIL,Nil,Nil,,0.0,0.25,0,1
3147,Lakeland Wellbeing,NIL,Nil,Nil,,0.0,100.83,0,2
3149,EKM,NIL,Nil,Nil,,0.0,0.0,0,1
3151,Forest School Association,NIL,Nil,Nil,,0.0,432.65,0,3
3152,Andrea - Travel Counsellors,NIL,Nil,Nil,,0.0,0.0,0,1
3154,Lydden Hill Race Circuit Ltd,NIL,Nil,Nil,,0.0,17002.52,0,3
3155,United Kingdom Literacy Association,Tier 4,Tier 4,Tier 4,31.46,103.75,1891.5,239,6
3157,Melissa Hague Coaching Conversations,NIL,Nil,Nil,,0.0,19.58,0,4
3159,Best of the Lakes,NIL,Nil,Nil,,0.0,25.87,0,2
3160,Museum of Witchcraft and Magic,Tier 4,Tier 4,Tier 4,30.94,81.67,13575.13,127,6
3162,Body and Mind Holistics,NIL,Nil,Nil,,0.0,1.63,0,1
3163,Newton and Earlestown Community Group,NIL,Nil,Nil,,0.0,3.0,0,1
3164,IPSO,NIL,Nil,Nil,,0.0,166.62,0,1
3165,Herefordshire Federation of WIs,Tier 3,Tier 4,Tier 4,42.09,73.17,614.33,117,6
3166,Magnifisense,NIL,Nil,Nil,,0.0,2014.04,0,2
3169,Flixton Girls School,NIL,Nil,Nil,,0.0,0.0,0,1
317,Bilton Grange Preparatory School,Tier 4,Tier 3,Tier 4,25.25,321.46,347.25,939,10
3170,The Creative Branch,NIL,Nil,Nil,,0.0,0.0,0,1
3176,Show Your Light Ltd,Tier 2,Tier 5,Tier 5,77.69,29.38,34.62,47,2
3177,Ventures with Vision,NIL,Nil,Nil,,0.0,0.37,0,1
3178,Eastbourne Eagles Speedway,NIL,Nil,Nil,,0.0,3547.31,0,2
3180,Heritage MK,NIL,Nil,Nil,,0.0,0.75,0,1
3182,Mama Shar's Caribbean,NIL,Nil,Nil,,0.0,8.33,0,1
3183,Friends of Southover School,NIL,Nil,Nil,,0.0,5.0,0,1
3184,Marie Curie Information Sessions OLD,NIL,Nil,Nil,,0.0,0.0,0,2
3186,Beaconside Primary School,NIL,Nil,Nil,,0.0,0.0,0,3
3188,Thames Valley Flood Scheme,NIL,Nil,Nil,,0.0,0.0,0,1
3189,Rusland Horizons,NIL,Nil,Nil,,0.0,0.0,0,1
3191,Sompting Community Church,Tier 3,Free,Free,,0.0,0.0,273,6
3192,FlexFit,NIL,Nil,Nil,,0.0,0.0,0,1
3193,Selling Savvy Ltd,Tier 2,Tier 5,Tier 5,69.57,16.88,124.63,27,6
3194,Ecorys UK Ltd,NIL,Nil,Nil,,0.0,0.0,0,1
3195,Anna Gray Discover Lakeland,NIL,Nil,Nil,,0.0,171.83,0,4
3196,Pathways 4 All,NIL,Nil,Nil,,0.0,0.0,0,1
3197,Hamble Soccer Tots,NIL,Nil,Nil,,0.0,73.83,0,2
3198,Christopher Wenham,NIL,Nil,Nil,,0.0,0.0,0,1
32,KGS Alumni & Community,NIL,Nil,Nil,,0.0,6728.29,0,10
320,Moonshot Games,NIL,Nil,Nil,,0.0,18.54,0,1
3202,Heather Meek,Tier 4,Tier 4,Tier 4,29.24,135.82,1421.94,155,5
3203,IEF,Tier 2,Free,Free,,0.0,0.0,116,6
3204,Collaborate MK,NIL,Nil,Nil,,0.0,557.26,0,4
3207,FindYourWHY,NIL,Nil,Nil,,0.0,21.63,0,1
3208,Account Deleted,NIL,Nil,Nil,,0.0,16.59,0,4
321,Solihull School,High Value,Tier 2,Tier 2,3.83,1142.07,6299.36,4051,10
3212,Cumbria Woodlands,Tier 3,Tier 5,Tier 5,71.09,0.37,283.38,197,5
3216,Game On England,NIL,Nil,Nil,,0.0,0.0,3,2
3217,Anglican Network in Europe,NIL,Nil,Nil,,0.0,0.0,0,1
3218,EBA Youthclub online course,NIL,Nil,Nil,,0.0,26.37,0,3
3223,Lancashire Teaching Hospitals Charity,Tier 3,Tier 4,Tier 4,34.61,109.54,802.08,178,6
3224,Grow Your Mindset,NIL,Nil,Nil,,0.0,180.58,0,4
3225,Butterfly Blueprint Ltd,NIL,Nil,Nil,,0.0,0.83,0,1
3228,Joanne Waine,NIL,Nil,Nil,,0.0,1.67,0,1
323,JFS School,Tier 4,Tier 3,Tier 3,12.56,428.12,2371.0,912,10
3231,Colwyn Bowman Target Archery Club,NIL,Nil,Nil,,0.0,125.62,0,3
3233,Marie Curie Legacy Team,NIL,Nil,Nil,,0.0,0.0,0,1
3234,livepilates,NIL,Nil,Nil,,0.0,3.42,0,1
3235,RAF Coningsby FD21,NIL,Nil,Nil,,0.0,0.0,0,1
3236,Suzanne Edgley,Tier 2,Tier 5,Tier 5,73.99,24.54,38.88,39,6
3238,Amnesty Stockport,NIL,Nil,Nil,,0.0,0.0,0,1
3239,Belchamps Scout Centre,NIL,Nil,Nil,,0.0,0.0,0,1
324,Phoenix Players,NIL,Nil,Nil,,0.0,540.75,0,4
3242,Christ Church Riverside,NIL,Nil,Nil,,0.0,11.82,0,1
3244,RAF Coningsby Families day,NIL,Nil,Nil,,0.0,0.0,0,1
3245,Chester Draws Presents,NIL,Nil,Nil,,0.0,5.83,0,1
3248,Wendy Caunce - Higher Mind Therapies Ltd,NIL,Nil,Nil,,0.0,5.62,0,1
325,Brisbane Boys' College,NIL,Nil,Nil,,0.0,53.12,0,1
3250,JiggleJam,NIL,Nil,Nil,,0.0,935.33,0,4
3251,Baby Beat,Tier 3,Tier 5,Tier 5,59.36,27.32,306.69,156,5
3254,Centre for National Parks & Protected Areas  Univ of Cumbria,Tier 3,Tier 5,Tier 5,66.35,24.25,181.54,83,3
3255,London City Voices Ltd,High Value,Tier 2,Tier 2,6.21,1266.75,3830.45,1431,5
3257,CRT,Tier 3,Free,Free,,0.0,0.0,326,6
3260,Nicola Energy Ltd,NIL,Nil,Nil,,0.0,27.42,0,1
3262,Account Deleted,NIL,Nil,Nil,,0.0,0.0,0,1
3263,Lymington Cricket Club,NIL,Nil,Nil,,0.0,84.63,0,2
3266,Lancaster University - Stakeholder Relations and Events,Tier 4,Free,Free,,0.0,0.0,978,5
3268,Laura Rhodes Blue Badge Tourist Guide,NIL,Nil,Nil,,0.0,6.58,0,2
327,Sulevents,Key Account,Tier 1,Tier 1,0.62,3204.92,17503.75,3368,10
3271,Trinity Church Everton,Tier 3,Free,Free,,0.0,0.0,210,6
3273,In Tune Theatre,NIL,Nil,Nil,,0.0,2.5,0,2
3274,Anna Chaplaincy Cumbria,NIL,Nil,Nil,,0.0,0.0,0,2
3275,Bedford & Milton Keynes Waterways,NIL,Nil,Nil,,0.0,0.0,0,1
3278,Code Earth,NIL,Nil,Nil,,0.0,0.0,0,1
328,Lancaster Priory,Tier 4,Tier 2,Tier 3,9.93,446.63,5980.06,638,10
3284,Michael Auton Consultancy,NIL,Nil,Nil,,0.0,9.67,0,1
3288,Annie Mac,NIL,Nil,Nil,,0.0,0.0,0,1
3292,The Growth Community,Tier 4,Tier 4,Tier 4,42.1,80.96,477.87,1759,6
3293,Strawberry Rose Farm,NIL,Nil,Nil,,0.0,15.0,0,1
3296,LOUIES,NIL,Nil,Nil,,0.0,0.0,0,1
3297,Alverstoke Garden Walkabout,NIL,Nil,Nil,,0.0,165.04,0,3
3298,Restoring Hardknott Forest,Tier 3,Tier 5,Tier 5,56.97,35.38,258.54,209,6
3300,Roy Castle Lung Cancer Foundation,Key Account,Tier 1,Tier 1,2.26,3270.35,17555.68,7566,5
3304,Mill Hill Open Morning,Tier 3,Free,Free,,0.0,0.0,173,5
3309,Ritual Britain,NIL,Nil,Nil,,0.0,20.62,0,1
3313,Giant Wheel Company,Key Account,Tier 1,Tier 1,1.88,2919.4,13132.25,6400,6
3315,Lindsey Lodge Farm,NIL,Nil,Nil,,0.0,0.0,0,2
3317,Pink Link Ladies,NIL,Nil,Nil,,0.0,0.96,0,1
3319,Rolling Hills HOG,NIL,Nil,Nil,,0.0,0.0,0,1
332,K Shoes Male Voice Choir,Tier 2,Tier 5,Tier 5,61.49,45.79,99.79,87,5
3323,Eleanor Beeby,NIL,Nil,Nil,,0.0,0.0,0,1
3327,Regenerage,NIL,Nil,Nil,,0.0,144.29,0,2
3336,Account Deleted,NIL,Nil,Nil,,0.0,0.0,0,1
334,ESMS,Key Account,Tier 1,Tier 1,0.7,2913.08,19020.11,5422,10
3341,NAVP Ltd,NIL,Nil,Nil,,0.0,434.54,0,1
3344,Golden Goose Theatre LTD,Key Account,Tier 1,Tier 1,1.74,3450.98,12802.26,4758,6
3345,nickacfield,NIL,Nil,Nil,,0.0,0.0,0,1
3349,Rotary Club Shipston on Stour,NIL,Nil,Nil,,0.0,62.99,0,1
3350,Creative Edge,NIL,Nil,Nil,,0.0,0.0,0,2
3351,Butterworths,NIL,Nil,Nil,,0.0,0.0,0,1
3353,BIRMINGHAM SPEEDWAY,Tier 4,Tier 2,Tier 2,9.14,787.17,3200.84,782,5
3354,de-Koning Leisure Group,Tier 4,Tier 2,Tier 2,9.69,666.25,3841.73,355,5
3356,Sharon Took-Zozaya,NIL,Nil,Nil,,0.0,0.0,0,1
336,Lancaster Bombers Flying for Phil,NIL,Nil,Nil,,0.0,3.71,0,1
3360,HandsOnHeart Clinical Canine Massage,NIL,Nil,Nil,,0.0,1.08,0,2
3361,LL Events,NIL,Nil,Nil,,0.0,0.0,0,1
3363,Binns Organ Trust,Tier 2,Tier 5,Tier 5,60.57,34.0,168.71,102,6
3368,ShirleyThompson,NIL,Nil,Nil,,0.0,0.0,0,1
3369,IICF UK,Tier 4,Tier 2,Tier 2,7.76,858.8,3506.77,653,6
337,Ealing Music Service (London Borough of Ealing),High Value,Tier 1,Tier 2,1.06,2621.67,10637.64,1194,10
3370,INSPIRE ACTIVITY,Tier 4,Tier 4,Tier 4,27.57,132.46,2059.27,1621,6
3372,Alpaca my Boots,NIL,Nil,Nil,,0.0,24.25,0,1
3374,Mary Kay,NIL,Nil,Nil,,0.0,0.0,0,1
3377,Findhorn Hinterland Trust,Tier 3,Tier 5,Tier 5,53.73,49.25,225.33,171,6
338,Phoenix Singers Shrewsbury,Tier 4,Tier 3,Tier 3,22.0,258.29,874.46,311,10
3382,Weston Music Society,Tier 4,Tier 3,Tier 4,26.96,171.0,1256.79,193,5
3387,Eton Events Ltd,NIL,Nil,Nil,,0.0,625.71,0,3
339,Northampton High School,Tier 4,Tier 3,Tier 3,19.59,269.9,1333.96,1541,9
3390,Evenbreak,NIL,Nil,Nil,,0.0,0.0,0,1
3396,Nottinghamshire County Netball,Tier 3,Tier 4,Tier 4,40.73,106.17,361.33,196,5
3398,Masquerade Ball,NIL,Nil,Nil,,0.0,1.37,0,1
34,One World,NIL,Nil,Nil,,0.0,820.18,0,4
340,Account Deleted,NIL,Nil,Nil,,0.0,123.79,0,3
3405,Andrew Meikle,NIL,Nil,Nil,,0.0,0.0,0,1
341,Unicorn School,NIL,Nil,Nil,,0.0,0.0,0,1
3413,Farmer Chris,NIL,Nil,Nil,,0.0,0.0,0,2
3414,St. Helens Council,NIL,Nil,Nil,,0.0,0.0,0,2
3415,Unique Venues of Manchester Ltd,NIL,Nil,Nil,,0.0,0.0,0,1
3416,Fancy Fair Markets Ltd,NIL,Nil,Nil,,0.0,110.0,0,1
3419,Newcastle Speedway,NIL,Nil,Nil,,0.0,3071.32,0,3
342,Farms for City Children,Tier 3,Tier 5,Tier 5,65.5,11.13,429.08,65,4
3420,Barnstorm,Tier 4,Tier 3,Tier 3,22.64,244.29,1230.88,577,5
3423,Marie Curie Legacy Team,NIL,Nil,Nil,,0.0,0.0,0,1
3425,Windermere School,Key Account,Tier 1,Tier 1,1.55,3802.93,14856.23,2246,6
3426,Burnley Bobcats,NIL,Nil,Nil,,0.0,0.0,0,1
343,Lycetts,NIL,Nil,Nil,,0.0,167.25,0,1
3433,Gloucestershire Federation WI,NIL,Nil,Nil,,0.0,0.0,0,1
3437,RSAcademics Ltd,NIL,Nil,Nil,,0.0,207.67,0,2
344,Gatwick Reunion,NIL,Nil,Nil,,0.0,474.82,0,2
3440,Kendal Whisky festival and events Ltd.,High Value,Tier 1,Tier 2,3.38,1793.0,6388.67,1003,6
3441,Wegooutsidetoo,Tier 3,Tier 5,Tier 5,64.62,11.33,409.5,18,5
3446,Ian Williamson Fitness,Tier 4,Tier 4,Tier 4,27.35,148.54,1532.63,66,6
3447,BCM Scotland,NIL,Nil,Nil,,0.0,140.25,0,3
3449,Account Deleted,NIL,Nil,Nil,,0.0,0.0,0,1
345,Sedbergh School Drama,NIL,Nil,Nil,,0.0,282.21,0,5
3451,Cobham Hall,NIL,Nil,Nil,,0.0,6.46,0,2
3453,Gary Tanner,NIL,Nil,Nil,,0.0,0.0,0,1
3458,Gorst Hill Farm,NIL,Nil,Nil,,0.0,0.0,0,2
3459,StaffordRCMCC,NIL,Nil,Nil,,0.0,734.62,0,3
3460,St Leger Chapter Doncaster,Tier 4,Tier 2,Tier 3,11.28,633.12,2515.96,375,5
3461,Not Cool DIY,NIL,Nil,Nil,,0.42,107.87,1,4
3464,Winning Edges Consultancy Limited,Tier 2,Tier 5,Tier 5,72.48,12.5,122.58,20,5
3465,HAULOTTE,NIL,Nil,Nil,,0.0,0.0,0,1
3467,Royal Hospital School Music Department,High Value,Tier 1,Tier 2,3.0,2123.2,6414.08,5107,6
3469,Jersey Dairy,NIL,Nil,Nil,,0.0,0.0,0,1
347,Eltham College Drama,NIL,Nil,Nil,,0.0,650.38,0,1
3471,The Care and Fun Club & Blythe Centre,NIL,Nil,Nil,,0.0,639.92,2,5
3474,Fergie,Tier 2,Tier 5,Tier 5,88.04,17.67,17.67,38,1
3475,Meads Farm,Tier 3,Free,Free,,0.0,0.0,131,5
3477,Hampshire Farmers Club,Tier 4,Tier 3,Tier 3,18.52,346.37,1270.58,185,5
3478,Calancombe Estate Holdings Limited,NIL,Nil,Nil,,0.0,189.63,0,1
348,Wimbledon High School,Key Account,Tier 1,Tier 2,3.25,1252.92,8577.63,7188,9
3486,Coach Assist UK,NIL,Nil,Nil,,0.0,100.92,0,1
3488,Nottingham High School,High Value,Tier 1,Tier 1,3.42,1804.86,12390.92,1283,5
349,St Aubyn's School Music Department,NIL,Nil,Nil,,0.0,0.0,0,2
3492,Suffolk Kodaly Collective,NIL,Nil,Nil,,0.0,99.4,0,1
3495,Sean Weekly Photography,NIL,Nil,Nil,,0.0,607.25,0,4
3496,Sedbergh School,NIL,Nil,Nil,,0.0,0.0,0,1
3499,Monty Hammond & Sons Funfairs Limited,Tier 4,Tier 2,Tier 2,7.1,856.38,4639.58,1548,6
35,Neil Bowness,NIL,Nil,Nil,,0.0,0.0,0,1
3502,Stoke College,NIL,Nil,Nil,,0.0,167.71,0,2
3508,Social Supper Club,NIL,Nil,Nil,,0.0,1.96,0,1
351,Saints Pride,NIL,Nil,Nil,,0.0,0.0,0,1
3510,Draycir Training Team,NIL,Nil,Nil,,0.0,0.0,0,2
3512,Michelle Jurd Trust,NIL,Nil,Nil,,0.0,490.79,0,2
3514,Northern Potters Association,NIL,Nil,Nil,,0.0,33.0,0,2
3515,Woodstock Animal Enterprises Ltd,NIL,Nil,Nil,,0.0,4470.98,0,3
3517,Natalie Weston - Dynamic Kids,NIL,Nil,Nil,,0.0,10.33,0,1
3518,Lakeland Farm Visitor Centre,NIL,Nil,Nil,,0.0,177.0,0,2
352,Castle Green Hotel,Tier 4,Tier 3,Tier 4,24.13,290.79,570.82,294,6
3522,Mee Farmers,NIL,Nil,Nil,,0.0,0.0,0,2
3528,Stepney Hill Farm,NIL,Nil,Nil,,0.0,0.0,0,1
3529,TRINITY CHURCH,Tier 4,Tier 3,Tier 3,18.29,325.02,1350.47,780,6
3530,Alfresco Flicks,NIL,Nil,Nil,,0.0,1511.8,0,2
3533,Cornhill Farm,Tier 4,Free,Free,,0.0,0.0,1486,5
3534,GT7 Football Academy,Tier 4,Tier 3,Tier 3,17.69,266.88,3978.75,400,5
3537,SharonyoungCoaching,NIL,Nil,Nil,,0.0,17.75,0,1
3538,Lewes Festival of Song,Tier 4,Tier 3,Tier 4,25.78,199.25,948.19,194,6
3539,Brandenburg Choral Festival,NIL,Nil,Nil,,0.0,0.0,0,1
354,PunkSkinScarMod,NIL,Nil,Nil,,0.0,4.08,0,1
3540,berkshire Federation of womens' institutes,NIL,Nil,Nil,,0.0,37.75,0,3
3541,Church Farm Dairy,NIL,Nil,Nil,,0.0,0.0,0,1
3542,Monach Farm OFS,NIL,Nil,Nil,,0.0,0.0,0,1
3546,Road Farm Countryways CIC,Tier 4,Tier 5,Tier 5,75.4,3.96,123.87,582,6
3547,Sawley CC,Tier 4,Tier 4,Tier 4,34.75,104.12,1028.99,187,5
3548,LORETO GRAMMAR SCHOOL,NIL,Nil,Nil,,0.0,0.0,0,1
355,The Grange School,NIL,Nil,Nil,,0.0,0.0,0,4
3552,Rushcliffe Borough Council,NIL,Nil,Nil,,0.0,0.0,0,1
3554,Musip Adventure Safaris & Tours,NIL,Nil,Nil,,0.42,0.42,2,1
3555,Marr College,Tier 4,Tier 3,Tier 3,21.62,312.51,773.3,896,6
3556,Trinity Drama Department,Tier 4,Tier 2,Tier 2,8.66,776.68,3094.18,1856,6
3557,Nene Valley Chapter,Tier 2,Tier 4,Tier 4,46.7,80.17,241.2,73,6
3558,Watford Philharmonic Society,Tier 4,Tier 2,Tier 2,8.81,745.96,3384.92,886,6
356,CADAS,NIL,Nil,Nil,,0.0,110.94,0,7
3566,The Turnpike,NIL,Nil,Nil,,0.0,0.0,0,2
3567,Marie Curie Northern Ireland,NIL,Nil,Nil,,0.0,0.0,0,1
3568,Marie Curie Rebecca Dade,NIL,Nil,Nil,,0.0,0.0,0,1
357,CCL,NIL,Nil,Nil,,0.0,62.74,0,2
3570,Ardo Christmas Trees,Tier 1,Free,Free,,0.0,0.0,17,3
3575,One step beyond events,NIL,Nil,Nil,,0.0,173.23,0,3
358,Flock,NIL,Nil,Nil,,0.0,1280.5,0,4
3581,Ford Park,Tier 4,Tier 2,Tier 2,9.91,903.12,2648.73,1613,4
3583,Middlesex Federation of  WI's,NIL,Nil,Nil,,0.0,0.0,0,2
3585,Eckley Farms,NIL,Nil,Nil,,0.0,42.92,0,3
359,Furness LitFest,NIL,Nil,Nil,,0.0,22.17,0,2
3599,Lm & Jh Bowes,NIL,Nil,Nil,,0.0,0.0,0,1
36,Michael Frayn Theatre,High Value,Tier 2,Tier 2,5.95,815.24,5357.62,2210,11
360,Robert Gordon's College,NIL,Nil,Nil,,0.0,0.0,0,1
3600,H Downs and Son,NIL,Nil,Nil,,0.0,41.0,0,1
3604,Scottish Ensemble,NIL,Nil,Nil,,0.0,529.54,0,3
3605,Lorna Singleton Spelk Basketry,Tier 4,Tier 3,Tier 3,15.16,340.17,3694.71,63,5
3607,Meadow Bank Farm,NIL,Nil,Nil,,0.0,0.0,0,1
3608,Croots Farm Shop,Tier 4,Tier 3,Tier 3,18.22,447.02,777.87,1050,6
3609,Lakeland Inns,NIL,Nil,Nil,,0.0,140.37,0,2
361,Pyramid Productions UK,NIL,Nil,Nil,,0.0,22.68,0,1
3610,Deepdale Farms,Tier 4,Tier 3,Tier 3,22.1,242.67,1231.12,402,6
3612,Redcatch Community Garden,High Value,Tier 1,Tier 2,3.51,1838.44,5892.36,3830,6
362,Nottingham Girls' High School,Tier 4,Tier 2,Tier 2,6.34,772.88,5355.5,1696,10
3628,Rock House Farm,Tier 3,Free,Free,,0.0,0.0,180,5
3629,Chase farm,Tier 3,Free,Free,,0.0,0.0,237,4
363,Amber & the Professors EP Launch Party,NIL,Nil,Nil,,0.0,132.58,0,1
3632,Greenhills Farming,Tier 2,Free,Free,,0.0,0.0,68,5
3635,The Ballance House,Tier 3,Tier 4,Tier 5,50.47,58.26,298.22,174,5
3637,Alex Colquhoun Ltd,NIL,Nil,Nil,,0.0,0.0,0,1
3639,WI Wanderers,NIL,Nil,Nil,,0.0,0.0,0,1
364,Bradford Bulls Rugby League Club,NIL,Nil,Nil,,0.0,0.0,0,1
3646,Be Kind Movement,NIL,Nil,Nil,,0.0,95.25,0,2
3648,Hotel Synergies,NIL,Nil,Nil,,0.0,0.0,0,3
3649,Heartbeat NWCC,Tier 4,Tier 4,Tier 4,31.57,117.42,1187.29,178,6
365,GreenLifeOrganics,NIL,Nil,Nil,,0.0,113.33,0,2
3650,Wiltshire Federation of WIs,Tier 4,Tier 3,Tier 3,13.12,502.59,1770.57,553,6
3651,Light Up Lives CIC,NIL,Nil,Nil,,0.0,12.21,0,2
3653,Account Deleted,NIL,Nil,Nil,,0.0,0.0,0,1
3654,Creative Curiosity,NIL,Nil,Nil,,0.0,210.99,0,4
3655,Experience Liverpool,NIL,Nil,Nil,,0.0,35.71,0,3
3657,Fubhub,Tier 3,Tier 3,Tier 4,26.05,202.21,870.75,391,6
3659,Visit Wood End Farm,NIL,Nil,Nil,,0.0,0.0,0,1
3660,HPTest,NIL,Nil,Nil,,0.0,0.0,0,1
3662,Account Deleted,NIL,Nil,Nil,,0.0,11.0,0,1
3665,SWWL,NIL,Nil,Nil,,0.0,0.37,0,1
3669,Account Deleted,NIL,Nil,Nil,,0.0,0.0,0,1
367,The Merchistonian Club,NIL,Nil,Nil,,0.0,166.86,0,4
3671,M R Tizzard Ltd,NIL,Nil,Nil,,0.0,0.0,0,1
3673,RAF Odiham,NIL,Nil,Nil,,0.0,0.0,0,1
3674,Royal Sutton Coldfield Community Town Hall Trust,NIL,Nil,Nil,,0.0,0.0,0,1
3675,Oaktrack Smallholding,Tier 3,Tier 4,Tier 4,49.27,66.0,247.0,276,6
3677,tregullas farm,NIL,Nil,Nil,,0.0,0.0,0,1
3679,Hares Farm,NIL,Nil,Nil,,0.0,0.0,0,2
3682,Bobl Bach Bethesda,NIL,Nil,Nil,,0.0,816.11,0,4
3688,Hillhead of Covington,NIL,Nil,Nil,,0.0,0.0,0,2
3696,Furness Tradition,Tier 3,Tier 4,Tier 4,33.5,148.87,480.83,235,6
37,KGS Music Department,NIL,Nil,Nil,,0.0,72.0,0,3
370,GSMA,NIL,Nil,Nil,,0.0,0.0,0,1
371,novi.digital,NIL,Nil,Nil,,0.0,0.0,0,2
3717,Firm of W W Neilson,NIL,Nil,Nil,,0.0,0.0,0,1
3720,Newhouse Farm,High Value,Free,Free,,0.0,0.0,2342,6
3721,Alex Main,NIL,Nil,Nil,,0.0,0.0,0,1
3723,Dandelion Coaching,NIL,Nil,Nil,,0.0,0.71,0,1
3729,Open Farm Sunday @ Didcot Farm,NIL,Nil,Nil,,0.0,0.0,0,2
3734,zoeainsworth,NIL,Nil,Nil,,0.0,0.0,0,1
3735,Dancing Green Garlic,NIL,Nil,Nil,,0.0,0.0,0,1
3736,Wilderness Foundation UK,High Value,Tier 1,Tier 2,3.57,1859.46,5489.46,1653,6
3737,Deepdale Camping & Rooms,Tier 4,Tier 3,Tier 3,16.82,376.11,1367.27,295,6
374,Merchiston Castle School,Key Account,Tier 1,Tier 2,1.91,1520.06,17399.85,872,10
3743,Willow Woods - Forest School,Tier 3,Tier 5,Tier 5,63.49,11.19,451.7,24,6
3749,Argae Cottage,Tier 1,Free,Free,,0.0,0.0,28,3
375,Hazelwood School,Tier 4,Free,Free,,0.0,0.0,807,10
3750,St Mary's Church  Sompting,NIL,Nil,Nil,,0.0,10.62,0,3
3753,Awnells Farm,Tier 2,Free,Free,,0.0,0.0,48,3
376,Nonsuch Singers,Tier 3,Tier 3,Tier 4,24.69,195.12,1019.71,228,9
3763,Heathfield Swim School,Tier 4,Tier 2,Tier 2,8.64,760.62,3340.23,1140,6
377,Raynsford Academy PTA,NIL,Nil,Nil,,0.0,1.07,0,1
3771,R&A Holder Brach farm,NIL,Nil,Nil,,0.0,0.0,0,1
3773,ML & L Exelby,NIL,Nil,Nil,,0.0,0.0,0,1
3774,Middle Watchbury Farm,NIL,Nil,Nil,,0.0,0.0,0,4
3778,The Bromborough Estate,Tier 1,Free,Free,,0.0,0.0,22,2
378,Noel and Tricia Uckfield Concert,NIL,Nil,Nil,,0.0,20.25,0,1
3781,A & I Westlake,NIL,Nil,Nil,,0.0,0.0,0,2
3782,International Arts Centre Ltd,NIL,Nil,Nil,,1.25,280.0,0,5
3783,R Heald,NIL,Nil,Nil,,0.0,0.0,0,1
3785,Speakers for Schools,NIL,Nil,Nil,,0.0,0.0,0,1
3786,Maundrils Farm Partnership,NIL,Nil,Nil,,0.0,0.0,0,2
3787,Hatton Manor Farm,Tier 3,Free,Free,,0.0,0.0,223,2
3788,Bradfields Farm,NIL,Nil,Nil,,0.0,0.0,0,1
379,Princethorpe College,NIL,Nil,Nil,,0.0,0.0,0,1
3790,Millfield School,NIL,Nil,Nil,,0.0,1713.12,0,4
3791,Camel CSA,NIL,Nil,Nil,,0.0,0.0,0,1
3794,Mooch Oldham,NIL,Nil,Nil,,0.0,0.0,0,1
3795,Kypie Farm,Tier 3,Free,Free,,0.0,0.0,256,5
3797,Mega Live Events,NIL,Nil,Nil,,0.0,95.92,0,1
380,Trent College Events,NIL,Nil,Nil,,0.0,3522.62,0,9
3804,Tadley and District Community Association,High Value,Tier 2,Tier 2,10.02,684.77,2597.96,2508,6
3805,Newport & Central PCN,NIL,Nil,Nil,,0.0,0.0,0,1
3808,Fresh Futures,Tier 3,Free,Free,,0.0,7.08,173,4
3809,Staying Alive First Aid,NIL,Nil,Nil,,0.0,5.83,0,1
381,catherinebetley,NIL,Nil,Nil,,0.0,58.46,0,1
3810,Manor Farms Barley LP,NIL,Nil,Nil,,0.0,0.0,0,2
382,Warminster Senior Music,Tier 4,Tier 3,Tier 3,12.56,419.9,2580.08,1140,10
3820,Handley Farm,Tier 3,Tier 4,Tier 4,48.58,88.54,163.0,295,5
3825,Warminster Prep,NIL,Nil,Nil,,0.0,0.0,0,1
3830,Account Deleted,NIL,Nil,Nil,,0.0,0.0,0,1
3833,Warminster Drama,NIL,Nil,Nil,,0.0,0.0,0,1
3839,CRMCC,Tier 3,Tier 4,Tier 4,43.1,75.62,470.62,119,6
384,PLC Pymble UK/ Europe Reunion,NIL,Nil,Nil,,0.0,109.5,0,3
3842,Berrywood School Association,NIL,Nil,Nil,,0.0,0.33,0,1
385,The Quirky Coach,NIL,Nil,Nil,,0.0,216.79,0,5
386,Marie Curie,NIL,Nil,Nil,,0.0,158.88,0,4
3865,Morland Choristers' Camp 2021,NIL,Nil,Nil,,0.0,0.0,0,1
3872,East Hall Farm,NIL,Nil,Nil,,0.0,0.0,0,2
3873,George Heriot's School,NIL,Nil,Nil,,0.0,0.0,0,1
3874,B&V Davidson,NIL,Nil,Nil,,0.0,0.0,0,3
3876,Dennings Down Farm,NIL,Nil,Nil,,0.0,0.0,0,1
3877,BJazz,NIL,Nil,Nil,,0.0,0.0,0,1
388,Archbishop Temple School PTA,Tier 4,Tier 2,Tier 3,12.19,416.96,3047.1,1206,9
3880,Broughton Park FC,Tier 4,Tier 4,Tier 4,40.57,66.17,1031.26,201,6
3885,Ridgeway Farm Blackpool,NIL,Nil,Nil,,0.0,0.0,0,1
3886,Coast & Vale Community Action,NIL,Nil,Nil,,0.0,0.0,0,1
3888,D. Ray Cold Aston,NIL,Nil,Nil,,0.0,0.0,0,1
3889,BAPS,NIL,Nil,Nil,,0.0,0.0,0,1
389,Lune Valley Community Beekeepers,NIL,Nil,Nil,,0.0,62.08,0,4
3892,Harry smith,NIL,Nil,Nil,,0.0,0.0,0,1
3901,Ilkley Cycling Club,Tier 4,Tier 3,Tier 3,17.11,428.79,1015.18,1348,6
3902,Account Deleted,NIL,Nil,Nil,,0.0,4.38,0,1
3903,The Athena Network West Berks,NIL,Nil,Nil,,0.0,60.54,0,2
3907,The Media Connexions,NIL,Nil,Nil,,0.0,0.0,0,1
391,Holmewood House Preparatory School,NIL,Nil,Nil,,0.0,102.58,0,7
3916,Chelsea Academy Foundation,Tier 3,Tier 5,Tier 5,54.94,77.25,127.62,196,3
3917,Wellington Prep School,Tier 4,Tier 4,Tier 4,43.87,71.67,474.33,484,6
3918,Essex ActivAte with Multisports for Schools,NIL,Nil,Nil,,0.0,64.04,0,2
392,Oaksys Tech Ltd,NIL,Nil,Nil,,0.0,3.25,0,2
3921,St Paul's Girls School Parents' Guild Events,Tier 4,Tier 3,Tier 3,16.19,302.65,3007.47,740,6
393,Tudor Hall School,NIL,Nil,Nil,,0.0,685.92,0,4
3930,The Friends of Chain Bridge Forge,Tier 4,Tier 3,Tier 3,13.7,487.04,1674.67,303,6
3934,SME Skills Academy,NIL,Nil,Nil,,0.0,0.0,0,1
3936,Manor CE Academy Performing Arts,Tier 4,Tier 2,Tier 3,11.12,650.25,2032.5,2053,6
3937,GreenwaysAces,NIL,Nil,Nil,,0.0,104.67,0,2
394,Lancaster Royal Grammar School,Tier 4,Tier 4,Tier 4,39.18,124.74,254.76,540,8
3940,Sandwell District Scout Council,NIL,Nil,Nil,,0.0,0.0,0,3
395,YPIB,NIL,Nil,Nil,,0.0,25.46,0,3
3953,KinD - Kids in Deeping,NIL,Nil,Nil,,0.0,5.96,0,1
3955,crossstreetarts,NIL,Nil,Nil,,0.0,0.0,0,2
3958,NextGenChem,NIL,Nil,Nil,,0.0,0.0,0,1
396,Ford On The Fairway,NIL,Nil,Nil,,0.0,1066.68,0,4
3960,West Kent WI Federation,NIL,Nil,Nil,,0.0,24.46,0,3
3962,Naturally Loyal,NIL,Nil,Nil,,0.0,0.14,0,1
3974,Shrewsbury Choral,Tier 4,Tier 3,Tier 4,22.98,224.13,1251.44,227,6
398,Account Deleted,NIL,Nil,Nil,,0.0,0.0,0,1
3980,Sapphire Skaters,High Value,Tier 2,Tier 2,3.82,1619.48,5594.9,2226,6
3987,Wellness Walks,Tier 4,Tier 3,Tier 3,19.1,453.65,733.3,1417,5
399,Yarborough Academy,NIL,Nil,Nil,,0.0,0.0,0,2
3992,Backup Northwest,Tier 4,Tier 4,Tier 4,28.27,149.08,1215.62,51,6
3993,Hayes-Teeyan2021,NIL,Nil,Nil,,0.0,0.0,0,1
3994,Rewild Play,High Value,Tier 2,Tier 2,3.76,1503.68,6409.87,4230,6
3995,Kelso Folk Festival,Tier 4,Tier 3,Tier 3,20.49,296.96,1033.21,242,6
3996,Mrs C A Smith,Tier 3,Tier 5,Tier 5,72.32,20.03,69.15,125,6
4,Trybooking Marketing and Sales,Tier 3,Tier 5,Tier 5,81.81,3.42,41.74,166,13
4000,networx4business,Tier 4,Tier 3,Tier 3,20.93,290.82,1022.77,856,6
4004,Willesden Reliability,NIL,Nil,Nil,,0.0,91.75,0,2
4005,Montpelier Villa Community Football Club,NIL,Nil,Nil,,0.0,1.79,0,1
402,Big Impact,NIL,Nil,Nil,,0.0,0.0,0,1
4028,Bollywood Dance School UK,Tier 4,Tier 2,Tier 2,6.89,956.71,3701.79,952,6
4029,St Paul's Girls School Guild Event,NIL,Nil,Nil,,0.0,300.83,0,5
403,Channing School Drama Dept,High Value,Tier 2,Tier 2,3.78,1268.88,5386.44,5320,10
4030,Stefano's Food,NIL,Nil,Nil,,0.0,584.5,0,2
4032,myceliumthinking,Tier 2,Tier 5,Tier 5,78.16,4.75,89.79,40,5
4037,Music Teachers Association,NIL,Nil,Nil,,0.0,0.0,0,2
4042,Worthing Choral Society,Tier 3,Tier 5,Tier 5,54.21,35.62,393.83,67,6
4043,Creative Academy,NIL,Nil,Nil,,0.0,0.0,0,1
4049,Crediton Youth Theatre,Tier 3,Tier 5,Tier 5,51.24,62.25,236.88,166,5
4050,CRONTON GALA 2025,Tier 3,Tier 5,Tier 5,60.75,23.12,381.11,15,4
4056,Amanda Alcock - LEC Blackburn,Tier 2,Tier 5,Tier 5,65.61,29.96,111.29,85,5
4058,Melissa Hennessy,NIL,Nil,Nil,,0.0,3.79,0,1
406,BNI Castle Chapter,NIL,Nil,Nil,,0.0,34.25,0,3
4061,Vipassana Construction and Services Ltd,High Value,Tier 2,Tier 2,4.65,1272.41,5773.75,1069,6
4065,Ripley St Thomas CE Academy,NIL,Nil,Nil,,0.0,520.38,0,3
4067,Diocese of Carlisle - Ministry Development,Tier 4,Free,Free,,0.0,58.92,482,6
4068,Forest of Bowland AONB,NIL,Nil,Nil,,0.0,2.58,0,3
407,Otto,NIL,Nil,Nil,,0.0,0.17,0,1
4071,Brampton Community Centre,Tier 4,Tier 2,Tier 2,9.66,784.21,2151.58,1200,6
4072,SPGSPG Christmas Fair,NIL,Nil,Nil,,0.0,701.0,0,1
4074,East Sussex WI Federation,NIL,Nil,Nil,,0.0,15.12,0,1
4078,Cumbria Foundation,NIL,Nil,Nil,,0.0,0.0,0,1
408,Flies On The Wall Youth Theatre,NIL,Nil,Nil,,0.0,324.33,0,3
4081,Wiggles Pizzafest,NIL,Nil,Nil,,0.0,0.0,0,2
4082,Metropolis Education,NIL,Nil,Nil,,0.0,10.54,0,2
4083,Amabile Choirs,Tier 4,Tier 3,Tier 4,24.23,223.7,1014.5,425,6
4086,The Onroad Podcast,NIL,Nil,Nil,,0.0,0.86,0,1
4089,RHSA Merchandise,NIL,Nil,Nil,,2.32,34.97,5,4
409,Affiniti Training,Tier 2,Tier 5,Tier 5,61.92,23.46,214.67,26,8
4090,Lothian Cat Rescue,NIL,Nil,Nil,,0.0,63.92,0,1
4091,CKG Marketing Strategy,NIL,Nil,Nil,,0.0,0.0,0,2
4097,Warrington Athletics Club,Tier 4,Tier 5,Tier 5,53.5,17.58,1867.13,38,5
41,Reading School,High Value,Tier 2,Tier 3,10.17,520.39,3003.92,2527,12
4100,Account Deleted,NIL,Nil,Nil,,0.0,0.37,0,1
4101,1st Hexham Scout Group,Tier 3,Tier 5,Tier 5,58.37,46.67,141.58,140,5
4104,Kendal Community Theatre,Tier 3,Tier 3,Tier 4,26.93,192.62,819.16,367,6
4106,Trybooking Events,NIL,Nil,Nil,,44.38,214.73,5,3
411,Cumbriashare,NIL,Nil,Nil,,0.0,918.83,0,6
4110,GCSE & tickets,Tier 4,Tier 3,Tier 3,15.68,402.58,1514.55,1199,6
4113,Katy Branagan,NIL,Nil,Nil,,0.0,0.0,0,1
412,Brownedge St Mary's Catholic High School,NIL,Nil,Nil,,0.0,106.21,0,1
4124,Boogie Bingo,NIL,Nil,Nil,,0.0,307.61,0,2
4125,ActionCOACH UK,Tier 4,Free,Free,,0.0,1683.75,111,6
4127,Members who lunch (test),NIL,Nil,Nil,,3.25,5.21,6,2
4129,Home-Start Blackpool  Fylde & Wyre,Tier 4,Tier 3,Tier 3,18.79,368.75,1079.11,251,5
413,Fylde Coast Youth Theatre,Tier 4,Tier 3,Tier 3,19.27,294.17,1085.79,415,10
4138,Account Deleted,NIL,Nil,Nil,,0.0,35.13,0,3
4148,Natasha Day LTD,NIL,Nil,Nil,,0.0,13.33,0,1
4149,Wolftown,NIL,Nil,Nil,,0.0,27.08,0,2
4150,Kym Hollands,NIL,Nil,Nil,,0.0,10.67,0,1
4154,Masons Mobile Bar,NIL,Nil,Nil,,0.0,42.08,0,1
4156,Futurescot Media,High Value,Tier 4,Tier 4,32.63,130.0,744.38,3140,6
4157,Advocacy Focus Training,NIL,Nil,Nil,,0.0,91.83,0,4
4158,Selside School Association,NIL,Nil,Nil,,0.0,166.88,0,2
4164,Region solidarity,NIL,Nil,Nil,,0.0,248.12,0,4
4169,In Business,Tier 4,Tier 3,Tier 3,22.24,276.43,887.53,633,6
417,Stephen Gregson Music,NIL,Nil,Nil,,0.0,27.79,0,2
418,Robertson House Sedbergh School,NIL,Nil,Nil,,0.0,589.71,0,3
4183,The Cider Works Limited,NIL,Nil,Nil,,0.0,494.05,0,4
4188,Les Panards Dansants,Tier 4,Tier 3,Tier 3,12.51,584.29,1894.21,255,5
419,Sell The Difference,NIL,Nil,Nil,,0.0,11.04,0,2
4194,Sundae Club,NIL,Nil,Nil,,0.0,0.0,0,1
4195,Gail Heath Pure passion region,NIL,Nil,Nil,,0.0,59.58,0,2
42,Hazlegrove School,NIL,Nil,Nil,,0.0,0.0,0,2
4203,New Perspective NLP,NIL,Nil,Nil,,0.0,18.63,4,3
4208,Chi & Slain,NIL,Nil,Nil,,0.0,39.5,0,2
4210,Team Firework,NIL,Nil,Nil,,0.0,33.33,0,3
4212,The Beacon Museum,Key Account,Tier 1,Tier 1,2.66,2530.5,6853.92,7719,6
4213,ActionCOACH Newry,NIL,Nil,Nil,,0.0,0.0,0,1
4214,ActionCOACH Truro,Tier 3,Tier 5,Tier 5,54.63,53.82,172.43,129,6
4216,ActionCOACH Southport,NIL,Nil,Nil,,0.0,2.5,0,2
4217,ActionCOACH Blackburn,NIL,Nil,Nil,,0.0,0.0,0,1
4218,Clive Hibbert,NIL,Nil,Nil,,0.0,127.92,0,1
4222,thebestofbolton,NIL,Nil,Nil,,0.0,5.0,0,2
4224,The BBD,NIL,Nil,Nil,,0.0,69.46,0,3
4228,Region Beauties,NIL,Nil,Nil,,0.0,59.79,0,2
4231,RCGarden,NIL,Nil,Nil,,0.0,0.0,0,1
4232,GSEL Account,Key Account,Tier 1,Tier 1,1.88,3625.46,9329.83,618,6
4233,Fusion Collaborative Ltd,NIL,Nil,Nil,,0.0,54.38,0,3
4235,Susie Asli Mindfulness,NIL,Nil,Nil,,0.0,57.71,0,2
4236,GBKA001#,NIL,Nil,Nil,,0.0,255.9,0,2
4237,Wildfire Elite Ltd,NIL,Nil,Nil,,0.0,28.83,0,1
4238,Nicola Bloom,NIL,Nil,Nil,,0.0,279.62,0,2
424,Denefield School,Tier 4,Tier 2,Tier 3,12.2,474.83,2108.83,1868,9
4246,Walkies at Woodside,NIL,Nil,Nil,,0.0,377.96,0,3
4247,Westcott Bridge Club,NIL,Nil,Nil,,0.0,0.0,0,1
425,KW Events,NIL,Nil,Nil,,0.0,13.78,0,2
4252,Elan Productions,NIL,Nil,Nil,,0.0,1111.62,0,2
4253,Hip Replacements,Tier 3,Tier 5,Tier 5,54.75,36.67,350.58,70,6
4254,Environment Agency,NIL,Nil,Nil,,0.0,0.0,0,1
4257,Sue White,NIL,Nil,Nil,,0.0,191.26,0,3
426,CancerCare,High Value,Tier 1,Tier 2,3.1,1294.92,7769.25,854,10
4261,Wellingborough Cooperative Amateur Dramatic Society,NIL,Nil,Nil,,0.0,103.69,0,3
4267,PS Choral Events,NIL,Nil,Nil,,0.0,75.15,0,2
4268,Kayleigh Fell Limited,NIL,Nil,Nil,,0.0,93.5,0,2
427,Gillian Challis,NIL,Nil,Nil,,0.0,24.17,0,1
4270,Region Synergy,NIL,Nil,Nil,,0.0,17.33,0,2
4287,Nicola Martin Ltd,NIL,Nil,Nil,,0.0,9.96,0,2
4295,Canongate Communications [The Business],Tier 4,Tier 4,Tier 4,36.45,180.0,262.13,459,4
4296,Wellacre Academy,NIL,Nil,Nil,,0.0,0.0,0,2
4298,La Malafamera,NIL,Nil,Nil,,0.0,6138.89,0,3
43,KGS Marketing,NIL,Nil,Nil,,0.0,4496.18,0,10
4301,ASFC Trips,Key Account,Tier 1,Tier 1,1.49,4364.35,15568.36,2709,6
4305,Riverside Farmers,NIL,Nil,Nil,,0.0,8605.07,0,4
431,Fundraising Events,NIL,Nil,Nil,,0.0,176.5,0,2
4310,Worthing Thunder & Bears,Tier 4,Tier 4,Tier 4,38.38,52.5,6666.73,126,5
4314,PBGS SHOW,NIL,Nil,Nil,,0.0,79.12,0,2
4316,Elmbridge Choir,Tier 4,Tier 3,Tier 3,16.13,393.71,1434.34,502,6
432,Account Deleted,NIL,Nil,Nil,,0.0,0.0,0,2
4322,Moira Morrison,Tier 4,Tier 2,Tier 3,9.56,723.65,2754.55,517,6
4323,Hill & Jones Comedy,NIL,Nil,Nil,,0.0,108.25,0,3
4324,Hutton Active,NIL,Nil,Nil,,0.0,57.54,0,2
4328,Six Connections,Tier 2,Free,Free,,0.0,0.62,75,4
4332,Account Deleted,NIL,Nil,Nil,,0.0,0.0,0,1
4333,Members Who Lunch,Tier 3,Free,Free,,0.0,0.0,205,5
4334,Mark Dugan,NIL,Nil,Nil,,0.0,607.67,0,3
4336,Àban Outdoor Ltd,NIL,Nil,Nil,,0.0,761.5,0,4
4338,Notts. Schools' Netball Development,NIL,Nil,Nil,,0.0,58.58,0,1
434,Trent Repertory Company  Trent College,Tier 4,Free,Free,,0.0,0.0,1039,10
4340,Suzies allstars,NIL,Nil,Nil,,0.0,31.67,0,2
4341,Claire@lakelandorienteering,NIL,Nil,Nil,,0.0,71.06,0,2
4342,Account Deleted,NIL,Nil,Nil,,0.0,3.0,0,1
4345,Compton Players,Tier 4,Tier 3,Tier 3,20.25,299.29,1059.25,578,6
4349,Richmond Shakespeare Society,Key Account,Tier 1,Tier 1,1.4,5116.72,17171.68,5873,6
435,Agri Machinery Trade News Excellence Awards 2019,NIL,Nil,Nil,,0.0,0.0,0,1
4358,Kendal Concert Band,Tier 1,Tier 5,Tier 5,73.59,13.87,89.15,27,6
436,St Andrews Free Church,NIL,Nil,Nil,,0.0,214.62,0,3
4362,Community Support,NIL,Nil,Nil,,0.0,0.0,0,1
4364,Woodrush High School,NIL,Nil,Nil,,0.0,0.0,0,1
4366,The Sussex Heart Charity,Tier 3,Tier 5,Tier 5,76.48,16.33,48.42,254,6
4367,Harry Armistead Coaching,NIL,Nil,Nil,,0.0,0.62,0,1
4368,Sherborne School,Key Account,Tier 2,Tier 2,7.43,1049.58,2654.83,7969,6
4369,Torus Foundation,NIL,Nil,Nil,,0.0,20.15,0,1
437,RS FOM,NIL,Nil,Nil,,0.0,0.0,0,1
4371,St Mikes Tots,NIL,Nil,Nil,,0.0,0.0,0,3
4372,The ADHD Sisterhood,NIL,Nil,Nil,,0.0,63.25,0,2
4377,St Paul's Girls School Parents LV,Tier 3,Tier 3,Tier 4,24.23,243.75,824.15,83,6
439,Huntingdon Male Voice Choir,NIL,Nil,Nil,,0.0,69.42,0,2
4390,KEMP Hospice,NIL,Nil,Nil,,0.0,23.58,0,1
4392,St James Schools,NIL,Nil,Nil,,0.0,298.15,0,3
4395,Bounce Away Winter Wonderland,NIL,Nil,Nil,,0.0,173.1,0,1
44,The Community College Whitstable,NIL,Nil,Nil,,0.0,3.04,0,1
440,YEAR 5 PROFS REPS,NIL,Nil,Nil,,0.0,24.92,0,1
4403,Berkshire College of Agriculture,Key Account,Free,Free,,0.0,0.0,9420,6
4404,Operation Smile UK,NIL,Nil,Nil,,0.0,60.62,0,1
4406,Sales Geek,NIL,Nil,Nil,,0.0,19.75,0,1
4407,The Bleddfa Centre,NIL,Nil,Nil,,0.0,33.42,0,1
4408,Willaston C of E PTA,Tier 4,Tier 3,Tier 3,14.6,472.38,1416.78,1410,6
441,Sealion ESU,NIL,Nil,Nil,,0.0,326.32,0,5
4411,Lewes Concert Orchestra,Tier 4,Tier 3,Tier 4,24.83,213.08,972.75,302,6
4412,Newcastle Bach Choir Society,Tier 4,Tier 2,Tier 3,11.89,565.35,2017.67,713,6
4417,Health in Harmony Choir,NIL,Nil,Nil,,0.0,102.0,0,1
4418,Multisports for Schools - Lincewood Primary School,NIL,Nil,Nil,,0.0,405.75,0,2
442,ROHHAD Association  (Registered SCIO Charitable Organisation,NIL,Nil,Nil,,0.0,470.88,0,8
4421,Kirkhamgate Village Hall,Tier 4,Tier 3,Tier 3,21.8,249.15,1207.81,365,6
4422,British Lacrosse Women’s Team,NIL,Nil,Nil,,0.0,22.75,0,1
4424,Sherborne Prep School,Tier 4,Tier 4,Tier 4,29.5,176.28,633.5,1562,6
4433,Ashmole Academy - Events,NIL,Nil,Nil,,0.0,0.0,0,4
4434,Bitches UnleaSHEd,Tier 4,Tier 2,Tier 3,10.07,651.71,2910.38,382,6
4438,Scarecrow MSG,NIL,Nil,Nil,,0.0,37.04,0,2
444,Serafine,NIL,Nil,Nil,,0.0,10.83,0,1
4442,Yellow Sapphire Events,NIL,Nil,Nil,,0.0,7660.87,0,4
4443,KMWorkshops,NIL,Nil,Nil,,0.0,31.04,0,3
4444,SACPS,NIL,Nil,Nil,,0.0,0.0,0,1
4445,The Rum Story,NIL,Nil,Nil,,0.0,0.0,0,1
4450,Chais Sports,NIL,Nil,Nil,,0.0,33.88,0,1
4451,Sound Bridge Concert Series,Tier 1,Free,Free,,0.0,73.05,14,5
4452,SPGS VII Coffee Morning,NIL,Nil,Nil,,0.0,0.0,0,1
4456,Bloxham School,Tier 3,Tier 4,Tier 4,32.88,134.04,675.25,183,6
4457,SPGS Careers,NIL,Nil,Nil,,0.0,0.0,0,2
4458,Katherine Carrick,NIL,Nil,Nil,,0.0,32.12,0,1
4460,Rushcliffe Social Prescribing,NIL,Nil,Nil,,0.0,0.13,0,5
4461,North Lakes Hotel & Spa,Tier 4,Tier 3,Tier 4,26.59,167.25,1266.42,84,6
4462,The SU Bath,High Value,Tier 1,Tier 1,2.44,2239.59,9536.32,5323,6
4463,Joshua Greer,NIL,Nil,Nil,,0.0,38.0,0,3
4464,Saracens High School,NIL,Nil,Nil,,0.0,0.0,0,1
4465,Boozy Bar Hampshire,NIL,Nil,Nil,,0.0,302.43,0,2
447,Sandy Upper School,NIL,Nil,Nil,,0.0,298.48,0,5
4473,LDG Dance Academy,NIL,Nil,Nil,,0.0,42.17,0,3
4476,Malpas Cricket Club,Tier 2,Tier 5,Tier 5,80.12,6.67,69.3,20,4
4479,Monster Monster & HomeGrown,NIL,Nil,Nil,,0.0,312.18,0,2
4485,NET Academies Trust,Tier 4,Free,Free,,0.0,295.75,512,5
4490,Alex Tanner,NIL,Nil,Nil,,0.0,0.75,0,1
4492,Dawn Wright,NIL,Nil,Nil,,0.0,35.38,0,1
4493,Merchant Taylors' Primary School,NIL,Nil,Nil,,0.0,0.0,0,1
4497,Paper Foundation,NIL,Nil,Nil,,0.0,0.0,0,1
45,The Sir Robert Woodard Academy,NIL,Nil,Nil,,0.0,0.0,0,1
450,QEGS Penrith,NIL,Nil,Nil,,0.0,0.0,0,4
4500,Colman Creative Academy,Tier 4,Tier 3,Tier 3,13.71,527.65,1396.67,815,6
4502,Parkside School,NIL,Nil,Nil,,0.0,140.62,0,1
4504,Have fun raising funding,NIL,Nil,Nil,,0.0,2.79,0,1
4505,New Sussex Singers,Tier 4,Tier 3,Tier 3,15.17,462.58,1277.97,497,6
4506,Cuckfield Bonfire Society,Tier 4,Tier 2,Tier 2,6.62,919.46,6247.3,1640,5
451,Vale Community Church,NIL,Nil,Nil,,0.0,18.01,0,2
4510,Windsor Learning Partnership Music Department,Key Account,Tier 1,Tier 1,1.93,3015.27,10548.83,5113,6
4516,SSA London & Gatwick,Tier 3,Free,Free,,0.0,0.0,250,6
4517,Lady Eleanor Holles Junior School,Tier 3,Free,Free,,0.0,35.71,293,6
4518,Boyds of Bedford LTD,NIL,Nil,Nil,,0.0,520.92,0,4
452,Geoff Watson,NIL,Nil,Nil,,0.0,1.63,0,1
4521,MPEVENT25,NIL,Nil,Nil,,0.0,0.0,0,2
4522,Jigsaw Stage Productions,Tier 3,Tier 4,Tier 4,28.65,176.5,742.82,265,6
4523,The Luna Flow,NIL,Nil,Nil,,0.0,15.0,0,1
4524,J Bennett,NIL,Nil,Nil,,0.0,183.27,0,2
4526,Benjamin Britten,NIL,Nil,Nil,,0.0,0.0,0,2
453,LEHS Friends,Tier 4,Tier 3,Tier 3,16.61,298.08,2053.39,216,9
4532,Sarjan Nartan Academy UK Ltd,Tier 4,Tier 4,Tier 4,30.37,185.17,544.04,841,5
4534,Goldfinch Floral Studio,NIL,Nil,Nil,,0.0,17.67,0,1
4537,St Paul's Girls' School,Tier 4,Tier 2,Tier 2,8.02,832.47,3419.19,1830,6
4539,Frondirion1,NIL,Nil,Nil,,0.0,24.67,0,1
4544,Scott Longman City of London Ambassador Ltd,Tier 3,Tier 4,Tier 4,45.89,82.58,249.69,255,6
4546,Wave Forward,NIL,Nil,Nil,,0.0,72.29,0,4
4548,Wolverton Gilbert and Sullivan Society,Tier 4,Tier 3,Tier 3,14.62,428.54,2058.64,601,5
455,Olivia's Story,NIL,Nil,Nil,,0.0,0.21,0,1
4550,The Five and More Senses Club,NIL,Nil,Nil,,0.0,33.08,0,3
4551,Dr Ed Hughes,NIL,Nil,Nil,,0.0,23.96,0,1
4553,South Lakes Sports,High Value,Tier 2,Tier 2,4.86,1296.27,5038.52,860,6
4556,Oswestry Rugby Football Club Limited,NIL,Nil,Nil,,0.0,276.32,0,5
456,NPA Productions Ltd,NIL,Nil,Nil,,0.0,0.0,0,1
4561,Gostaythere,NIL,Nil,Nil,,0.0,0.0,0,2
4564,The Maggie Oliver Foundation,NIL,Nil,Nil,,0.0,1158.42,0,5
4567,London Youth Conservatoire,Tier 4,Tier 4,Tier 4,31.69,120.08,1240.62,428,5
4568,WC&H CDT Tickets,Tier 3,Tier 5,Tier 5,61.16,28.4,217.98,364,5
4569,The Body Shop At Home With Olivia Drennan,NIL,Nil,Nil,,0.0,2.88,0,2
457,Eltham College Parents Association,Tier 4,Tier 3,Tier 3,13.87,338.75,3364.0,492,10
4570,Friends of Priory,NIL,Nil,Nil,,0.0,29.92,0,2
4571,Sandy Secondary School,Tier 1,Free,Free,,0.0,0.0,17,2
4574,Gresham's School Drama,NIL,Nil,Nil,,0.0,205.25,0,2
4576,BRAD COOPER TENOR,NIL,Nil,Nil,,0.0,42.0,0,1
4577,AWAKEN,NIL,Nil,Nil,,0.0,29.25,0,1
4578,Cerebral Palsy Scotland,NIL,Nil,Nil,,0.0,0.0,0,1
4579,3rd Orpington Scout Group,Tier 4,Tier 4,Tier 4,30.05,159.69,854.09,471,5
4581,Trinity Events,High Value,Tier 3,Tier 3,15.21,463.67,1257.25,5384,6
4583,Harrow School,Tier 4,Tier 3,Tier 4,26.96,173.17,1068.38,314,6
4585,Cassie Evans,NIL,Nil,Nil,,0.0,0.0,0,1
4587,Multisports for Schools,NIL,Nil,Nil,,0.0,74.29,0,2
4589,Harrogate Theatre Choir,Tier 3,Tier 4,Tier 4,32.45,149.32,565.44,256,6
4590,Honiton Admiral Nurse,NIL,Nil,Nil,,0.0,24.0,0,1
4591,Tickhill St Marys Duck Race,NIL,Nil,Nil,,0.0,439.92,0,4
4596,Mike Newall,NIL,Nil,Nil,,0.0,0.83,0,1
4597,Whitley Bay Sporting Club,NIL,Nil,Nil,,0.0,49.5,0,1
4598,We Too!,NIL,Nil,Nil,,0.0,1.84,0,1
4599,Grove PTFA,Tier 4,Tier 3,Tier 3,22.88,243.27,1061.18,960,6
46,World Spoofing Championship 2015,NIL,Nil,Nil,,0.0,356.21,0,1
460,Prior's Field Alumnae & Friends,NIL,Nil,Nil,,0.0,110.32,0,6
4603,Shaun Atkinson Wealth Management,NIL,Nil,Nil,,0.0,9.0,0,1
4605,Birkdale School,High Value,Tier 2,Tier 2,6.78,905.25,4473.12,2456,6
4608,Hunderground Band,NIL,Nil,Nil,,0.0,61.67,0,2
4613,Landmarks specialist college,NIL,Nil,Nil,,0.0,0.0,0,1
4615,Esk Fest,NIL,Nil,Nil,,0.0,28.67,0,3
462,Flookburgh Band,Tier 2,Tier 4,Tier 5,48.22,58.5,343.0,118,8
4624,Hundred Heroines,NIL,Nil,Nil,,0.0,0.0,0,2
4625,InstantOpera,Tier 4,Tier 3,Tier 3,13.08,454.61,3008.89,377,5
4632,The Buildwas Players,Tier 3,Tier 4,Tier 4,34.04,129.38,588.96,274,6
4637,Carlisle Cathedral,NIL,Nil,Nil,,0.0,72.13,0,1
4638,Environment Agency FCRM,NIL,Nil,Nil,,0.0,0.0,0,1
4642,Miss Hanin Aidy,NIL,Nil,Nil,,0.0,4.58,0,1
4643,The Helen Loewenstein Memorial Trust,Tier 3,Tier 3,Tier 4,26.91,213.54,655.03,352,6
4645,Scootywootys,NIL,Nil,Nil,,0.0,977.05,0,2
4647,Mull Film Club,Tier 3,Tier 4,Tier 4,35.39,156.14,335.38,329,6
4648,Winsford School of Drama,NIL,Nil,Nil,,0.0,73.09,0,1
465,BabyBeHappy Massage,NIL,Nil,Nil,,0.0,40.18,0,2
4650,Oakteam MCHT,NIL,Nil,Nil,,0.0,0.0,0,2
4651,The Meads PTA,NIL,Nil,Nil,,0.0,86.21,0,4
4655,Chelmsford Scouts,NIL,Nil,Nil,,0.0,125.08,0,2
4666,Multisports for Schools,NIL,Nil,Nil,,0.0,6.92,0,1
4667,HOUGHTOND,NIL,Nil,Nil,,0.0,0.0,0,1
4669,Private House Stays,NIL,Nil,Nil,,0.0,3.46,0,4
4671,Tedkelly,NIL,Nil,Nil,,0.0,0.0,0,1
4675,St Anne's Catholic Primary School,NIL,Nil,Nil,,0.0,0.0,0,4
4676,Hot Aire,Tier 3,Tier 4,Tier 4,49.05,55.79,405.58,129,5
4679,Genuine Futures Community,NIL,Nil,Nil,,0.0,0.0,0,3
468,The Nottingham Sailing Club,NIL,Nil,Nil,,0.0,58.96,0,4
4680,ZARRA JOHNSON,NIL,Nil,Nil,,0.0,51.54,0,1
4684,Farleys Solicitors LLP,Tier 3,Tier 4,Tier 4,45.12,66.17,463.38,139,6
4685,Account Deleted,NIL,Nil,Nil,,0.0,0.0,0,1
469,Kendal Rugby Club,NIL,Nil,Nil,,0.0,1997.28,0,5
4692,Mayflower Ensemble,NIL,Nil,Nil,,0.0,39.83,0,2
4695,The Cutting Edge Big Band,Tier 4,Tier 3,Tier 4,24.45,258.12,696.36,320,6
4696,Annabelle Galt Ltd,Tier 4,Tier 4,Tier 4,43.32,54.38,1032.75,102,6
4697,Glasgow Chamber Orchestra,Tier 2,Tier 4,Tier 5,48.06,67.46,286.25,113,6
47,Sedbergh Summer Sport Course Lunches,NIL,Nil,Nil,,0.0,0.0,0,5
4702,Account Deleted,NIL,Nil,Nil,,0.0,0.0,0,1
4703,Dudley HAF,NIL,Nil,Nil,,0.0,0.0,0,2
4707,G4CNW,Tier 3,Tier 4,Tier 4,47.75,76.0,253.62,64,5
4708,Planet Mirth,Tier 3,Tier 4,Tier 4,40.03,85.13,574.86,121,6
4709,youseebaba,NIL,Nil,Nil,,0.0,0.25,0,1
4710,Tina Veeranna,NIL,Nil,Nil,,0.0,0.0,0,1
4713,Warminster Military Wives,NIL,Nil,Nil,,0.0,29.79,0,1
4716,Excel Academy,NIL,Nil,Nil,,0.0,0.82,0,1
4718,Bampton Memorial Hall,Tier 2,Tier 5,Tier 5,66.5,26.88,105.81,43,6
472,Lister Plastics 30 Year Anniversary Party,NIL,Nil,Nil,,0.0,175.33,0,3
4723,Whitmore High School,Tier 4,Free,Free,,0.0,575.2,1148,5
4724,Clyde Valley H.O.G.,NIL,Nil,Nil,,0.0,319.55,0,4
4725,Parodos Theatre School,NIL,Nil,Nil,,0.0,230.0,0,3
4726,Coro 94,Tier 3,Tier 4,Tier 4,31.69,150.46,630.54,181,6
4727,AKS Lytham,High Value,Tier 2,Tier 2,4.33,1345.31,6024.99,3060,6
4732,Jigsaw (South East) Stripe,Tier 1,Tier 5,Tier 5,77.71,10.62,67.5,14,5
4733,Account Deleted,NIL,Nil,Nil,,0.0,237.08,0,2
4735,St Joseph's College  Reading,Tier 4,Tier 2,Tier 2,9.95,674.08,2808.6,1384,6
4747,KADGASS,NIL,Nil,Nil,,0.0,4.58,0,1
475,christine@paper-bird.co.uk,NIL,Nil,Nil,,0.0,25.17,0,2
4757,Ashtead Singers,NIL,Nil,Nil,,0.0,85.25,0,3
476,Sedbergh 1st XV Dinners,NIL,Nil,Nil,,0.0,244.58,0,3
4762,Radlett Prep PTA,Tier 4,Tier 2,Tier 3,11.04,567.58,2659.69,1114,6
4764,Newmarket Chamber Orchestra,Tier 2,Tier 5,Tier 5,58.19,43.33,152.62,80,6
477,Circus Voices,NIL,Nil,Nil,,0.0,52.58,0,3
4771,LSA Choral Society,NIL,Nil,Nil,,0.0,442.71,0,4
4773,Belmont,Tier 3,Free,Free,,0.0,0.0,306,5
4775,Durham Poker Society,NIL,Nil,Nil,,0.0,368.33,0,1
4778,Premier Studios,Tier 3,Tier 4,Tier 4,35.91,102.79,771.22,238,6
4779,For Mobile App Testing,NIL,Nil,Nil,,0.13,0.75,3,4
478,Warminster School,Tier 2,Free,Free,,0.0,0.0,119,6
4781,Brightlight Theatre,Tier 4,Tier 3,Tier 3,14.38,453.06,1634.47,954,6
4786,Lincolnshire NHS Talent Academy,NIL,Nil,Nil,,0.0,0.0,0,1
4788,Great Totham Ice Skating,NIL,Nil,Nil,,0.0,203.32,0,2
479,The Craftsman Company,NIL,Nil,Nil,,0.0,175.58,0,5
4792,CCHSG PTFA,Tier 4,Tier 3,Tier 4,24.88,308.75,587.75,751,4
4793,Cheam High Reunion,NIL,Nil,Nil,,0.0,48.46,0,2
4795,Rowan Preparatory School,Tier 1,Free,Free,,0.0,0.0,25,4
4796,Park Street PTA,Tier 4,Tier 3,Tier 4,26.55,197.4,835.64,528,6
4797,Helen Collins,NIL,Nil,Nil,,0.0,0.67,0,1
4798,Warminster School Parents Association,NIL,Nil,Nil,,0.0,2400.01,0,5
48,Elizabeth Schorah,NIL,Nil,Nil,,0.0,139.24,0,5
480,Mill Hill School Foundation,NIL,Nil,Nil,,0.0,0.0,0,1
4801,Kerri MC,NIL,Nil,Nil,,0.0,0.0,0,1
4802,Alexandra Park School,NIL,Nil,Nil,,0.0,720.33,0,4
4803,Norwich High School for Girls,High Value,Tier 2,Tier 2,4.99,1335.88,4462.88,3442,6
481,Holistic Dreamz Consultancy Ltd,NIL,Nil,Nil,,0.0,3.62,0,1
4815,Mohamed Qowdan,NIL,Nil,Nil,,0.0,38.67,0,2
4816,Scrubbed Up,NIL,Nil,Nil,,0.0,13.8,0,1
482,Freedom Challenge Trust,NIL,Nil,Nil,,0.0,1562.33,0,3
4820,SPGS Music Department,NIL,Nil,Nil,,0.0,105.29,0,4
4821,Brighton Singers,Tier 3,Tier 4,Tier 4,37.12,129.12,368.21,167,6
4823,MayaA,NIL,Nil,Nil,,0.0,55.0,0,1
483,Selworthy School,NIL,Nil,Nil,,0.0,0.0,0,2
4839,Laura Cadman Limited,NIL,Nil,Nil,,0.0,4.42,0,3
4854,James Stewart,NIL,Nil,Nil,,0.0,0.0,0,1
4857,UCS Entry 2021,NIL,Nil,Nil,,0.0,8.87,0,1
4859,Friends of Holy Family,Tier 4,Tier 3,Tier 3,21.38,276.25,1054.08,604,6
486,Felltarn,NIL,Nil,Nil,,0.0,3.58,0,2
4861,Lymington Town Football Club - Academy,NIL,Nil,Nil,,0.0,507.25,0,1
4862,Oakwood Amateur Theatre Society,NIL,Nil,Nil,,0.0,0.0,0,1
4868,ICMUS - Inspire Community Music,NIL,Nil,Nil,,0.0,17.97,0,2
487,iCan Fitness Carlisle,NIL,Nil,Nil,,0.0,573.96,0,6
4870,UK & US Uniformed Services Chamber of Commerce,NIL,Nil,Nil,,0.0,0.0,0,1
4874,Vale of York Society,Tier 4,Tier 4,Tier 4,29.41,186.17,766.5,1117,4
4877,The Launchpad Collective CIO,Tier 3,Tier 5,Tier 5,55.31,42.28,262.87,35,5
4878,Five Islands Academy,Tier 4,Tier 4,Tier 4,29.69,194.12,549.63,418,5
488,St Paul's School,Key Account,Tier 1,Tier 1,1.83,1699.93,15351.97,5968,9
4885,Shepton Skating,Tier 4,Tier 3,Tier 3,15.39,375.71,2011.66,1522,6
4886,Friends of St Oswalds School Fulford,NIL,Nil,Nil,,0.0,0.0,0,1
4887,NHIJS,Tier 4,Free,Free,,0.0,0.0,1694,6
4888,Spark Change Coaching,NIL,Nil,Nil,,0.0,1.88,0,1
4894,Blackheath High School GDST,Tier 4,Tier 2,Tier 2,6.05,1059.43,4078.68,1540,6
4895,ImmanuelCollege,NIL,Nil,Nil,,0.0,700.21,0,3
4896,Jess Robinson,NIL,Nil,Nil,,0.0,0.0,0,1
4897,Bournville Rugby Football Club,NIL,Nil,Nil,,0.0,668.3,0,4
49,Rickmansworth School,High Value,Tier 1,Tier 2,2.51,1375.74,10303.02,3173,12
4903,Ella Health,NIL,Nil,Nil,,0.0,0.0,0,1
4904,William Bignell,NIL,Nil,Nil,,0.0,45.5,0,2
4905,Lemon Tree Coaching and Development,NIL,Nil,Nil,,0.0,6.0,0,1
4906,JPS YR6 LEAVERS PARTY,NIL,Nil,Nil,,0.0,24.38,0,2
4908,Little Mead PTA,NIL,Nil,Nil,,0.0,114.09,0,2
491,Leighton Park,NIL,Nil,Nil,,0.0,0.0,0,1
4911,HARROW SCHOOL 450,NIL,Nil,Nil,,0.0,6131.81,0,2
4912,Age UK Lancashire,NIL,Nil,Nil,,0.25,275.29,0,6
4913,The Blue Coat School,High Value,Tier 2,Tier 2,4.65,1423.12,6518.75,3639,5
4918,Edge Grove School,Tier 4,Free,Free,,0.0,5286.77,823,5
492,Millsy9,Tier 1,Tier 5,Tier 5,91.43,0.17,1.75,16,5
4920,YCBC winter extravaganza,NIL,Nil,Nil,,0.0,211.25,0,1
4922,Trimmers,NIL,Nil,Nil,,0.0,468.33,0,3
4923,Playful Nature,Tier 2,Tier 5,Tier 5,67.59,13.33,230.87,33,5
493,William Booth College,NIL,Nil,Nil,,0.0,882.21,0,3
4935,Kingston Vale Gym Club,Tier 4,Tier 2,Tier 3,11.03,611.88,2313.12,1002,6
4937,The Creative Dimension Trust,NIL,Nil,Nil,,0.0,201.25,0,3
4941,Formby Little Theatre,High Value,Tier 2,Tier 2,4.36,1511.25,4751.5,2815,6
4942,Hartsfield JMI School,NIL,Nil,Nil,,0.0,0.0,0,3
495,Trent College Co-Curricular,NIL,Nil,Nil,,0.0,299.01,0,4
4950,Virtual Approval,NIL,Nil,Nil,,0.0,0.0,0,1
4951,Skiggle,NIL,Nil,Nil,,0.0,2.17,0,2
4952,Pugney's Light Railway,Tier 4,Tier 2,Tier 2,9.04,760.62,3585.04,2021,5
4955,FOTSA,Tier 3,Tier 5,Tier 5,54.38,41.0,333.88,57,5
4957,Credit Commons Society,NIL,Nil,Nil,,0.0,0.0,0,1
4958,Makeney Hall Hotel,NIL,Nil,Nil,,0.0,9.67,0,1
4959,Fairydust Events,NIL,Nil,Nil,,0.0,380.46,0,3
496,Somerset Wildlife Trust,NIL,Nil,Nil,,0.0,0.0,0,1
497,Eltham College - Main Office,NIL,Nil,Nil,,0.0,0.0,0,1
4970,Rhinoceros Theatre Company,Tier 4,Tier 4,Tier 4,29.89,149.5,1020.54,156,5
4977,Divertimento,Tier 3,Tier 4,Tier 4,40.76,97.67,389.96,155,6
4980,Durston House School,Tier 1,Free,Free,,0.0,0.0,18,5
4987,OPCC,Tier 4,Tier 3,Tier 3,23.38,231.75,1087.46,644,6
4988,Marie Curie,NIL,Nil,Nil,,0.0,19.42,0,1
4989,Bostin' Ride,NIL,Nil,Nil,,0.0,0.0,0,1
4993,Aysgarth School,NIL,Nil,Nil,,0.0,428.75,0,2
4994,Wigmore Medical,NIL,Nil,Nil,,0.0,35.62,0,2
4996,Action Coach Liverpool,NIL,Nil,Nil,,0.0,0.0,0,2
5,Trybooking Production,NIL,Nil,Nil,,0.0,15.32,0,8
50,St. James' Church  Louth,NIL,Nil,Nil,,0.0,60.58,0,1
5004,Hardknottdave,NIL,Nil,Nil,,0.0,30.08,0,1
501,joshdean,NIL,Nil,Nil,,0.0,0.0,0,1
5010,Sevenoaks Dementia Friendly Community,Tier 3,Tier 4,Tier 4,45.56,57.71,678.83,65,5
5019,The Lord Holmesdale Bromley,NIL,Nil,Nil,,0.0,8.5,0,3
502,Sedbergh Carus House,NIL,Nil,Nil,,0.0,713.67,0,3
5028,BIRMINGHAM SPEEDWAY Season Passes 2024,NIL,Nil,Nil,,2.25,87.25,6,5
5034,GSD Basketball,NIL,Nil,Nil,,0.0,10.07,0,2
5035,The Queen Story,NIL,Nil,Nil,,0.0,293.22,0,1
504,Practical Business Solutions,NIL,Nil,Nil,,0.0,65.5,0,1
5040,Carrie Townsend,NIL,Nil,Nil,,0.0,236.42,0,2
5042,James Booth,NIL,Nil,Nil,,0.0,0.0,0,1
5045,Mancunium Chapter H.O.G.,NIL,Nil,Nil,,0.0,0.0,0,2
505,Advanced Neuro Rehab,NIL,Nil,Nil,,0.0,197.96,0,2
5052,The Hazy Janes,NIL,Nil,Nil,,0.0,5.83,0,1
5053,Harry's Cider Company,NIL,Nil,Nil,,0.0,155.73,0,2
5059,FVFC,Tier 2,Tier 5,Tier 5,75.17,20.38,91.88,43,2
5060,King Edward's School Witley,Tier 4,Tier 4,Tier 4,28.56,179.63,813.68,1549,5
5061,Scouts,Tier 2,Tier 5,Tier 5,57.37,51.38,251.23,70,2
5062,magnolia75,NIL,Nil,Nil,,0.0,0.0,0,1
5063,Friends of RHS,Tier 4,Tier 4,Tier 4,27.99,268.0,403.63,118,5
5064,Soulscape,Tier 3,Tier 4,Tier 5,48.64,65.33,310.5,76,5
5066,Satya Shanti Temple,Tier 3,Tier 4,Tier 5,47.72,80.62,226.07,131,5
5067,Space and Clarity Coaching Ltd,Tier 1,Free,Free,,0.0,0.0,37,4
5071,Stonyhurst Enterprises Ltd,High Value,Tier 2,Tier 2,4.04,1555.0,7571.33,2906,5
5072,Sutton Coldfield East Scouts,NIL,Nil,Nil,,0.0,69.67,0,1
5075,Denstone College,High Value,Tier 2,Tier 2,11.33,444.46,7218.92,2811,5
5076,Funky Monkey Events,Tier 4,Tier 3,Tier 3,20.33,246.89,2205.2,410,5
5077,IPN,NIL,Nil,Nil,,0.0,0.0,0,1
5078,Banstead Prep Supporters Association,NIL,Nil,Nil,,0.0,509.51,0,2
5079,Community & Business Partners,NIL,Nil,Nil,,0.0,451.46,0,3
508,TOMCC,NIL,Nil,Nil,,0.0,455.13,0,1
5080,Sparklers Toddler Group,NIL,Nil,Nil,,0.0,0.0,0,1
5081,Loving Presence,NIL,Nil,Nil,,0.0,32.06,0,2
5084,Seasonal Events (Roblox),NIL,Nil,Nil,,0.0,0.0,0,1
5087,The Party Perfectionist Ltd,NIL,Nil,Nil,,0.0,0.0,0,1
5088,Christina Campion,NIL,Nil,Nil,,0.0,0.0,0,1
509,The St Andrews Ball,NIL,Nil,Nil,,0.0,83.58,0,1
5093,Loughborough Schools Foundation Development Office,Tier 4,Tier 2,Tier 3,11.99,620.69,2057.76,1186,5
5095,The IT Dept,NIL,Nil,Nil,,0.0,0.0,0,1
5097,Harrow Harmony,NIL,Nil,Nil,,0.0,0.0,0,1
5098,Hawkinge Cricket Club,Tier 4,Tier 2,Tier 3,12.41,580.92,1970.21,1712,5
5099,Graphix,NIL,Nil,Nil,,0.0,0.0,0,2
510,St Edmund's College and Prep,High Value,Tier 1,Tier 2,2.66,1492.5,7734.5,2538,9
5100,Freemantles Prospective Parent Visits,Tier 3,Free,Free,,0.0,0.0,230,5
5101,RSSG Annual Charity Dinner,Tier 4,Tier 3,Tier 3,17.97,350.19,1399.83,176,5
5102,Chadderton Football Club,NIL,Nil,Nil,,0.0,594.5,0,2
5103,Caitlin Duckett,NIL,Nil,Nil,,0.0,0.0,0,1
5104,DG Outdoor Adventures,Tier 4,Tier 4,Tier 4,31.51,151.21,733.51,190,5
5105,AFC Blackpool,NIL,Nil,Nil,,0.0,172.5,0,1
5107,The Extraordinary Achievers,Tier 3,Tier 4,Tier 4,43.19,91.25,341.88,149,5
5109,Storth Entertainers,Tier 3,Tier 4,Tier 4,28.89,190.88,657.91,357,5
5110,RSteel SubStance,NIL,Nil,Nil,,0.0,2.5,0,1
5112,Red Rose Chapter,Tier 4,Tier 2,Tier 2,8.65,843.45,3327.33,326,5
5113,C.A.T.S,NIL,Nil,Nil,,0.0,673.88,0,3
5114,MTS Strikers,Tier 4,Tier 3,Tier 3,22.1,325.83,743.96,185,5
5115,Serenaders' Committee,Tier 4,Tier 3,Tier 3,21.26,330.58,1010.92,269,4
5116,Potfest,NIL,Nil,Nil,,0.0,8723.89,0,2
5117,The Oxton Society,Tier 4,Tier 2,Tier 2,8.27,888.38,3454.17,1870,5
5118,Tiffin School Year 7 Admissions,NIL,Nil,Nil,,0.0,0.0,0,1
512,Dame Allan's Schools,NIL,Nil,Nil,,0.0,134.42,0,3
5120,Rotary Club of Doncaster St George's,NIL,Nil,Nil,,0.0,1173.48,0,3
5124,Nikki Gornall,NIL,Nil,Nil,,0.0,0.0,0,2
5128,Barrachou Paddle,Tier 2,Tier 5,Tier 5,76.02,7.5,105.0,13,5
5129,Bagpipe Society,Tier 4,Tier 3,Tier 3,22.39,288.92,898.29,107,5
5134,Ealing Abbey Choir,Tier 4,Tier 3,Tier 3,12.59,602.0,1774.04,728,5
5135,Railway Land Wildlife Trust,Tier 3,Tier 3,Tier 4,25.08,212.58,1259.38,46,4
5137,Dufton Agricultural Society,Tier 2,Tier 5,Tier 5,67.57,39.08,78.38,42,3
5138,LEWES YOUTH PLAYERS,NIL,Nil,Nil,,0.0,41.83,0,1
514,The Princes Trust,NIL,Nil,Nil,,0.0,0.0,0,1
5140,North Devon Sinfonia,Tier 3,Tier 4,Tier 4,31.79,223.58,370.96,377,4
5141,BillBoard Juniors,Tier 3,Tier 4,Tier 4,27.7,171.04,1324.42,279,4
5148,EYO Tour,NIL,Nil,Nil,,0.0,0.0,0,2
515,Lancaster University,NIL,Nil,Nil,,0.0,0.0,0,1
5150,Essex County Archery Association,Tier 4,Tier 3,Tier 4,25.55,220.57,907.36,472,5
5156,Dancing Squirrel Limited,Tier 2,Tier 5,Tier 5,79.46,24.18,24.18,44,3
5158,Leicester College of Performing Arts,High Value,Tier 2,Tier 2,6.12,1188.91,4336.77,1661,5
5159,SPGS Charity Concert 24 March 2022,NIL,Nil,Nil,,0.0,468.29,0,1
516,Princes Trust Achieve,NIL,Nil,Nil,,0.0,0.0,0,1
5163,Drybeck Farm Events,Tier 4,Tier 3,Tier 3,20.43,291.73,1227.73,379,5
5164,Crosby Capriol Singers,NIL,Nil,Nil,,0.0,49.04,0,1
5165,OMT Classic Car Club,NIL,Nil,Nil,,0.0,393.29,0,4
5166,OMT Society,NIL,Nil,Nil,,0.0,1934.89,0,4
5167,Romy K Events,NIL,Nil,Nil,,0.0,702.71,0,2
5168,Darlington Assistance for Refugees,Tier 3,Tier 5,Tier 5,50.83,56.38,307.4,86,5
517,St Paul's School Parents' Group,Key Account,Tier 1,Tier 2,1.36,2180.53,16420.4,1715,9
5170,Susan Beck,NIL,Nil,Nil,,0.0,0.0,0,2
5171,Lauren Brennan,Tier 2,Free,Free,,0.0,0.0,44,4
5172,Veritable Venue Management,NIL,Nil,Nil,,0.0,3944.58,0,3
5173,Goodworth Clatford Village Club,Tier 2,Tier 5,Tier 5,53.23,62.83,173.25,113,5
5174,The Denotones,NIL,Nil,Nil,,0.0,107.06,0,2
5178,Save Grange Lido Ltd,Tier 4,Tier 3,Tier 3,14.35,443.02,2069.66,565,5
5180,Escape2Make,Tier 3,Tier 4,Tier 4,45.37,99.79,232.17,134,4
5184,The Business Network Hub,NIL,Nil,Nil,,0.0,3.33,0,1
5185,Michael Ross,NIL,Nil,Nil,,0.0,28.88,0,1
5186,Noel-Baker Creative Arts,NIL,Nil,Nil,,0.0,102.67,0,1
5187,ARMY ATHLETICS CHAMPIONSHIPS,NIL,Nil,Nil,,0.0,0.0,0,1
5188,St Leonards Commercial,High Value,Tier 2,Tier 2,4.99,1412.84,5607.79,608,5
5189,Manor House Year 11,NIL,Nil,Nil,,0.0,56.0,0,1
519,Clyde Marine Training Ltd,NIL,Nil,Nil,,0.0,0.0,0,1
5190,Windermere School Summer Courses,NIL,Nil,Nil,,0.0,11.25,0,1
5193,Whisky Independent Love Festival,Tier 4,Tier 2,Tier 3,11.54,621.15,2374.82,372,5
5194,Cheryl Crawford Dance Studios,NIL,Nil,Nil,,0.0,379.45,0,2
5195,Brandfest,NIL,Nil,Nil,,0.0,0.54,0,1
5197,Barnhill Community High School Music Department,Tier 3,Tier 5,Tier 5,89.48,1.5,11.08,209,5
5199,UKATA Conference,Tier 4,Tier 3,Tier 4,26.12,220.0,820.62,1429,5
52,Salsita,NIL,Nil,Nil,,0.0,76.92,0,5
520,Trent College Music Department,Tier 4,Free,Free,,0.0,0.0,1648,9
5200,Bishop Wordsworth's School,High Value,Tier 1,Tier 2,3.49,2132.61,7171.89,2152,5
5201,Reading School,NIL,Nil,Nil,,0.0,55.54,0,4
5202,Dulwich College Junior School,NIL,Nil,Nil,,0.0,0.0,0,2
5204,Diamond Solutions UK Ltd,NIL,Nil,Nil,,0.0,115.77,0,1
521,The Elms,NIL,Nil,Nil,,0.0,0.0,0,4
5211,Aberdeenshire Saxophone Orchestra,Tier 2,Tier 5,Tier 5,80.1,12.0,61.9,25,3
5219,Settle College Creative Arts Faculty,Tier 4,Tier 3,Tier 4,26.89,231.33,653.65,668,5
522,Simply Repair,NIL,Nil,Nil,,0.0,0.0,0,1
5220,Halliford School NOT USED,NIL,Nil,Nil,,0.0,987.82,0,2
5221,International British College,NIL,Nil,Nil,,0.0,0.0,0,1
5222,Sandy Secondary School (DANCE),Tier 4,Tier 4,Tier 4,33.29,134.08,834.47,433,4
5224,Revival School,Tier 3,Tier 5,Tier 5,72.12,6.08,215.08,11,4
5229,Chessington School,Tier 4,Tier 3,Tier 3,26.04,260.9,690.24,689,4
523,Account Deleted,NIL,Nil,Nil,,0.0,23.42,0,1
5230,Fortalice Ltd,Tier 4,Tier 4,Tier 4,37.04,100.64,736.13,108,5
5232,TSVB,NIL,Nil,Nil,,0.0,0.0,0,1
5233,Introbiz Uk Ltd,NIL,Nil,Nil,,0.0,0.0,0,1
5234,Friends of St. Peters,NIL,Nil,Nil,,0.0,22.04,0,1
5236,Tri-borough Music Hub,High Value,Tier 5,Tier 5,61.73,40.87,116.08,2738,5
5237,ChristianeCartwright,NIL,Nil,Nil,,0.0,6.33,0,1
5238,Roving Fromagiere,NIL,Nil,Nil,,0.0,25.9,0,1
524,Stroud Film Festival,Tier 4,Tier 2,Tier 2,7.06,817.83,3564.21,2121,9
5241,Bethany Smith,Tier 3,Tier 4,Tier 4,37.79,107.26,545.28,248,5
5242,Suffolk East Federation of WI,NIL,Nil,Nil,,0.0,2.33,0,1
5244,verulaniums rugby club,Tier 3,Tier 4,Tier 4,47.8,74.46,260.03,128,5
5245,TEDx Swansea,NIL,Nil,Nil,,0.0,98.75,0,1
5246,WSJ Unit 84 - Birmingham,NIL,Nil,Nil,,0.0,198.35,0,2
5248,J’s Dance Factory,Tier 3,Tier 5,Tier 5,50.86,38.88,646.83,110,5
525,The Auchtermuchty Food Museum,NIL,Nil,Nil,,0.0,3.67,0,1
5250,Bil Bas,NIL,Nil,Nil,,0.0,0.0,0,1
5251,Between Severn Tides,NIL,Nil,Nil,,0.0,128.38,0,3
5252,Choir Leader Meet-Up,Tier 1,Tier 5,Tier 5,88.38,10.04,13.46,12,3
5253,Roy Bailey Big Band,Tier 3,Tier 4,Tier 4,41.81,108.77,337.83,161,4
5255,GSCB Starter Band,Tier 3,Tier 4,Tier 4,40.19,103.77,405.29,270,5
5256,Flies on the wall,Tier 4,Tier 3,Tier 3,17.21,407.6,1501.89,797,4
5258,Squash Events,NIL,Nil,Nil,,0.0,0.0,0,2
526,Discover Hannahs,NIL,Nil,Nil,,0.0,7.25,0,1
5260,Spencers Wood Village Hall,NIL,Nil,Nil,,0.0,168.54,0,2
5262,Penrith Chamber of Trade and Commerce,Tier 3,Tier 4,Tier 4,42.39,93.54,366.92,204,5
5265,Hofn Events,NIL,Nil,Nil,,0.0,37.92,0,1
5266,Pat Cons Club,NIL,Nil,Nil,,0.0,351.01,0,3
5267,dev-user,NIL,Nil,Nil,,0.0,0.0,0,2
5269,Nightingale Coaches,Tier 3,Tier 4,Tier 4,37.01,131.63,390.07,184,5
5275,Royal Solent Yacht Club,NIL,Nil,Nil,,0.0,0.0,0,1
5276,Warminster School Physics,NIL,Nil,Nil,,0.0,0.0,0,4
5279,Suriyaarts,NIL,Nil,Nil,,0.0,0.25,0,1
528,Dulwich College,Key Account,Tier 2,Tier 2,3.88,979.84,29383.46,3138,9
5280,D C Pullin,NIL,Nil,Nil,,0.0,0.37,0,1
5282,Health in Harmony,NIL,Nil,Nil,,0.0,94.67,0,1
5284,Runcorn Sports Club,Tier 3,Tier 5,Tier 5,60.93,21.75,397.19,24,4
5286,Mid Norfolk Singers,Tier 2,Tier 5,Tier 5,70.26,21.96,91.25,34,5
5289,Cheltenham Ladies Who Latte,NIL,Nil,Nil,,0.0,0.0,0,3
5291,Albyn School,Tier 4,Tier 3,Tier 3,24.51,171.54,2419.36,699,5
5292,WIN Digital,NIL,Nil,Nil,,0.0,26.6,0,1
5293,Dance Academy,Tier 4,Tier 3,Tier 3,13.74,508.5,1765.72,68,5
5294,GBNG,NIL,Nil,Nil,,0.0,5.28,0,2
5295,Wigan Pier Promotions Ltd,NIL,Nil,Nil,,1.0,115.94,0,2
5297,John Alker club,NIL,Nil,Nil,,0.0,5.96,0,1
5298,West End Village Fete,Tier 3,Tier 4,Tier 4,44.86,82.79,322.71,59,5
53,Grange Drama,Tier 3,Tier 3,Tier 4,26.5,187.29,783.29,318,10
5309,New Barn Farm,NIL,Nil,Nil,,0.0,0.0,0,1
531,Trent College Admissions,NIL,Nil,Nil,,0.0,0.0,0,1
5311,Greenwich & District Local Committee Cancer Research UK,NIL,Nil,Nil,,0.0,16.58,0,1
5312,KidsOut UK,Tier 3,Tier 5,Tier 5,58.05,10.54,1817.42,11,4
5315,Lingen Davies Cancer Fund,High Value,Tier 2,Tier 2,7.14,1125.03,4695.95,892,4
5316,The Derby Arms,NIL,Nil,Nil,,0.0,10.5,0,1
5319,Kaitlyn Hanson-Puffer,NIL,Nil,Nil,,0.0,32.0,0,1
532,CVMS Music Dept,High Value,Tier 2,Tier 2,4.7,1010.56,6096.67,1730,9
5321,Karine Archer,NIL,Nil,Nil,,0.0,6.33,0,1
5322,Dar Az Zahra UK,Tier 3,Tier 4,Tier 4,33.88,139.63,694.46,152,4
5324,Tringham Preschool,NIL,Nil,Nil,,0.0,71.77,0,3
5325,Monique Hubaille,Tier 3,Tier 5,Tier 5,51.87,38.88,833.5,24,3
5326,Barry roundtable,NIL,Nil,Nil,,0.0,48.83,0,1
5327,Jyoti Rajdev,NIL,Nil,Nil,,0.0,2.33,0,1
533,Minty Trial,NIL,Nil,Nil,,0.0,0.0,0,1
5330,Ladybirds Leavenheath Preschool,NIL,Nil,Nil,,0.0,149.88,0,3
5331,Kalisha@64,NIL,Nil,Nil,,0.0,1.63,0,1
5333,Clear Sky Safari Tents,NIL,Nil,Nil,,0.0,0.0,0,1
5335,Gregson Community Association,Tier 4,Tier 3,Tier 3,18.18,388.9,1102.51,881,5
5336,CTRA competitions,Tier 3,Tier 5,Tier 5,51.85,56.61,256.43,51,5
5337,Friends of Windsor Music (Windsor Learning Partnership),NIL,Nil,Nil,,0.0,145.08,0,3
5338,One Woman at a time,Tier 2,Tier 5,Tier 5,56.3,62.87,130.88,78,4
534,Malaysia-Singapore Research Conference 2018,NIL,Nil,Nil,,0.0,99.5,0,1
5340,Gresham's School Shop,NIL,Nil,Nil,,0.0,0.0,0,1
5341,The Hive - In-house Groups,Tier 4,Tier 3,Tier 3,21.75,388.33,895.22,1342,3
5342,Rawdatul Batul,Tier 3,Tier 4,Tier 4,43.87,99.25,293.42,211,4
5344,Raven Creative,Tier 3,Free,Free,,0.0,0.0,209,2
5346,Woodard Schools,Tier 3,Free,Free,,0.0,0.0,185,5
5348,St Peter's Collegiate Church  Wolverhampton,NIL,Nil,Nil,,0.0,170.83,0,3
5350,eloi,NIL,Nil,Nil,,0.0,0.0,0,1
5351,Women's Northern Powerhouse,NIL,Nil,Nil,,0.0,26.33,0,3
5352,Focus4Hope,NIL,Nil,Nil,,0.0,191.62,0,1
5356,Mr S T Rankin,NIL,Nil,Nil,,0.0,369.58,0,2
5357,WM JMC,NIL,Nil,Nil,,0.0,0.0,0,1
536,The Effortless Edit,NIL,Nil,Nil,,0.0,0.0,0,1
5360,James Manwaring,Tier 3,Tier 5,Tier 5,58.88,29.17,295.46,74,5
5362,Langdale,NIL,Nil,Nil,,0.0,0.0,0,3
5364,Basildon Choral Society,Tier 2,Tier 5,Tier 5,70.71,18.75,106.25,25,5
5365,RAYLEIGH TOWN ARCHERY CLUB,Tier 3,Tier 4,Tier 4,35.11,131.98,510.76,170,5
5366,Friends Of Comberbach School (FoCs),Tier 3,Tier 4,Tier 4,42.08,93.62,436.11,161,4
5367,Anna A,NIL,Nil,Nil,,0.0,0.0,0,1
5368,Multisports for Schools,NIL,Nil,Nil,,0.0,181.37,0,1
5369,Gateways School,Key Account,Tier 1,Tier 1,2.62,3016.45,9590.81,3552,5
5375,Central Lancashire Property Hub,NIL,Nil,Nil,,0.0,112.56,0,1
5376,Merchant Taylors' Yardarms,NIL,Nil,Nil,,0.0,770.67,0,4
5379,Malvern Festival Chorus,Tier 3,Tier 4,Tier 4,33.83,155.54,467.5,184,5
538,Parish Players,Tier 4,Tier 2,Tier 2,9.28,602.25,3261.65,940,9
5381,Leeds School of Arts - Performing Arts,NIL,Nil,Nil,,0.0,0.0,0,1
5382,Graham School Performing Arts,NIL,Nil,Nil,,0.0,0.23,0,1
5387,More House School,Tier 4,Tier 4,Tier 4,30.63,115.83,1787.38,185,5
5389,Friends of Tranby,NIL,Nil,Nil,,0.0,145.04,0,1
539,Trent College Admissions,NIL,Nil,Nil,,0.0,0.0,0,1
5394,Scottish Association for Music Education,NIL,Nil,Nil,,0.0,363.33,0,3
5395,World Scout Jamboree,NIL,Nil,Nil,,0.0,1.37,0,1
5399,HD Adventure,Tier 4,Tier 3,Tier 3,22.12,335.12,709.85,427,5
54,KGS Hockey Tour Charity Fund,NIL,Nil,Nil,,0.0,581.09,0,4
5401,SPGS/SPS Leavers’ Ball - Holly Culhane,NIL,Nil,Nil,,0.0,332.75,0,1
5402,Steven Arnold,NIL,Nil,Nil,,0.0,0.0,0,1
5406,Woodlands Farm Holbrook,NIL,Nil,Nil,,0.75,142.0,3,3
5408,St Mary’s Church of England (VA) Primary School,Tier 4,Tier 4,Tier 4,28.65,268.12,368.54,861,5
5409,Banbury Harriers Athletics Club,Tier 3,Tier 4,Tier 4,37.53,122.42,417.42,279,5
5413,Outside in Kendal,Key Account,Tier 1,Tier 1,2.19,3642.53,17390.26,19832,5
5414,Megaspin Promotions,NIL,Nil,Nil,,0.0,12.29,0,1
5415,Account Deleted,NIL,Nil,Nil,,0.0,24.0,0,2
5416,Love Music Trust,Tier 4,Tier 3,Tier 3,12.61,664.33,1536.17,1469,5
5419,Ayr Rugby Club,NIL,Nil,Nil,,0.0,17.73,0,4
542,SPJ Factor 2018,Tier 3,Tier 4,Tier 4,28.18,164.83,909.67,326,7
5422,Blabers Hall Wine Estate,NIL,Nil,Nil,,0.0,0.0,0,1
5424,Esterhazy Chamber Choir,Tier 3,Tier 4,Tier 4,36.92,117.25,507.88,136,5
5425,StM P&F Wine Evening,NIL,Nil,Nil,,0.0,188.26,0,1
5426,EH Booth & Co Limited,Tier 4,Tier 2,Tier 2,9.84,873.17,2924.97,1199,4
5427,King's Dance Academy,Tier 4,Tier 4,Tier 4,28.81,160.02,1072.64,424,5
543,Ampleforth College Dance,NIL,Nil,Nil,,0.0,0.0,0,1
5430,Tormead Gymnastics,Tier 4,Tier 2,Tier 3,11.78,710.0,2288.42,321,4
5432,Dwylo Bach,NIL,Nil,Nil,,0.0,49.06,0,1
5433,John Mellor,NIL,Nil,Nil,,0.0,3.25,0,1
5434,Nottingham Park Residents Association,Tier 3,Tier 5,Tier 5,51.64,59.63,344.62,296,3
5435,SharonRoseAP,NIL,Nil,Nil,,0.0,60.71,0,1
5436,X-Press Legal Services,Tier 2,Tier 5,Tier 5,53.53,68.25,161.58,46,4
5438,Wild Ivy Floral Design,NIL,Nil,Nil,,0.0,37.54,0,1
5440,Miller farming,NIL,Nil,Nil,,0.0,69.62,0,3
5441,Sherborne School (Trading) Ltd,Tier 3,Tier 5,Tier 5,72.53,11.08,133.23,242,5
5442,Demi Akinjide,NIL,Nil,Nil,,0.0,8.75,0,1
5446,Plymouth College,Tier 4,Tier 3,Tier 3,18.17,334.42,1510.98,450,5
5447,All Saints Singers,Tier 1,Tier 5,Tier 5,78.97,15.04,47.0,22,4
5448,SPRING INTO ACTION (MEET N MATCH),Tier 3,Tier 4,Tier 4,43.72,75.07,481.63,265,5
545,West Buckland School - Music Department,Tier 4,Tier 4,Tier 4,39.43,56.15,1957.8,696,8
5451,SELFA,NIL,Nil,Nil,,0.0,15.46,0,1
5452,Abigail Chambers,NIL,Nil,Nil,,0.0,6.67,0,1
5455,Girlguiding Catton District,NIL,Nil,Nil,,0.0,7.33,0,1
5457,banchetto,NIL,Nil,Nil,,0.0,68.46,0,1
5458,Charlotte,NIL,Nil,Nil,,0.0,63.0,0,1
5459,Semley Music Festival,Tier 2,Tier 5,Tier 5,53.07,64.0,326.08,87,2
546,CVMS School Office,Tier 4,Tier 3,Tier 3,17.78,251.98,2973.63,406,8
5460,AugustTEST,NIL,Nil,Nil,,0.0,0.0,0,1
5461,Leicester Progressive Jewish Congregation,NIL,Nil,Nil,,0.0,30.04,0,1
5464,South Lakes Children's Pantomime C.I.C,NIL,Nil,Nil,,0.0,44.04,0,1
5466,Nicola Hurst,NIL,Nil,Nil,,0.0,0.0,0,2
5467,Sand Arts and Crafts,NIL,Nil,Nil,,0.0,5.79,0,3
5468,Gresham's Senior School Account,High Value,Tier 2,Tier 2,8.69,826.12,3451.56,4362,5
547,Early Years Scotland,NIL,Nil,Nil,,0.0,1557.62,0,7
5476,PTA - The Nicholson Academy,NIL,Nil,Nil,,10.0,144.35,7,4
5479,Penrith Industrial BID,Tier 2,Free,Free,,0.0,2.96,55,5
548,Edenhall Charity Clayshoot,NIL,Nil,Nil,,0.0,96.21,0,1
5484,Ichthyosis Support Group,Tier 3,Tier 5,Tier 5,54.86,73.48,138.32,312,3
5485,The Cotswold School,NIL,Nil,Nil,,0.0,0.0,0,1
5486,Gaspar Benegas + Nómade + BCA,NIL,Nil,Nil,,0.0,28.75,0,1
5487,Reading Blue Coat Foundation,Tier 4,Tier 4,Tier 4,29.75,170.71,757.5,837,5
549,Lancaster & District Choral Society,Tier 3,Tier 4,Tier 4,34.63,140.79,393.6,159,9
5490,Cambodia Fundraiser,NIL,Nil,Nil,,0.0,49.5,0,1
5492,Friends Of Blundells Preparatory School,Tier 4,Tier 2,Tier 2,8.64,918.14,2790.02,1093,5
5493,Temple Yoga,Tier 3,Tier 5,Tier 5,57.8,35.87,287.88,27,4
5494,Old Hutton PTA,NIL,Nil,Nil,,0.0,66.46,0,1
5496,The Turnpike Gallery,NIL,Nil,Nil,,0.0,0.0,0,2
5497,Elevate Events,NIL,Nil,Nil,,0.0,37.12,0,1
550,2nd Penrith Scouts,NIL,Nil,Nil,,0.0,119.76,0,2
5500,Mount Kelly,High Value,Tier 2,Tier 2,6.28,1449.33,4681.47,479,4
5505,Caterham School,Tier 4,Tier 3,Tier 3,13.15,533.58,1846.21,1319,5
5507,St Thomas' PTA,NIL,Nil,Nil,,4.0,143.63,0,4
551,R Gill Photography,NIL,Nil,Nil,,0.0,18.37,0,1
5510,St Paul's Girl's School,NIL,Nil,Nil,,0.0,0.0,0,2
5512,Acorn Health & Leisure Limited,NIL,Nil,Nil,,0.0,16.0,0,1
5521,Q2 Players,Tier 4,Tier 3,Tier 3,21.09,329.08,858.17,556,5
5523,Margent Farm,NIL,Nil,Nil,,0.0,0.0,0,1
5526,Fiona McNamee,NIL,Nil,Nil,,0.0,19.88,0,1
5527,pop up and play,NIL,Nil,Nil,,0.0,26.67,0,1
5528,Ealing Abbey Social Committee,NIL,Nil,Nil,,0.0,221.5,0,3
5529,BAKU UNITED,NIL,Nil,Nil,,0.0,0.33,0,1
5530,The Southport Singers,NIL,Nil,Nil,,0.0,153.96,0,2
5531,BD Harris Farm Trust,NIL,Nil,Nil,,0.0,0.0,0,1
5532,JuiceLDN,NIL,Nil,Nil,,0.0,5.98,0,1
5534,FOP Friends,NIL,Nil,Nil,,0.0,286.88,0,1
5535,Cutflowersbykate,NIL,Nil,Nil,,0.0,0.0,0,1
5537,Hesketh Jones Construction,NIL,Nil,Nil,,0.0,0.0,1,3
554,Cheadle Hulme School Music Depart,NIL,Nil,Nil,,0.0,623.42,0,5
5544,Laceys family farm,Tier 4,Tier 3,Tier 3,17.21,405.75,1523.42,1649,4
5546,Virtuoso Dance Company,Tier 4,Tier 3,Tier 3,18.51,406.88,1149.29,629,4
5547,Stags Leap,NIL,Nil,Nil,,0.0,124.96,0,1
5548,Eloise Latimer,NIL,Nil,Nil,,0.0,24.08,0,1
555,AGBIS,NIL,Nil,Nil,,0.0,0.0,0,2
5554,Flight of the Dragonfly Spoken Word,NIL,Nil,Nil,,0.0,54.66,0,3
5558,Buckley Theatre School,Tier 3,Tier 4,Tier 5,50.54,37.58,1142.83,82,3
5559,HAJMT,NIL,Nil,Nil,,0.0,123.66,0,1
556,MMACADEMY,NIL,Nil,Nil,,0.0,58.33,0,1
5560,Sam Kennard,NIL,Nil,Nil,,0.0,31.58,0,1
5561,The PCC of All Saints with St Peter,NIL,Nil,Nil,,0.0,54.04,0,2
5563,John Baker,Tier 1,Tier 5,Tier 5,91.0,1.5,1.5,37,5
5566,Thomson Hayton Winkley & The Rural Law Practice,NIL,Nil,Nil,,0.0,0.0,0,1
5567,Ghyllside School PTA,NIL,Nil,Nil,,0.0,3.5,0,2
5569,Goodwood Home Farm,NIL,Nil,Nil,,0.0,0.0,0,1
5570,Pulse Electrix Ltd,NIL,Nil,Nil,,0.0,61.15,0,2
5573,DANNY'S DAY,NIL,Nil,Nil,,0.0,50.92,0,1
5577,Pogo Events,Tier 4,Tier 3,Tier 3,16.62,400.98,1832.23,716,4
5579,CloudTalk Global,NIL,Nil,Nil,,0.0,0.0,0,1
558,Darlington FC,NIL,Nil,Nil,,0.0,0.0,0,1
5580,Sherwood Chapter,NIL,Nil,Nil,,0.0,42.17,0,1
5581,Next Step School of Dance,Tier 4,Tier 3,Tier 3,16.18,463.29,1187.21,712,5
5582,Gemma Barber,NIL,Nil,Nil,,0.0,0.75,0,1
5586,YAB Chorley,Tier 1,Tier 5,Tier 5,79.29,12.03,47.34,24,5
5588,Glasgow Orchestral Society,Tier 3,Tier 4,Tier 4,43.31,86.25,372.75,120,5
5589,Alderley Lawn Tennis Club,NIL,Nil,Nil,,0.0,0.0,0,1
559,Lancaster & District Chamber of Commerce,NIL,Nil,Nil,,0.0,0.0,0,1
5590,St Helen's School,High Value,Free,Free,,0.0,0.0,2268,5
5591,Grace Evans,NIL,Nil,Nil,,0.0,34.75,0,1
5592,Greenfield Band,NIL,Nil,Nil,,0.0,64.75,0,1
5593,Chorley Young Farmers,Tier 3,Tier 3,Tier 3,26.33,207.0,1069.16,305,4
5595,Villages Music Festival,Tier 3,Tier 4,Tier 4,28.06,212.83,610.87,220,5
5596,Round Hill Association,NIL,Nil,Nil,,0.0,15.75,0,2
5597,Walk and Talk Pendle,NIL,Nil,Nil,,0.0,0.0,0,1
5598,KPS ACTIVE,NIL,Nil,Nil,,0.0,568.12,0,2
5599,Finton House School,NIL,Nil,Nil,,0.0,0.0,0,2
56,Hunter Hall Preparatory School,Tier 4,Tier 3,Tier 4,24.06,176.17,1613.69,412,8
5600,Habs' Music School,High Value,Free,Free,,0.0,0.0,4509,5
5601,SACRED OFFICIAL,NIL,Nil,Nil,,0.0,252.17,0,2
5602,Rosy Thompson Academy of Dance,Tier 4,Tier 2,Tier 2,9.23,1003.25,2799.52,942,4
5603,Friends of Oswestry School,Tier 4,Tier 2,Tier 2,8.94,863.35,2901.57,637,5
5605,FEAR,NIL,Nil,Nil,,0.0,0.0,0,1
5606,Cleeve Chorale,Tier 2,Tier 5,Tier 5,70.74,24.5,71.29,35,5
5615,Home Farm,NIL,Nil,Nil,,0.0,0.0,0,1
5616,Mayfield Nurseries,NIL,Nil,Nil,,0.0,742.42,0,2
5618,Rushcliffe WSJ 2023,NIL,Nil,Nil,,0.0,5.42,0,1
5619,The Bridge Bakery and Canteen,NIL,Nil,Nil,,0.0,325.09,0,3
562,Grammar School Heads Association,Key Account,Tier 1,Tier 2,1.15,2461.75,15842.33,310,9
5620,H K Hebditch & Son,NIL,Nil,Nil,,0.0,0.0,0,1
5621,Hymers College,Tier 4,Tier 3,Tier 3,19.03,369.62,1031.35,695,5
5622,S S & S D Kirk,NIL,Nil,Nil,,0.0,0.0,0,2
5623,ROTARY CLUB OF READING MAIDEN ERLEGH,NIL,Nil,Nil,,0.0,2.71,0,1
5624,Temperleys School of Dance,NIL,Nil,Nil,,0.0,519.38,0,2
5627,Colleton Barton,NIL,Nil,Nil,,0.0,0.0,0,1
5629,Street Events,NIL,Nil,Nil,,0.0,9.17,0,1
563,Prince's Trust Achieve,NIL,Nil,Nil,,0.0,0.0,0,3
5632,Neil Stroud,NIL,Nil,Nil,,0.0,32.32,0,1
5637,SWAT Conference 2022,NIL,Nil,Nil,,0.0,84.0,0,2
5638,Salud language & culture,NIL,Nil,Nil,,0.0,1.83,0,2
5639,Carrick & Son,NIL,Nil,Nil,,0.0,0.0,0,1
5640,Gresham's Prep School Account,Tier 4,Free,Free,,0.0,0.0,1256,5
5642,Forestry England,Tier 3,Tier 5,Tier 5,66.66,57.32,57.32,220,2
5644,Dunscore Amateur Dramatic Society,Tier 3,Tier 4,Tier 4,47.37,82.33,222.04,117,5
5645,Squash Event Organising Corporation,NIL,Nil,Nil,,2.5,2.5,6,1
5648,Amy Eggleston,NIL,Nil,Nil,,0.0,0.0,0,1
5649,Fiona's Fancy Feet,Tier 4,Tier 3,Tier 3,18.95,431.64,1228.89,626,3
565,Blundell's School,High Value,Tier 1,Tier 2,2.56,1621.52,6941.29,3579,9
5652,Windmill Agri,NIL,Nil,Nil,,0.0,0.0,0,1
5653,Lambs Field for Leaf Open Farm Sunday,NIL,Nil,Nil,,0.0,0.0,0,3
5657,Co Club Lincoln,NIL,Nil,Nil,,0.0,105.88,0,3
5658,Sentryleics,NIL,Nil,Nil,,0.0,0.0,0,1
566,The Growing Club CIC,NIL,Nil,Nil,,0.0,21.75,0,2
5664,Millfield School,NIL,Nil,Nil,,4.33,4.33,8,1
5666,Liam Hayward,NIL,Nil,Nil,,0.0,6.12,0,1
5667,The Allerton Project,NIL,Nil,Nil,,0.0,0.0,0,1
5669,Millfield Headmaster,Tier 4,Tier 2,Tier 2,11.35,663.75,2240.0,1931,5
5673,Cambridge IVF,Tier 3,Free,Free,,0.0,0.0,396,5
5674,J Scott & Partners,NIL,Nil,Nil,,0.0,0.0,0,1
5676,LPC The Two Tubs,NIL,Nil,Nil,,0.0,42.25,0,1
5677,Bennetts Farms,NIL,Nil,Nil,,0.0,102.92,0,3
5678,FOGS,Tier 3,Tier 4,Tier 4,40.23,109.4,363.96,293,5
5680,Matt Barker,NIL,Nil,Nil,,0.0,0.0,0,1
5681,Hampshire Hamony,NIL,Nil,Nil,,0.0,162.64,0,3
5682,Oak Vale Farms Ltd,NIL,Nil,Nil,,0.0,0.0,0,1
5683,Silentnight,NIL,Nil,Nil,,0.0,0.0,0,2
5684,UIV 2022-2023 Year Rep,NIL,Nil,Nil,,0.0,191.0,0,1
5685,Manor Lodge,Tier 4,Tier 3,Tier 3,13.14,542.37,1786.42,1960,5
5687,North West Community Stars FC,NIL,Nil,Nil,,2.33,105.13,7,3
5688,Year 11 Prom 2022 (Private Event),NIL,Nil,Nil,,0.0,173.42,0,1
5689,Southend High School for Girls,Tier 4,Free,Free,,0.0,0.0,894,4
569,Southbank International School,NIL,Nil,Nil,,0.0,0.0,0,1
5690,Gooey Gremlins,NIL,Nil,Nil,,0.0,5.79,0,2
5695,St. Joseph's PTA,NIL,Nil,Nil,,0.0,46.84,0,1
5696,Quernmore CE VC Primary School,Tier 3,Tier 5,Tier 5,58.0,53.58,165.17,256,3
5697,Greenlands Kitchen & Bistro,NIL,Nil,Nil,,0.0,79.16,0,2
5698,Account Deleted,NIL,Nil,Nil,,0.0,192.38,0,3
5699,St David's College,Tier 4,Tier 3,Tier 3,13.61,651.21,1594.12,950,4
57,RSPA,NIL,Nil,Nil,,0.0,340.54,0,4
570,New Mill Male Voice Choir,Tier 4,Tier 3,Tier 3,14.9,488.17,1094.96,564,8
5701,Miss G E Heale,NIL,Nil,Nil,,0.0,335.29,0,1
5707,Watton United Football Club,NIL,Nil,Nil,,0.0,13.79,0,1
571,Busy Lizzy Crafts,High Value,Tier 2,Tier 3,7.49,649.47,5964.25,210,9
5711,Richard Aldington conference,Tier 3,Tier 4,Tier 4,44.87,62.29,1002.25,19,3
5713,W rawling and son,NIL,Nil,Nil,,0.0,0.0,0,1
5714,The Dorset Dairy Co,NIL,Nil,Nil,,0.0,0.0,0,1
5715,Northmoor Meat Company,NIL,Nil,Nil,,0.0,0.0,0,2
5716,Cambridge Summer Music,NIL,Nil,Nil,,0.0,6856.73,0,2
5717,Cherrystars,Tier 3,Tier 4,Tier 4,32.37,197.79,406.08,212,4
5718,Westmorland Chapel Farm,NIL,Nil,Nil,,0.0,0.0,0,1
5719,Farmeco Community Care,Tier 4,Free,Free,,0.0,0.0,517,2
572,Oldham Music Centre,High Value,Tier 2,Tier 2,6.74,768.28,4771.13,2421,9
5721,Just Jerseys,NIL,Nil,Nil,,0.0,0.0,0,1
5722,Old Hutton,Tier 3,Tier 4,Tier 4,47.01,72.17,319.57,124,5
5723,Whitgift School,High Value,Free,Free,,0.0,0.0,2464,5
5724,Edfords,NIL,Nil,Nil,,0.0,66.67,0,3
5725,Bowden Farm Partnership Ltd,NIL,Nil,Nil,,0.0,38.92,0,1
5728,Queen's College  Taunton,High Value,Tier 2,Tier 2,8.26,665.97,8794.35,2200,5
5729,Early Years Scotland,NIL,Nil,Nil,,0.0,0.0,0,1
573,Uckfield Music Club,Tier 3,Tier 4,Tier 4,37.74,107.08,437.29,116,9
5731,Maureen Terera Foundation,NIL,Nil,Nil,,0.0,0.75,0,1
5733,Overton Farm Shop,Tier 4,Free,Free,,0.0,0.0,1062,4
5736,Herefordshire and Worcestershire Health and Care NHS Trust,NIL,Nil,Nil,,0.0,0.0,0,1
5737,Moshville Times,NIL,Nil,Nil,,0.0,109.54,0,3
5738,Reception Reps,NIL,Nil,Nil,,0.0,82.33,0,1
5739,Astrid,NIL,Nil,Nil,,0.0,317.54,0,2
574,Stonyhurst Anywhere,NIL,Nil,Nil,,0.0,17.69,0,4
5740,Islington Proms,Tier 4,Tier 3,Tier 3,24.47,258.25,932.67,353,4
5741,Kuntals Bollywood Dance Company,NIL,Nil,Nil,,0.0,0.0,0,1
5742,Peacock Farm,Tier 4,Free,Free,,0.0,0.0,1104,5
5743,bw@theeducationalcoach.co.uk,NIL,Nil,Nil,,0.0,0.0,0,1
5744,Grace Dance,NIL,Nil,Nil,,0.0,1435.58,0,4
5745,Chamber Maids,Tier 2,Tier 5,Tier 5,62.19,33.75,148.5,45,5
5746,Penny Daly,NIL,Nil,Nil,,0.0,0.0,0,1
5747,Endfield Farm,Tier 3,Free,Free,,0.0,0.0,172,2
5748,Wildon Grange,NIL,Nil,Nil,,0.0,0.0,0,2
5752,Wool on the Exe,NIL,Nil,Nil,,0.0,0.0,0,1
576,Jordan Test UK,NIL,Nil,Nil,,0.0,0.0,0,2
5761,Lee test,NIL,Nil,Nil,,0.0,0.0,0,1
5772,Ramceramic,NIL,Nil,Nil,,0.0,19.79,0,1
5774,Winchmore School,Tier 4,Tier 3,Tier 3,22.48,290.67,1037.32,678,4
5777,Leia Salter,NIL,Nil,Nil,,0.0,17.0,0,1
5779,Abingdon School Account,Tier 4,Tier 5,Tier 5,51.69,80.62,131.25,632,5
578,All Hallows Music Festival,NIL,Nil,Nil,,0.0,12.96,0,2
5782,WHSSC,Tier 4,Tier 4,Tier 4,32.79,105.58,1455.64,113,5
5783,Razzle Dazzle Theatre School,Tier 4,Tier 2,Tier 2,9.19,915.28,3295.15,1074,4
5785,Charles Bridgeman,NIL,Nil,Nil,,0.0,0.0,0,3
5788,Kingswood,NIL,Nil,Nil,,0.0,0.0,0,1
5794,DO NOT USE THIS ACCOUNT,NIL,Nil,Nil,,0.0,22.88,0,1
5795,The Otakar Kraus Music Trust,Tier 3,Tier 5,Tier 5,51.07,56.75,341.96,295,4
5796,Rokeby Yr4 Tour,NIL,Nil,Nil,,0.0,7.67,0,1
5798,Graffiti Classics,NIL,Nil,Nil,,0.0,35.04,0,1
5799,Le Potager,NIL,Nil,Nil,,0.0,209.25,0,2
58,AROPS,NIL,Nil,Nil,,0.0,145.32,0,2
580,Arrampica,Tier 4,Tier 3,Tier 3,18.14,241.5,3005.59,43,9
5802,Eltham College Leavers Party 2022,NIL,Nil,Nil,,0.0,136.92,0,1
5803,Icknield Primary,NIL,Nil,Nil,,0.0,13.0,0,3
5807,Seaford Choral Society,NIL,Nil,Nil,,0.0,135.09,0,4
5808,Walton Village Hall,NIL,Nil,Nil,,0.0,54.46,0,3
5809,MTS Longstops,Tier 3,Tier 3,Tier 4,26.54,218.12,934.58,187,4
5810,Deben Lodge Farms Ltd,NIL,Nil,Nil,,0.0,0.0,0,1
5811,spgsviireps,NIL,Nil,Nil,,0.0,105.0,0,1
5814,Cosine UK Ltd,NIL,Nil,Nil,,0.0,1066.5,0,2
5815,Marlborough House Vinehall School Toddler Groups,Tier 4,Free,Free,,0.0,0.0,792,5
5816,Multisports for Schools Boreham,NIL,Nil,Nil,,0.0,25.42,0,1
5817,Princess Christian's Farm,NIL,Nil,Nil,,0.0,283.97,0,1
5819,Parbold Young Farmers,Tier 4,Tier 3,Tier 3,16.63,343.79,2100.62,179,5
582,Guisborough RUFC,NIL,Nil,Nil,,0.0,236.19,0,2
5820,Kerem PTA,Tier 4,Tier 3,Tier 3,21.06,270.07,1351.4,268,5
5821,Loddington Farm,Tier 4,Tier 3,Tier 3,23.97,298.7,611.58,1518,5
5822,Flamingo Business,NIL,Nil,Nil,,0.0,965.93,0,3
5823,Rossall School,NIL,Nil,Nil,,2.5,266.25,4,4
5824,Scarisbrick Hall School - Stripe,Key Account,Tier 1,Tier 1,2.28,3739.38,12789.38,14120,5
583,Bristol Concert Wind Band,NIL,Nil,Nil,,0.0,12.64,0,2
5833,Matterley Estate,Tier 3,Tier 5,Tier 5,91.44,3.12,3.83,377,4
5834,ACB Theatre,NIL,Nil,Nil,,0.0,503.25,0,4
5838,Jade Whitfield,NIL,Nil,Nil,,0.0,8.0,0,1
5839,Beechwood School,Tier 3,Tier 4,Tier 4,42.31,98.5,385.39,213,4
584,Kendal Winter Shelter (Manna House),NIL,Nil,Nil,,0.0,36.88,0,1
5840,Elorac,NIL,Nil,Nil,,0.0,86.88,0,1
5841,Visit Northumberland,Tier 3,Free,Free,,0.0,0.0,145,5
5842,Dean Close Services LTD,NIL,Nil,Nil,,0.0,96.58,0,1
5843,The Harbour Chapel  Dunbar,NIL,Nil,Nil,,0.0,212.25,0,1
5844,Kam performing arts academy,Tier 4,Tier 3,Tier 3,20.24,336.96,1174.59,432,4
5845,R H Topham & Sons,NIL,Nil,Nil,,0.0,0.0,0,1
5846,BforB - UK,Tier 3,Tier 4,Tier 4,28.12,213.23,596.05,291,5
585,Andromeda Talent,NIL,Nil,Nil,,0.0,127.79,0,3
5850,Ernespie Farm,NIL,Nil,Nil,,0.0,0.0,0,3
5853,Sakya Dechen Ling,NIL,Nil,Nil,,0.0,9.12,0,1
5854,YDNPA Tees Swale (Swaledale),NIL,Nil,Nil,,0.0,0.0,0,1
586,York City FC Futsal,NIL,Nil,Nil,,0.0,0.0,0,1
5860,PSV SCHOOL,NIL,Nil,Nil,,0.0,0.0,0,3
5864,KGSTest1234,NIL,Nil,Nil,,0.0,0.0,0,1
5865,Holmbury Choral,NIL,Nil,Nil,,0.0,176.42,0,2
5866,LindsayBooth,NIL,Nil,Nil,,0.0,11.0,0,1
5867,Sonya mcaleer,NIL,Nil,Nil,,0.0,86.5,0,1
5869,Events Together Ltd,Tier 2,Free,Free,,0.0,130.62,47,5
587,LBN,NIL,Nil,Nil,,0.0,0.65,0,4
5870,PSV SCHOOL,NIL,Nil,Nil,,0.0,0.0,0,1
5877,Rogan Coaching and Guiding,NIL,Nil,Nil,,0.0,165.62,0,2
5878,L and H Farming,NIL,Nil,Nil,,0.0,0.0,0,1
5880,Low Auldgirth Steading,NIL,Nil,Nil,,0.0,8.83,0,1
5881,New Hall Farm Ltd,Tier 3,Free,Free,,0.0,0.0,171,2
5882,Business Health Matters,NIL,Nil,Nil,,0.0,0.0,0,1
5884,Eden Valley Artistic Network,Tier 3,Tier 5,Tier 5,69.19,13.58,203.63,21,4
5885,Commercial services,NIL,Nil,Nil,,0.0,0.0,0,1
5886,Ammanford Rugby Club,Tier 4,Tier 4,Tier 4,28.22,187.02,782.63,294,5
5887,Arun to Adur farmers group,NIL,Nil,Nil,,0.0,0.0,0,1
5888,Star*Struck Promotions,NIL,Nil,Nil,,0.0,215.87,0,1
5889,Rushmoor Male Voice Choir,NIL,Nil,Nil,,0.0,60.13,0,2
589,IAPS Sport,High Value,Tier 1,Tier 1,2.45,2019.29,7848.88,3702,7
5890,CIOF Supporter Experience,NIL,Nil,Nil,,0.0,0.83,0,1
5892,Weardale Lithium Limited,NIL,Nil,Nil,,0.0,88.33,0,1
5894,Burrells Farm,NIL,Nil,Nil,,0.0,3.33,0,1
5897,Ridgewayfarmblackpool,NIL,Nil,Nil,,0.0,4.21,0,2
5899,West Byfleet Community Choir,NIL,Nil,Nil,,0.0,67.92,0,2
59,schoolblazer,NIL,Nil,Nil,,0.0,0.0,0,1
590,Exeter Leukaemia Fund,NIL,Nil,Nil,,0.0,0.0,0,1
5900,Iskcon Lancaster,Tier 1,Tier 5,Tier 5,90.67,1.13,5.33,24,5
5903,NETWORK YOUTH CHURCH,NIL,Nil,Nil,,0.0,175.71,0,3
5904,Locavore Events,NIL,Nil,Nil,,0.0,35.96,0,1
5906,Vinehall Alumni ,NIL,Nil,Nil,,0.0,2.92,0,1
5908,Fiona Phipps,NIL,Nil,Nil,,0.0,0.0,0,1
5909,Hillstone Primary School,NIL,Nil,Nil,,0.0,0.0,0,1
591,The Ladies' College,NIL,Nil,Nil,,0.0,210.49,0,2
5910,Rendcomb College,Tier 4,Tier 3,Tier 3,16.44,411.17,1406.33,1042,5
5912,146Kings,NIL,Nil,Nil,,0.0,395.54,0,3
5915,Shout Connect Limited,NIL,Nil,Nil,,0.0,399.75,0,3
5916,Benenden,NIL,Nil,Nil,,0.0,2629.55,0,4
5918,St Helen’s School Events,Tier 4,Tier 3,Tier 3,20.8,494.0,733.25,1292,3
5919,SAPA,NIL,Nil,Nil,,0.25,65.29,0,3
5921,hminter,NIL,Nil,Nil,,0.0,0.0,0,1
5923,Droitwich - St Peters Pre School,NIL,Nil,Nil,,0.0,9.21,0,1
5925,Like Minds,NIL,Nil,Nil,,0.0,84.25,0,2
593,Jeff's Acccount for Stripe Connect testing,NIL,Nil,Nil,,0.0,0.42,0,2
5931,Wolverhampton Grammar School,Tier 4,Tier 3,Tier 3,16.1,571.25,901.25,1750,5
5933,Otley Folk Festival,Tier 4,Tier 3,Tier 3,15.54,516.58,1140.29,346,5
594,Lane Theatre  Newquay,Key Account,Tier 1,Tier 1,0.56,3700.7,18365.88,5534,9
5940,Hi-Bri's Dance Studio,Tier 3,Tier 4,Tier 4,36.49,100.71,976.17,148,4
5941,HAF Performing Arts,NIL,Nil,Nil,,0.0,17.73,0,1
5942,Fulneck School Events,NIL,Nil,Nil,,0.0,139.87,0,2
5945,Victoria Horn School of Dance,Tier 4,Tier 3,Tier 3,25.09,243.54,965.32,431,4
5946,Mind Body and Workplace,NIL,Nil,Nil,,0.0,3.0,0,1
5949,Whitehaven Alive,NIL,Nil,Nil,,0.0,5333.88,0,2
5951,Long Mynd Music Academy,NIL,Nil,Nil,,0.0,32.88,0,1
5952,Dancing With Louise,NIL,Nil,Nil,,0.0,754.96,0,2
5953,Martha’s Homestore,NIL,Nil,Nil,,0.0,0.67,0,1
5955,Trimfest charity,NIL,Nil,Nil,,0.0,49.5,0,1
5964,New Life Sports Massage,NIL,Nil,Nil,,0.0,42.88,0,3
5966,UMEUS CIC,NIL,Nil,Nil,,0.0,7.36,0,1
5968,The Bryce  Burneside,NIL,Nil,Nil,,0.0,29.21,0,3
5972,Affinity Dance South Hams,NIL,Nil,Nil,,0.0,220.17,0,1
5974,Technology in Music Education UK,NIL,Nil,Nil,,0.0,16.25,0,1
5976,N M Williams,NIL,Nil,Nil,,0.0,30.25,0,1
598,Friends of Handsworth,NIL,Nil,Nil,,0.0,17.49,0,1
5983,Feather & Springs,NIL,Nil,Nil,,0.0,0.0,0,1
5986,Cirque Training (Britt Goodwin),NIL,Nil,Nil,,0.0,35.71,0,3
5987,Temple Sowerby CE School,Tier 2,Tier 5,Tier 5,62.99,37.88,129.27,116,4
5988,BBEST Community Hub CIC,NIL,Nil,Nil,,0.0,254.26,9,4
5989,Monkton Alumni,Tier 4,Tier 3,Tier 4,25.94,210.58,929.38,148,5
5990,Lydden Hill Motorsport Club Limited,NIL,Nil,Nil,,0.0,722.32,0,4
5991,Hannah Strong Vocal Tuition,NIL,Nil,Nil,,0.0,457.65,0,3
5992,Mulholland Building Services,NIL,Nil,Nil,,0.0,0.0,0,1
5995,Inspired Learning Group,NIL,Nil,Nil,,0.0,0.0,0,3
5996,Farm & Fell,Tier 3,Tier 4,Tier 4,30.69,134.38,1346.9,215,4
5999,Westwell Players,Tier 4,Tier 4,Tier 4,27.15,207.25,761.91,391,5
6,Justin Birch Events,NIL,Nil,Nil,,0.0,48.29,0,3
60,Merchant Taylors' Schools,NIL,Nil,Nil,,0.0,1132.9,0,4
6000,EFCW,Tier 1,Tier 5,Tier 5,86.67,3.67,27.29,13,4
6001,A Tour with a View,NIL,Nil,Nil,,0.0,8.25,0,1
6003,Barnet Symphony Orchestra,NIL,Nil,Nil,,0.0,418.83,0,3
6004,Secret Coast Songwriters Ltd,NIL,Nil,Nil,,0.0,12.83,0,1
601,Sedbergh School Hospitality ,NIL,Nil,Nil,,0.0,1393.42,0,2
6010,Samantha Gargett,Tier 1,Free,Free,,0.0,0.0,35,4
6011,Margaret Law-Sampson,NIL,Nil,Nil,,0.0,62.46,0,2
6015,Nybble,NIL,Nil,Nil,,0.0,0.0,0,1
6016,Lincs Inspire Libraries,Tier 4,Tier 5,Tier 5,64.1,20.92,222.58,431,5
6017,Starting Well Partnership,Tier 3,Free,Free,,0.0,0.0,225,5
6018,Armaani,NIL,Nil,Nil,,0.0,0.0,0,1
6019,Red Bazar,NIL,Nil,Nil,,0.0,28.17,0,1
6021,Rebecca,NIL,Nil,Nil,,0.0,0.0,0,1
6022,Herdwork,High Value,Tier 4,Tier 4,46.21,66.79,423.57,4626,5
6025,Greenlands Parties,Tier 4,Tier 2,Tier 3,10.15,718.33,2867.08,358,5
6026,Poole Grammar School Drama,NIL,Nil,Nil,,0.0,0.0,0,1
6027,Westmorland and Furness Music Hub,NIL,Nil,Nil,,0.0,0.0,0,2
6029,Greswold Primary School,NIL,Nil,Nil,,0.0,329.04,0,3
6032,Festival Community Company Ltd,NIL,Nil,Nil,,0.0,2.71,0,1
6033,Mad Hats Ball,NIL,Nil,Nil,,0.0,2662.25,0,3
6036,Account Deleted,NIL,Nil,Nil,,0.0,0.0,0,2
6038,Leah Dalby,NIL,Nil,Nil,,0.0,14.88,0,1
6040,Harrow Development Trust,NIL,Nil,Nil,,0.0,984.04,0,2
6045,BIPIN PATEL,NIL,Nil,Nil,,0.0,205.42,0,2
6047,Rotary club of senlac,NIL,Nil,Nil,,0.0,62.03,0,1
6048,The Point,NIL,Nil,Nil,,0.0,6.33,0,1
605,Kitchen Dancing,Tier 4,Tier 2,Tier 2,7.42,779.44,3493.95,1940,9
6053,Club 124,NIL,Nil,Nil,,0.62,46.54,0,2
6057,Monkton Partnership Events,Tier 4,Tier 4,Tier 4,43.36,81.5,416.29,435,5
6059,JHampshire,NIL,Nil,Nil,,2.08,59.08,3,5
606,Museums Norfolk,NIL,Nil,Nil,,0.0,28.33,0,1
6066,High Five,Tier 3,Tier 5,Tier 5,53.28,95.33,104.21,364,3
607,UK Food Certification Limited,NIL,Nil,Nil,,38.25,3174.25,6,8
6070,TryBooking Charities Demo,NIL,Nil,Nil,,0.0,0.25,0,2
6071,Grayrigg School,Tier 3,Free,Free,,0.0,6.96,275,3
6075,Academia Allegro,Tier 4,Free,Free,,0.0,0.0,827,4
6077,Handbridge Community Association,NIL,Nil,Nil,,0.0,111.37,0,1
6078,Brighton Period Project,NIL,Nil,Nil,,0.0,37.73,0,1
608,Trent College Parents’ Association,Tier 4,Tier 2,Tier 3,10.89,525.33,2441.11,817,9
6082,Towers School and Sixth Form Centre,NIL,Nil,Nil,,0.0,0.0,0,1
6083,Woodley Parents Teachers Association,NIL,Nil,Nil,,0.0,0.67,0,1
6084,Anna Antonina,NIL,Nil,Nil,,0.0,5.0,0,1
6086,Tickhill & District Lions,NIL,Nil,Nil,,0.0,0.33,0,1
6088,CiD_TTV,NIL,Nil,Nil,,0.0,1.08,0,1
6089,The Sharp Show,Tier 4,Tier 3,Tier 3,22.39,297.0,1000.58,594,4
6091,LongTermPartners,NIL,Nil,Nil,,0.0,0.0,0,1
6095,PS Sing,NIL,Nil,Nil,,0.0,0.82,0,1
6098,Phoenix Pre school,NIL,Nil,Nil,,0.0,84.5,0,1
61,Merchant Taylors' Boys' School,NIL,Nil,Nil,,0.0,345.79,0,7
6101,Salcombe Players,NIL,Nil,Nil,,0.0,342.8,0,3
6104,S.E.E.D Lancashire,NIL,Nil,Nil,,0.0,315.12,0,1
6105,Zainab,NIL,Nil,Nil,,0.0,117.79,0,1
611,Chaos Collective,NIL,Nil,Nil,,0.0,17.92,0,2
6113,LYMINGTON TOWN FC,NIL,Nil,Nil,,0.0,877.33,0,3
6116,Sharona Gaasendam,NIL,Nil,Nil,,0.0,6.54,0,1
6118,Migration Test,NIL,Nil,Nil,,0.0,0.0,0,1
612,CVMS EXAMS,Tier 4,Tier 2,Tier 2,7.95,702.63,3955.46,409,8
6126,tienkim,NIL,Nil,Nil,,0.0,0.0,0,1
6128,Grimsdell,Tier 2,Tier 5,Tier 5,86.72,9.92,9.92,64,5
6129,Belmont,Tier 2,Free,Free,,0.0,0.0,44,4
613,Trent College PSHE,NIL,Nil,Nil,,0.0,0.0,0,4
6131,Erskine Stewart's Melville Schools,Tier 4,Tier 3,Tier 3,21.51,234.13,1855.48,591,5
6132,Music 2 Calm the Soul,Tier 2,Tier 5,Tier 5,53.43,54.33,218.58,84,5
6133,Ashburnham & Penhurst Parish Council,NIL,Nil,Nil,,0.0,0.0,0,1
6135,Kelvin stoner,NIL,Nil,Nil,,0.0,0.0,0,1
6137,Sarah Hunt,NIL,Nil,Nil,,0.0,0.0,0,1
6138,Launch Events NW Limited,Tier 4,Tier 2,Tier 3,10.72,1010.5,1675.75,476,4
6141,Progress Learning Centre,NIL,Nil,Nil,,0.0,9.38,0,1
6147,1st Molesey Scout Group,Tier 4,Tier 2,Tier 2,9.83,746.7,2925.82,1020,5
6148,Chris Perry,NIL,Nil,Nil,,0.0,0.0,0,1
6149,Jamie Pleavin,NIL,Nil,Nil,,0.0,21.67,0,1
615,EvilC,NIL,Nil,Nil,,0.0,0.0,0,1
6153,Surrey singles,Tier 1,Tier 5,Tier 5,77.76,13.58,63.02,24,4
6154,Jake Hopkins,NIL,Nil,Nil,,0.0,0.0,0,1
6158,SMC FP Club,Tier 3,Tier 4,Tier 4,43.71,96.42,273.34,63,5
616,Fun Days Out,NIL,Nil,Nil,,0.0,1829.53,0,8
6164,Scottish Families Affected by Alcohol and Drugs,Tier 4,Tier 4,Tier 4,31.4,161.29,634.17,849,5
6166,The Workhouse Group Of Companies Ltd,Tier 3,Tier 4,Tier 4,39.61,120.74,318.64,86,5
6170,Pretty Authentic Marketing,NIL,Nil,Nil,,20.0,367.04,6,4
6171,Douai Foundation,Tier 3,Tier 4,Tier 4,40.73,106.38,410.04,230,4
6175,Hornby Institute,Tier 4,Tier 4,Tier 4,33.72,126.27,738.57,146,5
6176,Jo's Trust,NIL,Nil,Nil,,0.0,271.33,0,2
618,Jeannine Manuel Parents Association,Tier 4,Tier 3,Tier 3,20.88,188.75,3015.73,1024,9
6182,Burlington House School,Tier 4,Free,Free,,0.0,0.0,1164,5
6184,Warminster Action Group,NIL,Nil,Nil,,0.75,112.67,4,4
6186,Five Til Nine,NIL,Nil,Nil,,0.0,212.83,0,2
6190,Caelestis,NIL,Nil,Nil,,0.0,0.25,0,1
6198,Friends of Gresham's at Prep,Tier 3,Tier 4,Tier 4,36.64,168.75,370.58,213,3
6202,Mrs K A Sharpe (Kelly Anne's Photography),NIL,Nil,Nil,,0.0,0.96,0,1
6206,Windermere RUFC Events,Tier 4,Tier 3,Tier 3,14.79,425.67,2890.23,963,4
6209,Harrison Drury Solicitors,Tier 3,Tier 4,Tier 4,34.97,153.83,400.5,217,5
6210,Simon on the Streets,Tier 4,Tier 3,Tier 3,23.81,251.33,934.0,284,5
6211,UnderSong Productions,NIL,Nil,Nil,,0.0,136.25,0,1
6214,Account Deleted,NIL,Nil,Nil,,0.0,0.0,0,1
622,Lucy Ellis Dance Coaching,NIL,Nil,Nil,,0.0,44.17,0,1
6220,Elspeth Fisher,NIL,Nil,Nil,,0.0,146.69,0,1
6223,Pot Bound LTD,NIL,Nil,Nil,,0.0,1.37,0,1
6226,Into the shadows,NIL,Nil,Nil,,0.0,142.79,0,1
6227,AHR,Tier 3,Tier 4,Tier 4,30.75,184.83,621.09,47,4
6228,Bristol Pay CIC,NIL,Nil,Nil,,0.0,104.12,0,1
6230,Entrust Music Service Staffordshire,High Value,Tier 1,Tier 1,3.38,2193.99,7577.97,4629,5
6234,Sherwood Primary School,NIL,Nil,Nil,,0.0,0.0,0,3
6235,Anglican Mission in England,Tier 3,Free,Free,,0.0,0.0,172,2
6239,CSWCC Juniors Fundraising,Tier 2,Tier 5,Tier 5,63.25,42.67,119.54,78,3
6241,YAB East Lancashire,Tier 4,Tier 3,Tier 3,22.59,376.13,526.9,131,5
6243,NCI Prawle Point,NIL,Nil,Nil,,0.0,14.29,0,1
6244,Nikki Dainter,NIL,Nil,Nil,,0.0,3.12,0,1
6248,Bevis Marks Synagogue,Tier 4,Tier 3,Tier 3,24.95,250.67,921.5,324,4
6249,Mind Body & Goals,NIL,Nil,Nil,,0.0,3.25,0,1
6250,The Soul Laundry,NIL,Nil,Nil,,0.0,5.42,0,1
6251,Point Acrobatics Gymnastics Club,High Value,Tier 2,Tier 2,4.76,1853.71,4269.54,3829,5
6252,Hip Joint Bentham,Tier 3,Tier 4,Tier 4,30.74,173.54,603.89,245,5
6253,Lindsey Hickson,Tier 2,Free,Free,,0.0,0.0,74,5
6256,St Stephen-by-Saltash Parish Church,Tier 2,Tier 5,Tier 5,77.82,4.12,132.63,15,3
6258,Lichfield Festival Friends,Tier 4,Tier 3,Tier 3,21.26,305.96,967.33,446,5
6259,21danielle,NIL,Nil,Nil,,0.0,0.0,0,1
6261,Stroud Arts Festival,Tier 4,Tier 3,Tier 4,26.81,266.17,577.56,451,4
6262,Kellie Baines,NIL,Nil,Nil,,0.0,100.21,0,1
6263,Marbury Forest School,NIL,Nil,Nil,,0.0,124.88,0,2
6265,Owsley,NIL,Nil,Nil,,0.0,37.58,0,2
6266,Blackburn Chamber Choir,Tier 3,Tier 4,Tier 4,44.21,88.62,307.54,141,5
6268,Royal British Legion Blackburn,Key Account,Tier 2,Tier 3,12.29,573.01,2059.69,9419,5
6274,Old Kingstonian Hockey Club,NIL,Nil,Nil,,0.0,0.0,0,1
6275,Access the Dales,Tier 4,Tier 5,Tier 5,70.16,24.57,76.18,1037,5
6276,YABducation,Tier 2,Tier 5,Tier 5,80.24,17.92,36.19,104,3
6277,Umberton Farm,NIL,Nil,Nil,,0.0,368.18,0,1
6279,East Sussex Concert Band,Tier 3,Tier 5,Tier 5,54.37,52.83,196.33,135,5
628,openfarmsunday@leafuk.org,NIL,Nil,Nil,,0.0,0.0,0,1
6280,Trident Honda,NIL,Nil,Nil,,0.0,0.0,0,2
6281,Sarah Boult,NIL,Nil,Nil,,0.0,50.36,0,1
6283,Moor Park Golf Club,NIL,Nil,Nil,,0.0,0.0,0,1
6291,Cumbria Innovations Platform,NIL,Nil,Nil,,0.0,0.0,0,1
6293,RGSWorcester,Key Account,Tier 2,Tier 2,4.83,1535.7,5014.2,5589,5
6298,Scarisbrick Hall School,High Value,Tier 2,Tier 2,6.26,1179.83,4084.62,2621,5
63,FMB (Financial Management Bureau),Tier 2,Tier 4,Tier 5,47.49,77.21,199.21,114,11
630,Colyton Grammar School Academy Trust,NIL,Nil,Nil,,0.0,191.71,0,3
6302,West Northants Business Forum,NIL,Nil,Nil,,0.0,0.0,0,2
6310,Blackburn Rovers Football Club,NIL,Nil,Nil,,0.0,0.0,0,1
6311,Ximena Alarcon,NIL,Nil,Nil,,0.0,6.33,0,2
6312,Footlighters (MTS Events),NIL,Nil,Nil,,0.0,370.87,0,2
6315,Stonehaven Folk Club,NIL,Nil,Nil,,0.0,0.54,0,1
6316,Laure Chan & William Jack,NIL,Nil,Nil,,0.0,6.33,0,1
6317,Robin Hood's Bay Folk Club,NIL,Nil,Nil,,0.0,22.4,0,2
6319,Surrey Honey Farm Ltd,NIL,Nil,Nil,,0.0,0.0,0,1
6320,Rigney Bank Ballet School,NIL,Nil,Nil,,0.0,42.21,0,3
6322,Glenwhan Gardens,Tier 3,Tier 4,Tier 4,41.55,99.21,367.53,225,5
6323,Rowan Carr,NIL,Nil,Nil,,0.0,98.58,0,1
6325,Friends of Newtown Road Cemetery,Tier 2,Tier 5,Tier 5,67.27,23.12,145.58,67,4
6326,Budworth Hall (Ongar & District Community Association),NIL,Nil,Nil,,0.0,16.96,0,2
6327,Amy Gunawan Willow Weaving,NIL,Nil,Nil,,0.0,77.5,0,2
633,Gelt Gifts Ltd,NIL,Nil,Nil,,0.0,59.25,0,1
6335,Great Waltham,NIL,Nil,Nil,,0.0,41.38,0,1
634,QA's Test Account in Prod,NIL,Nil,Nil,,0.0,0.0,0,4
6341,Inspire Training Group,NIL,Nil,Nil,,0.0,0.0,0,1
6343,HarrisonParrott,NIL,Nil,Nil,,0.0,0.21,0,1
6344,Free Range Floristry,Tier 3,Tier 4,Tier 4,44.1,72.0,591.59,31,4
6346,Jigsaw (South East),Tier 3,Tier 4,Tier 5,48.67,64.17,325.96,77,5
6349,Vinehall School Events,High Value,Tier 1,Tier 2,3.51,2035.37,7675.45,1422,5
6352,Sompting 1st Aid,NIL,Nil,Nil,,0.0,0.0,0,1
6353,DADADA,Tier 4,Tier 3,Tier 3,19.41,365.46,992.96,519,5
6355,Environment Agency - National Navigation Team,Tier 3,Free,Free,,0.0,0.0,155,5
6356,Windrush New Generation Academy,NIL,Nil,Nil,,0.0,3.83,0,2
6357,Region Wraggy Limited,NIL,Nil,Nil,,0.0,2.67,0,1
6359,Lancashire Women Training,NIL,Nil,Nil,,0.0,0.0,0,1
636,Birkenhead Choral Society,Tier 3,Tier 4,Tier 4,44.47,88.71,249.65,126,7
6360,Anne Hughes Ignite,NIL,Nil,Nil,,0.0,0.0,0,3
6361,World Scout Jamboree 1st Crystal Palace,NIL,Nil,Nil,,0.0,7.62,0,2
6362,The Gather,Tier 4,Tier 3,Tier 3,23.65,239.36,1084.23,333,5
6363,Gooding Accounts Ltd,NIL,Nil,Nil,,0.0,0.0,0,1
6364,Kooky Ceilidh,Tier 3,Tier 4,Tier 4,45.52,78.34,344.04,183,5
6365,FC United of Manchester Business Club,Tier 3,Tier 5,Tier 5,62.59,18.92,384.18,135,4
6366,Woodland Ranch,Key Account,Tier 1,Tier 1,2.94,2628.21,8372.37,5961,5
6368,RBL Cinderford Branch,Tier 3,Tier 5,Tier 5,56.53,47.96,199.58,56,4
6369,Corkscrew Theatre,NIL,Nil,Nil,,0.0,55.62,0,1
637,GLSW Scouts,Tier 4,Tier 3,Tier 3,16.71,290.87,2228.63,108,9
6370,PARTY LAND,NIL,Nil,Nil,,0.0,0.0,0,1
6372,Cheadle Arts Festival,Tier 2,Tier 5,Tier 5,75.28,13.87,88.58,32,4
6376,Too Old For Timepiece,Tier 3,Tier 4,Tier 4,46.25,92.58,202.88,236,5
6377,Warninglid WRS,Tier 3,Tier 4,Tier 4,45.2,77.14,433.24,145,4
638,Redlands Foundation and Alumni,NIL,Nil,Nil,,0.0,47.17,0,1
6382,Pea Green Boat,NIL,Nil,Nil,,0.0,2.17,0,2
6383,Northbourne Park School,Key Account,Tier 2,Tier 2,5.51,2661.2,6997.98,715,3
6384,Sparkle stars (SG) LTD,NIL,Nil,Nil,,0.0,11.83,0,1
6385,Wonderful Wild Women,Tier 3,Tier 4,Tier 5,49.27,62.71,313.97,74,5
639,Robert Gordon's College Junior School,NIL,Nil,Nil,,0.0,0.0,0,1
6391,Dame Allan's Schools,Tier 4,Free,Free,,0.0,0.0,649,5
6392,Indian Arts Connection,Tier 3,Tier 4,Tier 4,38.87,137.71,264.92,189,5
6394,Hollie Kates Dance,Tier 4,Tier 3,Tier 3,25.84,244.62,817.58,588,4
6397,LEAF/Corteva - Resilient & Ready,NIL,Nil,Nil,,0.0,0.0,0,1
6398,RMS for Girls,Tier 4,Tier 5,Tier 5,71.25,35.38,35.38,961,5
64,The University of Buckingham,NIL,Nil,Nil,,0.0,0.0,0,7
6401,BROOMFIELDS PARENT TEACHER ASSOCIATION,Tier 4,Tier 3,Tier 3,14.77,613.45,1816.06,1400,3
6403,Paula Morris,NIL,Nil,Nil,,0.0,136.67,0,2
6404,Ilkley Baptist Church,NIL,Nil,Nil,,0.0,18.33,0,2
6405,Gold Coast United FC,NIL,Nil,Nil,,0.0,0.0,0,1
6407,Ladies Lunch,NIL,Nil,Nil,,0.0,42.11,0,1
6408,Go Wild Highlands,Tier 4,Tier 3,Tier 4,24.56,233.79,975.33,146,5
6409,Willesden Audax,NIL,Nil,Nil,,0.0,245.38,0,2
641,PHS Prom,NIL,Nil,Nil,,0.0,0.0,0,1
6411,Zala Wellbeing,NIL,Nil,Nil,,0.0,13.83,0,2
6413,Friends of Eckington School,NIL,Nil,Nil,,0.0,84.21,0,2
6418,Herts & Essex High School,Tier 4,Tier 3,Tier 3,15.04,499.19,1328.81,1123,5
642,I Wish I Didn't Quit,NIL,Nil,Nil,,0.0,0.0,0,1
6425,Buildwas Holy Trinity,Tier 3,Free,Free,,0.0,20.96,191,5
6428,SolwaySingers,Tier 2,Tier 5,Tier 5,52.85,59.89,195.19,102,5
6430,TogetherWeCIC,NIL,Nil,Nil,,0.0,0.0,0,1
6431,Facing the Past,NIL,Nil,Nil,,0.0,52.17,6,4
6432,The Scrummers,NIL,Nil,Nil,,0.0,778.36,0,3
6434,The Indian Cultural Association (ICA),Tier 4,Tier 3,Tier 3,15.36,439.86,1586.55,801,5
6445,Parents Association of Beechwood Sacred Heart School,NIL,Nil,Nil,,0.0,372.0,0,2
6447,Swim England London,NIL,Nil,Nil,,0.0,3349.92,0,3
6449,FFCC Tania,NIL,Nil,Nil,,0.0,0.0,0,1
6452,Helmsley Walled Garden,NIL,Nil,Nil,,0.0,570.18,0,3
6454,Wylde Blossom Health & Healing,Tier 4,Tier 3,Tier 4,26.46,199.5,936.12,147,5
6455,Rigney Bank Ballet School,Tier 3,Tier 4,Tier 4,44.44,58.5,949.08,35,4
6459,Aldineia Ton,NIL,Nil,Nil,,0.0,95.88,0,1
6462,Lourdes CAFt,NIL,Nil,Nil,,0.0,0.0,0,2
6463,Dar ur Rabi',NIL,Nil,Nil,,0.0,88.0,0,2
6468,Wellingborough Musical Theatre Society,NIL,Nil,Nil,,0.0,208.29,0,2
6470,Aylesbury Indian community,NIL,Nil,Nil,,0.0,68.54,0,1
6473,National Association of Choirs,NIL,Nil,Nil,,0.0,1.7,0,1
6476,LP PSC,NIL,Nil,Nil,,0.0,48.5,0,2
6478,Mason,NIL,Nil,Nil,,0.0,7.5,0,1
6481,Knutsford Bonfire,Tier 4,Tier 3,Tier 3,13.3,521.97,2663.65,978,4
6484,Catechism team Holy Ghost Balham,Tier 1,Free,Free,,0.0,0.0,23,5
6486,Blaydon Red Kites,NIL,Nil,Nil,,0.0,14.25,0,1
6488,Rosebuds Events,NIL,Nil,Nil,,0.0,68.5,0,2
649,Wim Leavers 2018,NIL,Nil,Nil,,0.0,213.67,0,1
6494,South Brent Amateur Dramatic Society,NIL,Nil,Nil,,0.0,0.0,0,1
6496,Holme Grange PAA OLD,NIL,Nil,Nil,,0.0,1592.39,0,3
65,Hawthorn Press,NIL,Nil,Nil,,0.0,40.74,0,2
650,Genesis Trust Bath,Tier 3,Tier 5,Tier 5,55.29,47.25,303.63,63,3
6501,Ryan123,NIL,Nil,Nil,,0.0,1.0,0,1
6504,Wild Rabbit Interiors Ltd,Tier 3,Tier 5,Tier 5,61.2,29.25,297.71,54,3
6505,UK LORRAINE test account,NIL,Nil,Nil,,0.0,0.0,0,2
6508,The Milestone Big Band,Tier 3,Tier 4,Tier 4,43.78,77.5,526.93,66,4
6509,Surrey County ASA,NIL,Nil,Nil,,0.0,230.12,0,1
6510,Ampthill Mayors Charity,Tier 3,Tier 4,Tier 4,43.76,96.58,270.08,149,5
6511,PGE Awards UK,NIL,Nil,Nil,,0.0,8.58,0,1
6514,Eccleshall Community Amateur Dramatics,Tier 4,Tier 3,Tier 4,26.92,207.17,798.04,321,5
6520,LozzFest,NIL,Nil,Nil,,0.0,0.0,0,1
6523,St Wilfrid`s,NIL,Nil,Nil,,0.0,71.18,0,1
6527,New Friends of Ashville,NIL,Nil,Nil,,1.0,440.87,6,4
653,Business @ Rovers,Tier 3,Free,Free,,0.0,9.63,308,6
6531,The Warrington School of Dance,Tier 4,Tier 3,Tier 3,18.48,373.96,1376.54,608,4
6532,PTA of Milton Road Primary School,Tier 4,Tier 3,Tier 3,18.07,380.08,1174.89,1350,5
6552,Festive Freedom,NIL,Nil,Nil,,0.0,63.25,0,1
6553,Park Farm,NIL,Nil,Nil,,0.0,0.0,0,2
6554,Herts & Soul Community Choir,Tier 3,Tier 4,Tier 4,38.98,129.46,301.01,221,5
6555,God for All  Digital Support,NIL,Nil,Nil,,0.0,0.0,0,1
6558,Queen Anne's School,Tier 4,Tier 3,Tier 3,25.67,238.12,751.54,1181,5
656,Roots of Life Events,Tier 4,Tier 3,Tier 4,27.01,258.65,486.3,717,5
6560,FOGS - Pre Prep,Tier 3,Tier 4,Tier 4,45.08,75.17,391.75,173,5
6562,llove,NIL,Nil,Nil,,0.0,0.67,0,1
6570,Burrow Events,Tier 4,Tier 3,Tier 3,25.66,247.5,825.71,367,4
6573,klovi event,NIL,Nil,Nil,,0.0,0.0,0,1
6576,St Helen's School Performances,High Value,Tier 3,Tier 3,25.89,242.92,703.92,2423,5
6577,Admissions Holmewood House,NIL,Nil,Nil,,0.0,0.0,0,1
6579,Bancroft's School,Key Account,Tier 2,Tier 2,6.6,1392.92,2962.23,6508,5
658,MBC,NIL,Nil,Nil,,0.0,0.13,0,1
6581,St Mary’s School Association,Tier 3,Tier 4,Tier 4,47.96,108.98,135.56,335,4
6582,Hightown St Mary's Cricket Club,Tier 4,Tier 2,Tier 2,10.83,766.67,2734.38,1789,4
6583,noudel,NIL,Nil,Nil,,0.0,0.0,0,1
6587,Spanglish In The City,NIL,Nil,Nil,,0.0,56.25,0,2
659,International Culture and Arts Exchange London,NIL,Nil,Nil,,0.0,348.21,0,1
6591,Huntingdon Male Voices,Tier 2,Tier 5,Tier 5,69.85,23.75,100.25,38,4
6596,Colne Delta Music,Tier 4,Tier 3,Tier 3,13.86,509.71,1678.75,686,5
6598,Pitsford School,Tier 4,Tier 3,Tier 3,21.4,287.02,1083.42,556,5
6599,Pippin2018,NIL,Nil,Nil,,0.0,94.87,0,1
66,Merchant Taylors Boys' School,NIL,Nil,Nil,,0.0,0.0,0,5
6600,GRACE,NIL,Nil,Nil,,0.0,108.33,0,1
6602,Civil Service Choir,Tier 3,Tier 5,Tier 5,57.88,35.08,369.78,47,3
6607,St Paul's Girls' School Parents' Guild Arts Society,Tier 4,Tier 3,Tier 3,20.76,252.36,1688.16,157,5
6609,June Le Fevre (BCOS),NIL,Nil,Nil,,0.0,50.71,0,2
661,Account Deleted,NIL,Nil,Nil,,0.0,18.6,0,1
6613,Being In Your Element,NIL,Nil,Nil,,0.0,70.52,0,3
6615,Senior Team,NIL,Nil,Nil,,0.0,232.39,0,2
6616,City of Expertise,NIL,Nil,Nil,,0.0,58.54,0,2
6618,GM2LF Big Local Big Feed,NIL,Nil,Nil,,0.0,0.0,0,1
662,Haberdasher’s Aske’s Old Girls Club,NIL,Nil,Nil,,0.0,11.04,0,1
6620,Caroline Allen,NIL,Nil,Nil,,0.0,25.03,0,3
6621,Cheap Shots,NIL,Nil,Nil,,0.0,48.54,0,1
6622,Quality Time PA Services,NIL,Nil,Nil,,0.0,5.62,0,1
6623,Black Sheep Countryside Management,Tier 2,Tier 5,Tier 5,63.4,35.39,132.81,44,4
6627,Drayton Players,NIL,Nil,Nil,,0.0,29.51,0,3
6628,SMSP,NIL,Nil,Nil,,0.0,60.92,0,1
6629,Wolverhampton SC,High Value,Tier 2,Tier 2,10.47,731.75,2391.38,2202,5
663,The Starlets,Tier 4,Tier 3,Tier 3,13.44,451.93,1932.87,659,7
6634,Walthamstow Hall,High Value,Tier 2,Tier 2,6.65,1044.39,4526.58,3220,5
6636,Horndean Camera Club,NIL,Nil,Nil,,0.0,54.17,0,1
6637,Music Department  Ripley St Thomas,Tier 3,Free,Free,,0.0,423.46,94,4
6638,Leah Mulliner,NIL,Nil,Nil,,0.0,0.62,0,2
664,Gordon's School Development Office,Key Account,Tier 1,Tier 1,1.35,2235.87,14693.41,8207,9
6646,Drama CVMS,Tier 3,Tier 4,Tier 4,47.97,96.88,204.38,188,3
6650,BLENNERHASSET & BAGGROW VILLAGE HALL,NIL,Nil,Nil,,0.0,47.04,0,3
6651,Y5 Prep Parents,NIL,Nil,Nil,,0.0,74.3,0,1
6653,Kathryn Cleary,NIL,Nil,Nil,,0.0,0.0,0,2
6654,Sandiacre Town CC,Tier 4,Tier 3,Tier 3,21.59,358.38,682.1,690,5
6655,MJ's Back to the 70's & 80's,NIL,Nil,Nil,,0.0,0.13,0,1
6657,The Flower Bowl Entertainment Centre,NIL,Nil,Nil,,0.0,29.71,0,1
6658,South Brent Amateur Dramatic Society,NIL,Nil,Nil,,0.0,0.0,0,1
6659,Worcester Community Trust,NIL,Nil,Nil,,0.0,145.89,0,2
666,Family Business United,NIL,Nil,Nil,,0.0,63.75,0,2
6660,Oya Tabag,NIL,Nil,Nil,,0.0,100.0,0,1
6661,SarahAfram0411,NIL,Nil,Nil,,0.0,4.67,0,1
6665,Caerau Ely Sports Trust,Tier 4,Tier 3,Tier 3,19.16,399.96,1372.54,1288,3
6666,Channing0,NIL,Nil,Nil,,0.0,177.21,0,1
6668,Chippenham World Scout Jamboree Group,NIL,Nil,Nil,,0.0,42.17,0,2
6675,Rowsley Panto,NIL,Nil,Nil,,0.0,101.58,0,2
6676,Stourport Baptist Church,NIL,Nil,Nil,,0.0,33.46,0,2
6678,Yann Fayad,NIL,Nil,Nil,,0.0,132.71,0,2
6681,Whitgift Charities Committee,Tier 3,Tier 4,Tier 4,35.02,149.58,482.0,359,4
6683,Icknield Primary School,NIL,Nil,Nil,,0.0,0.0,0,2
6687,Porthtowan Village  hall,Tier 1,Tier 5,Tier 5,82.62,6.0,50.13,18,4
6692,Stadium Experience,NIL,Nil,Nil,,0.0,0.0,0,1
6693,Putney High School,High Value,Tier 2,Tier 2,9.01,859.63,2857.75,2911,5
6695,Marshmallow Dreams Cafe,Tier 2,Tier 5,Tier 5,61.06,39.62,152.75,85,4
6697,Old Bancroftians' Association,Tier 3,Tier 4,Tier 4,34.41,166.41,377.24,84,5
67,Synergia Coaching,NIL,Nil,Nil,,0.0,262.28,0,2
670,LEAF (OPEN FARM SUNDAY),NIL,Nil,Nil,,0.0,12.08,0,3
6704,SENstation,NIL,Nil,Nil,,0.0,181.9,0,2
6705,Newry City Tours,NIL,Nil,Nil,,0.0,5.25,0,1
671,Marr Musical Theatre,NIL,Nil,Nil,,0.0,335.62,0,2
6710,Laudamus Chamber Choir,NIL,Nil,Nil,,0.0,29.92,0,2
6712,Hampstead Chorus,Tier 4,Tier 3,Tier 3,20.09,306.71,1185.25,344,5
6713,RGS Guildford Events,Key Account,Tier 2,Tier 2,9.55,829.92,2503.67,5572,5
6714,Long Eaton RFC,NIL,Nil,Nil,,0.0,531.63,0,3
6715,Ashford Concert Band,Tier 2,Tier 5,Tier 5,70.18,20.54,113.33,36,4
672,Pick Everard,NIL,Nil,Nil,,0.0,142.96,0,2
6723,Brynnau Primary PTA,NIL,Nil,Nil,,0.0,137.5,0,3
673,Neil Dennis,NIL,Nil,Nil,,0.0,4.0,0,3
6737,The AMC,NIL,Nil,Nil,,0.0,57.25,0,2
676,Ampleforth Abbey Trading Ltd,High Value,Tier 2,Tier 2,4.85,1891.31,3974.39,242,5
677,Uncle Henry's,NIL,Nil,Nil,,0.0,4.0,0,2
6777,PiBlu Technologies Limited,Tier 4,Tier 3,Tier 4,24.22,250.95,858.64,174,5
6778,The Fellside Flower Company,Tier 3,Tier 4,Tier 4,40.62,144.42,222.88,79,4
678,NORTHFIELD FARM,NIL,Nil,Nil,,0.0,0.0,0,3
6782,Michael wells,NIL,Nil,Nil,,0.0,9.0,0,1
6784,The Stage Bloxburg,NIL,Nil,Nil,,0.0,0.0,0,1
6785,Ss Aidan & Oswald's RC Sacramental Programme,NIL,Nil,Nil,,0.0,0.0,0,2
6787,Sherborne School (Leisure) Ltd (STR),Tier 3,Tier 4,Tier 4,42.76,83.75,625.62,139,3
6789,Preston Cecilian Choral Society,Tier 2,Tier 5,Tier 5,67.29,32.29,79.25,44,5
679,HH Corbett & Son Rectory Farm  Epwell,NIL,Nil,Nil,,0.0,0.0,0,1
6796,Hingham Bowmen,Tier 3,Tier 4,Tier 4,48.69,71.08,255.58,124,5
6797,Pebbles & Treasures,Tier 4,Tier 3,Tier 4,24.7,236.56,932.87,417,5
68,MTGS Admissions,NIL,Nil,Nil,,0.0,437.42,0,5
680,Cockerham Goats,NIL,Nil,Nil,,0.0,0.0,0,1
6800,Sheela Hobden,NIL,Nil,Nil,,0.0,9.54,0,1
6805,Towcester Young Farmers,Tier 2,Tier 5,Tier 5,61.37,49.83,117.46,102,3
6809,HMVCG,Tier 2,Tier 5,Tier 5,70.48,17.58,112.78,41,5
6810,New Dance Scopes,NIL,Nil,Nil,,0.0,0.0,0,1
6812,marlena kotzknecht,NIL,Nil,Nil,,9.0,109.92,3,3
6818,Diazo Cosmetics,NIL,Nil,Nil,,0.0,44.0,0,2
6819,Christmas Doo,NIL,Nil,Nil,,0.0,0.0,0,3
6820,Bombast34,NIL,Nil,Nil,,0.0,0.0,0,1
6821,Gateways Parents & Friends Association,Tier 2,Tier 5,Tier 5,56.45,53.96,168.33,25,4
6822,Stonyhurst College,NIL,Nil,Nil,,0.0,0.0,0,1
6827,Semley Village Hall Club 2,Tier 2,Tier 5,Tier 5,57.58,37.67,237.46,86,5
683,BLACKBIRD FARMING,NIL,Nil,Nil,,0.0,0.0,0,1
6831,Creative Image Studio,NIL,Nil,Nil,,0.0,512.53,0,4
6833,LinPetryNutrition,NIL,Nil,Nil,,0.0,21.21,0,2
6835,Galloway's,NIL,Nil,Nil,,0.0,149.72,0,4
6837,Noel Baker Academy,NIL,Nil,Nil,,0.0,543.17,0,1
684,MARR COLLEGE OPEN DAY,NIL,Nil,Nil,,0.0,2.54,0,1
6842,Jeremy Shires,NIL,Nil,Nil,,0.0,194.21,0,3
6844,Young Bristol,NIL,Nil,Nil,,0.0,76.71,0,2
6845,St Leonards Drama Department,NIL,Nil,Nil,,0.0,0.0,0,3
6846,All Saints Primary School PTA,Tier 4,Tier 4,Tier 4,30.18,210.14,444.43,811,5
6848,Oxford Plastic Surgery Consultants Club,NIL,Nil,Nil,,0.0,33.0,0,2
6849,Trojan Explosion,Tier 3,Tier 4,Tier 5,48.24,80.71,240.77,149,4
685,Nonington Farms,NIL,Nil,Nil,,0.0,0.0,0,1
6850,St Augustine’s Events,Tier 3,Tier 4,Tier 4,33.21,201.17,302.72,184,5
6852,SWPS,NIL,Nil,Nil,,0.0,111.96,0,4
6853,Rotary in Alloway,NIL,Nil,Nil,,0.0,114.58,0,1
6855,Cumbria Opera Group,Tier 4,Tier 2,Tier 3,10.39,1037.75,1757.5,1078,4
6856,Pit Farm Tennis Club,NIL,Nil,Nil,,0.0,96.5,0,2
6857,Avon Scouts Hillwalking Unit,NIL,Nil,Nil,,0.0,0.0,0,1
6859,Account Deleted,NIL,Nil,Nil,,0.0,81.67,0,2
686,St Paul's Juniors Parents Group,NIL,Nil,Nil,,0.0,379.71,0,2
6861,Excelsior Academy,Tier 3,Tier 5,Tier 5,51.12,54.46,368.17,247,4
6866,dummy,NIL,Nil,Nil,,0.0,0.0,0,1
6867,Trust House Lancs,NIL,Nil,Nil,,0.0,158.59,0,2
687,Corra Foundation,NIL,Nil,Nil,,0.0,0.0,0,1
6871,Grimsby Auditorium (LIVE),NIL,Nil,Nil,,0.0,0.0,0,1
6873,The Stormont Parents' Association,Tier 4,Tier 3,Tier 3,18.06,339.33,1473.37,1110,5
6874,MHSF Development Office,NIL,Nil,Nil,,0.0,399.75,0,3
6876,Anya Abdulakh,NIL,Nil,Nil,,0.0,107.5,0,2
6877,Ferry Blend,Tier 3,Tier 5,Tier 5,55.62,50.71,201.67,125,4
6878,Mark Lively,NIL,Nil,Nil,,0.0,198.63,0,2
6879,BCU Pakistan Society,NIL,Nil,Nil,,0.0,65.42,0,1
688,1st Malden Scouts,NIL,Nil,Nil,,0.0,3.11,0,1
6883,FOYM,Tier 3,Tier 4,Tier 4,45.97,71.17,452.43,188,4
6886,ava gallery,NIL,Nil,Nil,,0.0,16.13,0,1
6888,S9 Reps,NIL,Nil,Nil,,0.0,37.37,0,1
6889,ESRM Supporters Club,NIL,Nil,Nil,,0.0,120.5,0,2
6891,TR Owners Club Ltd t/a TR Register,NIL,Nil,Nil,,0.0,5937.1,0,1
6895,Sittingbourne FC,NIL,Nil,Nil,,0.0,642.54,0,2
6899,St Andrews Coastal Rowing Club,NIL,Nil,Nil,,0.0,0.0,0,1
69,Merchant Taylors Girls School,NIL,Nil,Nil,,0.0,15.08,0,2
690,Bird College Graduation Ball,NIL,Nil,Nil,,0.0,430.33,0,1
6900,Cumbria Rural Academy CIC,Tier 4,Tier 4,Tier 4,29.19,164.92,922.83,270,5
6902,St Margaret's School,High Value,Tier 3,Tier 3,14.71,488.03,1531.71,2530,5
6906,North East VA Conference,NIL,Nil,Nil,,5.13,256.0,1,4
6908,Oak Grove College,Tier 4,Tier 3,Tier 3,23.83,271.82,790.11,821,5
691,GWC93,NIL,Nil,Nil,,0.0,56.38,0,1
6911,Leavenheath Events,NIL,Nil,Nil,,0.0,2.63,0,1
6913,Oakwood,NIL,Nil,Nil,,0.0,0.0,0,1
6914,Marie Curie Scotland,Tier 4,Tier 3,Tier 4,23.47,288.25,743.29,120,5
6916,Dragon School,High Value,Tier 4,Tier 4,41.2,116.92,266.54,2934,5
6919,Wellbeing at Garon Park,Tier 4,Tier 4,Tier 4,27.48,174.96,1300.01,586,4
6920,Creative Creations Essex,NIL,Nil,Nil,,0.0,20.71,0,1
6921,Kirkby Lonsdale CIC,NIL,Nil,Nil,,0.0,0.0,0,1
6923,Stagecoach Market Harborough,NIL,Nil,Nil,,0.0,72.0,0,1
6924,GrapeFriends,NIL,Nil,Nil,,0.0,12.08,0,1
6927,HSTAR Scotland (SC051334),NIL,Nil,Nil,,0.0,0.29,0,1
6928,Halton Farnworth Hornets,NIL,Nil,Nil,,0.0,36.5,0,1
6933,MAD Group Malborough,Tier 4,Tier 2,Tier 2,7.22,1057.63,3472.75,1927,5
6934,LCDP,Tier 3,Tier 4,Tier 4,40.66,108.54,398.06,119,4
6936,Carnforth Town Council,Tier 4,Tier 3,Tier 4,26.21,247.08,625.84,924,5
6937,RestoreYou / WhatsEatingYou,NIL,Nil,Nil,,0.0,57.71,0,2
6938,RSPCA Westmorland Branch,Tier 4,Tier 3,Tier 3,22.39,284.22,1122.81,454,4
6941,Aldwickbury School,Tier 4,Tier 4,Tier 4,28.91,209.52,544.12,645,5
6942,Oysterboat Terror,NIL,Nil,Nil,,0.0,0.0,0,1
6947,Planet Phizzog,NIL,Nil,Nil,,0.0,148.0,0,2
695,Nottingham Chamber Music Festival,Tier 3,Tier 4,Tier 4,29.92,147.08,837.84,217,8
6951,Seafordheadschool,Tier 4,Tier 3,Tier 3,12.62,602.37,1746.21,1044,5
6956,Jane's Training Dashboard,NIL,Nil,Nil,,0.0,0.62,0,2
6957,The Cookery School at MSJ,NIL,Nil,Nil,,0.0,72.23,0,2
6958,Raise Events,NIL,Nil,Nil,,0.0,92.5,0,2
6960,Scout Adventures,NIL,Nil,Nil,,0.0,0.0,0,1
6961,Chase Swimming Club,NIL,Nil,Nil,,0.0,535.43,0,3
6965,Hurlingham School,NIL,Nil,Nil,,0.0,0.0,0,2
6967,Kendal Rocks,NIL,Nil,Nil,,0.0,386.98,0,4
6968,King's House Nursery,Tier 3,Free,Free,,0.0,0.0,218,5
697,River Croft - Open Farm Sunday 2018,NIL,Nil,Nil,,0.0,0.0,0,2
6971,Raise your Voice,NIL,Nil,Nil,,0.0,177.75,0,2
6972,Hexham Holiday Club,Tier 3,Free,Free,,0.0,0.0,130,5
6973,VIP Travel Team,Tier 4,Tier 2,Tier 3,10.27,923.88,1601.88,328,5
6976,Year 7 class of 2029,NIL,Nil,Nil,,0.0,96.08,0,2
6979,The Aidan Woodcock Charitable Trust,Tier 4,Tier 5,Tier 5,51.91,64.15,198.32,717,5
6981,Finton House School,NIL,Nil,Nil,,0.0,0.0,0,2
6987,Harrow School Enterprises Ltd,NIL,Nil,Nil,,0.0,0.0,0,3
6988,Rushden Academy,Tier 4,Tier 2,Tier 3,11.71,666.71,1932.62,1760,5
6993,Halliford School,Tier 4,Tier 2,Tier 2,7.54,1050.72,3107.93,1782,5
6997,La Di Da Society,High Value,Tier 2,Tier 2,6.95,1249.58,4407.35,1984,4
6999,League Nzango Sport UK,NIL,Nil,Nil,,0.0,2.71,0,2
7,Sedbergh School Foundation,Tier 4,Tier 2,Tier 3,9.58,522.12,3609.94,147,13
70,Positive Schools,NIL,Nil,Nil,,0.0,13.32,0,1
700,Countess of Brecknock Hospice Trust,Tier 3,Tier 4,Tier 4,28.53,153.92,958.74,365,8
7000,Dimension Creative,NIL,Nil,Nil,,0.0,0.0,0,1
7002,Bowness Bay Brewing,NIL,Nil,Nil,,0.0,283.5,0,3
7005,Sherborne School (STR),NIL,Nil,Nil,,0.0,357.5,0,2
7006,Sherborne School (Trading) Ltd (STR),Tier 3,Tier 4,Tier 4,43.98,117.5,200.62,193,4
7008,Laura Gibson,Tier 2,Free,Free,,0.0,22.38,122,3
7009,THMSF,NIL,Nil,Nil,,0.0,42.5,0,1
7011,Little Common school,Tier 3,Tier 5,Tier 5,67.55,12.0,370.37,49,3
7012,Marple Hall School,NIL,Nil,Nil,,0.0,124.08,0,2
7016,Ellen Wilkinson School,Tier 3,Tier 5,Tier 5,56.57,82.37,113.96,237,2
702,The Treatment Space,NIL,Nil,Nil,,0.0,2.71,0,1
7020,Sandy Secondary School,Tier 4,Tier 3,Tier 3,18.89,355.67,1125.57,945,5
7024,61st Croydon Scouts,Tier 2,Tier 5,Tier 5,64.53,41.27,108.73,86,3
703,Felcourt Farm,Tier 4,Free,Free,,0.0,0.0,449,3
7039,St. Joseph's Catholic Primary School,NIL,Nil,Nil,,0.0,0.0,0,3
704,The MintWorks,NIL,Nil,Nil,,0.0,0.0,0,1
7042,Unique Ladies South Lakes,NIL,Nil,Nil,,0.0,196.79,0,4
7044,St Paul's CE Primary School,Tier 4,Tier 3,Tier 3,15.53,440.31,1516.54,1420,5
7047,Abha Agarwal,NIL,Nil,Nil,,0.0,8.0,0,1
705,Asney Park Farm,NIL,Nil,Nil,,0.0,0.0,0,1
7054,Mainspring!,Tier 2,Tier 5,Tier 5,59.08,50.62,112.5,81,5
7055,Eastwick Schools,Tier 4,Free,Free,,0.0,0.0,1963,5
7057,Amnesty Central England,NIL,Nil,Nil,,0.0,41.17,0,2
7059,Grasmere Players,Tier 3,Tier 4,Tier 4,33.56,157.62,472.88,273,5
706,Dramarama,NIL,Nil,Nil,,0.0,55.47,0,1
7062,The Park Garden Trail,Tier 4,Tier 3,Tier 3,14.73,765.64,2219.01,1851,2
7064,Mill Hill School - Tom's Tours and Talks,Tier 3,Free,Free,,0.0,0.0,293,4
7065,PrimaGrand 2022,NIL,Nil,Nil,,0.0,52.17,0,1
7066,Kingswood Pantomime,NIL,Nil,Nil,,0.0,85.25,0,1
7067,The Scrapyard Fighting Championship,NIL,Nil,Nil,,0.0,0.33,0,1
7068,The Utopia Frequency,Tier 3,Tier 4,Tier 4,30.12,179.38,621.88,286,5
7069,bsh,NIL,Nil,Nil,,0.0,0.0,0,2
707,Isle of Man Wind Orchestra,NIL,Nil,Nil,,0.0,61.02,0,3
7070,Merton Junior School,NIL,Nil,Nil,,0.0,0.0,0,1
7076,Account Deleted,NIL,Nil,Nil,,0.0,24.21,0,2
708,Goose Meadow Farming Limited,NIL,Nil,Nil,,0.0,0.0,0,1
7080,Sutton High School GDST,High Value,Tier 2,Tier 2,10.81,820.08,2293.92,4785,4
7081,Liam Munro,NIL,Nil,Nil,,0.0,53.83,0,2
709,Digital Lancashire,NIL,Nil,Nil,,0.0,0.0,0,1
7090,Bancroft's School,NIL,Nil,Nil,,0.0,0.0,0,1
7094,Megacon Carlisle,Tier 3,Tier 5,Tier 5,53.65,66.12,199.98,185,3
7096,Carry Hornby,NIL,Nil,Nil,,0.0,0.5,0,1
7099,Raphael Kaye,NIL,Nil,Nil,,0.0,0.0,0,1
71,Radiopedia Events,NIL,Nil,Nil,,0.0,424.62,0,3
7101,Vinehall Boarding,Tier 1,Free,Free,,0.0,0.0,20,4
7104,Phoenix Railway Club,Tier 3,Tier 4,Tier 4,48.42,64.79,385.07,278,4
7109,Mill Hill School Drama Department ,High Value,Tier 5,Tier 5,61.15,61.67,61.67,2393,5
711,Islwyn High School - Beauty and the Beast,NIL,Nil,Nil,,0.0,337.65,0,2
7111,Royal Russell School,Tier 4,Free,Free,,0.0,0.0,1275,5
7115,TheValleySchoolsTrustBookings,NIL,Nil,Nil,,0.0,0.0,0,1
7117,Titan Fitness - Kids & Teens,NIL,Nil,Nil,,0.0,0.0,0,1
7124,Reddiford School,NIL,Nil,Nil,,0.0,0.0,0,1
7126,The Old Bank,Tier 3,Tier 4,Tier 4,38.39,137.6,341.6,207,4
7127,Reading School Parent Association,Tier 3,Tier 4,Tier 4,36.41,133.0,413.96,405,5
7128,Inverness Athletic Football Club,NIL,Nil,Nil,,0.0,202.42,0,2
7130,Irlam Vale AFC,Tier 3,Tier 5,Tier 5,64.66,24.45,231.08,339,3
7133,Tetyana Zahrebelna,NIL,Nil,Nil,,0.0,83.21,0,2
7136,Bournemouth Writing Festival,Tier 4,Tier 3,Tier 3,15.39,429.88,1629.11,288,5
7139,NWEEG,Tier 3,Tier 5,Tier 5,69.28,28.67,82.92,233,4
7140,NCRW,NIL,Nil,Nil,,0.0,2.37,0,1
7149,Friends of HWCE School,Tier 3,Tier 4,Tier 4,43.18,98.68,334.6,351,4
7154,Mountain Services,NIL,Nil,Nil,,7.62,152.0,1,3
7158,UK & Ireland Events LTD,NIL,Nil,Nil,,0.0,348.25,0,2
7159,Gosford Hill School,Tier 2,Free,Free,,0.0,0.0,100,4
7161,Space 2 Talk,Tier 3,Tier 5,Tier 5,59.93,36.73,174.47,240,5
7171,Lakeland Store Windermere,NIL,Nil,Nil,,0.0,0.0,0,1
7173,Stine hospitality Ltd @Stockyard,NIL,Nil,Nil,,0.0,135.88,0,2
7174,The Libertine,NIL,Nil,Nil,,0.0,25.46,0,1
7176,FYA Festival,NIL,Nil,Nil,,0.0,939.46,0,1
7181,Marie Curie Research Conference 2023,NIL,Nil,Nil,,0.0,67.37,0,2
7183,Simply Ballroom,Tier 4,Tier 4,Tier 4,29.92,163.52,812.15,97,5
7189,North Devon Homes,Tier 4,Free,Free,,0.0,0.0,1013,4
719,Ric Caunce,NIL,Nil,Nil,,0.0,75.0,0,4
7198,Hidden Treasure Ltd,NIL,Nil,Nil,,0.0,2.21,0,2
72,Haberdashers' School for Girls Box Office,High Value,Tier 1,Tier 2,3.6,1151.37,6936.45,3634,11
720,Colyton Grammar School Parents' Association,NIL,Nil,Nil,,0.0,26.82,0,1
7206,The Walker Ground,NIL,Nil,Nil,,0.0,63.92,0,1
721,Role,NIL,Nil,Nil,,0.0,34.04,7,4
7215,Iain Floyd,Tier 2,Tier 5,Tier 5,74.95,18.04,69.0,37,4
722,Furbabies First Aid,NIL,Nil,Nil,,0.0,165.33,0,3
7221,Scarborough College,High Value,Tier 2,Tier 2,5.79,1542.31,5025.58,3969,4
7225,Pathhead Christmas Lights,Tier 3,Tier 4,Tier 4,31.69,183.69,525.52,306,4
7226,Amnesty UK,NIL,Nil,Nil,,0.0,6.29,0,1
7227,Leeds University RL OBOG,Tier 3,Tier 3,Tier 4,26.71,232.04,794.46,118,4
7228,Janet Holt,NIL,Nil,Nil,,0.0,270.21,0,2
7229,York City Baths Club,Tier 3,Tier 5,Tier 5,53.23,63.71,189.92,190,4
723,The Montes Method,NIL,Nil,Nil,,0.0,56.71,0,1
7232,MHS Dance,Tier 3,Tier 4,Tier 4,35.91,152.58,405.53,403,4
7233,Goodwin Talent Agency,NIL,Nil,Nil,,0.0,7.29,0,1
7235,CurrockCC,Tier 3,Tier 4,Tier 4,45.56,72.95,456.28,272,4
7236,Elizabeth Wallis - Outdoor Activities,NIL,Nil,Nil,,0.0,0.0,0,1
7238,Watchtree Nature Reserve,Tier 4,Tier 3,Tier 3,17.6,381.88,1623.06,511,4
7239,Keith Partridge,Tier 3,Tier 4,Tier 4,44.25,79.87,460.15,220,4
724,JRB Wilson & Sons,NIL,Nil,Nil,,0.0,0.0,0,1
7240,RamJam Promotions,NIL,Nil,Nil,,0.0,12.65,0,1
7244,MarchesMusical,Tier 4,Tier 3,Tier 3,21.56,295.83,1169.08,724,4
7245,The Hertfordshire Event Planners,NIL,Nil,Nil,,0.0,14.67,0,1
725,Understanding Animals,Tier 4,Tier 3,Tier 3,20.18,236.66,1682.37,95,9
7251,Heathers  Northampton.,NIL,Nil,Nil,,0.0,0.0,0,2
7252,Douai Society,Tier 3,Tier 5,Tier 5,55.44,45.92,317.79,19,3
7253,Bexley Grammar School,Tier 4,Tier 2,Tier 2,9.59,886.26,3051.11,2145,4
726,Rebel King Promotions,NIL,Nil,Nil,,0.0,1648.6,0,4
7260,maid in scotland,NIL,Nil,Nil,,0.0,4.87,0,1
7262,Bernadine Soul School Of Dance,Tier 4,Tier 2,Tier 2,11.82,681.28,2514.71,797,4
7265,Destination Coventry,NIL,Nil,Nil,,0.0,0.0,0,2
7266,AF Events,NIL,Nil,Nil,,0.0,344.17,0,1
7268,Penelope Silver - The Reiki One,NIL,Nil,Nil,,11.5,11.5,4,1
727,Churches Conservation Trust Lancaster Priory Concert,NIL,Nil,Nil,,0.0,4.54,0,1
7272,Ysgol Llanfyllin,NIL,Nil,Nil,,0.0,223.54,0,1
7273,Langmere Lamb,Tier 3,Tier 4,Tier 4,49.83,89.38,181.92,264,3
7274,Caroline Butler School of Dance,NIL,Nil,Nil,,0.0,330.62,0,2
7275,Jaguar Spares Day,NIL,Nil,Nil,,0.0,238.78,0,1
7277,Pop Up Learning,NIL,Nil,Nil,,0.0,54.21,0,1
7278,Sabiha Bari,NIL,Nil,Nil,,0.0,0.0,0,1
728,SPJ Parents Group,NIL,Nil,Nil,,0.0,209.58,0,2
7280,Brushwood PTA,NIL,Nil,Nil,,0.0,230.33,0,1
7282,Caerau Ely Afc,Tier 4,Tier 4,Tier 4,30.57,237.21,490.81,671,3
7283,New Family Social,Tier 4,Tier 3,Tier 3,17.49,412.5,1376.25,645,4
7284,Bartholomew Players,Tier 4,Tier 3,Tier 3,24.12,292.46,745.92,412,4
7286,Thames Valley HOG,Tier 3,Free,Free,,0.0,414.75,303,4
7289,Upper Dales Community Partnership t/a Little White Bus,Tier 4,Tier 3,Tier 3,17.29,496.07,1063.08,1054,4
729,Nottingham High Infant & Junior School,NIL,Nil,Nil,,0.0,11.96,0,3
7291,King Solomon High School,NIL,Nil,Nil,,0.0,0.25,0,1
7293,Anglican Network in Europe,NIL,Nil,Nil,,0.0,0.0,0,2
7299,St Andrews PTA,NIL,Nil,Nil,,0.0,433.81,0,2
73,Cedars Theatre Company,NIL,Nil,Nil,,0.0,19.58,0,1
730,Westfield Farm - Open Farm,NIL,Nil,Nil,,0.0,0.0,0,3
7301,Doggy Adventures Ltd,Tier 2,Tier 5,Tier 5,68.0,24.71,140.54,11,3
7303,Joanna Gilbert,NIL,Nil,Nil,,0.0,952.62,0,2
7305,Girlguiding,Tier 2,Free,Free,,0.0,0.0,79,3
7308,Alienor,NIL,Nil,Nil,,0.0,0.0,0,1
731,Trek And Tuck,NIL,Nil,Nil,,0.0,18.37,0,2
7310,Blackburn & Darwen Band,Tier 4,Tier 4,Tier 4,27.15,212.27,860.27,679,4
7311,Thatplannergirl,NIL,Nil,Nil,,0.0,81.46,0,1
7314,Save Ruskin's View,NIL,Nil,Nil,,0.0,382.83,0,2
7315,RSUK,NIL,Nil,Nil,,0.0,5.0,0,1
7317,Centre for the New Midlands,Tier 4,Tier 4,Tier 4,47.8,102.5,158.75,1101,4
732,Barnwell School Expressive Arts,Tier 4,Tier 3,Tier 3,15.74,401.98,1277.66,1117,8
7320,North Yorkshire Rope,NIL,Nil,Nil,,0.0,177.43,0,2
7322,Table Tennis,Tier 4,Tier 3,Tier 3,17.53,455.05,1166.24,1032,4
7325,Account Deleted,NIL,Nil,Nil,,0.0,803.37,0,1
7326,Shrewsbury House Association,NIL,Nil,Nil,,0.0,93.28,0,1
7328,Brentwood School,Key Account,Tier 2,Tier 2,4.97,1940.58,6001.66,6427,4
7329,Penguin Events,NIL,Nil,Nil,,0.0,789.46,0,1
7330,Canterbury Cider,Tier 2,Tier 5,Tier 5,73.19,17.5,91.12,32,4
7331,Farringtons Parents Association,NIL,Nil,Nil,,0.0,36.75,0,1
7333,Creation Mill CIC,NIL,Nil,Nil,,0.0,5.54,0,1
7336,Kelmarsh Hall,Tier 3,Tier 5,Tier 5,50.93,35.25,1194.46,148,3
7337,Supper by sanah,NIL,Nil,Nil,,0.0,3.25,0,1
734,Whole In 1 Golf Events,NIL,Nil,Nil,,0.0,0.0,0,1
7340,Scotland's Gardens scheme,Tier 4,Tier 2,Tier 2,11.84,534.16,3985.44,1448,4
7343,The Works Cycling Specialist,NIL,Nil,Nil,,0.0,0.0,0,1
7346,Helen Sayer,NIL,Nil,Nil,,0.0,70.21,0,1
7350,Friends of St Andrew's School,NIL,Nil,Nil,,0.0,82.04,0,2
7353,Downside School,Tier 4,Tier 3,Tier 3,18.03,482.22,979.85,1007,4
7356,West Buckland School PA,Tier 2,Tier 5,Tier 5,65.69,34.0,126.67,17,3
7357,Dolly Tribute Night,NIL,Nil,Nil,,0.0,88.17,0,1
7358,Sally Holden,NIL,Nil,Nil,,0.0,0.0,0,2
7359,Dunottar School PTA,Tier 3,Tier 4,Tier 4,27.25,194.22,1026.52,349,4
736,Year 7 leavers party,NIL,Nil,Nil,,0.0,10.83,0,1
7365,Keswick Half Marathon,Tier 4,Tier 2,Tier 2,11.75,794.13,2909.85,711,3
7366,campervan66,Tier 4,Tier 3,Tier 3,12.82,597.17,2354.88,487,4
7370,Rawstorne Singers,Tier 1,Tier 5,Tier 5,78.03,15.46,53.46,17,4
7372,St Piran's Society,Tier 4,Tier 2,Tier 2,9.45,925.0,2883.75,1680,4
7373,FOSS,NIL,Nil,Nil,,0.0,27.33,0,1
7374,The Millie Wright Children's Charity,Tier 3,Tier 4,Tier 4,37.28,121.83,514.94,190,4
7375,Stafford Grammar School,NIL,Nil,Nil,,0.0,0.0,0,1
7378,Marathi Mandal Reading,NIL,Nil,Nil,,0.0,0.0,0,1
7379,Sort Your Shizzle Out Support Group,NIL,Nil,Nil,,0.0,3.79,0,1
738,Saltburn Inspired,Tier 4,Tier 3,Tier 3,22.96,336.18,723.07,631,4
7381,Amnesty Reading,NIL,Nil,Nil,,0.0,42.0,0,1
7383,Lancashire Music Service,High Value,Tier 2,Tier 2,8.34,1445.2,2214.52,3955,4
7387,Bolton Lads & Girls Club,Tier 4,Tier 3,Tier 3,25.18,289.38,646.42,403,4
7389,Salesian College,Tier 4,Tier 3,Tier 3,25.57,237.12,947.21,1559,4
7394,GASS,NIL,Nil,Nil,,0.0,19.67,0,1
7395,Headteacherchat,Tier 4,Tier 5,Tier 5,61.33,68.12,68.12,797,3
7396,The Toy Club,NIL,Nil,Nil,,0.0,31.43,0,1
7398,Experience Guildford,Tier 1,Free,Free,,0.0,0.0,18,3
7399,Wigan Council,High Value,Tier 2,Tier 2,11.44,869.98,1688.81,2396,4
74,Threedumb Theatre,NIL,Nil,Nil,,0.0,40.96,0,2
7400,Christ Church PAFA,Tier 4,Tier 4,Tier 4,27.26,217.57,813.71,502,4
7402,Fiona Pringle,NIL,Nil,Nil,,0.0,0.0,0,1
7404,Friends of Coventry and Warwickshire Youth Orchestra,Tier 3,Tier 4,Tier 4,32.7,193.87,404.22,386,4
7407,Ewen Turner,NIL,Nil,Nil,,0.0,0.0,0,1
7414,Talk Lipoedema,NIL,Nil,Nil,,0.0,101.96,0,3
7415,St Christopher School,NIL,Nil,Nil,,0.0,71.62,0,1
7416,Austin Friars PTA,NIL,Nil,Nil,,0.0,488.29,0,1
7418,Physio & Therapies Ltd,NIL,Nil,Nil,,0.0,29.38,0,1
7419,Cumbrian Treasures,NIL,Nil,Nil,,0.0,1.08,0,1
742,UK Car Scene Shows One Love Charity Meet 2018,NIL,Nil,Nil,,0.0,27.17,0,1
7420,Budleigh Big Cheese,NIL,Nil,Nil,,0.0,69.83,0,1
7422,Harwich & Parkeston,NIL,Nil,Nil,,0.0,109.83,0,1
7425,Connected,Tier 3,Tier 5,Tier 5,70.2,6.25,359.61,10,3
7427,Artemis Gynaecology,NIL,Nil,Nil,,0.0,0.0,0,2
7428,Freelance Credit Control,NIL,Nil,Nil,,0.0,0.0,0,1
7429,Holme Grange PAA,Tier 4,Tier 2,Tier 2,10.89,949.09,2724.63,1361,3
743,Greswold Primary School,NIL,Nil,Nil,,0.0,164.33,0,2
7432,Ratcliffe College Parents Association,Tier 4,Tier 3,Tier 3,20.05,474.42,702.0,1447,4
7433,Canticum Chamber Choir,Tier 3,Tier 3,Tier 4,26.43,182.75,1416.26,242,4
7434,Elemental Adventures CIC,NIL,Nil,Nil,,0.0,4.92,0,1
7435,Wellspring Family Centre,NIL,Nil,Nil,,0.0,19.67,0,1
7436,Morecambe Bay Partnership,Tier 3,Tier 4,Tier 4,34.05,184.88,367.66,389,4
7438,Chiltern Academy School of Performing Arts,NIL,Nil,Nil,,0.0,86.65,0,2
7443,RGSW Careers,Tier 4,Free,Free,,0.0,0.0,661,3
7444,Account Deleted,NIL,Nil,Nil,,0.0,0.0,0,1
7445,The Moon on a Stick Ltd,NIL,Nil,Nil,,0.0,3.75,0,1
7447,SMUS-SPS Homework and GCSE Support Club,NIL,Nil,Nil,,0.0,0.0,0,1
745,London Gay Men's Chorus,NIL,Nil,Nil,,0.0,7750.17,0,5
7452,Friends of Wrekin College,Tier 3,Tier 4,Tier 4,43.31,107.5,268.75,172,4
7455,FACT GROUP,High Value,Tier 2,Tier 2,8.8,1085.15,2728.02,3221,4
746,Reed's School Music Dept,Tier 4,Tier 3,Tier 3,20.46,328.83,739.04,880,9
7461,Adore Dance London,Tier 4,Tier 3,Tier 3,20.37,530.0,706.88,846,3
7467,Kendal Cycling Festival,Tier 3,Tier 4,Tier 5,50.51,81.88,166.23,179,4
7468,Guilden Morden PTA,NIL,Nil,Nil,,1.5,46.0,0,3
7470,The Holy Cross School - Performance Tickets,NIL,Nil,Nil,,0.0,443.28,0,2
7473,Dinner at the Roundhouse,NIL,Nil,Nil,,3.75,21.88,6,3
7474,Marie Curie,Tier 3,Free,Free,,0.0,0.0,238,4
7477,Global Light Rail Awards,Tier 2,Tier 5,Tier 5,75.89,25.62,42.5,41,3
7479,Hartpury Open Farm Sunday,Tier 4,Free,Free,,0.0,0.0,1702,2
7484,All Star Regionals,NIL,Nil,Nil,,0.0,9.0,0,1
7485,Emma Forsyth,Tier 3,Tier 5,Tier 5,53.1,39.47,633.3,27,3
7487,MQL STUDIO EVENTS,NIL,Nil,Nil,,0.0,0.0,0,1
7488,Albyn School Parent Association,NIL,Nil,Nil,,21.75,82.37,7,2
7489,Marathi Mandal Reading,Tier 4,Tier 3,Tier 3,15.81,516.08,1314.12,1356,4
7494,Hereford Cathedral School,High Value,Tier 2,Tier 2,8.17,1207.42,2943.92,1563,4
7495,Noel Baker Academy,NIL,Nil,Nil,,0.0,216.21,0,2
7497,Estodent Ltd,NIL,Nil,Nil,,0.0,14.54,0,1
7498,Scot Clb,NIL,Nil,Nil,,0.0,0.58,0,1
7499,Chipperfield Choral Society,Tier 3,Tier 4,Tier 4,39.73,126.88,321.79,387,4
75,Awakenings Events,NIL,Nil,Nil,,0.0,66.5,0,1
750,HHBK Services,NIL,Nil,Nil,,0.0,0.0,0,1
7500,DTA Dogs UK,NIL,Nil,Nil,,0.0,40.79,0,1
7504,St Leonards Summer School,NIL,Nil,Nil,,0.0,131.88,0,2
7506,Gemini Reunion May 2023,NIL,Nil,Nil,,0.0,558.67,0,1
7507,Susan Ryrie Therapies,NIL,Nil,Nil,,0.0,3.88,0,2
7508,Lancaster City Council,Tier 1,Free,Free,,0.0,0.0,31,2
7509,Revitalising Redesdale,NIL,Nil,Nil,,0.0,0.0,0,1
751,Ben Salter,Tier 1,Tier 5,Tier 5,85.78,15.71,22.83,29,2
7510,North West Singing Partnership,NIL,Nil,Nil,,0.0,43.25,0,1
7512,MABY Birmingham,NIL,Nil,Nil,,0.0,69.43,0,1
7517,Charley Roberts,NIL,Nil,Nil,,0.0,19.88,0,1
7519,Willowdene Farm,Tier 4,Free,Free,,0.0,0.0,833,4
7520,4250 Party,NIL,Nil,Nil,,0.0,0.0,0,1
7521,Burton Morewood School,NIL,Nil,Nil,,0.0,52.46,0,1
7525,St Michael's Catholic Primary School,NIL,Nil,Nil,,0.0,0.0,0,1
7527,Friends of St Martin’s,Tier 4,Tier 3,Tier 3,15.43,539.71,1321.83,813,4
7528,FriendsOfDucks,NIL,Nil,Nil,,0.0,57.79,0,1
753,Oakgrove School,Tier 4,Tier 3,Tier 3,22.56,238.05,1021.8,1721,9
7538,University of Roehampton: Primary ITE,NIL,Nil,Nil,,0.0,0.0,0,1
7539,Frances Day,Tier 2,Tier 5,Tier 5,83.58,11.25,26.79,93,4
7540,Netley Marsh School Association,Tier 3,Tier 5,Tier 5,65.76,20.33,255.73,61,3
7545,Penrith Rotary,NIL,Nil,Nil,,0.0,503.62,0,3
7546,The Posh Club ,Key Account,Tier 2,Tier 1,3.94,2819.79,7870.54,5863,4
7547,Marine Park PTA,NIL,Nil,Nil,,0.0,98.79,0,2
7548,Realise HR,NIL,Nil,Nil,,0.0,0.0,0,1
7549,Double H Nurseries Ltd,NIL,Nil,Nil,,0.0,0.0,0,1
7555,Storywheel,NIL,Nil,Nil,,0.0,2.04,0,1
756,Winter Gardens Blackpool,NIL,Nil,Nil,,0.0,811.17,0,1
7560,SJGW Associates Ltd,NIL,Nil,Nil,,0.0,0.0,0,1
7563,Florence Cain,NIL,Nil,Nil,,0.0,57.46,0,1
7565,Chartered Institute of Fundraising Scotland,NIL,Nil,Nil,,0.0,0.0,0,1
7567,Lake District Estates Co Ltd,NIL,Nil,Nil,,0.0,49.54,0,1
7577,The Hospice Hog and Hoedown,NIL,Nil,Nil,,0.0,74.67,0,1
7579,Sam Sutton,NIL,Nil,Nil,,0.0,0.0,0,1
7583,MTS Phab,NIL,Nil,Nil,,0.0,99.87,0,1
7584,Emilia Hewlett,NIL,Nil,Nil,,0.0,37.79,0,1
7586,Riverside Pottery,NIL,Nil,Nil,,0.0,435.46,0,1
7587,Sheila D,NIL,Nil,Nil,,0.0,0.25,7,4
7589,Darussalam Youth,NIL,Nil,Nil,,0.0,335.58,0,1
7594,Jez Nash,NIL,Nil,Nil,,0.0,0.0,0,1
7595,LFA,NIL,Nil,Nil,,0.0,42.12,0,1
7596,Drumburn Ladies,NIL,Nil,Nil,,0.0,104.05,0,2
7597,Dili,NIL,Nil,Nil,,0.0,0.0,0,1
7599,BRIGHT INSIGHT IDEAS,NIL,Nil,Nil,,0.0,0.0,0,1
760,Anna's Travels,NIL,Nil,Nil,,0.0,1.08,0,1
7602,Meraki HR,Tier 3,Tier 5,Tier 5,51.63,99.75,100.17,101,4
7603,East Sussex Community Choir,Tier 3,Tier 4,Tier 4,47.98,74.17,374.08,90,3
7604,Eventurous,Tier 4,Tier 3,Tier 3,25.03,600.96,600.96,762,1
7605,Infinity apartments party pads,NIL,Nil,Nil,,0.0,1.63,0,1
7607,Bluecoat,Tier 4,Tier 2,Tier 2,8.54,1077.27,2982.77,1991,4
7608,Zahra Kamali,NIL,Nil,Nil,,0.0,0.0,0,1
761,Innovation Dance Company,Tier 4,Tier 3,Tier 3,17.2,415.62,1457.17,525,4
7610,Broxtowe Womens Project,Tier 3,Free,Free,,0.0,0.0,370,4
7612,Hoopers Farm/Meadow Flower Co,NIL,Nil,Nil,,0.0,0.0,0,1
7616,Harmony One,NIL,Nil,Nil,,0.0,23.75,0,1
7621,Causeway Neurodiversity,NIL,Nil,Nil,,0.0,26.5,0,1
7625,Regina50*,NIL,Nil,Nil,,0.0,57.13,0,1
7627,Glisky,NIL,Nil,Nil,,0.0,679.49,0,2
7628,Battersea Power Station,NIL,Nil,Nil,,0.0,156.79,0,1
7629,Dame Allan's Schools,High Value,Tier 2,Tier 2,10.37,987.83,1920.98,2417,4
763,Broadland District Council,NIL,Nil,Nil,,0.0,5.77,0,1
7632,Vincent Bruce Fummey,High Value,Tier 2,Tier 2,8.21,1468.33,2250.58,1889,4
7633,LJG Consultancy SoulSwimming,Tier 3,Tier 5,Tier 5,53.72,82.92,107.08,50,4
7636,Kathryn Burgess,NIL,Nil,Nil,,0.0,0.0,0,1
7638,Tia’s Crown,Tier 4,Tier 2,Tier 2,11.0,913.03,1770.77,944,4
7639,Sheffield Hallam Events,NIL,Nil,Nil,,0.0,0.0,0,1
7640,Priory School,Tier 4,Tier 3,Tier 3,26.47,238.1,785.97,1052,4
7641,Midget & Sprite Club,NIL,Nil,Nil,,0.0,112.42,0,1
7649,Bolton Macmillan,NIL,Nil,Nil,,0.0,0.0,0,1
7651,Halton Farms Ltd,NIL,Nil,Nil,,0.0,0.0,0,1
7653,Savvy Style,Tier 3,Tier 4,Tier 4,43.66,81.54,466.25,70,4
7654,Account Deleted,NIL,Nil,Nil,,0.0,0.0,0,1
7659,Dulwich College - Cost Neutral Account,Key Account,Tier 1,Tier 1,3.58,5334.72,7389.3,4369,4
7662,Beatrice Woods & Johnny Haxhiasllani,NIL,Nil,Nil,,0.0,33.54,0,1
7663,Relax and Connect,NIL,Nil,Nil,,0.0,2.33,0,1
7669,Ecuador Fundraiser,NIL,Nil,Nil,,0.0,10.57,0,1
767,Suffolk Soul Singers,NIL,Nil,Nil,,0.0,64.46,0,1
7670,Parkside Year 8 Leavers Concert,NIL,Nil,Nil,,0.0,212.33,0,1
7671,Royal Kings Arms Hotel Lancaster,NIL,Nil,Nil,,0.0,129.95,0,1
7672,Kent College,High Value,Tier 2,Tier 1,4.31,2442.42,7033.29,4166,4
7673,Haywood Farm Cider,Tier 4,Tier 3,Tier 3,24.6,248.42,1008.0,656,4
7674,Lancaster University Management School,Tier 4,Free,Free,,0.0,0.0,1058,3
7677,Cymuned Y Ddraig PTA,NIL,Nil,Nil,,0.0,143.55,0,2
7678,Ad Astra Cider,Tier 3,Tier 4,Tier 4,43.09,92.63,388.87,149,4
768,Equine Kind,NIL,Nil,Nil,,0.0,18.87,0,2
7685,Holt Community Centre,Tier 3,Tier 4,Tier 4,30.57,176.15,716.19,300,4
7687,Cadishead Rhinos,NIL,Nil,Nil,,0.0,22.75,0,1
769,Lancaster & Fleetwood Labour,NIL,Nil,Nil,,0.0,57.42,0,2
7691,Buildwas Village Hall,NIL,Nil,Nil,,0.0,0.0,0,1
7692,Jordan Lussey Football Coaching,Tier 3,Tier 3,Tier 4,26.3,195.56,1622.06,75,3
7693,Puppy school lancaster and morecambe,NIL,Nil,Nil,,0.0,19.38,0,1
7695,GRAA,Tier 3,Tier 4,Tier 4,38.18,148.67,379.85,276,3
77,St Leonards Alumni,NIL,Nil,Nil,,0.0,572.83,0,5
7700,Prom,NIL,Nil,Nil,,0.0,200.96,0,1
7702,Faniry sinclair,NIL,Nil,Nil,,0.0,25.83,0,1
7703,Sarah Tillyer,NIL,Nil,Nil,,0.0,40.74,0,2
7704,Margent Farm Ltd,NIL,Nil,Nil,,0.0,92.0,0,2
7707,Peckforton and Beeston Village Hall,NIL,Nil,Nil,,0.0,2.92,0,1
7710,Ellis Haddrell,NIL,Nil,Nil,,0.0,0.0,0,1
7712,CAOS Musical Society,Tier 3,Tier 4,Tier 4,41.47,160.37,195.83,223,3
7713,SHERWIN MAU,NIL,Nil,Nil,,0.0,0.0,0,1
7715,Penrith Rotary Social,NIL,Nil,Nil,,0.0,24.17,0,3
7717,DarDinDar,Tier 4,Tier 3,Tier 3,22.34,252.78,1461.24,121,4
7718,BNI Apollo Milton Keynes,NIL,Nil,Nil,,0.0,44.25,0,1
7719,Luton Town Supporters' Trust,Tier 4,Tier 3,Tier 3,22.81,265.08,1200.88,291,4
772,Little Anchors Baby Therapies,NIL,Nil,Nil,,0.0,26.51,0,1
7720,GMC YOUTH,NIL,Nil,Nil,,0.0,0.0,0,1
7721,Wimbledon High Junior School,Tier 2,Free,Free,,0.0,0.0,84,4
7722,Clarissa K,NIL,Nil,Nil,,0.0,5.79,0,2
7724,The Story Pig,NIL,Nil,Nil,,0.0,502.8,0,2
7725,J & J Clark and sons,Tier 2,Free,Free,,0.0,0.0,113,4
7729,Rhos Orpheus Male Choir,NIL,Nil,Nil,,0.0,265.38,0,2
773,Blue Fire Theatre Co,NIL,Nil,Nil,,0.0,69.21,0,2
7733,Osteoallies Events,NIL,Nil,Nil,,0.0,19.67,0,2
7734,Dogology Dogs Hertfordshire,NIL,Nil,Nil,,0.0,25.46,0,1
7736,Taunton School,NIL,Nil,Nil,,0.0,0.0,0,1
7738,Bratton Jubilee Players,Tier 4,Tier 3,Tier 3,21.63,328.79,954.58,529,4
7739,RSM STAGE ACADEMY,Tier 3,Tier 4,Tier 4,32.67,160.71,626.96,265,4
7741,Account Deleted,NIL,Nil,Nil,,0.0,0.0,0,1
7742,Mid Ulster Council,NIL,Nil,Nil,,0.0,0.0,0,1
7743,Croots Farm Shop,NIL,Nil,Nil,,0.0,145.54,0,1
7744,Sheffield Music Hub,High Value,Tier 2,Tier 2,6.97,1470.6,3458.14,3361,4
7745,Sonning PTA,Tier 4,Tier 4,Tier 4,27.65,202.75,860.42,415,4
775,NCO-GB,NIL,Nil,Nil,,0.0,4864.88,0,3
7754,The Young Wild Brave Variety Show,NIL,Nil,Nil,,0.0,28.71,0,1
7756,Loving Presence,NIL,Nil,Nil,,0.0,12.29,0,1
7759,Altrincham Choral Society,Tier 3,Tier 4,Tier 4,43.54,97.17,331.21,163,4
7761,Going for Old,NIL,Nil,Nil,,0.0,0.0,0,3
7763,Sonning PTA 100 Club,NIL,Nil,Nil,,0.0,55.37,0,2
7766,Wandsworth SC,Tier 3,Tier 4,Tier 4,37.24,127.87,578.37,257,3
7769,King's St Alban's Parent Social Group,Tier 3,Tier 4,Tier 4,45.15,75.46,552.7,130,3
777,Alison Lloyd,NIL,Nil,Nil,,0.0,37.12,0,1
7770,Woking High School,Tier 4,Free,Free,,0.0,0.0,1054,4
7771,Lepra,NIL,Nil,Nil,,0.0,0.0,0,2
7772,Chesterfield Panthers RUFC Limited,Tier 3,Tier 5,Tier 5,61.61,28.75,286.13,38,3
7774,Sally Reid,NIL,Nil,Nil,,0.0,47.67,0,1
7776,Newport Acrobatics Gymnastics Club,Tier 4,Tier 3,Tier 3,15.94,488.83,1419.86,963,4
7778,Wildlife Wellbeing Walks,Tier 3,Tier 5,Tier 5,69.35,31.4,70.7,165,4
7779,SPGS UIV Parent Drinks,NIL,Nil,Nil,,0.0,81.67,0,1
778,Lumber Lounge,High Value,Tier 1,Tier 2,3.04,1259.12,11054.48,1413,9
7783,VBfunctionbar,NIL,Nil,Nil,,0.0,53.58,0,1
7784,Search4venues,NIL,Nil,Nil,,0.0,0.0,0,1
7785,CVMS Development Office,Tier 2,Tier 5,Tier 5,68.93,14.71,195.18,11,4
7786,Space for Nature,NIL,Nil,Nil,,0.0,145.42,0,1
7787,Nomansland Festivals,Tier 4,Tier 4,Tier 4,28.27,228.87,622.88,420,4
779,BATS Burneside,Tier 4,Tier 2,Tier 2,6.12,845.87,4789.96,1503,9
7790,Chorley Help the Homeless,NIL,Nil,Nil,,0.0,40.33,0,1
7791,Kitebrook Preparatory School,NIL,Nil,Nil,,0.0,0.0,9,2
7792,West Buckland Activities,NIL,Nil,Nil,,0.0,197.71,0,2
7794,Cultural Awareness Group CIC,Tier 4,Tier 4,Tier 4,31.31,250.46,318.46,264,4
7798,Abraham Trevilla,NIL,Nil,Nil,,0.0,30.75,0,1
7799,West Buckland School,NIL,Nil,Nil,,0.0,170.9,0,1
78,Account Deleted,NIL,Nil,Nil,,0.0,1619.32,0,7
7800,WYD team,NIL,Nil,Nil,,0.0,21.75,0,1
7804,Herefordshire Samaritans,NIL,Nil,Nil,,0.0,97.75,0,1
7806,Hull Judo Club,NIL,Nil,Nil,,0.0,159.63,0,1
781,WMP Mobility,NIL,Nil,Nil,,0.0,0.0,0,1
7812,Women's Health and Well-being Conference,NIL,Nil,Nil,,0.0,110.54,0,1
7814,Sharpe,NIL,Nil,Nil,,0.0,0.0,0,1
7815,Jane Lambert Powerhouse Ballet,Tier 1,Free,Free,,0.0,0.0,35,3
7819,Godolphin,High Value,Tier 2,Tier 2,11.12,886.67,1824.76,2704,4
782,Bratton Jubilee Players,NIL,Nil,Nil,,0.0,14.22,0,1
7821,Giggleswick School,NIL,Nil,Nil,,0.0,0.0,0,1
7822,...listen to the rhythm of your soul 💜,NIL,Nil,Nil,,0.0,2.25,0,1
7823,The Awakening,NIL,Nil,Nil,,0.0,309.96,0,1
7824,Mrs phred field,NIL,Nil,Nil,,0.0,24.83,0,1
7825,SJ Pubs & Bars Ltd,NIL,Nil,Nil,,0.0,20.83,0,1
7828,Wrekin Old Hall Trust,NIL,Nil,Nil,,0.0,0.0,0,1
7829,Padworth Village Hall,NIL,Nil,Nil,,0.0,7.67,0,1
7830,Francis Scott Charity Trust,NIL,Nil,Nil,,0.0,0.0,0,2
7833,St Andrews C of E school PTA,Tier 4,Tier 3,Tier 3,18.97,424.42,999.87,1162,4
7837,Association of Iranian Human Rights & Allies,NIL,Nil,Nil,,0.0,776.88,0,1
7838,Matrix IT,NIL,Nil,Nil,,0.0,41.75,0,1
7839,UKSE - No2W,Tier 1,Free,Free,,0.0,0.0,37,4
784,SOEL CONNECT,NIL,Nil,Nil,,0.0,89.03,0,2
7840,Amnesty Sheffield,NIL,Nil,Nil,,0.0,0.96,0,1
7842,K Cruise Wellbeing-Connections,Tier 3,Tier 5,Tier 5,52.82,46.97,368.57,66,4
7844,Adur Ukraine Support Association Activities,Tier 3,Tier 4,Tier 4,35.61,156.32,408.1,374,4
7847,MichaelDPineUK,NIL,Nil,Nil,,0.0,0.0,0,1
7849,alexander.turkovic,NIL,Nil,Nil,,0.17,0.17,3,3
785,Young Musicians' Concert,NIL,Nil,Nil,,0.0,25.97,0,2
7850,Account Deleted,NIL,Nil,Nil,,0.0,196.23,0,2
7851,Uniform Pop up Shop,NIL,Nil,Nil,,0.0,0.0,0,1
7853,Ninah de Ruijter,NIL,Nil,Nil,,0.0,0.0,0,2
7855,HT Event,NIL,Nil,Nil,,0.0,59.67,0,1
7858,Beetlebank Farm,NIL,Nil,Nil,,0.0,0.0,0,1
7859,Tree Buds,NIL,Nil,Nil,,0.0,161.63,0,1
786,Jordan Google Login Test UK,NIL,Nil,Nil,,0.0,0.0,0,1
7861,Crosscrake Hub,NIL,Nil,Nil,,0.0,6.42,0,1
7862,Holt Art Projects,Tier 3,Tier 4,Tier 4,37.12,78.79,3023.22,52,3
7864,Bowlhead,NIL,Nil,Nil,,0.0,0.0,0,2
7867,MABY Events,NIL,Nil,Nil,,0.0,15.0,0,1
7868,Friends of Bilton Infant School,Tier 3,Tier 4,Tier 4,47.43,86.22,230.93,367,4
7870,The Uspire Group,Tier 3,Free,Free,,0.0,7.58,273,3
7871,MACS EU,NIL,Nil,Nil,,0.0,0.0,0,1
7872,Beehive Prep,Tier 2,Tier 5,Tier 5,72.77,21.75,73.46,90,4
7874,The Academy Performing Arts,NIL,Nil,Nil,,0.0,73.21,0,1
7875,Woodlands School Leatherhead,Tier 3,Tier 5,Tier 5,51.58,60.17,343.67,142,3
7876,Parochial Church Council of Mountfield,Tier 3,Tier 5,Tier 5,51.33,85.25,163.83,82,3
7877,VWFC Youth Committee,Tier 4,Tier 4,Tier 4,43.02,105.04,369.66,426,3
7879,Cwmbran High School,NIL,Nil,Nil,,0.0,281.37,0,3
7881,Absolute Specialists Ltd,Tier 1,Tier 5,Tier 5,81.39,12.5,38.12,20,4
7883,Belthorn Academy,NIL,Nil,Nil,,0.0,0.0,0,1
7884,Taunton School,NIL,Nil,Nil,,0.0,0.0,0,2
7887,Bancroft's Foundation,Tier 4,Tier 3,Tier 3,19.23,397.08,1053.83,619,4
7889,Borneo Fundraising,NIL,Nil,Nil,,0.0,41.46,0,1
789,Lancaster and District Homeless Action service (LDHAS),NIL,Nil,Nil,,0.0,408.63,0,1
7890,Teresa2023,NIL,Nil,Nil,,0.0,0.0,0,1
7892,Marr Minis,NIL,Nil,Nil,,0.0,0.0,0,2
7894,Fenland Archery Club,Tier 3,Tier 4,Tier 4,42.49,108.34,306.46,199,4
7896,The Club Inn Endmoor,Tier 2,Tier 5,Tier 5,66.58,27.58,148.73,47,3
7898,Brixworth Farming Company,NIL,Nil,Nil,,0.0,0.0,0,2
79,Account Deleted,NIL,Nil,Nil,,0.0,0.0,0,1
7903,Good220,NIL,Nil,Nil,,0.0,170.96,0,1
7907,LEAD Programme,NIL,Nil,Nil,,0.0,19.07,0,1
7908,Henrik Does Events,Tier 3,Tier 4,Tier 4,29.72,219.98,511.79,270,4
791,Trent College,Tier 3,Free,Free,,0.0,726.42,195,8
7910,LOCALiQ,Tier 3,Free,Free,,0.0,0.0,196,4
7913,Elgra,NIL,Nil,Nil,,0.0,0.0,0,1
7914,Lakes Arts Festivals,High Value,Tier 2,Tier 2,8.24,1480.46,2196.13,2840,4
7918,Hall Hunter Partnership (Farming),High Value,Free,Free,,0.0,0.0,3559,3
7919,Parc Grace Dieu Farm,NIL,Nil,Nil,,0.0,0.0,0,1
792,Met Office,NIL,Nil,Nil,,0.0,0.0,0,1
7923,Oswestry Show Social,NIL,Nil,Nil,,0.0,67.67,0,1
7927,Kylie Anderson,NIL,Nil,Nil,,0.0,46.71,0,1
7931,LEAD,NIL,Nil,Nil,,0.0,8.71,0,1
7932,LEAD Sponsored Hike,NIL,Nil,Nil,,0.0,41.08,0,1
7934,Rise Up Dance and Performance,NIL,Nil,Nil,,0.0,20.67,0,1
7935,Damon,NIL,Nil,Nil,,0.0,0.0,0,1
7938,AS Watersports,NIL,Nil,Nil,,0.0,4.38,0,1
7940,Dougie Mac,NIL,Nil,Nil,,0.0,0.0,0,1
7941,Biyo Limited,NIL,Nil,Nil,,0.0,243.75,0,1
7944,Oxenholme Pony Club,NIL,Nil,Nil,,0.0,362.52,0,3
7945,Claire Thorpe,NIL,Nil,Nil,,0.0,0.58,0,1
7946,Low Grounds Farm,NIL,Nil,Nil,,0.0,0.0,0,1
7949,Social Capital Circle,NIL,Nil,Nil,,0.0,6.46,0,1
7952,Marown School Association,NIL,Nil,Nil,,0.0,94.59,0,1
7954,GHA Minis Fixtures,NIL,Nil,Nil,,0.0,0.0,0,1
7959,PM Business Support Services,NIL,Nil,Nil,,0.0,123.38,0,3
7960,Rivington Brewing Co Ltd,High Value,Tier 2,Tier 2,5.66,1626.88,5086.88,2621,4
7962,Account Deleted,NIL,Nil,Nil,,0.0,0.0,0,1
7965,Churches Together in Cumbria,Tier 1,Free,Free,,0.0,0.0,11,3
7966,Music@Malling Ltd,Tier 4,Tier 2,Tier 2,8.67,1060.0,2925.06,884,4
7967,Rothwell Arts Dance Academy,NIL,Nil,Nil,,16.37,339.62,0,4
7968,Spiritual Fest 2023,NIL,Nil,Nil,,0.0,90.29,0,1
7971,Burlish Big Lunch,NIL,Nil,Nil,,0.0,0.0,0,1
7975,Eid Party 2023,NIL,Nil,Nil,,0.0,20.96,0,1
7981,Special Steps,Tier 3,Tier 4,Tier 4,45.35,96.13,249.78,283,4
7982,Rydes Hill School,Tier 4,Free,Free,,0.0,221.37,1264,4
7984,The Bishop of Chichester,High Value,Tier 5,Tier 5,76.62,26.54,26.54,2318,4
7985,Ryan E-COM,NIL,Nil,Nil,,0.0,0.96,0,1
7987,Warminster School,NIL,Nil,Nil,,0.0,219.54,0,2
7989,RC&HX Prom Committee,NIL,Nil,Nil,,0.0,436.38,0,1
799,Nelson,NIL,Nil,Nil,,0.0,0.0,0,2
7992,Avon House Preparatory School,Tier 4,Tier 5,Tier 5,52.96,93.23,93.23,444,4
7993,Wessex MS Therapy Centre,Tier 2,Tier 5,Tier 5,65.66,26.67,146.58,20,4
7994,PK Models & Performers Agency,Tier 3,Tier 5,Tier 5,61.33,83.25,83.25,111,1
7995,Our Dementia Choir,NIL,Nil,Nil,,0.0,668.42,0,2
7996,Floating Art,NIL,Nil,Nil,,0.0,1.25,0,1
7999,Kara Tooley,NIL,Nil,Nil,,0.0,113.83,0,1
8,Cranbrook School SYDNEY,NIL,Nil,Nil,,0.0,127.33,0,2
80,Lakes Supertours,NIL,Nil,Nil,,0.0,222.96,0,1
8000,Henry Allen Trust,Tier 2,Tier 5,Tier 5,79.42,13.75,59.38,22,3
8001,No7 Coaching,NIL,Nil,Nil,,0.0,19.38,0,1
8006,New Dynamic Choir,NIL,Nil,Nil,,0.0,13.0,0,1
8008,Friends of Mayfield,NIL,Nil,Nil,,0.0,177.77,0,2
801,Account Deleted,NIL,Nil,Nil,,0.0,0.0,0,1
8010,St. Piran's School,Tier 3,Free,Free,,0.0,0.0,348,4
8012,The Slow Farming Company Limited,NIL,Nil,Nil,,0.0,0.0,0,1
8014,Huddersfield Choral Youth Choirs,Tier 3,Tier 5,Tier 5,54.32,57.25,200.21,113,4
8015,Jennie Steenkamp,Tier 3,Tier 4,Tier 4,45.27,116.94,204.86,221,3
8019,Bignor Farms,NIL,Nil,Nil,,0.0,0.0,0,1
802,FDMB North West,NIL,Nil,Nil,,0.0,98.39,0,1
8021,Friends Of Christ's College,NIL,Nil,Nil,,0.0,55.13,0,1
8025,Gresley Male Voice Choir,NIL,Nil,Nil,,0.0,1.08,0,1
8026,NAC-Midlands East,Tier 2,Tier 5,Tier 5,74.43,25.12,56.25,62,3
8027,Lodge Farm,Tier 3,Free,Free,,0.0,0.38,312,3
803,FDMB North West,NIL,Nil,Nil,,0.0,0.0,0,1
8036,Rachel How,NIL,Nil,Nil,,0.0,26.71,0,1
8037,Glasgow Community Concert Band,Tier 4,Tier 3,Tier 4,25.98,257.07,713.3,558,4
8038,Friends of Burnsall,Tier 2,Tier 5,Tier 5,71.46,25.46,69.43,47,4
8039,Sarah Bristow,NIL,Nil,Nil,,0.0,4.25,0,1
8043,Sherborne Girls Events,High Value,Tier 2,Tier 2,6.13,1210.29,7046.32,4664,4
8044,The BTRC,Tier 2,Free,Free,,0.0,0.37,114,3
8045,Lady Barn House,NIL,Nil,Nil,,0.0,0.0,0,1
8049,The Rotary Club of Dover,NIL,Nil,Nil,,0.0,14.88,0,1
805,Downtown in Business,NIL,Nil,Nil,,0.0,16.5,0,2
8050,Mill Hill School Pre-Season Hockey and Rugby Camps,NIL,Nil,Nil,,0.0,1245.5,0,2
8054,Airedale Hospital & Community Charity,NIL,Nil,Nil,,17.5,264.58,6,3
8055,AHODGSON,NIL,Nil,Nil,,0.0,61.5,0,1
8057,I-Swiss Ltd,Tier 4,Tier 4,Tier 4,30.36,268.25,401.11,111,3
8058,Radley College,High Value,Tier 3,Tier 3,22.01,286.0,1175.79,4436,4
806,Sing for Pleasure - Summer School Concert Series,NIL,Nil,Nil,,0.0,0.0,0,1
8061,Monkton Events,Tier 3,Free,Free,,0.0,158.59,30,3
8062,s norgrove,NIL,Nil,Nil,,0.0,12.5,0,2
8065,Magpie Performers,Tier 2,Tier 5,Tier 5,85.91,12.04,19.96,43,3
8066,Laura Shufflebotham,Tier 3,Tier 5,Tier 5,64.89,30.04,167.13,55,3
8067,Millfield Admissions,NIL,Nil,Nil,,0.0,0.0,0,1
8068,Stourport Choral,Tier 2,Tier 5,Tier 5,72.61,27.54,52.71,76,4
8069,Semley Village Hall,Tier 2,Tier 5,Tier 5,68.39,24.75,111.17,54,4
8071,Kingston Grammar School (Development),NIL,Nil,Nil,,0.0,61.96,0,1
8072,Old Marians Association,NIL,Nil,Nil,,0.0,69.79,0,2
8073,Trent College,Tier 4,Tier 2,Tier 2,11.56,949.54,2062.71,1431,3
8074,Newcastle High School for Girls,Tier 4,Tier 2,Tier 2,9.92,992.5,3559.79,582,3
8082,Association of Business Leaders in Education (ABLE),Tier 3,Tier 5,Tier 5,83.44,7.25,40.21,240,4
8086,Martha Wood Marketing,Tier 2,Tier 5,Tier 5,60.39,65.37,109.25,26,2
8087,Fizz and Flowers,Tier 2,Tier 5,Tier 5,66.85,40.67,107.75,122,2
8088,Horse Play Adventures,NIL,Nil,Nil,,0.0,5.13,0,1
8089,Merrivale Farm,NIL,Nil,Nil,,0.0,0.0,0,1
809,Age UK Exeter,NIL,Nil,Nil,,0.0,0.0,0,1
8090,Bath School of Dance,Tier 3,Tier 4,Tier 4,35.37,202.5,411.34,270,2
8093,University of Salford,NIL,Nil,Nil,,0.0,0.0,0,1
8095,Find Your Tribe. Club,Tier 3,Tier 5,Tier 5,54.24,73.75,125.0,127,4
8096,Warwick School,Tier 1,Free,Free,,0.0,0.0,17,3
8097,Kingston Maurward Enterprises Ltd,Tier 3,Tier 4,Tier 4,31.4,161.05,780.7,209,4
810,Mangala Holland,NIL,Nil,Nil,,0.0,16.5,0,1
8100,Cheapside PTA,NIL,Nil,Nil,,0.0,30.72,0,1
8103,Lyonsdown School,Tier 3,Free,Free,,0.0,0.0,206,3
8106,International Lawyers Association,NIL,Nil,Nil,,0.0,0.0,0,1
8107,Account Deleted,NIL,Nil,Nil,,0.0,0.0,0,1
8108,Friends of Vinehall,NIL,Nil,Nil,,0.0,38.71,0,2
8109,Laura Symmons,NIL,Nil,Nil,,0.0,27.21,0,2
811,Arts Richmond Swans,Tier 4,Tier 2,Tier 2,5.09,1015.18,4869.26,1246,9
8111,Bridge Farm Horticulture,NIL,Nil,Nil,,0.0,0.0,0,1
8112,New Sheringham Singers,Tier 1,Tier 5,Tier 5,87.02,7.58,24.38,14,3
8115,Nicky Hossack,NIL,Nil,Nil,,3.29,20.83,2,2
8117,St Davids Penknife Club,NIL,Nil,Nil,,0.0,89.12,0,1
8118,Ss&s,NIL,Nil,Nil,,0.0,17.42,0,1
812,THE MINDFULNESS HUB LTD,NIL,Nil,Nil,,0.0,94.58,0,2
8120,Thornington Farm,Tier 3,Free,Free,,0.0,0.0,150,3
8121,Wise Up Workshops CIC,NIL,Nil,Nil,,0.0,30.83,0,1
8123,Youth Presence,NIL,Nil,Nil,,0.0,40.34,0,1
8127,Common Ground Scotland,NIL,Nil,Nil,,0.0,0.0,0,1
8129,You Can't Sit With Us,NIL,Nil,Nil,,0.0,11.5,0,1
8130,Costow Farm Produce,Tier 4,Free,Free,,0.0,12.5,498,3
8137,New Tottenham Singers,Tier 3,Tier 4,Tier 4,36.05,178.1,358.63,225,3
8138,Bangor Indian and Friends Association,NIL,Nil,Nil,,0.0,205.83,0,2
814,Clayesmore Prep School,NIL,Nil,Nil,,0.0,217.86,0,3
8146,Bristol City Panthers,NIL,Nil,Nil,,0.0,28.67,0,1
8150,Jennywiz Tours,Tier 2,Tier 5,Tier 5,67.65,41.33,69.33,98,3
8153,Kendal Civic Society,Tier 2,Tier 5,Tier 5,72.96,24.67,59.0,72,4
8154,A-Z Networking,NIL,Nil,Nil,,0.0,5.67,0,1
8155,Rothbury Traditional Music Festival,Tier 4,Tier 3,Tier 3,22.88,320.4,790.41,413,4
8156,Sonje Jones Design Team Ltd.,NIL,Nil,Nil,,0.0,80.17,0,2
8158,Animal Antiks,NIL,Nil,Nil,,0.0,0.0,0,1
8159,APPTA,Tier 3,Tier 5,Tier 5,56.17,31.82,562.66,112,3
816,Blackburn with Darwen Hive Business Network,NIL,Nil,Nil,,0.0,21.58,0,3
8161,Chelsey Tye Events,NIL,Nil,Nil,,0.0,0.53,0,1
8162,deans farms ltd,NIL,Nil,Nil,,0.0,0.0,0,1
8163,Rhinos Events,NIL,Nil,Nil,,0.0,71.5,0,1
8165,Goring/StreatleyEvents,Tier 3,Tier 5,Tier 5,60.42,46.42,149.54,80,3
8168,Ways Around The Bay,Tier 3,Tier 5,Tier 5,85.36,4.38,34.17,192,4
8169,Kshetra Dance Company,NIL,Nil,Nil,,0.0,115.4,0,1
817,Market Deeping Model Rail Club,Tier 3,Tier 4,Tier 4,40.54,106.25,312.85,277,7
8170,Galloways Society for The Blind,NIL,Nil,Nil,,0.0,7.58,0,2
8171,Account Deleted,NIL,Nil,Nil,,0.0,202.71,0,2
8172,Elchies Farm,NIL,Nil,Nil,,0.0,152.96,0,3
8174,Shaw Heath Bees,Tier 3,Tier 5,Tier 5,60.84,44.92,129.12,138,4
8176,Diagnostics in Autism & Neurodevelopmental Conditions CEN,Tier 4,Tier 3,Tier 3,20.09,358.79,1057.63,665,4
8177,Kimberley Film Fest,NIL,Nil,Nil,,0.0,101.23,0,1
8178,Cor Heol y March,Tier 2,Tier 5,Tier 5,66.32,41.83,108.46,92,2
8179,KEHS,NIL,Nil,Nil,,0.0,32.5,0,1
8181,Annie B,NIL,Nil,Nil,,0.0,9.63,0,1
8183,NMC,Tier 1,Free,Free,,0.0,0.0,17,3
8185,Godolphin Fifth Form Prom,NIL,Nil,Nil,,0.0,92.2,0,1
8186,FF Bridal Ltd t/as Feathers & Florence,NIL,Nil,Nil,,0.0,0.0,0,1
8187,Bujinkai Karate Club,NIL,Nil,Nil,,0.0,13.0,0,1
8188,JFS Parents Association (JFSPA),Tier 4,Tier 3,Tier 3,16.8,460.13,1313.12,441,4
819,In Ear Entertainment Limited,NIL,Nil,Nil,,0.0,2971.56,0,3
8190,Polly Nuttall TDM Farm,NIL,Nil,Nil,,0.0,0.0,0,2
8191,BJ Open Gardens,Tier 2,Tier 5,Tier 5,71.55,38.96,58.98,71,2
8192,Friends of Beehive Prep School,Tier 3,Tier 4,Tier 4,46.89,88.08,295.22,92,3
8193,The High School of Glasgow,Tier 3,Tier 4,Tier 4,34.92,101.25,1301.88,236,4
8194,Account Deleted,NIL,Nil,Nil,,0.0,0.0,0,1
8195,SWP Wyre Forest,NIL,Nil,Nil,,0.0,0.0,0,3
8198,Scarborough Guided Tour,NIL,Nil,Nil,,0.0,0.0,0,1
82,Old Sedberghian Club,Tier 4,Tier 2,Tier 2,5.67,817.75,6032.58,522,11
8204,Stack Field Farm,Tier 2,Free,Free,,0.0,0.0,50,3
8206,Basingstoke Hindu Society,Tier 3,Tier 4,Tier 4,43.89,168.92,168.92,100,2
821,ESRC Festival of Social Science,NIL,Nil,Nil,,0.0,0.0,0,1
8210,The Royal School of Church Music,NIL,Nil,Nil,,0.0,0.0,0,1
8211,Young EritreanS,NIL,Nil,Nil,,0.0,11.25,0,1
8212,Longridge Community Association,Tier 3,Tier 4,Tier 4,45.62,93.58,254.23,329,4
8216,Puddleditch Farm Vending,NIL,Nil,Nil,,0.0,0.0,0,1
8218,Michelle 4 Tropic,NIL,Nil,Nil,,0.0,1.5,0,1
8221,Mistress Victoria dolly,NIL,Nil,Nil,,3.25,167.08,6,3
8224,Karen Burfitt,NIL,Nil,Nil,,0.0,0.0,0,1
8228,The Kingsbrook School,NIL,Nil,Nil,,0.0,98.29,0,1
8229,Nada Deva Sounds,NIL,Nil,Nil,,0.0,5.5,0,1
8230,Thrimby Farms,NIL,Nil,Nil,,0.0,0.0,0,1
8235,Dunblane High School,NIL,Nil,Nil,,0.0,419.83,0,2
8237,Brickwall Farm (Sible Hedingham),NIL,Nil,Nil,,0.0,0.0,0,1
8239,Oxford Harmony,Tier 3,Tier 5,Tier 5,53.7,78.83,143.83,162,3
8240,NJPS Parents Association,NIL,Nil,Nil,,0.0,556.83,0,2
8241,Marama Alliance UK,NIL,Nil,Nil,,0.0,0.0,0,1
8242,Hardenclough Farm,Tier 3,Free,Free,,0.0,0.0,218,4
8243,T & S Farms,NIL,Nil,Nil,,0.0,0.0,0,1
8244,Stamford Endowed Schools,Key Account,Tier 2,Tier 2,7.47,1187.87,3752.58,6358,4
8245,Reading Blue Coat School Admissions,High Value,Free,Free,,0.0,0.0,3755,4
8246,Friends of Acorns Primary School PTA,NIL,Nil,Nil,,0.0,78.33,0,1
8248,sharonsycamore,NIL,Nil,Nil,,0.0,0.0,0,1
8251,VICKY MENSAH,NIL,Nil,Nil,,0.0,0.0,0,1
8253,Leap Dance Midlands,Tier 3,Tier 4,Tier 4,45.59,106.67,238.67,406,3
8254,Thomas Graham,NIL,Nil,Nil,,0.0,0.0,0,1
8255,Froebelian School,NIL,Nil,Nil,,0.0,0.0,0,1
8259,Winlaton Community FC Juniors,Tier 3,Tier 5,Tier 5,74.57,6.0,184.88,49,3
8261,RMS Events,Key Account,Tier 2,Tier 2,8.97,1054.04,2740.92,7050,4
8262,Haygrove Ltd,NIL,Nil,Nil,,0.0,0.0,0,1
8263,Jeannette Magee,Tier 4,Tier 5,Tier 5,69.51,13.75,190.0,570,4
8264,Twickenham Academy,NIL,Nil,Nil,,0.0,995.88,0,1
8269,Wymondham Choral Society,Tier 2,Tier 5,Tier 5,67.57,24.38,129.33,30,4
8270,SusanNtheboyz,NIL,Nil,Nil,,0.0,0.0,0,1
8276,Roughley Speaking,NIL,Nil,Nil,,4.12,8.04,9,1
8279,The Scrum,Tier 4,Tier 3,Tier 3,21.39,315.33,1061.02,584,4
8283,Habs Foundation,NIL,Nil,Nil,,0.0,49.5,0,1
8284,Christmas Tree Place  Berkhamsted,NIL,Nil,Nil,,0.0,0.0,0,1
8288,Renewal Choir,NIL,Nil,Nil,,0.0,0.0,0,1
829,Scale-Ability Ltd,NIL,Nil,Nil,,0.0,0.0,0,1
8291,Summer Party Chard,NIL,Nil,Nil,,0.0,2.71,0,1
8292,Tango Fawcett,NIL,Nil,Nil,,0.0,0.0,0,2
8294,St Mary’s RC School PTA,Tier 3,Tier 4,Tier 4,35.84,130.13,550.74,320,4
8296,NDSSG Dance Warriors,NIL,Nil,Nil,,0.0,32.48,0,1
8298,Speed of Sight Drive Days,Tier 3,Tier 4,Tier 4,38.2,128.75,396.25,230,4
83,Anna-Marie Jesson,NIL,Nil,Nil,,0.0,56.71,0,3
830,The Basildonians,NIL,Nil,Nil,,0.0,0.62,0,1
8300,The Rowland Singers,Tier 2,Tier 5,Tier 5,70.26,21.71,107.08,39,4
8302,Gemini School of Performing Arts,Tier 3,Tier 5,Tier 5,52.59,70.75,203.94,101,3
8304,Four Recruitment,NIL,Nil,Nil,,0.0,16.67,0,1
8305,Holmwood School and Nursery,NIL,Nil,Nil,,0.0,187.04,0,1
8306,Isidore,NIL,Nil,Nil,,0.0,0.0,0,1
8309,Stainton Village Hall,Tier 2,Tier 5,Tier 5,79.31,5.79,84.5,17,4
8310,St Edmund Arrowsmith Catholic High School,Tier 4,Tier 3,Tier 3,21.0,346.68,969.14,1120,4
8311,MHSSpark*,Tier 4,Tier 3,Tier 3,23.16,306.33,1039.82,758,3
8318,Ravenhill YM FC,Tier 3,Tier 5,Tier 5,65.17,20.33,280.83,212,3
8324,Haberdashers' Adams,High Value,Tier 2,Tier 2,6.77,1470.73,3625.56,4388,4
8326,C M IRVINE,NIL,Nil,Nil,,0.0,0.0,0,1
833,Account Deleted,NIL,Nil,Nil,,0.0,0.0,0,1
8332,Account Deleted,NIL,Nil,Nil,,0.0,10.62,0,1
8333,Feather Fixer,Tier 4,Tier 3,Tier 3,14.56,533.85,1644.05,463,4
8334,Askham Pools,High Value,Tier 2,Tier 2,11.38,1040.83,1940.42,4858,3
8336,Ridley & Hall,Tier 3,Tier 4,Tier 4,29.34,195.0,700.62,365,4
8337,Castle View Cricket Club,Tier 3,Tier 4,Tier 4,31.8,171.25,622.21,240,4
8339,Jordyn Louise Dance,NIL,Nil,Nil,,0.0,0.0,0,1
834,LA23NET,NIL,Nil,Nil,,0.0,1005.19,0,5
8342,Friends of Therfield Heath & Greens,NIL,Nil,Nil,,0.0,17.62,0,1
8344,Owston Ferry Farming Co.,NIL,Nil,Nil,,0.0,0.0,0,1
8345,Hendwr Caravan Park,NIL,Nil,Nil,,0.0,0.0,0,1
835,Cheeki Monkeys Grantham,NIL,Nil,Nil,,0.0,58.59,0,2
8352,Slagnaw Farming Limited,NIL,Nil,Nil,,0.0,0.0,0,1
8353,Lost Legion Wargaming Club,Tier 2,Tier 5,Tier 5,66.08,38.12,83.86,28,4
8354,Mrs R Richards,NIL,Nil,Nil,,0.0,77.25,0,1
8355,Tasker Partnership Limited,NIL,Nil,Nil,,0.0,0.0,0,1
8358,Unify Schools,NIL,Nil,Nil,,0.0,20.33,8,3
8359,Gutchpool Farm,NIL,Nil,Nil,,0.0,0.0,0,1
836,MIDLAND SKI CLUB,NIL,Nil,Nil,,0.0,0.79,0,1
8360,Dr Lucinda Homer - Coaching,NIL,Nil,Nil,,0.0,0.96,0,2
8361,Creative Image Studio,Tier 4,Tier 3,Tier 4,25.05,309.04,566.04,316,4
8362,Armathwaite Old School Hall,Tier 4,Tier 3,Tier 3,21.09,408.79,713.54,489,4
8364,Unusual Theatre,NIL,Nil,Nil,,0.0,3.83,0,1
8365,Bowmen of Ardleigh (test),NIL,Nil,Nil,,0.0,0.0,0,1
8366,Natural World Centre,Tier 3,Tier 4,Tier 4,33.77,160.14,519.87,220,4
8367,babyballet North Tyneside,NIL,Nil,Nil,,0.0,503.06,0,2
8368,Nuwell Home Farm,NIL,Nil,Nil,,0.0,1.88,0,2
8369,Woodoaks Farm,Tier 4,Tier 5,Tier 5,81.69,6.67,68.33,1220,3
8374,JF JC Hewitt & Family,NIL,Nil,Nil,,0.0,0.0,0,1
8375,Friends of South Point Primary,NIL,Nil,Nil,,0.0,112.93,0,3
8376,Beddoes & Sons,NIL,Nil,Nil,,0.0,0.0,0,1
8377,RCRSB,Tier 2,Tier 5,Tier 5,54.22,67.47,148.97,114,4
8378,Team Jak Foundation,NIL,Nil,Nil,,0.0,7.42,0,1
8379,Global Distortion Media,NIL,Nil,Nil,,0.0,127.78,0,1
838,St Mary's Concerts,Tier 3,Tier 4,Tier 4,41.75,71.18,590.26,137,9
8386,Causeway Neurodiversity,NIL,Nil,Nil,,0.0,12.33,0,1
8389,Bushwell Farm Ltd,NIL,Nil,Nil,,0.0,56.5,0,2
839,Edinburgh Law Seminars,NIL,Nil,Nil,,0.0,0.42,0,1
8393,The Cheshire Club,Tier 4,Tier 3,Tier 3,16.14,523.75,1191.29,911,4
8399,Family Fund,Tier 3,Tier 4,Tier 4,46.59,94.38,214.38,158,4
84,MTBS Debbie Carr,NIL,Nil,Nil,,0.0,0.0,0,4
840,Lyon Events,NIL,Nil,Nil,,0.0,66.46,0,2
8400,Wonderland Stagestars,Tier 3,Tier 4,Tier 4,41.54,148.75,305.92,238,2
8404,Glee Coaching,NIL,Nil,Nil,,0.0,0.0,0,2
8405,Dandys Ford Dairy,NIL,Nil,Nil,,0.0,0.0,0,1
8406,Friends of Mount Stewart,Tier 4,Tier 4,Tier 4,33.64,188.5,452.66,503,3
8408,ElleRich Training Ltd.,NIL,Nil,Nil,,0.0,0.0,1,1
8411,Soul at the Ritzy,Tier 3,Tier 4,Tier 4,38.62,128.67,377.98,247,4
8412,Scottish Saltires,Tier 3,Tier 5,Tier 5,58.89,22.29,529.81,19,4
8416,Lara Lauder,NIL,Nil,Nil,,0.0,9.33,0,1
8418,Shoeburyness High School,Tier 4,Tier 3,Tier 3,14.37,553.79,1657.61,1242,4
8419,Lower Wangfield Farm,Tier 4,Free,Free,,0.0,17.5,1838,3
8427,The Denbigh Workshop,NIL,Nil,Nil,,0.0,66.08,0,2
843,TryBooking School Listing Demo,NIL,Nil,Nil,,1.37,2.23,8,6
8430,Augmented Adventures,NIL,Nil,Nil,,0.0,6.96,0,1
8439,CBP - Charity,NIL,Nil,Nil,,0.0,78.83,0,2
8440,Saint Christina's School,NIL,Nil,Nil,,0.0,0.0,0,1
8441,Burscough Village Primary School,Tier 4,Tier 4,Tier 4,31.74,196.13,455.5,1056,4
8444,Charity fundraiser,NIL,Nil,Nil,,0.0,65.0,0,1
8446,Uttoxeter Cabaret Show Bar,NIL,Nil,Nil,,0.0,47.1,0,2
8448,Tony Cox Shows,NIL,Nil,Nil,,0.0,26.75,0,1
8450,Amnesty Cymru,Tier 2,Tier 5,Tier 5,55.34,64.17,225.67,100,2
8454,Sarah Boyle Private,NIL,Nil,Nil,,0.0,27.88,0,1
8455,Raeburn PTA,Tier 4,Tier 3,Tier 3,17.68,564.62,836.57,1785,4
8457,The Hollyfield School,Tier 4,Tier 4,Tier 4,33.21,181.13,430.18,428,4
8458,Chislehurst & Sidcup Grammar School,High Value,Tier 2,Tier 2,12.2,713.21,1973.22,4135,4
846,Annie's Burger Shack,NIL,Nil,Nil,,0.0,225.25,0,2
8462,Corbett PTA,Tier 3,Tier 4,Tier 4,46.81,92.13,220.54,170,4
8466,Pavilion Pre School (Aigburth) CIO,NIL,Nil,Nil,,0.0,73.44,0,2
8467,Southend Wheelers,Tier 2,Tier 5,Tier 5,65.9,38.17,85.58,113,4
8468,Account Deleted,NIL,Nil,Nil,,0.0,118.83,0,2
848,SHOCC Dances,NIL,Nil,Nil,,0.0,0.0,0,1
8480,Wattsfield fundraiser,NIL,Nil,Nil,,0.0,171.79,0,1
8483,Kingsley Park Residents Association,NIL,Nil,Nil,,0.0,0.0,0,1
8487,SPS Christian Union,Tier 2,Free,Free,,0.0,0.0,68,3
849,Pocklington School,High Value,Tier 2,Tier 2,7.27,708.67,4850.17,2974,9
8492,#Youngwildbrave Skate for Ellis,NIL,Nil,Nil,,0.0,6.95,0,1
8493,MSJ Expressive Arts,NIL,Nil,Nil,,0.0,202.99,0,3
8494,Biddick Academy,NIL,Nil,Nil,,0.0,117.59,0,2
85,Dollar Academy,Tier 4,Tier 3,Tier 3,13.31,331.46,4366.58,1271,10
850,Mansfield & District MVC,Tier 2,Tier 5,Tier 5,59.97,36.04,155.46,50,7
8500,St. George's Church,NIL,Nil,Nil,,0.0,58.0,0,1
8504,Darussalam Youth,Tier 2,Free,Free,,0.0,68.58,115,3
8506,Belgrade Theatre,NIL,Nil,Nil,,0.0,0.0,0,1
851,Etail Systems,NIL,Nil,Nil,,0.0,140.0,0,1
8515,Friends of Noel Park,Tier 2,Tier 5,Tier 5,62.02,44.13,134.27,32,3
8518,The Wire Brush,NIL,Nil,Nil,,0.0,12.42,0,1
8519,GRFC Summer Camp,Tier 3,Tier 5,Tier 5,64.19,42.21,108.93,141,3
852,FutureScot,NIL,Nil,Nil,,0.0,0.0,0,1
8522,Lewis Daly Coaching Academy,NIL,Nil,Nil,,0.0,23.18,0,2
8523,Turton School,Tier 4,Tier 3,Tier 3,24.16,258.26,978.43,703,4
8525,BASINGSTOKE GANESH UTSAV 2025,Tier 3,Tier 4,Tier 4,44.91,121.87,196.62,402,3
8530,Carlisle Cathedral,High Value,Tier 2,Tier 2,5.74,1871.19,4212.36,5000,4
8531,The Positive Equestrian Coach - Steff Singleton,Tier 4,Tier 3,Tier 3,23.44,267.62,1375.54,132,3
8532,Rainbows End Gallery C.I.C.,NIL,Nil,Nil,,0.0,4.79,0,1
8533,Classical Ballet Summer Program,NIL,Nil,Nil,,0.0,214.08,0,2
8534,PriorParkCollege,NIL,Nil,Nil,,14.07,87.98,5,2
8537,Sayjda Talib,NIL,Nil,Nil,,0.0,0.0,0,1
8541,Light of Mind,NIL,Nil,Nil,,0.0,0.0,0,1
8542,Queen Elizabeth's Grammar School,NIL,Nil,Nil,,0.0,0.0,0,1
8543,Paul Carruthers,NIL,Nil,Nil,,0.0,30.33,0,1
8545,FoH Events,NIL,Nil,Nil,,0.0,207.46,0,3
8547,Prior Park College Performing Arts,Tier 4,Tier 3,Tier 3,16.23,499.46,1268.75,1526,4
8548,Growing Well,Tier 3,Tier 5,Tier 5,56.77,49.87,218.75,102,3
8555,Sir John Talbot's School,Tier 3,Free,Free,,0.0,196.46,170,3
8558,CUOSC,NIL,Nil,Nil,,0.0,0.0,0,1
8565,Newtown Male Voice Choir,Tier 2,Tier 5,Tier 5,79.67,5.96,95.47,11,3
8569,Monkton Prep School,Tier 4,Tier 3,Tier 3,21.66,341.62,872.82,646,4
857,Seva Mitra Mandal UK,NIL,Nil,Nil,,0.0,2089.38,0,4
8572,St Peter & St Paul's RC Primary School,Tier 4,Free,Free,,0.0,0.0,524,4
8573,The Friends of Lancaster Judges’ Lodgings,Tier 3,Tier 5,Tier 5,52.62,87.08,132.79,50,3
8575,Jordan Parker,NIL,Nil,Nil,,0.0,11.2,0,1
8577,Joel Morris,NIL,Nil,Nil,,0.0,52.25,0,1
8579,Jacquelyn Frith-crofts,Tier 1,Free,Free,,0.0,0.0,23,1
8584,Worthing Ukrainian friends network,NIL,Nil,Nil,,0.0,0.0,0,1
8588,Rothwell Arts Parties,NIL,Nil,Nil,,0.0,34.13,0,1
8589,Kendal Pride,Tier 4,Tier 3,Tier 3,25.19,296.31,601.0,708,4
8590,St Thomas Church  Goring,Tier 2,Tier 5,Tier 5,57.4,64.12,109.67,88,4
8591,Sale Sharks,Tier 4,Tier 3,Tier 3,17.89,291.14,3524.53,991,4
8596,Enterprising Cumbria,Tier 4,Free,Free,,0.0,0.0,667,4
8618,La Serenissima UK,NIL,Nil,Nil,,0.0,218.69,0,1
8619,Carlisle Cathedral Enterprises Ltd,Tier 4,Tier 3,Tier 3,24.26,276.12,841.43,387,4
862,Ten64 Productions,Tier 3,Tier 4,Tier 4,29.44,181.17,558.7,277,7
8626,Wellacre Academy,NIL,Nil,Nil,,0.0,0.0,0,2
8628,When you wish Casino Evening,NIL,Nil,Nil,,0.0,73.79,0,1
8632,Discovering Legal London,Tier 4,Tier 3,Tier 3,12.54,734.92,1682.08,528,4
8633,Pudding Lingerie Consultancy,Tier 2,Tier 5,Tier 5,75.29,26.25,35.62,42,4
864,GBShared,Tier 4,Tier 3,Tier 4,25.13,162.98,1539.26,339,9
8643,Seven Dragons Martial Arts Club,Tier 4,Tier 4,Tier 4,28.43,226.45,619.16,796,4
8646,KBC Coaching,NIL,Nil,Nil,,0.0,0.0,0,2
8648,Men in Business,Tier 3,Tier 5,Tier 5,51.06,60.0,302.38,96,4
865,M&M Privates,NIL,Nil,Nil,,0.0,38.25,0,3
8656,Revenue Puzzle,NIL,Nil,Nil,,0.0,0.0,0,1
8659,chance2dance4charity,Tier 1,Tier 5,Tier 5,84.67,11.46,20.44,25,4
866,The Permission Slip - Living Your Happy Healthy Life,NIL,Nil,Nil,,0.0,10.5,0,1
8664,Diocese of Carlisle Philip Brunskill,NIL,Nil,Nil,,0.0,2.96,0,1
8666,Antimatter Productions,NIL,Nil,Nil,,0.0,1.67,0,1
8667,Christine Smith,NIL,Nil,Nil,,0.0,0.0,0,2
867,Wellington School Welly Boot Holiday Club,NIL,Nil,Nil,,0.0,3097.42,0,5
8670,George Heriot's,Tier 4,Free,Free,,0.0,0.0,733,4
8671,Warrington Disability Partnership,Tier 3,Tier 4,Tier 4,43.74,57.33,1495.04,86,3
8679,WilderClayGallery,NIL,Nil,Nil,,0.0,2.33,0,1
8687,VSMT Fundraising Project,Tier 4,Tier 3,Tier 3,25.53,319.24,629.91,375,3
869,PPSCT Fundraising,NIL,Nil,Nil,,0.0,3.9,0,1
8693,North West Ambulance Charity,Tier 3,Tier 4,Tier 4,47.98,104.64,233.78,181,2
8694,Addicted the motorcade edition,NIL,Nil,Nil,,0.0,0.54,0,1
8695,Review Meetings - Freemantles School,Tier 3,Free,Free,,0.0,0.0,288,4
8696,CALICO,NIL,Nil,Nil,,0.0,21.33,0,1
8699,Bethany School,Tier 3,Tier 4,Tier 4,33.23,163.12,536.88,132,4
87,Soar UK,NIL,Nil,Nil,,0.0,1192.04,0,2
870,Rose Theatre Trust,Tier 4,Tier 3,Tier 3,13.3,351.71,3588.02,762,9
8701,St. Andrew's Southgate,NIL,Nil,Nil,,0.0,0.0,0,1
8702,Court & Spark Consulting,NIL,Nil,Nil,,0.0,205.0,0,2
8704,Withington Girl's School Development,High Value,Tier 3,Tier 3,15.24,662.46,1092.96,3806,4
8708,Nette Robinson,Tier 2,Tier 5,Tier 5,55.29,58.46,169.54,61,4
8714,UCS PP Guild,Tier 3,Tier 4,Tier 4,33.83,194.33,411.96,198,3
8715,Friends of the Lake District,NIL,Nil,Nil,,0.0,30.62,0,1
8716,Hugh Morris,Tier 1,Tier 5,Tier 5,85.09,11.33,25.67,34,3
872,Captive Audience,NIL,Nil,Nil,,0.0,261.25,0,2
8722,Leavenheath Events (Sub Committee of Leavenheath Parish),Tier 2,Tier 5,Tier 5,66.45,31.42,107.5,55,4
8724,UnScene Suffolk,NIL,Nil,Nil,,0.0,25.32,0,1
8725,Leyland Barracudas,NIL,Nil,Nil,,0.0,0.0,0,1
8727,Girton College Music Society,NIL,Nil,Nil,,0.0,175.62,0,2
8728,Rugby Borough WFC,NIL,Nil,Nil,,0.0,238.87,0,2
8729,Thirsty Thursday,Tier 2,Free,Free,,0.0,0.0,115,4
8730,E. Knight,NIL,Nil,Nil,,0.0,139.04,0,1
8732,Every Body Outdoors,NIL,Nil,Nil,,0.0,2.5,0,1
8735,Pole Place Limited,Tier 3,Tier 4,Tier 4,40.87,111.17,443.75,140,3
8736,Brainbow,NIL,Nil,Nil,,0.0,0.0,0,2
8739,Friends of Eckington School,NIL,Nil,Nil,,0.0,8.17,0,1
874,St Mary's School,NIL,Nil,Nil,,0.0,50.25,0,1
8742,Spotlight Chamber Concerts,NIL,Nil,Nil,,0.0,475.11,0,1
8743,Arlo Treacy,NIL,Nil,Nil,,0.0,0.0,0,1
8745,Boogie Beat Music & Movement Essex,NIL,Nil,Nil,,0.0,1.33,0,1
8748,EA Flood Hydrology Improvements Programme,NIL,Nil,Nil,,0.0,0.0,0,1
8749,An Talla Solais,Tier 4,Tier 3,Tier 3,14.58,600.17,1411.14,492,4
875,Great Broughton & Kirkby Sports Club,NIL,Nil,Nil,,0.0,51.12,0,3
8750,Collections Trust,NIL,Nil,Nil,,0.0,0.0,0,1
8753,Theatre in the Garden,Tier 3,Tier 4,Tier 4,38.3,109.59,713.52,90,3
8755,Vics School of Musical Theatre (VSI 2023),Tier 4,Tier 4,Tier 4,27.88,239.62,604.77,458,4
8756,Room At The Top @ The Arches,Tier 3,Tier 5,Tier 5,64.83,26.92,191.25,61,3
8758,KL Brewery,Tier 4,Tier 3,Tier 3,16.44,571.69,1312.88,637,3
8759,HC Nesbitt,NIL,Nil,Nil,,0.0,15.83,0,1
876,That Special Somthing Events,NIL,Nil,Nil,,0.0,9.5,0,2
8761,Michaelmas Charity Raffle 2025,Tier 4,Tier 4,Tier 4,43.21,98.17,340.71,412,4
8766,The Sounds From The Attic,NIL,Nil,Nil,,0.0,0.0,0,1
877,Royal Hospital School,Tier 4,Tier 2,Tier 2,5.85,897.33,4736.75,1928,9
8770,Rochdale AFC,NIL,Nil,Nil,,0.0,0.0,0,1
8772,St John's School,NIL,Nil,Nil,,0.0,0.0,0,1
8776,Charity Leadership Scotland,Tier 4,Tier 2,Tier 2,11.2,883.71,1790.57,988,4
8777,St Lawrence College,Tier 4,Tier 3,Tier 3,17.66,480.9,1047.86,555,4
8778,Yorkshire Pug Welfare and our furry friends,NIL,Nil,Nil,,1.15,43.57,9,3
8779,Gerald Group,Tier 4,Free,Free,,0.0,0.0,572,3
878,Magpies Business Club,NIL,Nil,Nil,,0.0,12.98,0,2
8785,MVLS Management for LCGC,NIL,Nil,Nil,,0.0,67.21,0,2
8786,healthier heroes cic,NIL,Nil,Nil,,0.0,80.5,0,1
8787,Rachel Clark,NIL,Nil,Nil,,0.0,27.25,0,1
8788,RH Networking,NIL,Nil,Nil,,0.0,8.5,0,1
8789,St Nicholas Players,Tier 3,Tier 5,Tier 5,51.04,59.71,304.25,88,4
879,Hurlingham School,NIL,Nil,Nil,,0.0,0.0,0,4
8791,L and H Farming,Tier 3,Tier 5,Tier 5,54.19,66.67,181.96,395,3
8793,Wath Pantomime,Tier 3,Tier 5,Tier 5,58.67,41.46,191.79,240,4
8797,JennaAtkinson,NIL,Nil,Nil,,0.0,57.5,0,1
8799,Deaf Village,Tier 3,Tier 5,Tier 5,51.34,77.26,204.45,356,3
88,SRWA,Tier 4,Tier 3,Tier 3,13.1,347.38,3791.56,1953,11
880,ISM,Tier 3,Tier 4,Tier 5,47.51,98.02,130.19,282,8
8806,BTS Army North East (UK),Tier 3,Tier 5,Tier 5,62.47,59.33,74.21,185,3
8808,Silverdale Renaissance,Tier 4,Tier 3,Tier 3,22.15,285.34,1160.37,312,4
881,Account Deleted,NIL,Nil,Nil,,0.0,0.0,0,1
8812,Dulwich Prep & Senior,High Value,Tier 3,Tier 3,17.24,388.12,1700.62,4658,4
8813,KAOS Musical Theatre,Tier 4,Tier 3,Tier 3,15.62,513.38,1957.62,686,3
8816,Plymouth Dolphins RFC,NIL,Nil,Nil,,0.0,70.25,0,2
8818,Account Deleted,NIL,Nil,Nil,,0.0,0.0,0,1
8827,YAB South Manchester,Tier 3,Tier 4,Tier 4,43.62,134.38,163.77,69,4
8828,YAB Lancaster,Tier 2,Tier 5,Tier 5,91.76,1.37,4.12,39,4
8829,Pauline Norton Coaching,Tier 1,Tier 5,Tier 5,76.57,21.33,42.42,31,4
8832,Barrow upon Soar Community Association,NIL,Nil,Nil,,0.0,16.29,0,1
8834,Lights on Theatre,NIL,Nil,Nil,,0.0,36.5,0,1
8835,EPE Dept day 5th Sept,NIL,Nil,Nil,,0.0,0.0,0,1
8837,Chesterfield Malayalee Association,NIL,Nil,Nil,,0.0,345.04,0,2
8839,Baby Massage,Tier 3,Free,Free,,0.0,0.0,369,4
884,Garvey Fundraising,NIL,Nil,Nil,,0.0,568.46,0,2
8840,Sale Sharks,NIL,Nil,Nil,,0.0,37.33,0,2
8841,Pete Joyce,NIL,Nil,Nil,,0.0,0.0,0,1
8848,Claremont Fan Court School,NIL,Nil,Nil,,0.0,0.0,0,1
8849,NMES Events,NIL,Nil,Nil,,0.0,0.0,0,1
885,NETFIT Netball,NIL,Nil,Nil,,0.0,72.54,0,1
8850,The Wish Centre,Tier 3,Tier 4,Tier 4,38.64,109.42,682.63,161,3
8851,Bramcote Athletics Ltd,NIL,Nil,Nil,,0.0,221.07,0,2
8853,Kendal Rugby Trading Ltd,High Value,Tier 2,Tier 2,6.12,1644.14,3937.22,4990,4
886,Inspire  Youth Zone Chorley,Tier 3,Free,Free,,0.0,11.25,155,8
8866,Glasgow Chinese Christian Church,NIL,Nil,Nil,,0.0,0.0,0,2
887,UK Coaching,Tier 4,Tier 4,Tier 4,34.13,77.68,2570.77,188,8
8876,Avon Gardens Trust,NIL,Nil,Nil,,0.0,33.58,0,2
8883,REA,Tier 4,Tier 3,Tier 3,20.46,405.42,808.83,248,4
8888,Lancaster City Council-Climate Emergency,Tier 3,Free,Free,,0.0,0.0,243,4
8892,Monster Monster,NIL,Nil,Nil,,0.0,282.88,0,1
8893,Wild Witch Adventures,NIL,Nil,Nil,,0.0,0.0,0,1
8897,Your Fairy Podmother,NIL,Nil,Nil,,0.25,25.83,0,2
8903,Spook-Fest,NIL,Nil,Nil,,0.0,432.37,0,1
8907,katie leivers,Tier 4,Tier 3,Tier 3,21.42,429.41,621.22,331,4
8908,Gloucester City Mission,NIL,Nil,Nil,,0.0,0.0,0,1
8909,Lancaster City Council,Tier 4,Free,Free,,0.0,0.0,900,2
891,Southsea Ale Club,NIL,Nil,Nil,,0.0,48.71,0,2
8910,HSF Lancaster City Council,NIL,Nil,Nil,,0.0,0.0,0,1
8912,The White Hut,Tier 3,Tier 4,Tier 4,39.17,122.46,385.5,383,4
8914,Members' Pathway Working Party,Tier 3,Free,Free,,0.0,0.0,396,3
8916,Thrupp Primary School PTA,NIL,Nil,Nil,,0.0,36.08,0,1
8917,Olly Roberts Outdoors,NIL,Nil,Nil,,0.0,10.12,0,1
8918,The Gesualdo Six,Tier 4,Tier 3,Tier 3,14.6,458.32,2461.05,378,4
8922,Ambleside & District Choral Society,Tier 3,Tier 4,Tier 4,35.22,167.87,378.46,218,4
8925,Bijou Bridal studio,NIL,Nil,Nil,,0.0,29.83,0,1
8929,GS Exotics & Reptilarium,NIL,Nil,Nil,,0.0,0.0,0,1
893,Wimbledon Choral Society,High Value,Tier 2,Tier 2,4.98,1035.04,5497.79,1125,8
8930,Rotary Club of Brampton & Longtown,Tier 3,Tier 5,Tier 5,69.88,18.83,158.79,32,3
8933,Bromley and Orpington Amnesty Group,Tier 2,Tier 5,Tier 5,73.15,17.5,91.46,21,4
8937,Bridgwater Hog,High Value,Tier 2,Tier 2,6.95,1360.58,3783.37,629,4
8938,The Vault,NIL,Nil,Nil,,3.25,11.17,6,2
8941,Waltham St Lawrence Parish Church,NIL,Nil,Nil,,0.0,17.5,0,1
8942,BAILII,NIL,Nil,Nil,,0.0,0.0,4,4
8943,Account Deleted,NIL,Nil,Nil,,0.0,0.0,0,1
8946,Humber Teaching NHS Foundation Trust,Tier 3,Free,Free,,0.0,0.0,151,4
8948,Fluid Productions,NIL,Nil,Nil,,0.0,0.0,0,1
8949,Royal British circus,NIL,Nil,Nil,,0.0,2.25,0,1
895,Luv’ly Lasses,Tier 4,Tier 3,Tier 3,19.66,231.86,2164.57,387,9
8951,Alexander Cooper,NIL,Nil,Nil,,0.0,40.21,0,1
8954,Deb Barlow Yoga,Tier 3,Tier 4,Tier 4,43.1,120.5,216.17,217,4
8955,Rose Hill PTA,Tier 2,Tier 5,Tier 5,67.98,42.75,61.88,109,3
8957,Highfields Primary School,Tier 3,Free,Free,,0.0,0.0,209,3
8958,SPSBC Parents' Group,Tier 4,Tier 3,Tier 3,14.37,529.71,1765.79,494,4
896,Ju Jitsu Northern Ireland Ltd,Tier 3,Tier 5,Tier 5,51.14,68.88,268.67,99,3
8960,Suffolk Sight,NIL,Nil,Nil,,0.0,97.04,0,2
8967,East Park,NIL,Nil,Nil,,0.0,17.33,0,2
8969,1decision Ltd,Tier 4,Free,Free,,0.0,0.0,446,4
8973,FASS KE and Engagement Team Events,Tier 2,Free,Free,,0.0,0.0,109,4
8974,Public Affairs Team,NIL,Nil,Nil,,0.0,0.0,0,1
8975,1 HART 1 MIND 1 FUTURE,Tier 2,Free,Free,,0.0,78.23,83,3
8977,Christmas show,NIL,Nil,Nil,,0.0,255.54,0,2
8981,Hands 4 Voices/Don't Shout Out,NIL,Nil,Nil,,0.0,261.54,0,2
8982,Shelter Scotland,NIL,Nil,Nil,,0.0,46.67,0,1
8983,Annmarie James,NIL,Nil,Nil,,0.0,10.62,0,2
8984,Egerton CP School,Tier 4,Free,Free,,0.0,0.0,476,4
8990,Love  Gratitude & Crystals Ltd,NIL,Nil,Nil,,0.0,18.75,0,1
8995,Appleton Players,Tier 2,Tier 5,Tier 5,67.77,26.04,135.08,35,3
8998,Therapies for Change with Joe Biggans,NIL,Nil,Nil,,0.0,2.17,0,1
9,Friends of Casterton Sedbergh Prep School,NIL,Nil,Nil,,0.0,1330.78,0,7
9002,Missy Moo's Crafty Corner,NIL,Nil,Nil,,0.0,3.15,0,1
9009,Dorset Youth,NIL,Nil,Nil,,0.0,0.0,0,3
9012,The Ascot District Day Centre,NIL,Nil,Nil,,0.0,83.38,0,1
9014,Sheppey United FC Ltd,NIL,Nil,Nil,,0.0,247.08,0,1
9015,Paragon Holiday Clubs,Tier 4,Tier 2,Tier 2,10.05,963.63,2199.1,547,4
9017,Hulme Grammar School,Tier 4,Tier 2,Tier 2,10.71,906.38,1946.46,1216,4
9022,Fenlanders Rally (#9143),Tier 3,Tier 4,Tier 4,34.42,147.96,548.5,72,4
9025,Humber Teaching NHS FT,Tier 3,Free,Free,,0.0,0.0,363,3
9028,Ian Boydon,NIL,Nil,Nil,,0.0,0.0,0,1
9029,Friends of St Mary's Concert,NIL,Nil,Nil,,0.0,19.83,0,1
9032,BIYE,NIL,Nil,Nil,,0.0,48.12,0,2
9033,Sarah Edwards,NIL,Nil,Nil,,0.0,10.12,0,1
9036,Village Coffee Shop Bedwas,NIL,Nil,Nil,,0.0,49.13,0,1
9037,Ryan Theatre  Harrow School,High Value,Free,Free,,0.0,0.0,2832,4
904,Play Dead London,NIL,Nil,Nil,,0.0,126.25,0,2
9042,Give A Little,NIL,Nil,Nil,,0.0,0.0,0,1
9046,Sphinx UK,Tier 3,Tier 4,Tier 4,43.05,141.67,194.5,65,3
9047,Sir John Deane’s Sixth Form College,Key Account,Tier 3,Tier 3,21.02,319.88,1120.19,14487,4
905,Neuro Dropin,NIL,Nil,Nil,,0.0,0.0,0,1
9050,Liam Brewer,NIL,Nil,Nil,,0.0,0.0,0,1
9053,New Cards on the Block,NIL,Nil,Nil,,0.0,11.17,0,1
9054,Cummersdale Charity Events,NIL,Nil,Nil,,0.0,24.92,0,1
9055,Dunedin Chapter Scotland #9083,Tier 3,Tier 4,Tier 4,42.76,124.45,211.41,113,4
9056,Wild Meadow Pony Parties,NIL,Nil,Nil,,0.0,85.4,0,2
9058,Revive Church Newbridge,NIL,Nil,Nil,,0.0,0.0,0,2
906,The Art Class London,NIL,Nil,Nil,,0.0,0.0,0,1
9061,Kendal Parish Church,Tier 3,Free,Free,,0.0,0.0,145,4
9062,Umbrella Arts,NIL,Nil,Nil,,0.0,279.33,0,1
9068,Beechwood BPAC,Tier 3,Tier 4,Tier 4,37.32,182.17,381.0,348,2
907,Marr Music Department,NIL,Nil,Nil,,0.0,49.08,0,2
9070,Account Deleted,NIL,Nil,Nil,,0.0,0.0,0,1
9071,LINX RISING,NIL,Nil,Nil,,0.0,13.96,0,2
9072,Brightlingsea Community Centre,NIL,Nil,Nil,,0.0,16.21,0,3
9075,St Michael's School SMSA,NIL,Nil,Nil,,0.0,66.88,0,1
9076,Wye Organic (Farms) Ltd,NIL,Nil,Nil,,0.0,179.17,0,2
9078,The Skinners' School,High Value,Tier 3,Tier 3,12.68,791.29,1425.33,2938,4
9079,Justlife Foundation Ltd,NIL,Nil,Nil,,0.0,61.5,0,1
9082,Matrix Arts Centre,Tier 2,Tier 5,Tier 5,64.68,42.58,101.5,103,3
9083,Inverness Choral Society,Tier 3,Tier 4,Tier 4,43.2,98.0,342.75,126,4
9085,Texan Peacocks,NIL,Nil,Nil,,0.0,116.17,0,1
9086,WUAF Colchester,NIL,Nil,Nil,,0.0,16.54,0,1
9087,CAULDRON PARANORMAL,Tier 2,Tier 5,Tier 5,65.14,28.12,147.5,45,4
9090,Huxley Education,NIL,Nil,Nil,,0.0,0.0,0,1
9094,Roots Connections Salford,NIL,Nil,Nil,,0.0,5.88,0,2
9096,Cumbria Careers Hub,NIL,Nil,Nil,,0.0,0.0,0,2
9097,Reed Brand Communication,NIL,Nil,Nil,,0.0,56.0,0,3
9098,She Talks AI,NIL,Nil,Nil,,0.0,70.0,0,2
9099,Gan Yam Brewing Company Ltd,NIL,Nil,Nil,,0.0,214.04,0,2
9107,Nottinghamshire Federation of WIs,Tier 2,Tier 5,Tier 5,57.32,62.38,138.68,74,3
9108,Actonians Drama Group,Tier 4,Tier 3,Tier 3,21.71,344.62,843.62,654,4
9109,LMDCDC,Tier 2,Tier 5,Tier 5,77.16,28.75,40.25,30,2
9110,HR Independents Ltd,NIL,Nil,Nil,,0.0,0.0,0,1
9111,GDST Alumnae,NIL,Nil,Nil,,0.0,0.0,0,2
9113,The Farm Shop  Bidford on Avon,Tier 3,Tier 5,Tier 5,53.69,73.19,165.23,120,3
9114,Florist & Forest,NIL,Nil,Nil,,0.0,12.08,0,1
9115,Centre for Child & Family Justice Research,NIL,Nil,Nil,,0.0,0.0,0,2
9116,King's Worcester Parent Social Group,Tier 3,Tier 5,Tier 5,67.74,0.62,547.33,35,4
9117,Dunottar School,High Value,Tier 2,Tier 2,7.9,1636.98,2141.61,3809,4
9118,PTFA Fairview School,High Value,Tier 2,Tier 2,7.15,1285.42,3814.21,2969,4
9121,Penrice Academy,Tier 4,Tier 3,Tier 3,24.21,295.87,718.46,2021,4
9123,The Chase School,Tier 4,Tier 3,Tier 3,24.86,310.21,586.54,619,4
9125,Barton Baptist Church,NIL,Nil,Nil,,0.0,0.0,0,1
9126,Central London Samaritans,NIL,Nil,Nil,,0.0,61.88,0,1
9129,Climate Guide Ltd,NIL,Nil,Nil,,0.0,108.97,0,3
913,The Friends of Rowan Association,Tier 4,Tier 2,Tier 3,10.6,479.58,3664.67,915,9
9134,The Rawlett School,Tier 3,Tier 4,Tier 4,36.3,156.96,453.33,382,3
9137,Upmo,NIL,Nil,Nil,,0.0,43.08,0,2
9138,HRD Admin,NIL,Nil,Nil,,0.0,0.0,0,1
9139,Rob Cooper,NIL,Nil,Nil,,0.0,0.0,0,2
9140,Mrs S F W Hunter,NIL,Nil,Nil,,0.0,8.21,0,2
9142,The Alternative Florist,NIL,Nil,Nil,,0.0,4.25,0,1
9143,Bookshop Strings,NIL,Nil,Nil,,0.0,26.83,0,1
9147,Domum De Divergence,NIL,Nil,Nil,,0.0,0.0,0,1
9153,Rebecca Burgess,Tier 3,Tier 4,Tier 4,32.62,155.37,694.97,361,4
9157,Bloxham School presents,Tier 4,Free,Free,,0.0,0.0,711,4
9158,Worldwide Cancer Research,NIL,Nil,Nil,,0.0,0.0,0,2
9159,Abbey PTA,NIL,Nil,Nil,,0.0,209.63,0,1
9160,SGGS Events,NIL,Nil,Nil,,0.0,0.0,0,2
9164,Keighley RUFC,NIL,Nil,Nil,,0.0,27.75,0,1
9165,Janine Crowshaw,NIL,Nil,Nil,,0.0,1.37,0,1
9166,StroudDragCollective,NIL,Nil,Nil,,0.0,56.31,0,1
9167,Clare Higgins - PT,NIL,Nil,Nil,,0.0,0.0,0,1
9168,TFO AP & RAV,Tier 3,Tier 5,Tier 5,71.69,33.12,56.31,144,3
9173,Dunbar Sings,Tier 3,Tier 5,Tier 5,54.56,43.12,410.67,93,3
9175,Weston Park Air Show Camping,Tier 4,Tier 3,Tier 3,22.76,336.88,745.62,750,4
9176,Friends of Shipston Primary,Tier 4,Tier 3,Tier 3,25.08,273.99,746.22,1029,4
9177,The Salvation Army South East Division,Tier 3,Free,Free,,0.0,0.0,258,4
9178,The Friends of Albert Pye,Tier 4,Tier 3,Tier 3,25.64,293.21,560.5,1141,4
9180,Marcus Luckett,NIL,Nil,Nil,,0.0,0.0,0,1
9184,SLaM Postgrad,NIL,Nil,Nil,,0.0,0.0,0,2
9187,Grove Pre School,NIL,Nil,Nil,,0.0,13.46,0,1
9190,Daniel Paul Priestley,High Value,Tier 2,Tier 2,10.34,1089.7,2491.57,2486,3
9191,HMVCG CIC,NIL,Nil,Nil,,0.0,0.0,0,1
9194,Sedbergh Music Festival,Tier 4,Tier 3,Tier 3,16.12,522.79,1197.37,497,4
9197,Habitats & Heritage,Tier 4,Tier 3,Tier 3,24.79,259.35,847.3,1516,4
9198,Staff Conference,NIL,Nil,Nil,,0.0,0.0,0,1
9199,Church Mission Society,NIL,Nil,Nil,,0.0,0.0,0,1
92,St Marks Church  Natland,NIL,Nil,Nil,,0.0,110.84,0,6
920,PHS PROFS,NIL,Nil,Nil,,0.0,295.12,0,2
9201,Napthens LLP,Tier 4,Tier 3,Tier 3,15.34,746.37,1197.43,352,3
9203,Lash & Co Events,Tier 3,Tier 4,Tier 4,42.87,122.38,215.79,142,4
9205,SO,Tier 3,Tier 4,Tier 4,45.76,73.46,535.33,147,3
9209,Thornleigh Salesian College,Tier 4,Tier 3,Tier 3,13.91,627.74,1538.16,1738,4
9211,Kindred Eclectic,NIL,Nil,Nil,,0.0,4.63,0,2
9217,Turing House Friends,Tier 3,Tier 4,Tier 4,34.28,163.86,453.64,277,4
9219,University College London,NIL,Nil,Nil,,0.0,0.0,0,1
922,Tina Dulson,NIL,Nil,Nil,,0.0,0.0,0,1
9221,St Newlyn East Village Hall,NIL,Nil,Nil,,0.0,3.67,0,1
9225,Health Events,NIL,Nil,Nil,,0.0,0.0,0,1
9226,Rock House Farm,NIL,Nil,Nil,,0.0,8.67,0,1
9227,Purple Rose Fundraising Events,NIL,Nil,Nil,,0.0,0.58,0,1
9228,Sue Blackhurst,NIL,Nil,Nil,,0.0,135.0,0,2
923,Graham Napier Cricket Academy,NIL,Nil,Nil,,0.0,707.08,0,6
9231,Family Church Saddleworth,NIL,Nil,Nil,,0.0,29.67,0,1
924,The Holistic Foundation,NIL,Nil,Nil,,0.0,9.17,0,1
9245,Broughton Hall Sixth Form,Tier 3,Free,Free,,0.0,0.0,353,3
9247,St George's Edinburgh,NIL,Nil,Nil,,0.0,125.25,0,1
9248,Kendal Parish Church Children and families,NIL,Nil,Nil,,0.0,0.0,0,2
9251,Albyn School Parents Association,Tier 3,Tier 5,Tier 5,50.96,47.25,597.52,126,3
9252,NHSCT,Tier 3,Free,Free,,0.0,0.0,130,2
9254,Latymer Foundation,NIL,Nil,Nil,,0.0,2150.37,0,2
9257,Gina,NIL,Nil,Nil,,0.0,0.0,0,2
9258,Netley Marsh Infant School PTA,Tier 3,Tier 5,Tier 4,52.06,112.72,112.72,407,2
9261,School of Medicine Engagement,Tier 4,Free,Free,,0.0,0.0,600,4
9262,Visit Eden team  Westmorland and Furness Council,Tier 2,Free,Free,,0.0,0.0,45,2
9263,Sunninghill Street Fayre,Tier 4,Tier 5,Tier 5,75.68,23.33,53.33,595,3
9266,Ann Cam PTFA,NIL,Nil,Nil,,0.0,52.25,0,1
9267,Bronya Emily School of Dance,NIL,Nil,Nil,,0.0,54.25,0,1
9268,BHPA,Tier 4,Tier 3,Tier 4,26.09,267.58,652.53,514,4
9269,University of Northampton Events  Tourism & Hospitality,Tier 2,Tier 5,Tier 5,86.05,17.0,17.0,48,2
9270,MMU PGT,NIL,Nil,Nil,,0.0,0.0,0,1
9271,Scarisbrick Hall Trust,NIL,Nil,Nil,,0.0,2900.09,0,2
9272,Keswick Tourism Association,NIL,Nil,Nil,,0.0,0.0,0,3
9275,The Criminology Team,Tier 1,Free,Free,,0.0,0.0,21,3
9277,Woodland Corner,NIL,Nil,Nil,,0.0,31.25,0,3
9281,BYSD,NIL,Nil,Nil,,0.0,4.9,0,1
9282,Iskcon Milton Keynes,Tier 1,Free,Free,,0.0,0.0,15,3
9285,Morecambe Warblers,Tier 2,Tier 5,Tier 5,70.76,33.04,65.67,61,3
9287,1st Yate Scouts,Tier 1,Tier 5,Tier 5,84.45,5.83,47.0,35,3
929,Gregson Arts & Community Centre,NIL,Nil,Nil,,0.0,45.46,0,2
9293,CRN Yorkshire & Humber,NIL,Nil,Nil,,0.0,0.0,0,2
9294,Dundee Tourism Partnership,NIL,Nil,Nil,,0.0,0.0,0,2
9295,PCC of Bursledon,Tier 3,Tier 5,Tier 5,60.44,46.97,121.35,255,4
9296,HW Engage,NIL,Nil,Nil,,0.0,0.0,0,1
9299,AVMS,NIL,Nil,Nil,,0.0,183.83,0,2
930,Haraya Choir,NIL,Nil,Nil,,0.0,47.29,0,1
9301,Warrington Disability Partnership - Christmas Grotto 2023,High Value,Tier 2,Tier 2,4.98,2216.75,5317.1,4154,4
9303,Dundee City Centre Management,Tier 2,Free,Free,,0.0,0.0,73,3
9305,The Abbey Church of Dunfermline,Tier 4,Tier 5,Tier 5,76.74,18.08,51.92,430,4
9311,Hallfield School,NIL,Nil,Nil,,0.0,474.21,0,1
9312,Action Medical Research,NIL,Nil,Nil,,0.0,0.0,0,1
9313,Health Innovation Campus  Lancaster University,Tier 3,Free,Free,,0.0,0.0,140,4
9316,My Wellbeing Index Limited,NIL,Nil,Nil,,0.0,0.0,0,1
9318,KLEO,NIL,Nil,Nil,,0.0,0.0,0,1
9319,St George's Weybridge,High Value,Free,Free,,0.0,0.0,2559,4
9321,HW Impact,NIL,Nil,Nil,,0.0,0.0,0,1
9323,forhanaalam@gmail.com,NIL,Nil,Nil,,0.0,93.42,0,1
9327,Chigwell School - School Tour,NIL,Nil,Nil,,0.0,0.0,0,2
9328,CYF Bursledon,NIL,Nil,Nil,,0.0,0.0,0,1
933,Cumbria Tourism,Tier 4,Tier 5,Tier 5,59.22,44.38,115.92,1333,9
9331,SheffieldandBarnsleyGPVTS,NIL,Nil,Nil,,0.0,0.0,0,2
9334,Ministerial Development and Wellbeing,Tier 4,Tier 4,Tier 4,48.02,83.5,225.25,1021,4
9335,Yorkshire Quality and Safety Research Group,NIL,Nil,Nil,,0.0,0.0,0,2
9336,3D2D Events Limited,Tier 4,Tier 4,Tier 4,36.37,157.08,447.42,632,3
9337,Voce Chamber Choir,Tier 3,Tier 4,Tier 4,27.57,200.23,909.43,285,4
9338,NHS Sussex Safeguarding Team,NIL,Nil,Nil,,0.0,0.0,0,1
9339,Safeguarding & Chidren in Care Team,Tier 4,Free,Free,,0.0,0.0,798,4
934,Habsboys Box Office,High Value,Tier 2,Tier 2,6.39,695.42,9063.48,2776,9
9340,Bitter Sweet Folk,Tier 3,Tier 4,Tier 4,36.04,161.25,366.38,58,4
9342,Cherish Funeral Directors,NIL,Nil,Nil,,0.0,0.0,0,1
9347,Glebe Farm School,High Value,Tier 4,Tier 4,30.77,281.04,281.04,2230,4
935,Park House Farm Campsite,NIL,Nil,Nil,,0.0,108.08,0,2
9352,HEWORTH WITHOUT PARISH COUNCIL EVENTS,NIL,Nil,Nil,,0.0,0.0,0,2
9353,Chard Rugby Club,NIL,Nil,Nil,,0.0,0.0,0,1
9354,Always Potential Ltd,NIL,Nil,Nil,,0.0,14.84,0,2
9355,London Youth Concert Band,NIL,Nil,Nil,,0.0,47.71,0,1
9358,University of Sussex Business School,NIL,Nil,Nil,,0.0,0.0,0,1
9360,Camps Quiz,NIL,Nil,Nil,,0.0,10.08,0,1
9363,Friends of Bryanston Prep,Tier 3,Tier 4,Tier 4,37.08,143.5,390.84,269,4
9364,Paint and Rejuvenate,Tier 1,Free,Free,,0.0,0.0,19,3
9365,Friends of Altarnun School,NIL,Nil,Nil,,0.0,19.41,0,2
9368,RHUL Maths,Tier 1,Free,Free,,0.0,0.0,36,4
9369,St Andrew's CE Primary School,High Value,Free,Free,,0.0,0.0,3043,4
9375,CaDao,NIL,Nil,Nil,,0.0,93.17,0,2
938,British School Muscat,NIL,Nil,Nil,,0.0,0.0,0,1
9380,Whitewater Hotel,NIL,Nil,Nil,,0.0,9.88,0,1
9383,UHD Pride Network,NIL,Nil,Nil,,0.0,0.0,0,2
9385,Drag show experience,NIL,Nil,Nil,,0.0,1.58,0,1
9387,CABI,NIL,Nil,Nil,,0.0,0.0,0,1
9388,Bradford Grammar School,High Value,Free,Free,,0.0,0.0,3493,4
9390,Live Wild CIC,High Value,Tier 2,Tier 2,7.24,1448.96,3223.27,650,4
9391,Kendrick School,NIL,Nil,Nil,,0.0,0.0,0,2
9392,Student Services (Sixth Form),Tier 2,Free,Free,,0.0,0.0,104,4
9394,Penrith Schools' Music Association,Tier 4,Tier 4,Tier 4,29.57,221.96,676.21,670,3
9395,Unseen UK,NIL,Nil,Nil,,0.0,0.0,0,2
9396,DCD Rights,NIL,Nil,Nil,,0.0,0.0,0,1
9397,Ibtissam,NIL,Nil,Nil,,0.0,28.5,0,1
9399,Friends of Winckley Square,Tier 4,Tier 3,Tier 3,22.39,352.12,723.11,995,4
94,The Creation Station Spalding,NIL,Nil,Nil,,0.0,0.34,0,1
9403,Birmingham City University - 2023 Black History Month Panel,NIL,Nil,Nil,,0.0,0.0,0,1
9406,The Rock,Tier 3,Tier 5,Tier 5,88.16,3.96,25.87,141,3
9408,Hitchin Boys' School,NIL,Nil,Nil,,0.0,0.0,0,2
9409,Account Deleted,NIL,Nil,Nil,,0.0,0.0,0,1
941,Nutshell Training,NIL,Nil,Nil,,0.0,88.29,0,3
9411,The North Face Events,NIL,Nil,Nil,,0.0,27.33,0,1
9414,FoodFutures,Tier 4,Tier 5,Tier 5,64.4,34.17,121.76,1152,4
9416,Community 360,NIL,Nil,Nil,,0.0,39.13,0,1
9417,UON Corporate Events,Tier 4,Free,Free,,0.0,0.0,1019,4
9418,DiamondZee Ltd,NIL,Nil,Nil,,0.0,10.83,0,1
9419,EsmorieMiller,Tier 2,Free,Free,,0.0,0.0,119,4
9421,Rotary Club of Loughborough Beacon,NIL,Nil,Nil,,0.0,7.58,0,1
9422,Gambian Night,NIL,Nil,Nil,,0.0,23.12,0,1
9423,ISKCON Birmingham,High Value,Free,Free,,0.0,0.0,2999,4
9424,Lyn Cutler,Tier 4,Tier 4,Tier 4,46.57,95.0,210.75,447,4
9425,Potato Cups,NIL,Nil,Nil,,0.0,0.25,0,1
9426,Janine Smith  Industry Collaboration Zone Blackburn College,NIL,Nil,Nil,,0.0,0.0,0,1
9428,Lancaster University Confucius Institute,Tier 3,Free,Free,,0.0,0.0,147,4
9429,BPSA,Tier 4,Tier 3,Tier 3,15.94,562.45,1160.57,914,4
9435,Arnside Ladies Choir,NIL,Nil,Nil,,0.0,4.12,0,1
9437,Birmingham City University,NIL,Nil,Nil,,0.0,0.0,0,1
9438,Shona Blakeley,NIL,Nil,Nil,,0.0,10.5,0,1
944,FIona Frank,Tier 3,Tier 5,Tier 5,58.21,59.43,99.22,213,5
9443,Left Horizons,Tier 2,Tier 5,Tier 5,82.39,10.01,48.97,45,3
9445,Noteworthy Voices,Tier 2,Tier 5,Tier 5,58.07,53.25,135.37,83,4
9447,Coastal Practitioners 2024,NIL,Nil,Nil,,0.0,0.0,0,1
9448,Testwood School,NIL,Nil,Nil,,0.0,4.33,0,2
945,The Sherriff Club - KGS Parent Supporters Group,NIL,Nil,Nil,,0.0,51.29,0,1
9450,The Complete Commedia Company,Tier 3,Tier 4,Tier 4,39.24,143.12,348.25,213,3
9452,Hitchin Girls' School,NIL,Nil,Nil,,0.0,0.0,0,1
9455,Askham Pools Season Tickets,Tier 4,Tier 4,Tier 4,29.52,284.75,555.62,233,2
9456,Ashburnham English Song Awards,NIL,Nil,Nil,,0.0,7.29,0,1
9460,hermosa boutique,NIL,Nil,Nil,,0.0,67.08,0,1
9462,DR RETRO VAULT,NIL,Nil,Nil,,0.0,120.29,0,2
9465,Thats The Spirit Group,Tier 3,Tier 4,Tier 4,36.62,168.12,303.37,389,4
9466,Camperdown Lane,NIL,Nil,Nil,,0.0,0.0,0,1
9467,Hull NICU,NIL,Nil,Nil,,0.0,0.0,0,1
9469,John Hardy,NIL,Nil,Nil,,0.0,0.0,0,2
947,Leighton Park School,Tier 4,Tier 3,Tier 3,13.15,398.6,2590.98,835,9
9470,Black Creatives Festival,NIL,Nil,Nil,,0.0,0.0,0,1
9471,Oakgrove Sixth Form,Tier 4,Free,Free,,0.0,0.0,1564,3
9472,MR W J BLACKMORE,NIL,Nil,Nil,,0.0,43.6,0,1
9473,Dan Matthews,NIL,Nil,Nil,,0.0,0.0,0,1
9476,Summerhill School,NIL,Nil,Nil,,0.0,0.0,0,3
9477,Guildford County School,High Value,Free,Free,,0.0,0.0,3400,4
9478,Government Property Function,NIL,Nil,Nil,,0.0,0.0,0,2
9479,Himz Boutique,Tier 2,Free,Free,,0.0,0.0,75,3
948,Cattle dog records,NIL,Nil,Nil,,0.0,1374.93,0,6
9480,Thurlaston PTA,Tier 3,Tier 5,Tier 5,71.08,35.92,53.3,155,3
9483,Account Deleted,NIL,Nil,Nil,,0.0,0.0,0,1
9484,BarrowFull,NIL,Nil,Nil,,0.0,0.0,0,1
9485,NIHR,NIL,Nil,Nil,,0.0,0.0,0,1
9489,Acreative Space workshop,NIL,Nil,Nil,,0.0,38.21,0,1
949,Leighton Park PSC,NIL,Nil,Nil,,0.0,383.27,0,3
9490,Theatrix UK,NIL,Nil,Nil,,0.0,26.37,0,1
9496,Crockenhill Parents Association,Tier 3,Tier 5,Tier 5,56.64,67.59,129.96,244,3
9498,Edinburgh City Libraries,NIL,Nil,Nil,,0.0,0.0,0,1
9499,Daniel Skinner,Tier 2,Free,Free,,0.0,0.0,73,3
95,KGS Music Administrator,Tier 4,Tier 4,Tier 4,28.15,144.08,1198.93,438,8
950,Cheeki Monkeys Bedford,NIL,Nil,Nil,,0.0,1.7,0,1
9501,Kent Music,Tier 3,Free,Free,,0.0,0.0,368,4
9502,RA Butler PTA,Tier 4,Tier 3,Tier 3,16.92,496.06,1147.16,1538,4
9503,CDPG,Tier 4,Free,Free,,0.0,0.0,1776,4
951,St Paul's OP Club,Tier 4,Tier 2,Tier 3,8.29,566.67,5490.04,471,9
9515,Merlin Entertainments,NIL,Nil,Nil,,0.0,0.0,0,1
9517,Ebbsfleet Indian Community (EIC),Tier 4,Tier 3,Tier 3,21.81,393.33,685.4,1189,4
9518,Wellies-On CIC,Tier 2,Tier 5,Tier 5,90.23,8.08,8.08,92,3
952,Chepstow House School,NIL,Nil,Nil,,0.0,0.0,0,1
9520,Cumnor House Sussex,High Value,Tier 4,Tier 4,43.35,66.0,843.42,2566,4
9521,Lancaster City Council,Tier 4,Free,Free,,0.0,0.0,861,4
9526,RVI PTA,Tier 3,Tier 5,Tier 5,68.4,20.83,171.52,14,3
9527,Budleigh Salterton CC,Tier 3,Tier 5,Tier 5,56.65,30.87,445.39,57,4
9528,Bennett,Tier 4,Free,Free,,0.0,0.0,601,3
9530,Family & Friends of St. Winifred’s,Tier 4,Tier 3,Tier 3,23.54,319.02,714.15,453,4
9533,BAVO,NIL,Nil,Nil,,0.0,0.0,0,1
9535,Community Matters,Tier 4,Tier 4,Tier 4,28.34,226.33,625.53,1519,4
9536,Cumbria People and Nature Network,NIL,Nil,Nil,,0.0,0.0,0,3
9537,Lucy Rubick,NIL,Nil,Nil,,0.0,0.0,0,1
9538,SheffieldDM,NIL,Nil,Nil,,0.0,0.0,0,1
9539,Knaresborough Celtic FC,NIL,Nil,Nil,,0.0,38.37,0,1
954,Beaconside PTA,NIL,Nil,Nil,,0.0,611.05,0,7
9541,Inch House,NIL,Nil,Nil,,0.0,225.42,0,2
9542,Lancashire Business View,Tier 4,Tier 3,Tier 3,14.86,513.17,1660.66,718,4
9548,First Mortgage,Tier 3,Free,Free,,0.0,0.0,283,4
9549,Leeds Gymnastics Club,High Value,Tier 2,Tier 2,5.12,2100.62,5261.88,3288,4
955,Alleyns Upper School Games,Tier 1,Free,Free,,0.0,0.0,21,8
9550,Dorchester u3a,NIL,Nil,Nil,,0.0,0.0,0,1
956,Bedales parent event,NIL,Nil,Nil,,0.0,75.29,0,1
9560,Ukrainian Community in Torbay,NIL,Nil,Nil,,0.0,19.54,0,2
9561,Foundry gym personal,NIL,Nil,Nil,,0.0,0.0,0,2
9563,RSC Central Yorkshire local section,Tier 1,Tier 5,Tier 5,91.99,2.63,19.0,14,2
9566,Largs Primary School Parent Council,Tier 2,Tier 5,Tier 5,71.18,17.0,148.46,58,3
9567,Berkshire Muslim Arab Commuinty Assocciation,NIL,Nil,Nil,,0.0,0.0,0,1
9569,St James the Greater Church  Leicester,Tier 4,Free,Free,,0.0,0.0,539,4
957,UK Coaching,Tier 4,Tier 3,Tier 3,21.06,426.54,438.88,610,9
9570,Master Your Life,NIL,Nil,Nil,,0.0,639.6,0,2
9573,Kendal Comedy Gala,NIL,Nil,Nil,,0.0,585.5,0,2
9576,Seven Flaming Torches,NIL,Nil,Nil,,0.0,0.0,0,1
9579,JSE Tutoring,NIL,Nil,Nil,,0.0,3.67,0,1
9580,Penrhos College,NIL,Nil,Nil,,0.0,24.42,0,1
9584,Wirral Summer Hops,Tier 4,Tier 3,Tier 3,14.33,668.94,1276.92,1974,4
9587,Blisworth Baptist Church,Tier 4,Tier 4,Tier 4,47.58,119.8,119.8,496,4
9588,Cameron’s Companions,Tier 4,Tier 3,Tier 3,22.58,325.83,814.75,322,4
959,Active Learning Group,NIL,Nil,Nil,,0.0,0.0,0,1
9591,MH LDA Collaborative Programme,Tier 1,Free,Free,,0.0,0.0,15,3
9592,UMMA Scotland,NIL,Nil,Nil,,0.0,0.0,0,1
9594,Scottish PEN,NIL,Nil,Nil,,0.0,0.0,0,1
9595,Buglife ~ The Invertebrate Conservation Trust,Tier 4,Tier 5,Tier 5,59.74,56.48,102.82,1151,4
9599,Edmonton Islamic Centre,NIL,Nil,Nil,,0.13,741.17,0,3
96,Ian Robinson Sports Centre,NIL,Nil,Nil,,0.0,0.0,0,1
9600,Principal user,NIL,Nil,Nil,,0.0,21.42,0,2
9603,Business Focus Group,Tier 3,Tier 4,Tier 4,43.02,97.5,358.12,151,4
9604,Kirsty Lynch,NIL,Nil,Nil,,0.0,18.5,0,2
9605,CADS,Tier 3,Tier 4,Tier 4,43.95,114.38,257.92,192,3
9607,Vocalis,Tier 3,Tier 4,Tier 4,42.36,107.33,316.21,149,4
961,Castle Hill Primary School,NIL,Nil,Nil,,0.0,0.0,0,1
9611,Emmanuel Church woodley,NIL,Nil,Nil,,0.0,0.0,0,1
9615,Sutton Songsters,Tier 3,Tier 5,Tier 5,53.87,90.88,135.25,147,2
9617,Daykin Music IOM,NIL,Nil,Nil,,0.0,167.62,0,1
962,Unique Ladies,Tier 4,Tier 4,Tier 5,48.27,27.88,1670.93,93,8
9623,WHS Prom,NIL,Nil,Nil,,0.0,356.21,0,2
9628,Wilmslow Preparatory School Parents Committee,Tier 3,Tier 4,Tier 4,50.64,65.88,258.48,157,4
9631,HNYHCP Mental Health  Learning Disabilities & Autism Collab,Tier 4,Free,Free,,0.0,0.0,753,4
9633,ChristmasFayre24,NIL,Nil,Nil,,0.0,0.0,0,1
9634,Friends of the Vox,Tier 3,Tier 5,Tier 5,53.47,57.96,270.5,52,3
9636,Royal High School Bath,High Value,Tier 2,Tier 2,8.9,1002.18,3091.31,2238,4
9637,BNI Titans,Tier 3,Tier 5,Tier 5,53.28,58.12,277.62,76,3
9638,Keswick School,Tier 4,Tier 3,Tier 3,26.76,299.79,558.12,645,3
9639,Queen's Policy Engagement,NIL,Nil,Nil,,0.0,0.0,0,2
9640,Next Level London,Tier 4,Tier 3,Tier 3,18.27,436.16,1065.62,770,4
9641,Joey Akrigg,NIL,Nil,Nil,,0.0,0.0,0,1
9643,Lewes Singers,NIL,Nil,Nil,,0.0,104.0,0,1
9646,Steve Knightley at The Priory Church,Tier 3,Tier 4,Tier 4,39.03,124.35,385.06,116,4
9647,Sawtry Chorale,Tier 2,Tier 5,Tier 5,73.4,25.08,53.25,46,4
9648,Lancaster University for Business,NIL,Nil,Nil,,0.0,0.0,6,2
965,Warminster School,NIL,Nil,Nil,,0.0,0.0,0,1
9651,Mr Robert D Unwin,NIL,Nil,Nil,,0.0,15.55,0,2
9654,RKE Hartpury,Tier 4,Free,Free,,0.0,0.0,591,4
9655,RFDance,Tier 3,Free,Free,,0.0,0.0,333,3
9656,Agnieszka Kowalczyk-Wojcik,NIL,Nil,Nil,,0.0,11.37,0,1
9658,RFDance Atherton Academy,Tier 3,Free,Free,,0.0,0.0,145,3
966,Warminster School Development and Community Events,NIL,Nil,Nil,,0.0,983.5,0,7
9664,Pangbourne Choral Society,Tier 3,Tier 4,Tier 5,48.94,76.08,244.25,102,4
9665,Chislehurst & Sidcup Grammar School,NIL,Nil,Nil,,0.0,0.0,0,2
9667,In-Situ,NIL,Nil,Nil,,0.0,0.0,0,2
9668,SciTech Graduate School,NIL,Nil,Nil,,0.0,0.0,0,1
967,Sage and Thyme,Tier 4,Tier 3,Tier 3,19.0,285.12,1312.54,355,9
9671,BYSD & Performing Arts,Tier 4,Tier 4,Tier 4,33.48,189.25,460.93,420,3
9672,Latymer Tickets,NIL,Nil,Nil,,0.0,0.0,0,2
9673,Music Department  The Hertfordshire And Essex High School,Tier 4,Tier 3,Tier 3,22.79,311.71,842.08,1005,4
9674,The Replicas,Tier 3,Tier 5,Tier 5,60.23,45.56,160.9,104,3
9676,St Mike's Tots,NIL,Nil,Nil,,0.0,0.0,0,3
968,Friends of Manor House School,Tier 4,Tier 3,Tier 3,20.38,225.66,1889.47,272,9
9690,TLSE,NIL,Nil,Nil,,0.0,0.0,0,1
9691,Windsor  Eton and Ascot Town Partnership,Tier 3,Free,Free,,0.0,0.0,198,3
9696,Crosby Granger Architects,NIL,Nil,Nil,,0.0,8.87,0,3
97,Merchant Taylors School Lisa Connor,High Value,Tier 2,Tier 2,4.08,1164.66,5236.12,1598,11
970,Kendal Torchlight Carnival,NIL,Nil,Nil,,0.0,19.75,0,1
9705,St Joseph's Church  Wetherby,NIL,Nil,Nil,,0.0,8.67,0,1
9712,EngineeringGalaDinner,NIL,Nil,Nil,,0.0,0.0,0,1
9717,SAWU Foundation Christmas,NIL,Nil,Nil,,0.0,5.17,0,1
9724,Northwood College for Girls,High Value,Tier 3,Tier 3,13.38,633.32,1712.58,2602,4
9725,MBA,NIL,Nil,Nil,,0.0,0.0,0,3
9728,TheTreeCouncil,NIL,Nil,Nil,,0.0,0.0,0,1
9729,Testwood School,Tier 4,Tier 3,Tier 3,26.36,240.12,785.92,495,4
9731,Friends of the Park Primary,Tier 4,Tier 3,Tier 3,22.39,324.8,843.55,1001,4
9732,Thornton Village Hall,Tier 2,Tier 5,Tier 5,71.89,24.38,70.92,45,4
9735,Down Syndrome West of Scotland Branch,NIL,Nil,Nil,,0.0,0.0,0,1
9736,Great Bookham Belles WI,Tier 2,Free,Free,,0.0,153.5,35,2
9737,Ysgol Plasmawr,High Value,Tier 2,Tier 2,6.68,1499.51,3616.41,2308,4
974,Account Deleted,NIL,Nil,Nil,,0.0,0.0,0,1
9740,ipswich High School,High Value,Tier 2,Tier 2,8.64,1166.42,2583.01,2313,4
9741,GK Recruitment Ltd,NIL,Nil,Nil,,0.0,10.71,0,2
9745,The Mancunium Consort,NIL,Nil,Nil,,0.0,71.42,0,2
9746,Langtoun Jazz,Tier 3,Tier 4,Tier 4,34.17,165.0,454.55,214,4
9750,Stageskool Theatre Arts,NIL,Nil,Nil,,0.62,148.87,2,3
9752,Level 1,NIL,Nil,Nil,,0.0,31.25,0,2
9754,AINSDALE CC,NIL,Nil,Nil,,0.0,263.33,0,3
9755,Ryan Shen,NIL,Nil,Nil,,0.0,0.0,0,1
9756,Chesham Grammar School,High Value,Tier 2,Tier 2,12.24,703.46,2008.75,3576,4
9760,Headway Arts,Tier 3,Tier 5,Tier 5,81.03,13.42,47.17,150,3
9761,Becky Sheppard,NIL,Nil,Nil,,0.0,0.0,0,1
9762,ClearlyNetZero,NIL,Nil,Nil,,0.0,0.0,1,3
9766,Trans Radio UK,Tier 3,Tier 4,Tier 4,42.71,162.22,162.22,88,3
9768,LICA PG,NIL,Nil,Nil,,0.0,0.0,0,1
9769,LAEL,NIL,Nil,Nil,,0.0,0.0,0,2
977,Account Deleted,NIL,Nil,Nil,,0.0,51.67,0,2
9774,The Sunshine Bookstore,NIL,Nil,Nil,,0.0,0.0,0,1
9775,Mochi,Tier 4,Tier 4,Tier 4,46.2,92.55,239.55,413,4
9778,MAODS,Tier 3,Tier 5,Tier 5,53.74,55.46,234.96,112,4
9779,The Circle - Swadlincote Family Support Centre,Tier 2,Tier 5,Tier 5,66.65,38.88,73.62,121,4
9782,Cadenza,Tier 2,Tier 5,Tier 5,60.65,52.17,100.67,70,4
9783,Create Change with Caroline,NIL,Nil,Nil,,0.0,0.0,0,2
9785,Bequeathed Charity Team,NIL,Nil,Nil,,0.0,0.0,0,3
9786,Film London,NIL,Nil,Nil,,0.0,0.0,0,2
9789,Paul Nichols,Tier 2,Free,Free,,0.0,0.0,82,4
979,LinkAble Test Account,NIL,Nil,Nil,,0.0,0.0,0,1
9790,UHNM,Tier 4,Free,Free,,0.0,0.0,439,4
9791,Sanctuary Cookalongs,NIL,Nil,Nil,,0.0,1.17,0,1
9793,Specialist Palliative Care Team UHNM,NIL,Nil,Nil,,0.0,0.0,5,3
9797,Top Talent Agency Ltd,Tier 4,Tier 3,Tier 3,12.52,901.25,1741.25,1418,3
98,Account Deleted,NIL,Nil,Nil,,0.0,0.0,0,2
9800,Borders Chamber Orchestra,Tier 3,Tier 5,Tier 5,52.01,81.42,136.92,136,4
9805,Willington Christmas,NIL,Nil,Nil,,0.0,28.75,0,1
9809,Elizabethan Hall (seca),NIL,Nil,Nil,,1.08,1.83,2,3
981,Stanwix School,NIL,Nil,Nil,,0.0,0.0,6,6
9813,LC PTA,NIL,Nil,Nil,,0.0,148.86,0,1
9814,Anna Gutridge,NIL,Nil,Nil,,0.0,0.0,0,2
9816,KCA UK,NIL,Nil,Nil,,0.0,0.0,0,1
9817,Barfield Prep School,Tier 4,Free,Free,,0.0,0.0,874,3
9819,The Fire Fighters Charity (South/South East),NIL,Nil,Nil,,0.0,117.08,0,1
9821,St George's Ascot,High Value,Tier 3,Tier 3,21.1,416.23,881.33,2436,3
9823,Farnborough Hill School,High Value,Tier 2,Tier 3,12.18,741.73,1851.95,2315,4
983,Poole Grammar School - Music Department,NIL,Nil,Nil,,0.0,0.0,0,3
9830,Christmas Boom,NIL,Nil,Nil,,0.0,0.0,0,1
9831,Farnborough Hill MM,NIL,Nil,Nil,,0.0,0.0,0,1
9832,Colchester Academy,NIL,Nil,Nil,,0.0,0.0,0,1
9837,Whitgift For All,Tier 4,Tier 2,Tier 2,9.81,995.5,2272.17,622,4
9838,Stroud Global Beats,Tier 3,Tier 5,Tier 5,55.19,57.79,209.25,125,3
9839,Unite NFP NE branch,NIL,Nil,Nil,,0.0,0.0,0,1
9840,SVP Springfield Furniture bank,NIL,Nil,Nil,,0.0,0.0,0,1
9841,TWGSB - Marketing,NIL,Nil,Nil,,0.0,0.0,0,1
9842,PILOXERCISE Ltd,NIL,Nil,Nil,,0.0,74.75,0,2
9844,Coach Core Foundation,Tier 3,Tier 5,Tier 5,91.0,4.29,4.29,244,4
9849,Daventry Choral Society,Tier 3,Tier 4,Tier 4,35.79,157.08,395.25,287,4
985,Cheeki Monkeys Stockport,NIL,Nil,Nil,,0.0,0.17,0,1
9850,Emer Pateman Coaching,NIL,Nil,Nil,,0.0,4.38,0,1
9851,Burntwood Brigades,Tier 4,Tier 4,Tier 4,32.6,170.73,542.27,638,4
9852,St Andrew's School & PTA,Tier 4,Tier 4,Tier 4,32.59,179.33,481.63,1118,4
9853,Tygan's Musical Moments,NIL,Nil,Nil,,0.0,70.38,0,2
9858,School of Global Affairs,NIL,Nil,Nil,,0.0,0.0,0,3
9861,Impact UK Ltd,Tier 4,Tier 3,Tier 3,15.43,650.0,1420.27,918,3
9863,Eagley Junior School,Tier 4,Tier 4,Tier 4,41.35,120.12,287.32,820,4
9865,Aravinda,Tier 2,Free,Free,,0.0,0.0,57,2
9868,RIna G Lynch,NIL,Nil,Nil,,0.0,0.37,0,2
9869,Donhead St Mary Village Hall,Tier 2,Tier 5,Tier 5,81.92,13.0,33.14,39,4
987,All Saints’ Church,NIL,Nil,Nil,,0.0,0.0,0,2
9870,Shiplake College,NIL,Nil,Nil,,0.0,357.29,0,2
9873,Community Gaming Club,NIL,Nil,Nil,,0.0,0.0,0,1
9877,Kingston Music Service,Tier 4,Tier 3,Tier 3,21.21,368.3,838.42,1396,4
9879,Thomas Becket Catholic School,High Value,Tier 3,Tier 3,23.92,298.25,740.21,2349,4
9880,Lindsay Frew BwD,Tier 1,Free,Free,,0.0,0.0,23,3
9885,Church on the Hill,NIL,Nil,Nil,,0.0,0.0,0,1
9887,KCS Boat Club Supporters Association,Tier 4,Tier 3,Tier 3,12.87,781.71,2025.62,173,3
9888,Fidelity Energy Ltd,NIL,Nil,Nil,,0.0,0.0,0,2
989,Pink Link Ladies,NIL,Nil,Nil,,0.0,9873.33,0,6
9899,Marina Nahum,NIL,Nil,Nil,,0.0,122.54,0,2
990,Sacred Heart Catholic Primary School,Tier 4,Tier 4,Tier 4,36.62,104.25,570.6,524,8
9900,Moorfield School,NIL,Nil,Nil,,0.0,0.0,0,1
9903,ACG,Tier 4,Tier 5,Tier 5,58.9,55.62,114.38,1283,4
9904,KOS Musical Theatre Company,NIL,Nil,Nil,,0.0,13.54,0,2
9905,Stephen selby,NIL,Nil,Nil,,0.0,0.0,0,1
9906,Croydon Health Charity,NIL,Nil,Nil,,0.0,0.0,0,1
9912,Inspire Youth Zone,NIL,Nil,Nil,,0.0,0.0,0,2
9913,Filmbox Community Cinema,NIL,Nil,Nil,,0.0,0.0,1,1
9914,Wordsworth Grasmere,Tier 4,Tier 3,Tier 3,20.7,397.58,799.87,840,4
9915,Wellington College Prep,High Value,Tier 3,Tier 3,17.35,701.75,705.75,2192,4
9919,Pendle Social Cinema,Tier 1,Free,Free,,0.0,0.0,14,3
9920,The Expedition Club,NIL,Nil,Nil,,23.29,37.79,3,2
9921,Glamis Proms,Tier 4,Tier 2,Tier 2,11.25,930.44,2366.16,529,3
9924,KPPS PTA,NIL,Nil,Nil,,0.0,63.89,0,2
993,Blue Skies Hospitals Fund,Tier 3,Tier 5,Tier 5,58.58,14.0,776.28,42,7
9930,Lancashire Armed Forces Covenant Hub,NIL,Nil,Nil,,0.0,0.0,0,2
9932,Otley Cycle Club,Tier 3,Tier 4,Tier 4,39.16,130.0,339.83,394,4
9933,Nouveau Theatre School,Tier 4,Tier 3,Tier 3,21.99,439.38,702.03,716,3
9935,Gedling Play Forum,Tier 2,Tier 5,Tier 5,64.36,54.71,54.71,84,4
9939,Jo P,NIL,Nil,Nil,,0.0,0.0,0,2
9940,FOGIS,NIL,Nil,Nil,,0.0,0.37,0,1
9944,EQuip Coaching & Training Limited,NIL,Nil,Nil,,0.0,0.0,0,1
9947,Horsell Sings!,Tier 3,Tier 5,Tier 5,53.21,78.83,154.78,114,3
9950,Woking High School,NIL,Nil,Nil,,0.0,10.67,0,1
9952,The Thorne Tree Bistro,NIL,Nil,Nil,,0.0,1.37,0,1
9959,HGS Drama,NIL,Nil,Nil,,0.0,140.79,0,1
996,C4OCH,Tier 2,Tier 5,Tier 5,67.58,19.17,129.14,107,8
9960,Sherborne Girls Staff Association,NIL,Nil,Nil,,0.0,41.33,0,1
9961,Jayda Thomas-Arnold`,NIL,Nil,Nil,,0.0,0.0,0,1
9965,Connah's Quay Cricket Club,NIL,Nil,Nil,,0.0,20.42,0,1
9967,Big Step Out,Tier 2,Tier 5,Tier 5,73.03,26.88,63.04,75,3
9974,Philip Southcote PFA,Tier 3,Tier 4,Tier 4,43.56,118.58,257.67,325,3
9975,G Arnold 7 Habits Training and Coaching,NIL,Nil,Nil,,0.0,6.29,0,1
9977,MacMillan Music Event UON,NIL,Nil,Nil,,0.0,21.21,0,1
998,St Joseph's Hospice,NIL,Nil,Nil,,0.0,57.87,0,2
9980,The Bridal School,NIL,Nil,Nil,,0.0,71.0,0,3
9985,ONN.itt,NIL,Nil,Nil,,0.0,6.17,0,1
9986,Ysgol Gynradd Aberaeron,NIL,Nil,Nil,,0.0,0.0,0,1
9987,Rattlesden Primary School,NIL,Nil,Nil,,0.0,0.0,0,1
9988,Events at The Three Cups Inn Malmesbury,Tier 4,Tier 3,Tier 3,24.4,327.99,577.21,474,4
9989,Dan Scott,Tier 2,Tier 5,Tier 5,55.48,58.0,168.12,51,4
9990,Essential Sourcing,NIL,Nil,Nil,,0.0,6.0,0,2
9991,St Andrews CE Primary School,Tier 4,Tier 4,Tier 4,32.24,183.38,612.63,825,3
9998,akn,NIL,Nil,Nil,,0.0,0.0,0,2
9999,One Tentacle Publishing,NIL,Nil,Nil,,0.0,0.0,0,1
