Account_Name,Current_Tier_v1,Previous_Tier_v1,Account_Display_Name,Current_Tier_v2,Previous_Tier_v2,Composite_Score,Revenue_Current,Revenue_Lifetime,Tickets_Current,Years_Loyalty,Current_Tier_v1_mapped,Tier_Changed,AccountId,tier_v3
1323,Key Account,Key Account,Greenlands Farm Village,Tier 1,Tier 1,0.74,15180.95,58526.61,43226,7,Tier 1,FALSE,1323,Tier 1
2803,Key Account,Key Account,Squire Performing Arts Centre,Tier 1,Tier 1,1.2,11203.53,27768.61,15069,6,Tier 1,FALSE,2803,Tier 1
2571,Key Account,Key Account,Gigrin Farm Red Kite Feeding,Tier 1,Tier 1,0.79,8031.99,40154.77,13111,7,Tier 1,FALSE,2571,Tier 1
10315,Key Account,Key Account,Sheffield City Council,Tier 2,Tier 2,4.4,7451.97,15206.6,14784,3,Tier 1,TRUE,10315,Tier 1
245,Key Account,Key Account,Wellington School Box Office,Tier 1,Tier 1,0.24,6461.35,27229.8,4837,10,Tier 1,FALSE,245,Tier 1
1181,Key Account,Key Account,Battle Abbey School,Tier 1,Tier 1,0.58,6250.28,29322.73,7050,8,Tier 1,FALSE,1181,Tier 1
7659,Key Account,High Value,Dulwich College - Cost Neutral Account,Tier 1,Tier 2,3.58,5334.72,7389.3,4369,4,Tier 1,FALSE,7659,Tier 1
4349,Key Account,Key Account,Richmond Shakespeare Society,Tier 1,Tier 1,1.4,5116.72,17171.68,5873,6,Tier 1,FALSE,4349,Tier 1
12025,Key Account,Key Account,GCRN,Tier 2,Tier 2,4.68,4683.52,9657.13,5912,3,Tier 1,TRUE,12025,Tier 1
17833,Key Account,NIL,Clear Presentations Ltd,Tier 2,Nil,7.92,4426.13,4426.13,54,2,Tier 1,TRUE,17833,Tier 2
4301,Key Account,Key Account,ASFC Trips,Tier 1,Tier 1,1.49,4364.35,15568.36,2709,6,Tier 1,FALSE,4301,Tier 1
1781,Key Account,Key Account,Bramhall Firework Festival at Stockport Rugby Club,Tier 1,Tier 1,1.02,4316.07,18280.97,7437,7,Tier 1,FALSE,1781,Tier 1
3425,Key Account,High Value,Windermere School,Tier 1,Tier 1,1.55,3802.93,14856.23,2246,6,Tier 1,FALSE,3425,Tier 1
5824,Key Account,Key Account,Scarisbrick Hall School - Stripe,Tier 1,Tier 1,2.28,3739.38,12789.38,14120,5,Tier 1,FALSE,5824,Tier 1
594,Key Account,Key Account,Lane Theatre  Newquay,Tier 1,Tier 1,0.56,3700.7,18365.88,5534,9,Tier 1,FALSE,594,Tier 1
10237,Key Account,High Value,Salsa 4 Fun,Tier 2,Tier 3,5.69,3658.23,5299.9,3036,3,Tier 1,TRUE,10237,Tier 2
5413,Key Account,Key Account,Outside in Kendal,Tier 1,Tier 1,2.19,3642.53,17390.26,19832,5,Tier 1,FALSE,5413,Tier 1
11516,Key Account,High Value,Mount Kelly Swimming,Tier 2,Tier 2,5.3,3626.08,6449.17,223,3,Tier 1,TRUE,11516,Tier 2
4232,Key Account,High Value,GSEL Account,Tier 1,Tier 1,1.88,3625.46,9329.83,618,6,Tier 1,FALSE,4232,Tier 1
11096,Key Account,Key Account,Southwick Revival,Tier 2,Tier 2,4.93,3545.67,9258.42,4703,3,Tier 1,TRUE,11096,Tier 1
3344,Key Account,Tier 3,Golden Goose Theatre LTD,Tier 1,Tier 4,1.74,3450.98,12802.26,4758,6,Tier 1,FALSE,3344,Tier 1
11915,Key Account,Key Account,11 Plus Test Kingston,Tier 2,Tier 2,5.2,3296.91,7378.7,1043,3,Tier 1,TRUE,11915,Tier 2
3300,Key Account,Key Account,Roy Castle Lung Cancer Foundation,Tier 1,Tier 1,2.26,3270.35,17555.68,7566,5,Tier 1,FALSE,3300,Tier 1
327,Key Account,Key Account,Sulevents,Tier 1,Tier 1,0.62,3204.92,17503.75,3368,10,Tier 1,FALSE,327,Tier 1
13638,Key Account,Tier 4,Circus Extravaganza,Tier 2,Tier 3,6.47,3018.59,3906.33,7373,3,Tier 1,TRUE,13638,Tier 2
5369,Key Account,Key Account,Gateways School,Tier 1,Tier 2,2.62,3016.45,9590.81,3552,5,Tier 1,FALSE,5369,Tier 1
4510,Key Account,Key Account,Windsor Learning Partnership Music Department,Tier 1,Tier 1,1.93,3015.27,10548.83,5113,6,Tier 1,FALSE,4510,Tier 1
2991,Key Account,High Value,She Inspires Group,Tier 1,Tier 2,1.75,3008.05,8382.99,788,7,Tier 1,FALSE,2991,Tier 1
13550,Key Account,Tier 4,Dollar Academy Camps,Tier 2,Tier 4,8.97,2958.92,3407.3,630,2,Tier 1,TRUE,13550,Tier 2
3313,Key Account,Tier 4,Giant Wheel Company,Tier 1,Tier 2,1.88,2919.4,13132.25,6400,6,Tier 1,FALSE,3313,Tier 1
334,Key Account,Key Account,ESMS,Tier 1,Tier 1,0.7,2913.08,19020.11,5422,10,Tier 1,FALSE,334,Tier 1
11203,Key Account,Key Account,Winchester College Heritage,Tier 2,Tier 2,5.42,2885.88,7149.46,3942,3,Tier 1,TRUE,11203,Tier 1
2043,Key Account,NIL,St Paul's School Spring Fling 2020,Tier 1,Nil,1.63,2862.92,10612.83,233,7,Tier 1,FALSE,2043,Tier 1
7546,Key Account,Key Account,The Posh Club ,Tier 2,Tier 2,3.94,2819.79,7870.54,5863,4,Tier 1,TRUE,7546,Tier 1
6383,Key Account,Key Account,Northbourne Park School,Tier 2,Tier 2,5.51,2661.2,6997.98,715,3,Tier 1,TRUE,6383,Tier 2
6366,Key Account,High Value,Woodland Ranch,Tier 1,Tier 2,2.94,2628.21,8372.37,5961,5,Tier 1,FALSE,6366,Tier 1
337,High Value,High Value,Ealing Music Service (London Borough of Ealing),Tier 1,Tier 1,1.06,2621.67,10637.64,1194,10,Tier 2,TRUE,337,Tier 1
13016,High Value,High Value,Red Sky Foundation,Tier 2,Tier 3,6.68,2601.18,3918.92,5391,3,Tier 2,FALSE,13016,Tier 2
1231,Key Account,Key Account,Bolton Music Service,Tier 1,Tier 1,1.47,2596.83,10327.86,6233,8,Tier 1,FALSE,1231,Tier 1
1925,High Value,High Value,Oswestry School,Tier 1,Tier 1,1.41,2592.76,12463.66,1808,8,Tier 2,TRUE,1925,Tier 1
12116,High Value,High Value,MEGA MUSICAL EVENTS,Tier 2,Tier 2,6.06,2532.13,5381.24,800,3,Tier 2,FALSE,12116,Tier 2
4212,Key Account,High Value,The Beacon Museum,Tier 1,Tier 2,2.66,2530.5,6853.92,7719,6,Tier 1,FALSE,4212,Tier 1
10620,High Value,Key Account,Luton Creative Community,Tier 2,Tier 2,5.62,2484.22,7047.36,3478,3,Tier 2,FALSE,10620,Tier 1
562,Key Account,High Value,Grammar School Heads Association,Tier 1,Tier 1,1.15,2461.75,15842.33,310,9,Tier 1,FALSE,562,Tier 2
7672,High Value,Key Account,Kent College,Tier 2,Tier 2,4.31,2442.42,7033.29,4166,4,Tier 2,FALSE,7672,Tier 1
2130,High Value,Tier 4,Village Books Dulwich,Tier 1,Tier 3,2.96,2440.82,4843.93,2294,7,Tier 2,TRUE,2130,Tier 1
1401,High Value,High Value,Sedbergh School,Tier 1,Tier 1,1.75,2437.44,8723.41,2985,8,Tier 2,TRUE,1401,Tier 1
2628,High Value,High Value,Portsmouth Grammar School,Tier 1,Tier 2,3.14,2386.68,5400.49,5302,6,Tier 2,TRUE,2628,Tier 1
1895,High Value,High Value,Taxiplus @ Personnel Checks,Tier 1,Tier 1,1.59,2375,11329.39,1463,8,Tier 2,TRUE,1895,Tier 1
13845,Key Account,Tier 4,Ampthill Cultural Events,Tier 2,Tier 4,9.96,2353.75,2743.12,5542,2,Tier 1,TRUE,13845,Tier 2
13335,High Value,High Value,Beverley Minster,Tier 2,Tier 2,6.77,2317.93,4117.13,3753,3,Tier 2,FALSE,13335,Tier 2
4462,High Value,High Value,The SU Bath,Tier 1,Tier 1,2.44,2239.59,9536.32,5323,6,Tier 2,TRUE,4462,Tier 1
664,Key Account,High Value,Gordon's School Development Office,Tier 1,Tier 1,1.35,2235.87,14693.41,8207,9,Tier 1,FALSE,664,Tier 1
10443,High Value,Tier 4,Mambo4Fun Ltd,Tier 2,Tier 3,7.64,2222.98,3051.52,1907,3,Tier 2,FALSE,10443,Tier 2
9301,High Value,High Value,Warrington Disability Partnership - Christmas Grotto 2023,Tier 2,Tier 2,4.98,2216.75,5317.1,4154,4,Tier 2,FALSE,9301,Tier 1
6230,High Value,High Value,Entrust Music Service Staffordshire,Tier 1,Tier 2,3.38,2193.99,7577.97,4629,5,Tier 2,TRUE,6230,Tier 1
517,Key Account,Key Account,St Paul's School Parents' Group,Tier 1,Tier 1,1.36,2180.53,16420.4,1715,9,Tier 1,FALSE,517,Tier 1
5200,High Value,High Value,Bishop Wordsworth's School,Tier 1,Tier 2,3.49,2132.61,7171.89,2152,5,Tier 2,TRUE,5200,Tier 1
3467,High Value,High Value,Royal Hospital School Music Department,Tier 1,Tier 2,3,2123.2,6414.08,5107,6,Tier 2,TRUE,3467,Tier 1
12233,High Value,High Value,Greystoke Castle,Tier 2,Tier 3,7.39,2120.92,3518.86,3425,3,Tier 2,FALSE,12233,Tier 2
9549,High Value,High Value,Leeds Gymnastics Club,Tier 2,Tier 2,5.12,2100.62,5261.88,3288,4,Tier 2,FALSE,9549,Tier 1
2352,High Value,NIL,Associated Clan MacLeod Society,Tier 2,Nil,7.19,2094.17,3763.04,303,3,Tier 2,FALSE,2352,Tier 2
14116,Key Account,High Value,Farthingloe Events,Tier 2,Tier 3,9.91,2074.96,2966.13,7743,2,Tier 1,TRUE,14116,Tier 2
189,High Value,Tier 4,Reigate Grammar School,Tier 2,Tier 3,8.09,2052.13,2868.25,3451,3,Tier 2,FALSE,189,Tier 2
6349,High Value,High Value,Vinehall School Events,Tier 1,Tier 2,3.51,2035.37,7675.45,1422,5,Tier 2,TRUE,6349,Tier 1
589,High Value,High Value,IAPS Sport,Tier 1,Tier 2,2.45,2019.29,7848.88,3702,7,Tier 2,TRUE,589,Tier 1
15737,High Value,NIL,Weydon School,Tier 2,Nil,11.12,2004.17,2004.17,3309,2,Tier 2,FALSE,15737,Tier 2
194,High Value,High Value,Hutchesons Grammar School,Tier 1,Tier 1,2.21,1950.54,6180.37,3553,10,Tier 2,TRUE,194,Tier 1
1344,High Value,High Value,Newcastle High School for Girls,Tier 1,Tier 1,2.2,1945.75,8038.58,3313,8,Tier 2,TRUE,1344,Tier 1
7328,Key Account,Key Account,Brentwood School,Tier 2,Tier 2,4.97,1940.58,6001.66,6427,4,Tier 1,TRUE,7328,Tier 1
11033,High Value,Tier 4,The Cowshed,Tier 2,Tier 3,8.25,1940.25,2816.46,2660,3,Tier 2,FALSE,11033,Tier 2
676,High Value,High Value,Ampleforth Abbey Trading Ltd,Tier 2,Tier 2,4.85,1891.31,3974.39,242,5,Tier 2,FALSE,676,Tier 2
8530,High Value,High Value,Carlisle Cathedral,Tier 2,Tier 2,5.74,1871.19,4212.36,5000,4,Tier 2,FALSE,8530,Tier 2
3736,High Value,Tier 4,Wilderness Foundation UK,Tier 1,Tier 2,3.57,1859.46,5489.46,1653,6,Tier 2,TRUE,3736,Tier 2
6251,High Value,High Value,Point Acrobatics Gymnastics Club,Tier 2,Tier 2,4.76,1853.71,4269.54,3829,5,Tier 2,FALSE,6251,Tier 2
12208,High Value,Tier 4,Mill Hill School Enterprises,Tier 2,Tier 3,8.82,1847.33,2350.21,545,3,Tier 2,FALSE,12208,Tier 2
3612,High Value,High Value,Redcatch Community Garden,Tier 1,Tier 2,3.51,1838.44,5892.36,3830,6,Tier 2,TRUE,3612,Tier 1
2650,High Value,High Value,Cokethorpe School,Tier 1,Tier 1,2.54,1806.13,8965.73,3883,7,Tier 2,TRUE,2650,Tier 1
3488,High Value,Key Account,Nottingham High School,Tier 1,Tier 1,3.42,1804.86,12390.92,1283,5,Tier 2,TRUE,3488,Tier 1
3440,High Value,High Value,Kendal Whisky festival and events Ltd.,Tier 1,Tier 2,3.38,1793,6388.67,1003,6,Tier 2,TRUE,3440,Tier 2
10802,High Value,Tier 4,UK Jigsaw Puzzle Association,Tier 2,Tier 3,8.7,1746.25,2527.33,1175,3,Tier 2,FALSE,10802,Tier 2
17522,High Value,NIL,Dramacube,Tier 2,Nil,11.84,1705.17,1705.17,2191,2,Tier 2,FALSE,17522,Tier 2
488,Key Account,Key Account,St Paul's School,Tier 1,Tier 2,1.83,1699.93,15351.97,5968,9,Tier 1,FALSE,488,Tier 1
14386,High Value,Tier 4,TMR Health Professionals and Training Ltd,Tier 2,Tier 4,11.31,1685.14,2058.6,322,2,Tier 2,FALSE,14386,Tier 2
2829,High Value,Tier 4,Bolton School,Tier 2,Tier 2,4.27,1655.32,4331.18,1769,6,Tier 2,FALSE,2829,Tier 2
8853,High Value,High Value,Kendal Rugby Trading Ltd,Tier 2,Tier 2,6.12,1644.14,3937.22,4990,4,Tier 2,FALSE,8853,Tier 2
9117,High Value,High Value,Dunottar School,Tier 2,Tier 3,7.9,1636.98,2141.61,3809,4,Tier 2,FALSE,9117,Tier 2
238,High Value,High Value,Culford School,Tier 1,Tier 2,3.34,1636.36,4502.35,2969,9,Tier 2,TRUE,238,Tier 2
7960,High Value,High Value,Rivington Brewing Co Ltd,Tier 2,Tier 2,5.66,1626.88,5086.88,2621,4,Tier 2,FALSE,7960,Tier 2
565,High Value,High Value,Blundell's School,Tier 1,Tier 2,2.56,1621.52,6941.29,3579,9,Tier 2,TRUE,565,Tier 1
3980,High Value,High Value,Sapphire Skaters,Tier 2,Tier 2,3.82,1619.48,5594.9,2226,6,Tier 2,FALSE,3980,Tier 2
10367,High Value,Tier 4,Leod Music/Soundhouse Choir,Tier 2,Tier 3,8.81,1616.96,2610.29,908,3,Tier 2,FALSE,10367,Tier 2
15339,High Value,NIL,Razzamataz Theatre Schools Brentwood,Tier 3,Nil,14.95,1569.68,1569.68,2378,1,Tier 2,TRUE,15339,Tier 2
5071,High Value,High Value,Stonyhurst Enterprises Ltd,Tier 2,Tier 2,4.04,1555,7571.33,2906,5,Tier 2,FALSE,5071,Tier 1
7221,High Value,High Value,Scarborough College,Tier 2,Tier 2,5.79,1542.31,5025.58,3969,4,Tier 2,FALSE,7221,Tier 2
12893,High Value,Tier 4,West Kent Masons,Tier 2,Tier 3,9.43,1541.12,2124.87,1851,3,Tier 2,FALSE,12893,Tier 2
6293,Key Account,High Value,RGSWorcester,Tier 2,Tier 2,4.83,1535.7,5014.2,5589,5,Tier 1,TRUE,6293,Tier 2
14215,High Value,Tier 3,St Hilary's Prep School,Tier 3,Tier 5,12.6,1525.43,1535.35,2941,2,Tier 2,TRUE,14215,Tier 2
374,Key Account,Key Account,Merchiston Castle School,Tier 1,Tier 1,1.91,1520.06,17399.85,872,10,Tier 1,FALSE,374,Tier 2
17223,High Value,NIL,Queen's College Enterprise,Tier 3,Nil,12.68,1518.22,1518.22,1588,2,Tier 2,TRUE,17223,Tier 2
4941,High Value,High Value,Formby Little Theatre,Tier 2,Tier 2,4.36,1511.25,4751.5,2815,6,Tier 2,FALSE,4941,Tier 2
11458,High Value,High Value,Myerscough College,Tier 2,Tier 4,10.42,1508.04,1641.54,2996,3,Tier 2,FALSE,11458,Tier 2
3994,High Value,High Value,Rewild Play,Tier 2,Tier 2,3.76,1503.68,6409.87,4230,6,Tier 2,FALSE,3994,Tier 1
9737,High Value,Tier 4,Ysgol Plasmawr,Tier 2,Tier 2,6.68,1499.51,3616.41,2308,4,Tier 2,FALSE,9737,Tier 2
1519,High Value,Tier 4,Holmewood House Holiday Courses,Tier 1,Tier 2,3.33,1495,5781.25,2599,8,Tier 2,TRUE,1519,Tier 2
510,High Value,High Value,St Edmund's College and Prep,Tier 1,Tier 1,2.66,1492.5,7734.5,2538,9,Tier 2,TRUE,510,Tier 1
11941,High Value,Tier 4,Children and Youth,Tier 2,Tier 3,9.01,1486.12,2665.12,701,3,Tier 2,FALSE,11941,Tier 2
13171,High Value,Tier 4,Ormiston Victory Academy,Tier 2,Tier 3,9.28,1485.37,2400.88,2898,3,Tier 2,FALSE,13171,Tier 2
7914,High Value,Tier 3,Lakes Arts Festivals,Tier 2,Tier 4,8.24,1480.46,2196.13,2840,4,Tier 2,FALSE,7914,Tier 2
8324,High Value,High Value,Haberdashers' Adams,Tier 2,Tier 2,6.77,1470.73,3625.56,4388,4,Tier 2,FALSE,8324,Tier 2
7744,High Value,High Value,Sheffield Music Hub,Tier 2,Tier 2,6.97,1470.6,3458.14,3361,4,Tier 2,FALSE,7744,Tier 2
13974,Key Account,Tier 3,Woodhall Country Park Ltd,Tier 3,Tier 5,12.8,1469.46,1546.12,5481,2,Tier 1,TRUE,13974,Tier 2
7632,High Value,Tier 3,Vincent Bruce Fummey,Tier 2,Tier 4,8.21,1468.33,2250.58,1889,4,Tier 2,FALSE,7632,Tier 2
1588,High Value,Tier 4,Rosemere Cancer Foundation,Tier 1,Tier 2,3.72,1468.08,5185.31,2266,8,Tier 2,TRUE,1588,Tier 2
5500,High Value,High Value,Mount Kelly,Tier 2,Tier 2,6.28,1449.33,4681.47,479,4,Tier 2,FALSE,5500,Tier 2
9390,High Value,High Value,Live Wild CIC,Tier 2,Tier 2,7.24,1448.96,3223.27,650,4,Tier 2,FALSE,9390,Tier 2
7383,High Value,Tier 4,Lancashire Music Service,Tier 2,Tier 3,8.34,1445.2,2214.52,3955,4,Tier 2,FALSE,7383,Tier 2
2105,High Value,High Value,St Albans High School for Girls,Tier 2,Tier 2,3.95,1440.09,5398.42,3727,7,Tier 2,FALSE,2105,Tier 2
4913,High Value,High Value,The Blue Coat School,Tier 2,Tier 2,4.65,1423.12,6518.75,3639,5,Tier 2,FALSE,4913,Tier 2
2297,Key Account,Key Account,George Watson's College,Tier 2,Tier 2,4.14,1420.23,5131.32,6783,7,Tier 1,TRUE,2297,Tier 2
10563,High Value,High Value,Rainbow Entertainment & Promo,Tier 2,Tier 2,7.66,1417.5,4795.62,2496,3,Tier 2,FALSE,10563,Tier 2
5188,High Value,Tier 4,St Leonards Commercial,Tier 2,Tier 2,4.99,1412.84,5607.79,608,5,Tier 2,FALSE,5188,Tier 2
6579,Key Account,Key Account,Bancroft's School,Tier 2,Tier 3,6.6,1392.92,2962.23,6508,5,Tier 1,TRUE,6579,Tier 2
11944,High Value,Tier 4,NAFAS,Tier 3,Tier 4,14.86,1383.75,1849.18,1047,1,Tier 2,TRUE,11944,Tier 2
49,High Value,High Value,Rickmansworth School,Tier 1,Tier 1,2.51,1375.74,10303.02,3173,12,Tier 2,TRUE,49,Tier 1
1293,High Value,High Value,Moreton Hall,Tier 1,Tier 1,3.05,1375.54,9259.62,3869,8,Tier 2,TRUE,1293,Tier 1
1908,High Value,High Value,Holmewood House Swim School,Tier 1,Tier 1,3.26,1371.88,7648.12,2404,8,Tier 2,TRUE,1908,Tier 2
8937,High Value,Tier 4,Bridgwater Hog,Tier 2,Tier 2,6.95,1360.58,3783.37,629,4,Tier 2,FALSE,8937,Tier 2
10300,High Value,Key Account,LAURUS TRUST,Tier 2,Tier 2,8.65,1355.47,3457.54,5224,3,Tier 2,FALSE,10300,Tier 2
4727,High Value,High Value,AKS Lytham,Tier 2,Tier 2,4.33,1345.31,6024.99,3060,6,Tier 2,FALSE,4727,Tier 2
4803,High Value,High Value,Norwich High School for Girls,Tier 2,Tier 2,4.99,1335.88,4462.88,3442,6,Tier 2,FALSE,4803,Tier 2
2822,High Value,High Value,Guildford High School,Tier 2,Tier 2,3.9,1335.62,6364.38,3323,7,Tier 2,FALSE,2822,Tier 2
1309,High Value,High Value,606 Club LLP,Tier 2,Tier 1,3.96,1332.84,8060.02,1532,6,Tier 2,FALSE,1309,Tier 1
10082,High Value,High Value,Shree Vishwakarma Association of UK,Tier 2,Tier 2,9.11,1327.98,2991.28,3607,3,Tier 2,FALSE,10082,Tier 2
1277,High Value,Tier 4,Queen's College London,Tier 2,Tier 2,3.8,1316.52,5904.3,2114,8,Tier 2,FALSE,1277,Tier 2
10043,High Value,High Value,Barnard Castle School,Tier 2,Tier 2,8.38,1311.79,3903.12,2066,3,Tier 2,FALSE,10043,Tier 2
128,High Value,High Value,St Catherine Parents' Guild ,Tier 1,Tier 1,2.89,1300.52,8569.9,2024,11,Tier 2,TRUE,128,Tier 2
4553,High Value,High Value,South Lakes Sports,Tier 2,Tier 2,4.86,1296.27,5038.52,860,6,Tier 2,FALSE,4553,Tier 2
10951,High Value,Tier 4,Friends of Bolton School,Tier 2,Tier 3,10.42,1295.92,1947.48,2252,3,Tier 2,FALSE,10951,Tier 2
426,High Value,High Value,CancerCare,Tier 1,Tier 1,3.1,1294.92,7769.25,854,10,Tier 2,TRUE,426,Tier 2
9118,High Value,High Value,PTFA Fairview School,Tier 2,Tier 2,7.15,1285.42,3814.21,2969,4,Tier 2,FALSE,9118,Tier 2
4061,High Value,High Value,Vipassana Construction and Services Ltd,Tier 2,Tier 2,4.65,1272.41,5773.75,1069,6,Tier 2,FALSE,4061,Tier 2
12810,High Value,Tier 4,Howell's School  Llandaff,Tier 2,Tier 3,10.26,1269,2078.08,2029,3,Tier 2,FALSE,12810,Tier 2
403,High Value,Key Account,Channing School Drama Dept,Tier 2,Tier 2,3.78,1268.88,5386.44,5320,10,Tier 2,FALSE,403,Tier 2
3255,High Value,Tier 4,London City Voices Ltd,Tier 2,Tier 2,6.21,1266.75,3830.45,1431,5,Tier 2,FALSE,3255,Tier 2
778,High Value,High Value,Lumber Lounge,Tier 1,Tier 1,3.04,1259.12,11054.48,1413,9,Tier 2,TRUE,778,Tier 2
348,Key Account,Key Account,Wimbledon High School,Tier 1,Tier 2,3.25,1252.92,8577.63,7188,9,Tier 1,FALSE,348,Tier 1
6997,High Value,High Value,La Di Da Society,Tier 2,Tier 2,6.95,1249.58,4407.35,1984,4,Tier 2,FALSE,6997,Tier 2
15748,High Value,NIL,The Whiskey Brothers,Tier 3,Nil,14.44,1229.95,1229.95,1257,2,Tier 2,TRUE,15748,Tier 3
19815,High Value,NIL,Gwrych Castle,Tier 3,Nil,17.04,1226.9,1226.9,2873,1,Tier 2,TRUE,19815,Tier 3
2060,High Value,High Value,St Helen and St Katharine,Tier 2,Tier 2,4.32,1223.72,5285.08,3586,8,Tier 2,FALSE,2060,Tier 2
8043,High Value,Key Account,Sherborne Girls Events,Tier 2,Tier 2,6.13,1210.29,7046.32,4664,4,Tier 2,FALSE,8043,Tier 2
11759,High Value,Tier 4,Rugby Model Engineering Society,Tier 2,Tier 3,11.1,1207.72,1695.14,3057,3,Tier 2,FALSE,11759,Tier 2
7494,High Value,Tier 4,Hereford Cathedral School,Tier 2,Tier 3,8.17,1207.42,2943.92,1563,4,Tier 2,FALSE,7494,Tier 2
10108,High Value,Tier 4,Altrincham Grammar School for Boys,Tier 2,Tier 3,9.2,1196.92,2055.39,1814,4,Tier 2,FALSE,10108,Tier 2
5158,High Value,Tier 4,Leicester College of Performing Arts,Tier 2,Tier 2,6.12,1188.91,4336.77,1661,5,Tier 2,FALSE,5158,Tier 2
8244,Key Account,Key Account,Stamford Endowed Schools,Tier 2,Tier 2,7.47,1187.87,3752.58,6358,4,Tier 1,TRUE,8244,Tier 2
6298,High Value,Tier 4,Scarisbrick Hall School,Tier 2,Tier 2,6.26,1179.83,4084.62,2621,5,Tier 2,FALSE,6298,Tier 2
9740,High Value,Tier 4,ipswich High School,Tier 2,Tier 3,8.64,1166.42,2583.01,2313,4,Tier 2,FALSE,9740,Tier 2
97,High Value,Tier 4,Merchant Taylors School Lisa Connor,Tier 2,Tier 2,4.08,1164.66,5236.12,1598,11,Tier 2,FALSE,97,Tier 2
197,High Value,High Value,Lady Eleanor Holles School,Tier 1,Tier 1,3.03,1152.98,12843.97,3332,11,Tier 2,TRUE,197,Tier 2
72,High Value,High Value,Haberdashers' School for Girls Box Office,Tier 1,Tier 2,3.6,1151.37,6936.45,3634,11,Tier 2,TRUE,72,Tier 2
13528,High Value,Tier 4,Premier Transport,Tier 2,Tier 3,11.56,1144.43,1600.37,1002,3,Tier 2,FALSE,13528,Tier 2
321,High Value,High Value,Solihull School,Tier 2,Tier 2,3.83,1142.07,6299.36,4051,10,Tier 2,FALSE,321,Tier 2
1779,High Value,Tier 4,Circus Maximus,Tier 2,Tier 2,5.02,1139.18,4118.29,551,8,Tier 2,FALSE,1779,Tier 2
5315,High Value,High Value,Lingen Davies Cancer Fund,Tier 2,Tier 2,7.14,1125.03,4695.95,892,4,Tier 2,FALSE,5315,Tier 2
2950,High Value,Tier 4,KPS,Tier 2,Tier 3,5.31,1124.11,4167.93,3177,7,Tier 2,FALSE,2950,Tier 2
120,High Value,High Value,Lichfield Cathedral School,Tier 2,Tier 1,3.74,1118.63,6544.38,4549,11,Tier 2,FALSE,120,Tier 2
1830,High Value,High Value,Abercarn Primary School,Tier 2,Tier 2,4.29,1110.13,6154.86,2384,8,Tier 2,FALSE,1830,Tier 2
14714,High Value,Tier 3,Kick Up Your Heels!,Tier 3,Tier 5,14.77,1102.86,1233.11,466,2,Tier 2,TRUE,14714,Tier 3
2717,High Value,Tier 4,Stanley Travel Ltd,Tier 2,Tier 2,4.7,1101.03,5902.82,2118,7,Tier 2,FALSE,2717,Tier 2
11741,High Value,High Value,Max Out in the Lake District,Tier 2,Tier 3,10.37,1092.71,2411,1823,3,Tier 2,FALSE,11741,Tier 2
1810,Key Account,High Value,Bishop's Stortford College,Tier 2,Tier 2,5.07,1092.47,4385.97,7928,8,Tier 1,TRUE,1810,Tier 2
9190,High Value,Tier 4,Daniel Paul Priestley,Tier 2,Tier 3,10.34,1089.7,2491.57,2486,3,Tier 2,FALSE,9190,Tier 2
11629,High Value,Tier 4,Wessex Multi-Academy Trust,Tier 2,Tier 3,11.26,1086.37,1825.93,3566,3,Tier 2,FALSE,11629,Tier 2
7455,High Value,High Value,FACT GROUP,Tier 2,Tier 3,8.8,1085.15,2728.02,3221,4,Tier 2,FALSE,7455,Tier 2
14998,Tier 4,NIL,Entrust Outdoors,Tier 3,Nil,15.62,1080.36,1080.36,661,2,Tier 3,FALSE,14998,Tier 3
2290,High Value,Tier 4,Fresh Perspective Resourcing,Tier 2,Tier 2,5.35,1078.83,4619.62,644,7,Tier 2,FALSE,2290,Tier 2
125,Tier 4,Tier 4,FORMS events,Tier 2,Tier 2,4.17,1078.79,5868.58,1887,11,Tier 3,TRUE,125,Tier 2
7607,Tier 4,Tier 4,Bluecoat,Tier 2,Tier 3,8.54,1077.27,2982.77,1991,4,Tier 3,TRUE,7607,Tier 2
12303,High Value,Tier 4,Love Black Country,Tier 3,Tier 4,12.92,1067.07,1256.11,4106,3,Tier 2,TRUE,12303,Tier 2
7966,Tier 4,Tier 4,Music@Malling Ltd,Tier 2,Tier 3,8.67,1060,2925.06,884,4,Tier 3,TRUE,7966,Tier 2
4894,Tier 4,Tier 4,Blackheath High School GDST,Tier 2,Tier 2,6.05,1059.43,4078.68,1540,6,Tier 3,TRUE,4894,Tier 2
2873,Tier 4,High Value,Lansdown Hall & Gallery CIO,Tier 2,Tier 2,5.68,1057.65,4035.78,1589,7,Tier 3,TRUE,2873,Tier 2
6933,Tier 4,Tier 4,MAD Group Malborough,Tier 2,Tier 2,7.22,1057.63,3472.75,1927,5,Tier 3,TRUE,6933,Tier 2
2945,High Value,Tier 4,Aunty Jen Productions,Tier 2,Tier 2,5.46,1056.66,4659.71,1808,7,Tier 2,FALSE,2945,Tier 2
8261,Key Account,Key Account,RMS Events,Tier 2,Tier 2,8.97,1054.04,2740.92,7050,4,Tier 1,TRUE,8261,Tier 2
6993,Tier 4,Tier 4,Halliford School,Tier 2,Tier 2,7.54,1050.72,3107.93,1782,5,Tier 3,TRUE,6993,Tier 2
4368,Key Account,Key Account,Sherborne School,Tier 2,Tier 3,7.43,1049.58,2654.83,7969,6,Tier 1,TRUE,4368,Tier 2
1569,High Value,High Value,Sport Structures Education CIC,Tier 2,Tier 2,4.8,1046.25,5731.88,1777,8,Tier 2,FALSE,1569,Tier 2
14263,Tier 4,Tier 3,Barns Green Players,Tier 3,Tier 4,14.92,1044.63,1303.46,1374,2,Tier 3,FALSE,14263,Tier 3
6634,High Value,High Value,Walthamstow Hall,Tier 2,Tier 2,6.65,1044.39,4526.58,3220,5,Tier 2,FALSE,6634,Tier 2
10736,Tier 4,Tier 4,Lambourne End Ltd,Tier 2,Tier 3,10.8,1041.46,2362.79,428,3,Tier 3,TRUE,10736,Tier 2
8334,High Value,High Value,Askham Pools,Tier 2,Tier 3,11.38,1040.83,1940.42,4858,3,Tier 2,FALSE,8334,Tier 2
1315,Tier 4,Tier 4,Penny & Pete Psychic Events,Tier 2,Tier 2,6.2,1039.16,3335.23,1567,8,Tier 3,TRUE,1315,Tier 2
6855,Tier 4,NIL,Cumbria Opera Group,Tier 2,Nil,10.39,1037.75,1757.5,1078,4,Tier 3,TRUE,6855,Tier 2
893,High Value,High Value,Wimbledon Choral Society,Tier 2,Tier 2,4.98,1035.04,5497.79,1125,8,Tier 2,FALSE,893,Tier 2
14475,Tier 4,Tier 4,Arty Times,Tier 3,Tier 4,14.85,1026.96,1358.05,287,2,Tier 3,FALSE,14475,Tier 3
12287,High Value,High Value,Bootham School Box Office,Tier 3,Tier 4,12.76,1016.88,1382.5,4865,3,Tier 2,TRUE,12287,Tier 2
15982,Tier 4,NIL,Penrith Playhouse,Tier 3,Nil,16.42,1015.5,1015.5,1591,2,Tier 3,FALSE,15982,Tier 3
811,Tier 4,High Value,Arts Richmond Swans,Tier 2,Tier 1,5.09,1015.18,4869.26,1246,9,Tier 3,TRUE,811,Tier 2
1018,Tier 4,Tier 4,East Sussex Bach Choir,Tier 2,Tier 2,5.18,1013.67,4765.34,955,9,Tier 3,TRUE,1018,Tier 2
15307,Tier 4,NIL,OC Society Events,Tier 3,Nil,16.51,1012.77,1012.77,1296,2,Tier 3,FALSE,15307,Tier 3
1275,High Value,High Value,Hallfield School,Tier 2,Tier 2,6.99,1011.02,3369.99,3057,6,Tier 2,FALSE,1275,Tier 2
532,High Value,High Value,CVMS Music Dept,Tier 2,Tier 1,4.7,1010.56,6096.67,1730,9,Tier 2,FALSE,532,Tier 2
6138,Tier 4,Tier 4,Launch Events NW Limited,Tier 2,Tier 3,10.72,1010.5,1675.75,476,4,Tier 3,TRUE,6138,Tier 2
5602,Tier 4,Tier 4,Rosy Thompson Academy of Dance,Tier 2,Tier 3,9.23,1003.25,2799.52,942,4,Tier 3,TRUE,5602,Tier 2
9636,High Value,High Value,Royal High School Bath,Tier 2,Tier 2,8.9,1002.18,3091.31,2238,4,Tier 2,FALSE,9636,Tier 2
9837,Tier 4,Tier 4,Whitgift For All,Tier 2,Tier 3,9.81,995.5,2272.17,622,4,Tier 3,TRUE,9837,Tier 2
8074,Tier 4,High Value,Newcastle High School for Girls,Tier 2,Tier 2,9.92,992.5,3559.79,582,3,Tier 3,TRUE,8074,Tier 2
7629,High Value,Tier 4,Dame Allan's Schools,Tier 2,Tier 3,10.37,987.83,1920.98,2417,4,Tier 2,FALSE,7629,Tier 2
528,Key Account,Key Account,Dulwich College,Tier 2,Tier 1,3.88,979.84,29383.46,3138,9,Tier 1,TRUE,528,Tier 2
1812,High Value,High Value,St Benedict's School,Tier 2,Tier 2,4.79,977.67,7307.83,1085,8,Tier 2,FALSE,1812,Tier 2
14006,High Value,Tier 3,The Blandford School,Tier 3,Free,16.91,966.85,966.85,2699,2,Tier 2,TRUE,14006,Tier 3
9015,Tier 4,Tier 4,Paragon Holiday Clubs,Tier 2,Tier 3,10.05,963.63,2199.1,547,4,Tier 3,TRUE,9015,Tier 2
4028,Tier 4,Tier 4,Bollywood Dance School UK,Tier 2,Tier 2,6.89,956.71,3701.79,952,6,Tier 3,TRUE,4028,Tier 2
8073,Tier 4,Tier 4,Trent College,Tier 2,Tier 3,11.56,949.54,2062.71,1431,3,Tier 3,TRUE,8073,Tier 2
7429,Tier 4,Tier 4,Holme Grange PAA,Tier 2,Tier 2,10.89,949.09,2724.63,1361,3,Tier 3,TRUE,7429,Tier 2
12694,Tier 4,Tier 4,St Helens Primary School,Tier 3,Tier 3,12.5,949,1601.94,1406,3,Tier 3,FALSE,12694,Tier 2
9921,Tier 4,High Value,Glamis Proms,Tier 2,Tier 2,11.25,930.44,2366.16,529,3,Tier 3,TRUE,9921,Tier 2
2917,Tier 4,Tier 4,Margo van Greta,Tier 2,Tier 2,6.71,926.9,3533.07,273,7,Tier 3,TRUE,2917,Tier 2
2289,Tier 4,Tier 4,WORKSOP COLLEGE,Tier 2,Tier 2,6.7,926.87,3566.09,1929,7,Tier 3,TRUE,2289,Tier 2
1600,Tier 4,Tier 4,Haffner Orchestra,Tier 2,Tier 2,6.3,925.51,3725.02,1078,8,Tier 3,TRUE,1600,Tier 2
7372,Tier 4,Tier 4,St Piran's Society,Tier 2,Tier 3,9.45,925,2883.75,1680,4,Tier 3,TRUE,7372,Tier 2
10386,High Value,Tier 4,Cliffe Woods PTA,Tier 2,Tier 3,12.36,924,1687.61,3227,3,Tier 2,FALSE,10386,Tier 2
6973,Tier 4,Tier 4,VIP Travel Team,Tier 2,Tier 3,10.27,923.88,1601.88,328,5,Tier 3,TRUE,6973,Tier 2
12675,Tier 4,Tier 4,RTW Monson Swim Club,Tier 3,Tier 3,12.78,923.12,1550,1574,3,Tier 3,FALSE,12675,Tier 2
271,Tier 4,Tier 4,George Heriot's School,Tier 2,Tier 2,5.89,920.67,3931.13,1781,10,Tier 3,TRUE,271,Tier 2
4506,Tier 4,High Value,Cuckfield Bonfire Society,Tier 2,Tier 2,6.62,919.46,6247.3,1640,5,Tier 3,TRUE,4506,Tier 2
5492,Tier 4,Tier 4,Friends Of Blundells Preparatory School,Tier 2,Tier 2,8.64,918.14,2790.02,1093,5,Tier 3,TRUE,5492,Tier 2
15000,Tier 4,Tier 3,Dorothy Coleborn School of Dancing,Tier 3,Tier 4,16.31,915.67,1130.17,1479,2,Tier 3,FALSE,15000,Tier 3
5783,Tier 4,Tier 4,Razzle Dazzle Theatre School,Tier 2,Tier 2,9.19,915.28,3295.15,1074,4,Tier 3,TRUE,5783,Tier 2
10272,Tier 4,Tier 4,Arnold House Parents Association,Tier 3,Tier 4,12.87,914.33,1550.01,1469,3,Tier 3,FALSE,10272,Tier 2
7638,Tier 4,Tier 4,Tia’s Crown,Tier 2,Tier 3,11,913.03,1770.77,944,4,Tier 3,TRUE,7638,Tier 2
9017,Tier 4,Tier 4,Hulme Grammar School,Tier 2,Tier 3,10.71,906.38,1946.46,1216,4,Tier 3,TRUE,9017,Tier 2
4605,High Value,High Value,Birkdale School,Tier 2,Tier 2,6.78,905.25,4473.12,2456,6,Tier 2,FALSE,4605,Tier 2
3581,Tier 4,Tier 4,Ford Park,Tier 2,Tier 2,9.91,903.12,2648.73,1613,4,Tier 3,TRUE,3581,Tier 2
15690,Tier 4,NIL,Brighton Philharmonic Orchestra,Tier 3,Nil,17.66,902.39,902.39,1389,2,Tier 3,FALSE,15690,Tier 3
9797,Tier 4,Tier 4,Top Talent Agency Ltd,Tier 3,Tier 3,12.52,901.25,1741.25,1418,3,Tier 3,FALSE,9797,Tier 2
877,Tier 4,Tier 4,Royal Hospital School,Tier 2,Tier 2,5.85,897.33,4736.75,1928,9,Tier 3,TRUE,877,Tier 2
1793,High Value,High Value,Colchester County HSG,Tier 2,Tier 2,5.91,896.08,5166.04,2927,8,Tier 2,FALSE,1793,Tier 2
11950,Tier 4,Tier 4,RC Promotions Ltd,Tier 3,Tier 3,13.58,894.35,1367.39,1626,3,Tier 3,FALSE,11950,Tier 3
14119,Tier 4,Tier 3,Multi Disciplinary Professional Network,Tier 3,Tier 5,17.13,890.33,1020.21,510,2,Tier 3,FALSE,14119,Tier 3
5117,Tier 4,Tier 4,The Oxton Society,Tier 2,Tier 2,8.27,888.38,3454.17,1870,5,Tier 3,TRUE,5117,Tier 2
1356,Tier 4,Tier 4,Hillingdon U3A Events,Tier 2,Tier 2,7.53,887.39,2831.48,816,8,Tier 3,TRUE,1356,Tier 2
7819,High Value,High Value,Godolphin,Tier 2,Tier 3,11.12,886.67,1824.76,2704,4,Tier 2,FALSE,7819,Tier 2
7253,Tier 4,High Value,Bexley Grammar School,Tier 2,Tier 2,9.59,886.26,3051.11,2145,4,Tier 3,TRUE,7253,Tier 2
8776,Tier 4,Tier 4,Charity Leadership Scotland,Tier 2,Tier 3,11.2,883.71,1790.57,988,4,Tier 3,TRUE,8776,Tier 2
13729,High Value,Tier 4,Manchester High School for Girls,Tier 3,Tier 4,14.45,881.02,1172.42,2468,3,Tier 2,TRUE,13729,Tier 3
5426,Tier 4,Tier 4,EH Booth & Co Limited,Tier 2,Tier 2,9.84,873.17,2924.97,1199,4,Tier 3,TRUE,5426,Tier 2
12757,High Value,Tier 3,DS Cheshire,Tier 3,Tier 4,15.23,872.71,1025.55,2156,3,Tier 2,TRUE,12757,Tier 3
7399,High Value,Tier 4,Wigan Council,Tier 2,Tier 3,11.44,869.98,1688.81,2396,4,Tier 2,FALSE,7399,Tier 2
15559,Tier 4,NIL,Checkout 2025,Tier 3,Nil,20.63,865.82,865.82,783,1,Tier 3,FALSE,15559,Tier 3
5603,Tier 4,Tier 4,Friends of Oswestry School,Tier 2,Tier 2,8.94,863.35,2901.57,637,5,Tier 3,TRUE,5603,Tier 2
6693,High Value,Tier 4,Putney High School,Tier 2,Tier 3,9.01,859.63,2857.75,2911,5,Tier 2,FALSE,6693,Tier 2
2222,High Value,High Value,Reading Blue Coat School Office,Tier 2,Tier 2,6.03,859.38,8399.88,2764,6,Tier 2,FALSE,2222,Tier 2
3369,Tier 4,Tier 4,IICF UK,Tier 2,Tier 2,7.76,858.8,3506.77,653,6,Tier 3,TRUE,3369,Tier 2
3499,Tier 4,High Value,Monty Hammond & Sons Funfairs Limited,Tier 2,Tier 2,7.1,856.38,4639.58,1548,6,Tier 3,TRUE,3499,Tier 2
779,Tier 4,Tier 4,BATS Burneside,Tier 2,Tier 2,6.12,845.87,4789.96,1503,9,Tier 3,TRUE,779,Tier 2
5112,Tier 4,Tier 4,Red Rose Chapter,Tier 2,Tier 2,8.65,843.45,3327.33,326,5,Tier 3,TRUE,5112,Tier 2
2481,Tier 4,Tier 4,Bury Grammar School,Tier 2,Tier 2,8.62,842.75,3366.88,1121,5,Tier 3,TRUE,2481,Tier 2
2170,High Value,Tier 4,Devonshire House Prep School,Tier 2,Tier 2,6.68,841.95,4782.75,1239,7,Tier 2,FALSE,2170,Tier 2
13817,Tier 4,NIL,The Old Oundelian Club,Tier 3,Nil,18.45,841.5,841.5,481,2,Tier 3,FALSE,13817,Tier 3
13941,Tier 4,Tier 4,Ormiston Sudbury Academy,Tier 3,Tier 3,15.94,837.12,1367.37,1491,2,Tier 3,FALSE,13941,Tier 3
1924,Tier 4,Tier 4,Islington Choral Society,Tier 2,Tier 3,7.72,832.55,2949.18,769,8,Tier 3,TRUE,1924,Tier 2
4537,Tier 4,Tier 4,St Paul's Girls' School,Tier 2,Tier 2,8.02,832.47,3419.19,1830,6,Tier 3,TRUE,4537,Tier 2
6713,Key Account,High Value,RGS Guildford Events,Tier 2,Tier 3,9.55,829.92,2503.67,5572,5,Tier 1,TRUE,6713,Tier 2
5468,High Value,High Value,Gresham's Senior School Account,Tier 2,Tier 3,8.69,826.12,3451.56,4362,5,Tier 2,FALSE,5468,Tier 2
14105,Tier 4,Tier 2,Edinburgh &#39;Open House&#39; Ceilidh Events,Tier 3,Tier 5,18.25,824.75,891.25,1339,2,Tier 3,FALSE,14105,Tier 3
7080,High Value,High Value,Sutton High School GDST,Tier 2,Tier 3,10.81,820.08,2293.92,4785,4,Tier 2,FALSE,7080,Tier 2
14178,Tier 4,Tier 2,Ewell Castle,Tier 3,Tier 5,18.52,819.67,846.12,702,2,Tier 3,FALSE,14178,Tier 3
524,Tier 4,Tier 4,Stroud Film Festival,Tier 2,Tier 2,7.06,817.83,3564.21,2121,9,Tier 3,TRUE,524,Tier 2
82,Tier 4,High Value,Old Sedberghian Club,Tier 2,Tier 1,5.67,817.75,6032.58,522,11,Tier 3,TRUE,82,Tier 2
36,High Value,Tier 4,Michael Frayn Theatre,Tier 2,Tier 2,5.95,815.24,5357.62,2210,11,Tier 2,FALSE,36,Tier 2
13179,High Value,Tier 4,Burgess Hill Girls,Tier 3,Tier 5,16.7,811.15,839.87,5256,3,Tier 2,TRUE,13179,Tier 3
14724,High Value,Tier 3,QS Car Club,Tier 3,Tier 5,18.16,808.58,935.92,2407,2,Tier 2,TRUE,14724,Tier 3
14169,Tier 4,Tier 3,Northampton Bach Choir,Tier 3,Tier 4,17.63,805.54,1026.25,901,2,Tier 3,FALSE,14169,Tier 3
16300,Tier 4,NIL,KWMCC,Tier 3,Nil,18.98,801.88,801.88,1663,2,Tier 3,FALSE,16300,Tier 3
116,Tier 4,Tier 4,Nottingham High School,Tier 2,Tier 2,7.75,801.25,2767.25,1632,11,Tier 3,TRUE,116,Tier 2
14122,Tier 4,Tier 4,Geordie Chapter#9721,Tier 3,Tier 4,16.77,797.14,1204.97,603,2,Tier 3,FALSE,14122,Tier 3
7365,Tier 4,Tier 4,Keswick Half Marathon,Tier 2,Tier 2,11.75,794.13,2909.85,711,3,Tier 3,TRUE,7365,Tier 2
17639,Tier 4,NIL,Birkenhead School,Tier 3,Nil,21.65,792.71,792.71,1259,1,Tier 3,FALSE,17639,Tier 3
9078,High Value,High Value,The Skinners' School,Tier 3,Tier 3,12.68,791.29,1425.33,2938,4,Tier 2,TRUE,9078,Tier 2
15061,Tier 4,Tier 3,IOW Rare Breeds CIC,Tier 3,Free,19.19,787.54,787.54,2067,2,Tier 3,FALSE,15061,Tier 3
3353,Tier 4,Tier 4,BIRMINGHAM SPEEDWAY,Tier 2,Tier 3,9.14,787.17,3200.84,782,5,Tier 3,TRUE,3353,Tier 2
1440,Tier 4,Tier 4,Music Emporium,Tier 2,Tier 3,9.06,786.56,2287.06,1284,7,Tier 3,TRUE,1440,Tier 2
4071,Tier 4,Tier 4,Brampton Community Centre,Tier 2,Tier 3,9.66,784.21,2151.58,1200,6,Tier 3,TRUE,4071,Tier 2
9887,Tier 4,Tier 4,KCS Boat Club Supporters Association,Tier 3,Tier 3,12.87,781.71,2025.62,173,3,Tier 3,FALSE,9887,Tier 2
605,Tier 4,Tier 4,Kitchen Dancing,Tier 2,Tier 2,7.42,779.44,3493.95,1940,9,Tier 3,TRUE,605,Tier 2
19112,Tier 4,NIL,Amanda Alder Dance Academy,Tier 3,Nil,21.92,777.83,777.83,1247,1,Tier 3,FALSE,19112,Tier 3
3556,Tier 4,Tier 4,Trinity Drama Department,Tier 2,Tier 2,8.66,776.68,3094.18,1856,6,Tier 3,TRUE,3556,Tier 2
362,Tier 4,Tier 4,Nottingham Girls' High School,Tier 2,Tier 2,6.34,772.88,5355.5,1696,10,Tier 3,TRUE,362,Tier 2
17999,Tier 4,NIL,Genome Stability Network,Tier 3,Nil,19.47,771.88,771.88,294,2,Tier 3,FALSE,17999,Tier 3
572,High Value,Tier 4,Oldham Music Centre,Tier 2,Tier 2,6.74,768.28,4771.13,2421,9,Tier 2,FALSE,572,Tier 2
6582,Tier 4,Tier 4,Hightown St Mary's Cricket Club,Tier 2,Tier 3,10.83,766.67,2734.38,1789,4,Tier 3,TRUE,6582,Tier 2
7062,Tier 4,Tier 4,The Park Garden Trail,Tier 3,Tier 3,14.73,765.64,2219.01,1851,2,Tier 3,FALSE,7062,Tier 3
11205,Tier 4,Tier 4,St Mary's Music,Tier 3,Tier 4,15.21,764.52,1181.38,841,3,Tier 3,FALSE,11205,Tier 3
3763,Tier 4,Tier 4,Heathfield Swim School,Tier 2,Tier 2,8.64,760.62,3340.23,1140,6,Tier 3,TRUE,3763,Tier 2
4952,Tier 4,High Value,Pugney's Light Railway,Tier 2,Tier 2,9.04,760.62,3585.04,2021,5,Tier 3,TRUE,4952,Tier 2
2277,Tier 4,Tier 4,Tudor Hall Events,Tier 2,Tier 2,7.88,759.96,3733.79,1462,7,Tier 3,TRUE,2277,Tier 2
13053,Tier 4,Tier 3,Woodside Primary,Tier 3,Tier 5,18.81,759.34,887.46,1887,2,Tier 3,FALSE,13053,Tier 3
1079,Tier 4,Tier 4,More Music,Tier 2,Tier 2,6.54,758.7,5507.48,1600,9,Tier 3,TRUE,1079,Tier 2
12606,Tier 4,Tier 4,The Association of British Investigators Ltd,Tier 3,Tier 3,14.29,757.5,1472.75,262,3,Tier 3,FALSE,12606,Tier 3
10241,Tier 4,Tier 4,UptonHouse PTA Account,Tier 3,Tier 3,14.49,752.42,1412.66,2136,3,Tier 3,FALSE,10241,Tier 3
1880,Tier 4,Tier 4,The Baroque Collective,Tier 2,Tier 2,7.69,750.83,3727.71,654,8,Tier 3,TRUE,1880,Tier 2
2250,Tier 4,Tier 4,Wimbledon High School WHSBC,Tier 2,Tier 2,7.7,749.98,4157.82,558,7,Tier 3,TRUE,2250,Tier 2
12599,Tier 4,Tier 4,Shrewsbury House Association,Tier 3,Tier 4,15.74,749.34,1096.84,989,3,Tier 3,FALSE,12599,Tier 3
16441,Tier 4,NIL,Priceless Events Ltd,Tier 3,Nil,19.87,748.12,748.12,1217,2,Tier 3,FALSE,16441,Tier 3
6147,Tier 4,Tier 4,1st Molesey Scout Group,Tier 2,Tier 3,9.83,746.7,2925.82,1020,5,Tier 3,TRUE,6147,Tier 2
9201,Tier 4,Tier 4,Napthens LLP,Tier 3,Tier 4,15.34,746.37,1197.43,352,3,Tier 3,FALSE,9201,Tier 3
3558,Tier 4,Tier 4,Watford Philharmonic Society,Tier 2,Tier 2,8.81,745.96,3384.92,886,6,Tier 3,TRUE,3558,Tier 2
9823,High Value,Tier 4,Farnborough Hill School,Tier 2,Tier 3,12.18,741.73,1851.95,2315,4,Tier 2,FALSE,9823,Tier 2
196,Tier 4,Tier 4,ASH Stage Productions,Tier 2,Tier 2,6.41,737.42,5934.49,1373,11,Tier 3,TRUE,196,Tier 2
8632,Tier 4,Tier 4,Discovering Legal London,Tier 3,Tier 3,12.54,734.92,1682.08,528,4,Tier 3,FALSE,8632,Tier 3
6629,High Value,Tier 4,Wolverhampton SC,Tier 2,Tier 3,10.47,731.75,2391.38,2202,5,Tier 2,FALSE,6629,Tier 2
16341,Tier 4,NIL,Emerge Entertainment,Tier 3,Nil,20.18,729.96,729.96,514,2,Tier 3,FALSE,16341,Tier 3
11352,Tier 4,Tier 4,The Great Wine Co,Tier 3,Tier 3,13.66,729.08,1844.47,602,3,Tier 3,FALSE,11352,Tier 3
277,High Value,High Value,Ibstock Place School,Tier 2,Tier 1,5.91,727.91,10327.62,1829,10,Tier 2,FALSE,277,Tier 2
4322,Tier 4,Tier 4,Moira Morrison,Tier 2,Tier 3,9.56,723.65,2754.55,517,6,Tier 3,TRUE,4322,Tier 2
13291,Tier 4,Tier 4,St Benedicts School Office,Tier 3,Tier 3,15.13,723.42,1308,1613,3,Tier 3,FALSE,13291,Tier 3
2729,Key Account,Key Account,Tormead School,Tier 2,Tier 3,11.41,723.22,1406.18,9218,7,Tier 1,TRUE,2729,Tier 2
6025,Tier 4,Tier 4,Greenlands Parties,Tier 2,Tier 2,10.15,718.33,2867.08,358,5,Tier 3,TRUE,6025,Tier 2
14002,Tier 4,Tier 2,The City of Sheffield Youth Orchestra,Tier 3,Tier 5,19.78,718,798.21,843,2,Tier 3,FALSE,14002,Tier 3
13096,Tier 4,Tier 4,Alder Grove PCSA,Tier 3,Tier 4,16.08,717.37,1087.87,1609,3,Tier 3,FALSE,13096,Tier 3
8458,High Value,Key Account,Chislehurst & Sidcup Grammar School,Tier 2,Tier 3,12.2,713.21,1973.22,4135,4,Tier 2,FALSE,8458,Tier 2
5430,Tier 4,Tier 4,Tormead Gymnastics,Tier 2,Tier 3,11.78,710,2288.42,321,4,Tier 3,TRUE,5430,Tier 2
15780,Tier 4,NIL,Sheaf and Porter Trust,Tier 3,Nil,23.13,708.79,708.79,617,1,Tier 3,FALSE,15780,Tier 3
849,High Value,High Value,Pocklington School,Tier 2,Tier 2,7.27,708.67,4850.17,2974,9,Tier 2,FALSE,849,Tier 2
9756,High Value,Tier 4,Chesham Grammar School,Tier 2,Tier 3,12.24,703.46,2008.75,3576,4,Tier 2,FALSE,9756,Tier 2
612,Tier 4,Tier 4,CVMS EXAMS,Tier 2,Tier 2,7.95,702.63,3955.46,409,8,Tier 3,TRUE,612,Tier 2
9915,High Value,Tier 4,Wellington College Prep,Tier 3,Tier 5,17.35,701.75,705.75,2192,4,Tier 2,TRUE,9915,Tier 3
13130,Tier 4,Tier 4,Ruislip Rugby Football Club,Tier 3,Tier 3,16.79,695.77,1458.43,1599,2,Tier 3,FALSE,13130,Tier 3
934,High Value,High Value,Habsboys Box Office,Tier 2,Tier 2,6.39,695.42,9063.48,2776,9,Tier 2,FALSE,934,Tier 2
12359,Tier 4,Tier 3,The Minories,Tier 3,Tier 5,18.03,694.57,790.98,847,3,Tier 3,FALSE,12359,Tier 3
13186,Tier 4,Tier 4,Caldy Open Gardens,Tier 3,Tier 3,17.42,691,1288.5,1188,2,Tier 3,FALSE,13186,Tier 3
14601,Tier 4,Tier 3,Camden Music,Tier 3,Tier 5,20.23,690.97,768.51,1621,2,Tier 3,FALSE,14601,Tier 3
12258,Tier 4,Tier 4,The Big Bike Film Night UK Ltd,Tier 3,Tier 3,15.72,688.28,1222.35,925,3,Tier 3,FALSE,12258,Tier 3
3804,High Value,Tier 4,Tadley and District Community Association,Tier 2,Tier 3,10.02,684.77,2597.96,2508,6,Tier 2,FALSE,3804,Tier 2
13979,Tier 4,Tier 4,AIM Kent,Tier 3,Tier 4,17.83,684.19,1196.02,359,2,Tier 3,FALSE,13979,Tier 3
11138,Tier 4,Tier 2,Babylon Eco Centre,Tier 3,Free,19.03,682.92,682.92,386,3,Tier 3,FALSE,11138,Tier 3
2936,High Value,Tier 4,Hampshire and Isle of Wight Healthcare NHS Foundation Trust,Tier 3,Tier 3,13.11,682.92,1309.12,3921,5,Tier 2,TRUE,2936,Tier 3
7262,Tier 4,Tier 4,Bernadine Soul School Of Dance,Tier 2,Tier 3,11.82,681.28,2514.71,797,4,Tier 3,TRUE,7262,Tier 2
1842,High Value,Key Account,Dauntsey's School,Tier 2,Tier 1,6.99,680.21,7441.51,4619,8,Tier 2,FALSE,1842,Tier 2
19070,Tier 4,NIL,Amelie Bramer,Tier 3,Nil,23.64,680.21,680.21,274,1,Tier 3,FALSE,19070,Tier 3
13559,Tier 4,Tier 4,Future Faces Performing Arts School,Tier 3,Tier 4,16.98,677.92,1008.83,1033,3,Tier 3,FALSE,13559,Tier 3
4735,Tier 4,Tier 4,St Joseph's College  Reading,Tier 2,Tier 2,9.95,674.08,2808.6,1384,6,Tier 3,TRUE,4735,Tier 2
19042,Tier 4,NIL,Perins School,Tier 3,Nil,23.76,673.17,673.17,740,1,Tier 3,FALSE,19042,Tier 3
9584,Tier 4,Tier 4,Wirral Summer Hops,Tier 3,Tier 3,14.33,668.94,1276.92,1974,4,Tier 3,FALSE,9584,Tier 3
6988,Tier 4,Tier 4,Rushden Academy,Tier 2,Tier 3,11.71,666.71,1932.62,1760,5,Tier 3,TRUE,6988,Tier 2
3354,Tier 4,Tier 4,de-Koning Leisure Group,Tier 2,Tier 2,9.69,666.25,3841.73,355,5,Tier 3,TRUE,3354,Tier 2
5728,High Value,Key Account,Queen's College  Taunton,Tier 2,Tier 1,8.26,665.97,8794.35,2200,5,Tier 2,FALSE,5728,Tier 2
1047,Tier 4,Tier 4,Edgebury Primary School PSA,Tier 2,Tier 2,8.51,665.17,3487.49,1514,9,Tier 3,TRUE,1047,Tier 2
5416,Tier 4,Tier 4,Love Music Trust,Tier 3,Tier 3,12.61,664.33,1536.17,1469,5,Tier 3,FALSE,5416,Tier 2
5669,Tier 4,Tier 4,Millfield Headmaster,Tier 2,Tier 3,11.35,663.75,2240,1931,5,Tier 3,TRUE,5669,Tier 2
11917,Tier 4,Tier 4,Kids in Mind,Tier 3,Tier 3,15.94,663.58,1239.08,706,3,Tier 3,FALSE,11917,Tier 3
8704,High Value,Tier 4,Withington Girl's School Development,Tier 3,Tier 4,15.24,662.46,1092.96,3806,4,Tier 2,TRUE,8704,Tier 3
14292,Tier 4,Tier 4,Just George,Tier 3,Tier 3,17.61,657.44,1342.63,169,2,Tier 3,FALSE,14292,Tier 3
1053,High Value,High Value,Gordonstoun,Tier 2,Tier 2,8.22,653.58,3951.92,3309,9,Tier 2,FALSE,1053,Tier 2
4434,Tier 4,Tier 4,Bitches UnleaSHEd,Tier 2,Tier 3,10.07,651.71,2910.38,382,6,Tier 3,TRUE,4434,Tier 3
16634,Tier 4,NIL,Kinghorn Community Centre,Tier 3,Nil,21.55,651.34,651.34,1460,2,Tier 3,FALSE,16634,Tier 3
5699,Tier 4,Tier 4,St David's College,Tier 3,Tier 3,13.61,651.21,1594.12,950,4,Tier 3,FALSE,5699,Tier 2
3936,Tier 4,Tier 4,Manor CE Academy Performing Arts,Tier 2,Tier 3,11.12,650.25,2032.5,2053,6,Tier 3,TRUE,3936,Tier 2
9861,Tier 4,Tier 4,Impact UK Ltd,Tier 3,Tier 3,15.43,650,1420.27,918,3,Tier 3,FALSE,9861,Tier 3
10425,Tier 4,Tier 4,Liverpool College,Tier 3,Tier 3,15.07,649.71,1558.74,1397,3,Tier 3,FALSE,10425,Tier 3
571,High Value,High Value,Busy Lizzy Crafts,Tier 2,Tier 2,7.49,649.47,5964.25,210,9,Tier 2,FALSE,571,Tier 2
12121,Tier 4,Tier 4,Covem - Bolton,Tier 3,Tier 4,17.59,641.19,954.9,1160,3,Tier 3,FALSE,12121,Tier 3
10744,Tier 4,Tier 4,Tree Buds,Tier 3,Tier 3,16.56,634.19,1155.3,1208,3,Tier 3,FALSE,10744,Tier 3
9724,High Value,High Value,Northwood College for Girls,Tier 3,Tier 3,13.38,633.32,1712.58,2602,4,Tier 2,TRUE,9724,Tier 2
3460,Tier 4,Tier 4,St Leger Chapter Doncaster,Tier 2,Tier 3,11.28,633.12,2515.96,375,5,Tier 3,TRUE,3460,Tier 3
18736,Tier 4,NIL,RollerRox,Tier 3,Nil,24.43,629.53,629.53,1514,1,Tier 3,FALSE,18736,Tier 3
9209,Tier 4,Tier 4,Thornleigh Salesian College,Tier 3,Tier 3,13.91,627.74,1538.16,1738,4,Tier 3,FALSE,9209,Tier 3
17077,Tier 4,NIL,Ryarsh PTFA,Tier 3,Nil,24.53,625.33,625.33,1450,1,Tier 3,FALSE,17077,Tier 3
1769,High Value,High Value,Northern Equine Events,Tier 2,Tier 1,7.23,623.17,9569.95,342,8,Tier 2,FALSE,1769,Tier 2
16545,Tier 4,NIL,England Masters Athletics Association,Tier 3,Nil,24.59,622.5,622.5,1007,1,Tier 3,FALSE,16545,Tier 3
15551,Tier 4,NIL,CSRA,Tier 3,Nil,24.63,622.02,622.02,828,1,Tier 3,FALSE,15551,Tier 3
5193,Tier 4,Tier 4,Whisky Independent Love Festival,Tier 2,Tier 2,11.54,621.15,2374.82,372,5,Tier 3,TRUE,5193,Tier 3
5093,Tier 4,Tier 4,Loughborough Schools Foundation Development Office,Tier 2,Tier 3,11.99,620.69,2057.76,1186,5,Tier 3,TRUE,5093,Tier 3
1504,High Value,High Value,Monkton Combe School,Tier 2,Tier 3,10.43,613.72,2480.99,3182,7,Tier 2,FALSE,1504,Tier 2
6401,Tier 4,Tier 4,BROOMFIELDS PARENT TEACHER ASSOCIATION,Tier 3,Tier 3,14.77,613.45,1816.06,1400,3,Tier 3,FALSE,6401,Tier 3
4935,Tier 4,Tier 4,Kingston Vale Gym Club,Tier 2,Tier 3,11.03,611.88,2313.12,1002,6,Tier 3,TRUE,4935,Tier 2
10750,Tier 4,NIL,GDST,Tier 3,Nil,22.29,611.46,611.46,106,2,Tier 3,FALSE,10750,Tier 3
1822,Key Account,Key Account,Merchant Taylors' School Northwood,Tier 2,Tier 2,8.92,605.67,3837.18,5779,8,Tier 1,TRUE,1822,Tier 2
1406,Tier 4,Tier 4,MK Sports Coaching and Development,Tier 2,Tier 2,9.27,603.58,3476.11,462,8,Tier 3,TRUE,1406,Tier 2
6951,Tier 4,Tier 4,Seafordheadschool,Tier 3,Tier 3,12.62,602.37,1746.21,1044,5,Tier 3,FALSE,6951,Tier 3
538,Tier 4,Tier 4,Parish Players,Tier 2,Tier 2,9.28,602.25,3261.65,940,9,Tier 3,TRUE,538,Tier 2
5134,Tier 4,Tier 4,Ealing Abbey Choir,Tier 3,Tier 3,12.59,602,1774.04,728,5,Tier 3,FALSE,5134,Tier 3
7604,Tier 4,NIL,Eventurous,Tier 3,Nil,25.03,600.96,600.96,762,1,Tier 3,FALSE,7604,Tier 3
8749,Tier 4,Tier 4,An Talla Solais,Tier 3,Tier 3,14.58,600.17,1411.14,492,4,Tier 3,FALSE,8749,Tier 3
10379,Tier 4,Tier 4,Oaklands Catholic School and Sixth Form College,Tier 3,Tier 4,16.32,599.75,1307.96,841,3,Tier 3,FALSE,10379,Tier 3
7366,Tier 4,Tier 4,campervan66,Tier 3,Tier 3,12.82,597.17,2354.88,487,4,Tier 3,FALSE,7366,Tier 3
2199,Tier 4,Tier 4,Friends of WHS,Tier 2,Tier 3,10.16,589.33,2948.95,806,7,Tier 3,TRUE,2199,Tier 2
11299,Tier 4,Tier 4,LVS Ascot,Tier 3,Tier 3,19.04,587.22,1137.92,448,2,Tier 3,FALSE,11299,Tier 3
4188,Tier 4,Tier 4,Les Panards Dansants,Tier 3,Tier 3,12.51,584.29,1894.21,255,5,Tier 3,FALSE,4188,Tier 3
13959,High Value,High Value,LOSSIEFEST,Tier 3,Tier 3,21.59,581.39,1143.03,2939,1,Tier 2,TRUE,13959,Tier 3
5098,Tier 4,Tier 4,Hawkinge Cricket Club,Tier 2,Tier 3,12.41,580.92,1970.21,1712,5,Tier 3,TRUE,5098,Tier 2
10456,Tier 4,Tier 4,Wigan Borough Business Awards,Tier 3,Tier 4,20.18,575.62,936.92,209,2,Tier 3,FALSE,10456,Tier 3
6268,Key Account,High Value,Royal British Legion Blackburn,Tier 2,Tier 2,12.29,573.01,2059.69,9419,5,Tier 1,TRUE,6268,Tier 2
18881,Tier 4,NIL,Friends of Sarah Louise Ashworth School of Dance,Tier 3,Nil,25.45,571.87,571.87,1041,1,Tier 3,FALSE,18881,Tier 3
8758,Tier 4,Tier 4,KL Brewery,Tier 3,Tier 3,16.44,571.69,1312.88,637,3,Tier 3,FALSE,8758,Tier 3
5931,Tier 4,Tier 4,Wolverhampton Grammar School,Tier 3,Tier 4,16.1,571.25,901.25,1750,5,Tier 3,FALSE,5931,Tier 3
4762,Tier 4,Tier 4,Radlett Prep PTA,Tier 2,Tier 3,11.04,567.58,2659.69,1114,6,Tier 3,TRUE,4762,Tier 2
10531,Tier 4,Tier 4,Team Valley Marketing,Tier 3,Tier 3,15.73,567.25,1557.25,1121,3,Tier 3,FALSE,10531,Tier 3
951,Tier 4,Tier 4,St Paul's OP Club,Tier 2,Tier 2,8.29,566.67,5490.04,471,9,Tier 3,TRUE,951,Tier 2
11692,Tier 4,Tier 4,KS Musicals,Tier 3,Tier 4,20.74,566.61,858.58,1143,2,Tier 3,FALSE,11692,Tier 3
10509,Tier 4,Tier 4,Cumnor - STRIPE,Tier 3,Tier 3,17.32,565.62,1128.75,896,3,Tier 3,FALSE,10509,Tier 3
4412,Tier 4,Tier 4,Newcastle Bach Choir Society,Tier 2,Tier 3,11.89,565.35,2017.67,713,6,Tier 3,TRUE,4412,Tier 3
12831,Tier 4,Tier 4,Heart of Lancot PTFA,Tier 3,Tier 3,17.53,565.23,1086.69,1731,3,Tier 3,FALSE,12831,Tier 3
11853,Tier 4,Tier 4,DanceForAll,Tier 3,Tier 4,18.63,564.86,891.85,681,3,Tier 3,FALSE,11853,Tier 3
8455,Tier 4,Tier 4,Raeburn PTA,Tier 3,Tier 4,17.68,564.62,836.57,1785,4,Tier 3,FALSE,8455,Tier 3
10692,Tier 4,Tier 4,Steel City Trophy,Tier 3,Tier 3,16.09,563.75,1475.75,992,3,Tier 3,FALSE,10692,Tier 3
11555,Tier 4,Tier 4,Northern Farming Conference,Tier 3,Tier 4,19.53,563.58,1090.62,187,2,Tier 3,FALSE,11555,Tier 3
9429,Tier 4,Tier 4,BPSA,Tier 3,Tier 4,15.94,562.45,1160.57,914,4,Tier 3,FALSE,9429,Tier 3
11038,Tier 4,Tier 4,Racing Club Warwick FC,Tier 3,Tier 3,15.14,560.96,1935.62,205,3,Tier 3,FALSE,11038,Tier 3
13473,Tier 4,Tier 1,Provincial Grand Chapter,Tier 3,Tier 5,23.19,555.38,571.71,535,2,Tier 3,FALSE,13473,Tier 3
8418,Tier 4,Tier 4,Shoeburyness High School,Tier 3,Tier 3,14.37,553.79,1657.61,1242,4,Tier 3,FALSE,8418,Tier 3
16096,Tier 4,NIL,Abbey Musical Society,Tier 3,Nil,23.37,552.78,552.78,1235,2,Tier 3,FALSE,16096,Tier 3
12187,Tier 4,Tier 3,My Cancer My Choices,Tier 3,Tier 5,20.61,543.88,645.38,311,3,Tier 3,FALSE,12187,Tier 3
14356,Tier 4,Tier 1,Parish of the Holy Cross,Tier 3,Tier 5,23.35,542.67,558.96,989,2,Tier 3,FALSE,14356,Tier 3
5685,Tier 4,Tier 4,Manor Lodge,Tier 3,Tier 3,13.14,542.37,1786.42,1960,5,Tier 3,FALSE,5685,Tier 3
11195,Tier 4,Tier 4,Park View School,Tier 3,Tier 3,17.73,540.25,1087.71,1146,3,Tier 3,FALSE,11195,Tier 3
7527,Tier 4,Tier 4,Friends of St Martin’s,Tier 3,Tier 3,15.43,539.71,1321.83,813,4,Tier 3,FALSE,7527,Tier 3
10489,Tier 4,Tier 4,All Hallows Catholic High School,Tier 3,Tier 3,16.46,538.37,1418.67,1506,3,Tier 3,FALSE,10489,Tier 3
10882,Tier 4,Tier 4,FIPS account,Tier 3,Tier 3,16.33,536.91,1472.83,336,3,Tier 3,FALSE,10882,Tier 3
7340,Tier 4,Tier 4,Scotland's Gardens scheme,Tier 2,Tier 3,11.84,534.16,3985.44,1448,4,Tier 3,TRUE,7340,Tier 2
8333,Tier 4,Tier 4,Feather Fixer,Tier 3,Tier 3,14.56,533.85,1644.05,463,4,Tier 3,FALSE,8333,Tier 3
5505,Tier 4,Tier 4,Caterham School,Tier 3,Tier 3,13.15,533.58,1846.21,1319,5,Tier 3,FALSE,5505,Tier 3
1999,Tier 4,Tier 4,Friends of Claines School,Tier 2,Tier 3,11.22,532.7,2263.38,2091,8,Tier 3,TRUE,1999,Tier 2
16166,Tier 4,NIL,All Stars Theatre Academy,Tier 3,Nil,26.38,532.5,532.5,870,1,Tier 3,FALSE,16166,Tier 3
7461,Tier 4,NIL,Adore Dance London,Tier 3,Nil,20.37,530,706.88,846,3,Tier 3,FALSE,7461,Tier 3
8958,Tier 4,Tier 4,SPSBC Parents' Group,Tier 3,Tier 3,14.37,529.71,1765.79,494,4,Tier 3,FALSE,8958,Tier 3
4500,Tier 4,Tier 3,Colman Creative Academy,Tier 3,Tier 4,13.71,527.65,1396.67,815,6,Tier 3,FALSE,4500,Tier 3
608,Tier 4,Tier 4,Trent College Parents’ Association,Tier 2,Tier 2,10.89,525.33,2441.11,817,9,Tier 3,TRUE,608,Tier 2
10328,Tier 4,Tier 4,Animal Care Lancaster,Tier 3,Tier 4,18.71,525.16,957.2,749,3,Tier 3,FALSE,10328,Tier 3
8393,Tier 4,Tier 4,The Cheshire Club,Tier 3,Tier 3,16.14,523.75,1191.29,911,4,Tier 3,FALSE,8393,Tier 3
9194,Tier 4,Tier 4,Sedbergh Music Festival,Tier 3,Tier 3,16.12,522.79,1197.37,497,4,Tier 3,FALSE,9194,Tier 3
7,Tier 4,Tier 4,Sedbergh School Foundation,Tier 2,Tier 4,9.58,522.12,3609.94,147,13,Tier 3,TRUE,7,Tier 3
6481,Tier 4,Tier 4,Knutsford Bonfire,Tier 3,Tier 3,13.3,521.97,2663.65,978,4,Tier 3,FALSE,6481,Tier 2
13931,Tier 4,Tier 4,The High School Leckhampton,Tier 3,Tier 4,20.87,520.62,943.79,1079,2,Tier 3,FALSE,13931,Tier 3
41,High Value,NIL,Reading School,Tier 2,Nil,10.17,520.39,3003.92,2527,12,Tier 2,FALSE,41,Tier 2
15481,Tier 4,NIL,Parents Association of Bournes Green School,Tier 3,Nil,24.17,519.8,519.8,1494,2,Tier 3,FALSE,15481,Tier 3
158,Tier 4,Tier 4,Leeds Festival Chorus,Tier 2,Tier 2,10.12,516.58,3126.97,559,11,Tier 3,TRUE,158,Tier 3
5933,Tier 4,Tier 4,Otley Folk Festival,Tier 3,Tier 4,15.54,516.58,1140.29,346,5,Tier 3,FALSE,5933,Tier 3
7489,Tier 4,Tier 4,Marathi Mandal Reading,Tier 3,Tier 3,15.81,516.08,1314.12,1356,4,Tier 3,FALSE,7489,Tier 3
8813,Tier 4,Tier 4,KAOS Musical Theatre,Tier 3,Tier 3,15.62,513.38,1957.62,686,3,Tier 3,FALSE,8813,Tier 3
9542,Tier 4,Tier 4,Lancashire Business View,Tier 3,Tier 3,14.86,513.17,1660.66,718,4,Tier 3,FALSE,9542,Tier 3
11623,Tier 4,High Value,Denstone College,Tier 3,Tier 3,15.93,512.46,1799.08,161,3,Tier 3,FALSE,11623,Tier 3
12923,Tier 4,Tier 4,St Mary&#39;s Church,Tier 3,Tier 4,20.77,510.75,996.62,888,2,Tier 3,FALSE,12923,Tier 3
15596,Tier 4,NIL,BlueBird Ball,Tier 3,Nil,26.93,510.08,510.08,360,1,Tier 3,FALSE,15596,Tier 3
6596,Tier 4,Tier 4,Colne Delta Music,Tier 3,Tier 3,13.86,509.71,1678.75,686,5,Tier 3,FALSE,6596,Tier 3
17490,Tier 4,NIL,North West Cancer Research,Tier 3,Nil,24.43,509.58,509.58,726,2,Tier 3,FALSE,17490,Tier 3
5293,Tier 4,Tier 4,Dance Academy,Tier 3,Tier 3,13.74,508.5,1765.72,68,5,Tier 3,FALSE,5293,Tier 3
17910,Tier 4,NIL,Historic England PARIS6,Tier 3,Nil,24.48,506.92,506.92,144,2,Tier 3,FALSE,17910,Tier 3
2745,Tier 4,Tier 4,Unique Kidz and Co,Tier 3,Tier 3,15.53,505.17,1043.12,1300,6,Tier 3,FALSE,2745,Tier 3
3650,Tier 4,Tier 4,Wiltshire Federation of WIs,Tier 3,Tier 3,13.12,502.59,1770.57,553,6,Tier 3,FALSE,3650,Tier 3
12386,Tier 4,Tier 4,Hounslow Symphony Orchestra,Tier 3,Tier 4,19.51,500.97,876.43,815,3,Tier 3,FALSE,12386,Tier 3
11620,Tier 4,Tier 4,Saltney Gymnastics Club,Tier 3,Tier 3,18.96,500.46,991.18,1378,3,Tier 3,FALSE,11620,Tier 3
14694,Tier 4,Tier 3,FOLSS - Leonard Stanley School,Tier 3,Tier 5,23.74,500.25,591.25,287,2,Tier 3,FALSE,14694,Tier 3
8547,Tier 4,Tier 4,Prior Park College Performing Arts,Tier 3,Tier 3,16.23,499.46,1268.75,1526,4,Tier 3,FALSE,8547,Tier 3
6418,Tier 4,Tier 4,Herts & Essex High School,Tier 3,Tier 3,15.04,499.19,1328.81,1123,5,Tier 3,FALSE,6418,Tier 3
12907,Tier 4,Tier 4,Comrie Amateur Dramatic Society,Tier 3,Tier 4,20.68,498.83,727.67,1140,3,Tier 3,FALSE,12907,Tier 3
13561,High Value,Tier 4,Brent Music Service,Tier 3,Free,22.79,498,498,2922,3,Tier 2,TRUE,13561,Tier 3
18317,Tier 4,NIL,Herfordshire Festival 2031,Tier 4,Nil,27.35,497.25,497.25,153,1,Tier 3,TRUE,18317,Tier 3
1936,Tier 4,Tier 4,The Holroyd Community Theatre,Tier 2,Tier 2,10.18,496.54,4021.68,477,8,Tier 3,TRUE,1936,Tier 3
1503,Tier 4,Tier 4,James Allens Girls School,Tier 2,Tier 3,11.48,496.21,2615.34,1711,8,Tier 3,TRUE,1503,Tier 3
7289,Tier 4,Tier 4,Upper Dales Community Partnership t/a Little White Bus,Tier 3,Tier 3,17.29,496.07,1063.08,1054,4,Tier 3,FALSE,7289,Tier 3
14537,Tier 4,NIL,Choir Events,Tier 3,Nil,24.85,496.06,498.18,520,2,Tier 3,FALSE,14537,Tier 3
9502,Tier 4,Tier 4,RA Butler PTA,Tier 3,Tier 3,16.92,496.06,1147.16,1538,4,Tier 3,FALSE,9502,Tier 3
16462,High Value,NIL,John Lyon Marketing,Tier 3,Nil,24.96,494.05,494.05,2311,2,Tier 2,TRUE,16462,Tier 3
5918,Tier 4,NIL,St Helen’s School Events,Tier 3,Nil,20.8,494,733.25,1292,3,Tier 3,FALSE,5918,Tier 3
13481,Tier 4,Tier 3,NCPTA,Tier 3,Tier 5,23.83,491.17,608.46,1265,2,Tier 3,FALSE,13481,Tier 3
12977,Tier 4,Tier 3,To The Summit Ltd,Tier 3,Tier 5,22.07,490,582.25,83,3,Tier 3,FALSE,12977,Tier 3
7776,Tier 4,Tier 4,Newport Acrobatics Gymnastics Club,Tier 3,Tier 3,15.94,488.83,1419.86,963,4,Tier 3,FALSE,7776,Tier 3
570,Tier 4,Tier 3,New Mill Male Voice Choir,Tier 3,Tier 4,14.9,488.17,1094.96,564,8,Tier 3,FALSE,570,Tier 3
6902,High Value,High Value,St Margaret's School,Tier 3,Tier 3,14.71,488.03,1531.71,2530,5,Tier 2,TRUE,6902,Tier 3
1840,Tier 4,Tier 4,Little Heath PTA,Tier 2,Tier 2,11.78,487.5,3127.67,1400,6,Tier 3,TRUE,1840,Tier 2
3930,Tier 4,Tier 4,The Friends of Chain Bridge Forge,Tier 3,Tier 3,13.7,487.04,1674.67,303,6,Tier 3,FALSE,3930,Tier 3
2961,Tier 4,Tier 4,Rossmere Forest School,Tier 2,Tier 3,10.95,485.03,3717.45,434,7,Tier 3,TRUE,2961,Tier 3
19043,Tier 4,NIL,Newport Girls&#39; High School,Tier 4,Nil,27.82,482.83,482.83,916,1,Tier 3,TRUE,19043,Tier 3
7353,Tier 4,Tier 4,Downside School,Tier 3,Tier 4,18.03,482.22,979.85,1007,4,Tier 3,FALSE,7353,Tier 3
18863,Tier 4,NIL,Tiffin School,Tier 4,Nil,27.86,482.17,482.17,209,1,Tier 3,TRUE,18863,Tier 3
2651,High Value,High Value,Lancaster Girls' Grammar School,Tier 3,Tier 3,12.45,481.38,2256.17,3318,7,Tier 2,TRUE,2651,Tier 3
8777,Tier 4,Tier 4,St Lawrence College,Tier 3,Tier 3,17.66,480.9,1047.86,555,4,Tier 3,FALSE,8777,Tier 3
913,Tier 4,Tier 4,The Friends of Rowan Association,Tier 2,Tier 2,10.6,479.58,3664.67,915,9,Tier 3,TRUE,913,Tier 3
16141,Tier 4,NIL,Townley Grammar School,Tier 3,Nil,25.46,478.29,478.29,1347,2,Tier 3,FALSE,16141,Tier 3
17569,Tier 4,NIL,Sheppey RFC,Tier 4,Nil,28.06,475.42,475.42,1258,1,Tier 3,TRUE,17569,Tier 3
424,Tier 4,Tier 4,Denefield School,Tier 2,Tier 3,12.2,474.83,2108.83,1868,9,Tier 3,TRUE,424,Tier 3
7432,Tier 4,NIL,Ratcliffe College Parents Association,Tier 3,Nil,20.05,474.42,702,1447,4,Tier 3,FALSE,7432,Tier 3
13087,Tier 4,Tier 4,Kings School Rochester,Tier 3,Tier 4,22.78,474.17,775.43,161,2,Tier 3,FALSE,13087,Tier 3
4408,Tier 4,Tier 4,Willaston C of E PTA,Tier 3,Tier 3,14.6,472.38,1416.78,1410,6,Tier 3,FALSE,4408,Tier 3
10302,Tier 4,Tier 4,Chetwynde School,Tier 3,Tier 3,18.61,470.52,1167.85,2114,3,Tier 3,FALSE,10302,Tier 3
16190,Tier 4,NIL,Marie-Claire Lindsay,Tier 4,Nil,28.32,464.25,464.25,604,1,Tier 3,TRUE,16190,Tier 3
4581,High Value,High Value,Trinity Events,Tier 3,Tier 3,15.21,463.67,1257.25,5384,6,Tier 2,TRUE,4581,Tier 3
5581,Tier 4,Tier 3,Next Step School of Dance,Tier 3,Tier 3,16.18,463.29,1187.21,712,5,Tier 3,FALSE,5581,Tier 3
14930,Tier 4,NIL,Hawkshead Agricultural Show Entry Tickets,Tier 4,Nil,28.42,462.68,462.68,811,1,Tier 3,TRUE,14930,Tier 3
4505,Tier 4,Tier 4,New Sussex Singers,Tier 3,Tier 3,15.17,462.58,1277.97,497,6,Tier 3,FALSE,4505,Tier 3
17859,Tier 4,NIL,Bridgwater Pantomime Society,Tier 3,Nil,25.93,462.33,462.33,718,2,Tier 3,FALSE,17859,Tier 3
12820,Tier 4,Tier 4,Streatham & Clapham High,Tier 3,Tier 4,20.26,462.02,872.77,597,3,Tier 3,FALSE,12820,Tier 3
10908,Tier 4,Tier 4,Barrs Court PTFA,Tier 3,Tier 3,19.46,461.97,1024.66,1515,3,Tier 3,FALSE,10908,Tier 3
1405,Tier 4,High Value,Independent Schools Portal,Tier 2,Tier 2,11.27,460.53,3459.38,1973,8,Tier 3,TRUE,1405,Tier 3
8188,Tier 4,Tier 4,JFS Parents Association (JFSPA),Tier 3,Tier 3,16.8,460.13,1313.12,441,4,Tier 3,FALSE,8188,Tier 3
16744,Tier 4,NIL,Sherborne Schools Group Events,Tier 3,Nil,26.05,459.67,459.67,536,2,Tier 3,FALSE,16744,Tier 3
8918,Tier 4,Tier 4,The Gesualdo Six,Tier 3,Tier 3,14.6,458.32,2461.05,378,4,Tier 3,FALSE,8918,Tier 3
18927,Tier 4,NIL,CCYD Performing Arts,Tier 4,Nil,28.65,457.96,457.96,775,1,Tier 3,TRUE,18927,Tier 3
12737,Tier 4,Tier 3,Inspiring Music,Tier 3,Tier 4,21.72,456.96,700.38,1336,3,Tier 3,FALSE,12737,Tier 3
11566,Tier 4,Tier 1,Friends of Tockington Manor,Tier 3,Tier 5,24.01,456.71,466.42,842,3,Tier 3,FALSE,11566,Tier 3
7322,Tier 4,Tier 4,Table Tennis,Tier 3,Tier 3,17.53,455.05,1166.24,1032,4,Tier 3,FALSE,7322,Tier 3
4625,Tier 4,Tier 4,InstantOpera,Tier 3,Tier 2,13.08,454.61,3008.89,377,5,Tier 3,FALSE,4625,Tier 3
3987,Tier 4,Tier 4,Wellness Walks,Tier 3,Tier 4,19.1,453.65,733.3,1417,5,Tier 3,FALSE,3987,Tier 3
4781,Tier 4,Tier 4,Brightlight Theatre,Tier 3,Tier 3,14.38,453.06,1634.47,954,6,Tier 3,FALSE,4781,Tier 3
11382,Tier 4,Tier 4,Bethany School,Tier 3,Tier 4,20.97,452.52,800.72,1145,3,Tier 3,FALSE,11382,Tier 3
1750,Tier 4,High Value,Viables Community Association,Tier 2,Tier 2,11.28,452.44,3685.45,1898,8,Tier 3,TRUE,1750,Tier 3
663,Tier 4,Tier 4,The Starlets,Tier 3,Tier 3,13.44,451.93,1932.87,659,7,Tier 3,FALSE,663,Tier 3
13903,Tier 4,Tier 3,York Whisky Club,Tier 3,Tier 4,24.61,450.43,602.02,224,2,Tier 3,FALSE,13903,Tier 3
1206,Tier 4,Tier 4,Solihull School,Tier 3,Tier 4,15.28,449.92,1172.55,1122,8,Tier 3,FALSE,1206,Tier 3
3608,Tier 4,Tier 3,Croots Farm Shop,Tier 3,Tier 4,18.22,447.02,777.87,1050,6,Tier 3,FALSE,3608,Tier 3
328,Tier 4,Tier 4,Lancaster Priory,Tier 2,Tier 2,9.93,446.63,5980.06,638,10,Tier 3,TRUE,328,Tier 2
5075,High Value,High Value,Denstone College,Tier 2,Tier 3,11.33,444.46,7218.92,2811,5,Tier 2,FALSE,5075,Tier 2
10142,Tier 4,Tier 3,Shiplake College,Tier 3,Tier 4,19.08,444.38,908.12,839,4,Tier 3,FALSE,10142,Tier 3
5178,Tier 4,Tier 3,Save Grange Lido Ltd,Tier 3,Tier 3,14.35,443.02,2069.66,565,5,Tier 3,FALSE,5178,Tier 3
7044,Tier 4,Tier 4,St Paul's CE Primary School,Tier 3,Tier 3,15.53,440.31,1516.54,1420,5,Tier 3,FALSE,7044,Tier 3
6434,Tier 4,Tier 4,The Indian Cultural Association (ICA),Tier 3,Tier 3,15.36,439.86,1586.55,801,5,Tier 3,FALSE,6434,Tier 3
9933,Tier 4,NIL,Nouveau Theatre School,Tier 3,Nil,21.99,439.38,702.03,716,3,Tier 3,FALSE,9933,Tier 3
9640,Tier 4,Tier 4,Next Level London,Tier 3,Tier 3,18.27,436.16,1065.62,770,4,Tier 3,FALSE,9640,Tier 3
16350,Tier 4,NIL,Humber Teaching NHS Foundation Trust,Tier 4,Nil,29.32,435.75,435.75,173,1,Tier 3,TRUE,16350,Tier 4
14076,Tier 4,Tier 1,Grasmere Sports &amp; Show,Tier 4,Tier 5,29.26,435.32,440.65,1301,1,Tier 3,TRUE,14076,Tier 3
17686,Tier 4,NIL,The Trull Players,Tier 3,Nil,26.83,434.67,434.67,726,2,Tier 3,FALSE,17686,Tier 3
14794,Tier 4,Tier 1,BaccyJ &amp; Folio Productions,Tier 3,Tier 5,26.66,433.13,447.63,815,2,Tier 3,FALSE,14794,Tier 3
5649,Tier 4,NIL,Fiona's Fancy Feet,Tier 3,Nil,18.95,431.64,1228.89,626,3,Tier 3,FALSE,5649,Tier 3
7136,Tier 4,Tier 4,Bournemouth Writing Festival,Tier 3,Tier 3,15.39,429.88,1629.11,288,5,Tier 3,FALSE,7136,Tier 3
8907,Tier 4,Tier 3,katie leivers,Tier 3,Tier 4,21.42,429.41,621.22,331,4,Tier 3,FALSE,8907,Tier 3
3901,Tier 4,Tier 4,Ilkley Cycling Club,Tier 3,Tier 3,17.11,428.79,1015.18,1348,6,Tier 3,FALSE,3901,Tier 3
4548,Tier 4,Tier 4,Wolverton Gilbert and Sullivan Society,Tier 3,Tier 3,14.62,428.54,2058.64,601,5,Tier 3,FALSE,4548,Tier 3
323,Tier 4,Tier 4,JFS School,Tier 3,Tier 3,12.56,428.12,2371,912,10,Tier 3,FALSE,323,Tier 3
10176,Tier 4,Tier 4,Shebbear College,Tier 3,Tier 4,19.61,427.79,1102.4,1031,3,Tier 3,FALSE,10176,Tier 3
21,Tier 4,Tier 4,Sedbergh School Music Department,Tier 2,Tier 3,11.62,427.19,3243.25,949,12,Tier 3,TRUE,21,Tier 3
957,Tier 4,Tier 4,UK Coaching,Tier 3,Tier 5,21.06,426.54,438.88,610,9,Tier 3,FALSE,957,Tier 3
6206,Tier 4,Tier 4,Windermere RUFC Events,Tier 3,Tier 2,14.79,425.67,2890.23,963,4,Tier 3,FALSE,6206,Tier 3
7833,Tier 4,Tier 4,St Andrews C of E school PTA,Tier 3,Tier 3,18.97,424.42,999.87,1162,4,Tier 3,FALSE,7833,Tier 3
14908,Tier 4,NIL,Wick-edly Creative Ltd,Tier 4,Nil,27.18,424.08,424.08,348,2,Tier 3,TRUE,14908,Tier 4
2648,Tier 4,Tier 4,AVTC,Tier 3,Tier 2,13.45,423.97,2258.18,1903,7,Tier 3,FALSE,2648,Tier 3
2208,Tier 4,Tier 4,Ealing Symphony Orchestra,Tier 3,Tier 3,15.72,421.54,1575.92,892,5,Tier 3,FALSE,2208,Tier 3
14783,Tier 4,Tier 1,Celf Caerleon Arts Festival,Tier 4,Free,27.25,421.13,421.13,505,2,Tier 3,TRUE,14783,Tier 3
10067,Tier 4,Tier 3,Waste into Wellbeing,Tier 3,Tier 4,22.12,420.62,561.4,506,4,Tier 3,FALSE,10067,Tier 3
382,Tier 4,Tier 4,Warminster Senior Music,Tier 3,Tier 2,12.56,419.9,2580.08,1140,10,Tier 3,FALSE,382,Tier 3
12917,Tier 4,Tier 4,Hatters Heritage,Tier 3,Tier 3,20.5,418.87,987.76,771,3,Tier 3,FALSE,12917,Tier 3
18570,Tier 4,NIL,Target Darts,Tier 4,Nil,27.33,418.87,418.87,312,2,Tier 3,TRUE,18570,Tier 3
388,Tier 4,Tier 4,Archbishop Temple School PTA,Tier 2,Tier 2,12.19,416.96,3047.1,1206,9,Tier 3,TRUE,388,Tier 3
17654,Tier 4,NIL,PenkethPTFA,Tier 4,Nil,29.96,416.26,416.26,1163,1,Tier 3,TRUE,17654,Tier 3
13033,Tier 4,Tier 4,Heritage Railway Association,Tier 3,Tier 4,22.71,416.25,665,1432,3,Tier 3,FALSE,13033,Tier 3
9821,High Value,Tier 4,St George's Ascot,Tier 3,Tier 4,21.1,416.23,881.33,2436,3,Tier 2,TRUE,9821,Tier 3
761,Tier 4,Tier 3,Innovation Dance Company,Tier 3,Tier 4,17.2,415.62,1457.17,525,4,Tier 3,FALSE,761,Tier 3
16007,Tier 4,NIL,Sherborne Town Council,Tier 4,Nil,30.07,413.75,413.75,659,1,Tier 3,TRUE,16007,Tier 3
7283,Tier 4,Tier 4,New Family Social,Tier 3,Tier 3,17.49,412.5,1376.25,645,4,Tier 3,FALSE,7283,Tier 3
17720,Tier 4,NIL,Call to Stage Theatre Company,Tier 4,Nil,27.6,411.63,411.63,412,2,Tier 3,TRUE,17720,Tier 3
5910,Tier 4,Tier 4,Rendcomb College,Tier 3,Tier 3,16.44,411.17,1406.33,1042,5,Tier 3,FALSE,5910,Tier 3
12787,Tier 4,Tier 3,Cumbria Gardens Trust,Tier 3,Tier 5,24.38,409.42,499.67,287,3,Tier 3,FALSE,12787,Tier 3
8362,Tier 4,Tier 3,Armathwaite Old School Hall,Tier 3,Tier 4,21.09,408.79,713.54,489,4,Tier 3,FALSE,8362,Tier 3
5256,Tier 4,Tier 4,Flies on the wall,Tier 3,Tier 3,17.21,407.6,1501.89,797,4,Tier 3,FALSE,5256,Tier 3
14959,Tier 4,NIL,Alameda Middle School,Tier 4,Nil,27.77,407.08,407.08,1349,2,Tier 3,TRUE,14959,Tier 3
5546,Tier 4,Tier 4,Virtuoso Dance Company,Tier 3,Tier 3,18.51,406.88,1149.29,629,4,Tier 3,FALSE,5546,Tier 3
5544,Tier 4,Tier 4,Laceys family farm,Tier 3,Tier 3,17.21,405.75,1523.42,1649,4,Tier 3,FALSE,5544,Tier 3
8883,Tier 4,Tier 3,REA,Tier 3,Tier 5,20.46,405.42,808.83,248,4,Tier 3,FALSE,8883,Tier 3
10691,Tier 4,Tier 4,Productions,Tier 3,Tier 4,22.61,405.38,710.92,975,3,Tier 3,FALSE,10691,Tier 3
2958,Tier 4,Tier 4,Prospect House School PA,Tier 3,Tier 3,14.35,404.08,1930.04,435,7,Tier 3,FALSE,2958,Tier 3
2417,Tier 4,Tier 2,Friends of the Gordon,Tier 4,Tier 5,27.26,402.89,451.73,1291,2,Tier 3,TRUE,2417,Tier 3
4110,Tier 4,Tier 4,GCSE & tickets,Tier 3,Tier 3,15.68,402.58,1514.55,1199,6,Tier 3,FALSE,4110,Tier 3
732,Tier 4,Tier 4,Barnwell School Expressive Arts,Tier 3,Tier 3,15.74,401.98,1277.66,1117,8,Tier 3,FALSE,732,Tier 3
15038,Tier 4,NIL,St Andrew's Preservation Trust,Tier 4,Nil,28.03,401.19,403.19,938,2,Tier 3,TRUE,15038,Tier 3
5577,Tier 4,Tier 4,Pogo Events,Tier 3,Tier 3,16.62,400.98,1832.23,716,4,Tier 3,FALSE,5577,Tier 3
6665,Tier 4,Tier 4,Caerau Ely Sports Trust,Tier 3,Tier 3,19.16,399.96,1372.54,1288,3,Tier 3,FALSE,6665,Tier 3
14299,Tier 4,Tier 2,Plumpton Activity Scheme,Tier 4,Tier 5,29.59,398.79,471.04,352,1,Tier 3,TRUE,14299,Tier 4
947,Tier 4,Tier 4,Leighton Park School,Tier 3,Tier 3,13.15,398.6,2590.98,835,9,Tier 3,FALSE,947,Tier 3
9914,Tier 4,Tier 4,Wordsworth Grasmere,Tier 3,Tier 4,20.7,397.58,799.87,840,4,Tier 3,FALSE,9914,Tier 3
7887,Tier 4,Tier 4,Bancroft's Foundation,Tier 3,Tier 3,19.23,397.08,1053.83,619,4,Tier 3,FALSE,7887,Tier 3
2966,Tier 4,Tier 4,Y4RT,Tier 3,Tier 3,13.88,396.96,2385.62,1226,7,Tier 3,FALSE,2966,Tier 3
12934,Tier 4,Tier 4,POM,Tier 3,Tier 3,21.57,396.37,876.53,355,3,Tier 3,FALSE,12934,Tier 3
12193,Key Account,High Value,Wycombe Abbey,Tier 3,Tier 4,24.38,395.71,534.5,7099,3,Tier 1,TRUE,12193,Tier 3
17141,Tier 4,NIL,See of Oswestry,Tier 4,Nil,30.84,395.5,395.5,62,1,Tier 3,TRUE,17141,Tier 4
15579,Tier 4,NIL,SWPS Drama Department,Tier 4,Nil,28.34,395.25,395.25,952,2,Tier 3,TRUE,15579,Tier 3
14715,Tier 4,Tier 3,Sherborne Schools Group,Tier 3,Tier 5,26.73,395,501.88,667,2,Tier 3,FALSE,14715,Tier 3
1683,Tier 4,Tier 4,Miss Joanne's School of Dance,Tier 3,Tier 3,16.1,394.2,1327.77,998,7,Tier 3,FALSE,1683,Tier 3
4316,Tier 4,Tier 4,Elmbridge Choir,Tier 3,Tier 3,16.13,393.71,1434.34,502,6,Tier 3,FALSE,4316,Tier 3
9517,Tier 4,Tier 3,Ebbsfleet Indian Community (EIC),Tier 3,Tier 4,21.81,393.33,685.4,1189,4,Tier 3,FALSE,9517,Tier 3
3115,Tier 4,Tier 4,Gardens of Easton Lodge,Tier 3,Tier 3,14.07,392.96,2759.48,996,6,Tier 3,FALSE,3115,Tier 3
17274,Tier 4,NIL,Friends of St Mary&#39;s IOM,Tier 4,Nil,28.54,391.33,391.33,1303,2,Tier 3,TRUE,17274,Tier 3
1071,Tier 4,Tier 4,Temple Ewell Players,Tier 3,Tier 3,14.46,390.38,1905.54,822,8,Tier 3,FALSE,1071,Tier 3
15917,Tier 4,NIL,Mrs K Simpson,Tier 4,Nil,28.64,390.04,390.04,87,2,Tier 3,TRUE,15917,Tier 4
12807,Tier 4,NIL,Marie Curie Wales,Tier 4,Nil,28.67,390,390,478,2,Tier 3,TRUE,12807,Tier 4
5335,Tier 4,Tier 4,Gregson Community Association,Tier 3,Tier 3,18.18,388.9,1102.51,881,5,Tier 3,FALSE,5335,Tier 3
11549,Tier 4,Tier 4,York ISSP,Tier 3,Tier 4,23.06,388.75,712.5,644,3,Tier 3,FALSE,11549,Tier 3
5341,Tier 4,Tier 4,The Hive - In-house Groups,Tier 3,Tier 3,21.75,388.33,895.22,1342,3,Tier 3,FALSE,5341,Tier 3
8812,High Value,High Value,Dulwich Prep & Senior,Tier 3,Tier 3,17.24,388.12,1700.62,4658,4,Tier 2,TRUE,8812,Tier 3
16806,Tier 4,NIL,St Austell Cricket Club,Tier 4,Nil,31.33,388.12,388.12,1295,1,Tier 3,TRUE,16806,Tier 4
13895,Tier 4,Tier 4,Naunton Music,Tier 4,Tier 5,27.37,387.16,476.22,482,2,Tier 3,TRUE,13895,Tier 3
12264,Tier 4,Tier 4,Make It Happen,Tier 3,Tier 4,25.61,383.5,646.04,896,2,Tier 3,FALSE,12264,Tier 3
11987,Tier 4,Tier 4,Queen Elizabeth Grammar School,Tier 3,Tier 4,22.78,383.27,751.08,909,3,Tier 3,FALSE,11987,Tier 3
12715,Tier 4,Tier 4,The Painted Church,Tier 3,Tier 3,22.24,382.25,836.75,865,3,Tier 3,FALSE,12715,Tier 3
18025,Tier 4,NIL,Mosborough Hall Hotel,Tier 4,Nil,28.96,382.14,382.14,403,2,Tier 3,TRUE,18025,Tier 4
7238,Tier 4,Tier 4,Watchtree Nature Reserve,Tier 3,Tier 3,17.6,381.88,1623.06,511,4,Tier 3,FALSE,7238,Tier 3
11296,Tier 4,Tier 4,Crest Hotels Group,Tier 3,Tier 4,24.13,381.87,601.85,306,3,Tier 3,FALSE,11296,Tier 3
6532,Tier 4,Tier 4,PTA of Milton Road Primary School,Tier 3,Tier 3,18.07,380.08,1174.89,1350,5,Tier 3,FALSE,6532,Tier 3
17051,Tier 4,NIL,Moulsford Parents Association,Tier 4,Nil,29.08,379.39,379.39,624,2,Tier 3,TRUE,17051,Tier 4
17068,Tier 4,NIL,SPA - Dance,Tier 4,Nil,29.13,377.92,377.92,68,2,Tier 3,TRUE,17068,Tier 4
17684,Tier 4,NIL,MPS,Tier 4,Nil,31.71,376.26,376.26,831,1,Tier 3,TRUE,17684,Tier 4
6241,Tier 4,Tier 3,YAB East Lancashire,Tier 3,Tier 4,22.59,376.13,526.9,131,5,Tier 3,FALSE,6241,Tier 3
1583,Tier 4,Tier 4,Rochdale Music Service,Tier 3,Tier 3,16.15,376.11,1362.25,1277,8,Tier 3,FALSE,1583,Tier 3
3737,Tier 4,Tier 4,Deepdale Camping & Rooms,Tier 3,Tier 4,16.82,376.11,1367.27,295,6,Tier 3,FALSE,3737,Tier 3
1971,Tier 4,Tier 4,Reed's School Drama,Tier 3,Tier 3,15.14,375.83,1742.36,1028,8,Tier 3,FALSE,1971,Tier 3
16106,Tier 4,NIL,Marketing,Tier 4,Nil,31.8,375.83,375.83,560,1,Tier 3,TRUE,16106,Tier 4
4885,Tier 4,Tier 4,Shepton Skating,Tier 3,Tier 3,15.39,375.71,2011.66,1522,6,Tier 3,FALSE,4885,Tier 3
14611,Tier 4,NIL,JBLtd,Tier 4,Nil,29.32,374.75,374.75,76,2,Tier 3,TRUE,14611,Tier 4
6531,Tier 4,Tier 4,The Warrington School of Dance,Tier 3,Tier 3,18.48,373.96,1376.54,608,4,Tier 3,FALSE,6531,Tier 3
18519,Tier 4,NIL,Michael Hall School,Tier 4,Nil,31.93,372.08,372.08,1181,1,Tier 3,TRUE,18519,Tier 4
14543,Tier 4,Tier 2,West Park Centre,Tier 4,Tier 5,28.38,371.29,432.87,719,2,Tier 3,TRUE,14543,Tier 4
5621,Tier 4,Tier 3,Hymers College,Tier 3,Tier 4,19.03,369.62,1031.35,695,5,Tier 3,FALSE,5621,Tier 3
4129,Tier 4,Tier 3,Home-Start Blackpool  Fylde & Wyre,Tier 3,Tier 4,18.79,368.75,1079.11,251,5,Tier 3,FALSE,4129,Tier 3
144,Tier 4,Tier 4,Manor House School,Tier 2,Tier 2,12.35,368.63,4091.32,1271,11,Tier 3,TRUE,144,Tier 3
9877,Tier 4,Tier 4,Kingston Music Service,Tier 3,Tier 3,21.21,368.3,838.42,1396,4,Tier 3,FALSE,9877,Tier 3
15093,Tier 4,NIL,Edgar and Son,Tier 4,Nil,29.64,366.74,366.74,990,2,Tier 3,TRUE,15093,Tier 4
17032,Tier 4,NIL,St Andrew's PTA,Tier 4,Nil,29.68,366.47,366.47,1274,2,Tier 3,TRUE,17032,Tier 4
6353,Tier 4,Tier 4,DADADA,Tier 3,Tier 3,19.41,365.46,992.96,519,5,Tier 3,FALSE,6353,Tier 3
15606,Tier 4,NIL,Wakefield Jazz,Tier 4,Nil,29.78,359.84,359.84,465,2,Tier 3,TRUE,15606,Tier 4
12676,Tier 4,Tier 3,SC Maxim Ltd,Tier 3,Tier 4,25.71,359.67,489.92,133,3,Tier 3,FALSE,12676,Tier 4
1823,High Value,Tier 4,Lincs Inspire - Sports Development,Tier 3,Tier 2,12.65,359.61,5350.19,1076,7,Tier 2,TRUE,1823,Tier 3
16928,Tier 4,NIL,Sheffield Youth Orchestra,Tier 4,Nil,29.86,359.29,359.29,813,2,Tier 3,TRUE,16928,Tier 4
8176,Tier 4,Tier 4,Diagnostics in Autism & Neurodevelopmental Conditions CEN,Tier 3,Tier 3,20.09,358.79,1057.63,665,4,Tier 3,FALSE,8176,Tier 3
6654,Tier 4,Tier 4,Sandiacre Town CC,Tier 3,Tier 4,21.59,358.38,682.1,690,5,Tier 3,FALSE,6654,Tier 3
14027,Tier 4,Tier 2,Hali &amp; Lulu,Tier 4,Tier 5,28.59,357.77,433.68,323,2,Tier 3,TRUE,14027,Tier 4
15580,Tier 4,NIL,Italiafest,Tier 4,Nil,32.51,357.59,357.59,788,1,Tier 3,TRUE,15580,Tier 4
10687,Tier 4,Tier 4,Friends of St Edmund's ,Tier 4,Tier 5,27.67,357.42,497.74,1197,2,Tier 3,TRUE,10687,Tier 3
230,Tier 4,Tier 4,Thingwall Players,Tier 3,Tier 3,16.29,357.29,1341.62,709,10,Tier 3,FALSE,230,Tier 3
11030,Tier 4,Tier 4,Northside Training,Tier 3,Tier 4,24.17,356.79,655.71,402,3,Tier 3,FALSE,11030,Tier 3
2740,Tier 4,Tier 4,Scottish Jewish Archives Centre,Tier 3,Tier 3,16.08,356.76,1643.58,411,7,Tier 3,FALSE,2740,Tier 3
7020,Tier 4,Tier 4,Sandy Secondary School,Tier 3,Tier 3,18.89,355.67,1125.57,945,5,Tier 3,FALSE,7020,Tier 3
13203,Tier 4,Tier 4,Stealing Thunder,Tier 3,Tier 3,23.15,355.02,1144.55,660,2,Tier 3,FALSE,13203,Tier 3
18213,Tier 4,NIL,GABA Foundation,Tier 4,Nil,30.14,353.33,353.33,126,2,Tier 3,TRUE,18213,Tier 4
2460,Tier 4,Tier 4,Friends of Oakfield School,Tier 3,Tier 2,14.14,353.08,3132.32,985,7,Tier 3,FALSE,2460,Tier 3
9399,Tier 4,Tier 4,Friends of Winckley Square,Tier 3,Tier 4,22.39,352.12,723.11,995,4,Tier 3,FALSE,9399,Tier 3
870,Tier 4,Tier 4,Rose Theatre Trust,Tier 3,Tier 3,13.3,351.71,3588.02,762,9,Tier 3,FALSE,870,Tier 3
19133,Tier 4,NIL,Welsh Coast MCC,Tier 4,Nil,32.77,351.37,351.37,369,1,Tier 3,TRUE,19133,Tier 4
16534,Tier 4,NIL,Berkshire Federation of Women&#39;s Institutes,Tier 4,Nil,30.26,350.82,350.82,658,2,Tier 3,TRUE,16534,Tier 4
14127,Tier 4,Tier 2,Harbour bar Girvan,Tier 4,Tier 5,28.99,350.25,417.54,586,2,Tier 3,TRUE,14127,Tier 4
5101,Tier 4,Tier 4,RSSG Annual Charity Dinner,Tier 3,Tier 3,17.97,350.19,1399.83,176,5,Tier 3,FALSE,5101,Tier 3
18083,Tier 4,NIL,Lewisham Choral Society,Tier 4,Nil,30.33,349.88,349.88,464,2,Tier 3,TRUE,18083,Tier 4
11705,Tier 4,Tier 3,Hillfields Community Garden,Tier 4,Tier 5,27.11,349,414.99,885,3,Tier 3,TRUE,11705,Tier 3
15176,Tier 4,NIL,StMichaelsGrammar,Tier 4,Nil,30.38,348.49,348.49,561,2,Tier 3,TRUE,15176,Tier 4
1200,Tier 4,Tier 4,Portishead Summer Show,Tier 3,Tier 3,16.72,348.37,1485.69,1021,7,Tier 3,FALSE,1200,Tier 3
11562,Tier 4,Tier 3,Education Department,Tier 3,Tier 4,25.02,347.58,591.58,547,3,Tier 3,FALSE,11562,Tier 3
88,Tier 4,Tier 4,SRWA,Tier 3,Tier 3,13.1,347.38,3791.56,1953,11,Tier 3,FALSE,88,Tier 3
8310,Tier 4,Tier 4,St Edmund Arrowsmith Catholic High School,Tier 3,Tier 3,21,346.68,969.14,1120,4,Tier 3,FALSE,8310,Tier 3
3477,Tier 4,Tier 4,Hampshire Farmers Club,Tier 3,Tier 3,18.52,346.37,1270.58,185,5,Tier 3,FALSE,3477,Tier 3
9108,Tier 4,Tier 4,Actonians Drama Group,Tier 3,Tier 4,21.71,344.62,843.62,654,4,Tier 3,FALSE,9108,Tier 3
13435,Tier 4,Tier 3,Tom Clare Memorial Dinner,Tier 3,Tier 4,25.53,344.33,546.21,161,3,Tier 3,FALSE,13435,Tier 3
5819,Tier 4,Tier 4,Parbold Young Farmers,Tier 3,Tier 3,16.63,343.79,2100.62,179,5,Tier 3,FALSE,5819,Tier 3
2032,Tier 4,Tier 4,Linlithgow Scotch Hop SCIO,Tier 3,Tier 3,19.04,343.37,1172.13,496,5,Tier 3,FALSE,2032,Tier 3
1646,Tier 4,Tier 4,PrestonOperaTicketing,Tier 3,Tier 3,18.91,343.04,1003.67,471,7,Tier 3,FALSE,1646,Tier 3
14171,Tier 4,Tier 2,Hampshire Reels,Tier 4,Tier 5,29.18,342,425,335,2,Tier 3,TRUE,14171,Tier 4
11406,Tier 4,Tier 4,Saint Felix School,Tier 3,Tier 4,25.3,341.65,578.78,1108,3,Tier 3,FALSE,11406,Tier 3
8569,Tier 4,Tier 4,Monkton Prep School,Tier 3,Tier 4,21.66,341.62,872.82,646,4,Tier 3,FALSE,8569,Tier 3
10960,Tier 4,Tier 4,Burton Unity,Tier 3,Tier 4,24.87,341.46,628.33,1619,3,Tier 3,FALSE,10960,Tier 3
3605,Tier 4,High Value,Lorna Singleton Spelk Basketry,Tier 3,Tier 2,15.16,340.17,3694.71,63,5,Tier 3,FALSE,3605,Tier 3
16681,Tier 4,NIL,St Clare Hospice Account,Tier 4,Nil,33.41,339.38,339.38,304,1,Tier 3,TRUE,16681,Tier 4
6873,Tier 4,Tier 4,The Stormont Parents' Association,Tier 3,Tier 3,18.06,339.33,1473.37,1110,5,Tier 3,FALSE,6873,Tier 3
13359,Tier 4,Tier 4,Friends of Nene Valley,Tier 3,Tier 4,26.2,338.86,500.22,1011,3,Tier 3,FALSE,13359,Tier 3
457,Tier 4,Tier 4,Eltham College Parents Association,Tier 3,Tier 3,13.87,338.75,3364,492,10,Tier 3,FALSE,457,Tier 3
11659,Tier 4,Tier 4,Echo Events Lanercost,Tier 3,Tier 4,27.02,338.17,623.08,397,2,Tier 3,FALSE,11659,Tier 3
13113,Tier 4,Tier 4,Buddies PTA,Tier 3,Tier 4,24.81,338.12,651.66,898,3,Tier 3,FALSE,13113,Tier 3
15361,Tier 4,NIL,Kent Mark Master Masons - Charity functions,Tier 4,Nil,33.53,337.12,337.12,183,1,Tier 3,TRUE,15361,Tier 4
5844,Tier 4,Tier 3,Kam performing arts academy,Tier 3,Tier 4,20.24,336.96,1174.59,432,4,Tier 3,FALSE,5844,Tier 3
9175,Tier 4,Tier 4,Weston Park Air Show Camping,Tier 3,Tier 4,22.76,336.88,745.62,750,4,Tier 3,FALSE,9175,Tier 3
738,Tier 4,Tier 4,Saltburn Inspired,Tier 3,Tier 4,22.96,336.18,723.07,631,4,Tier 3,FALSE,738,Tier 3
5399,Tier 4,Tier 3,HD Adventure,Tier 3,Tier 4,22.12,335.12,709.85,427,5,Tier 3,FALSE,5399,Tier 3
5446,Tier 4,Tier 4,Plymouth College,Tier 3,Tier 3,18.17,334.42,1510.98,450,5,Tier 3,FALSE,5446,Tier 3
15770,Tier 4,NIL,John Kilshaw,Tier 4,Nil,31.17,333.67,333.67,1080,2,Tier 3,TRUE,15770,Tier 4
85,Tier 4,Tier 4,Dollar Academy,Tier 3,Tier 2,13.31,331.46,4366.58,1271,10,Tier 3,FALSE,85,Tier 3
5115,Tier 4,Tier 3,Serenaders' Committee,Tier 3,Tier 4,21.26,330.58,1010.92,269,4,Tier 3,FALSE,5115,Tier 3
13482,Tier 4,Tier 3,St Martin and St Mary CE Primary School,Tier 4,Tier 5,27.22,329.58,450.96,994,3,Tier 3,TRUE,13482,Tier 3
5521,Tier 4,Tier 3,Q2 Players,Tier 3,Tier 4,21.09,329.08,858.17,556,5,Tier 3,FALSE,5521,Tier 3
14655,Tier 4,Tier 3,Leanne’s Lambs,Tier 4,Tier 4,27.97,328.87,545.25,438,2,Tier 3,TRUE,14655,Tier 3
746,Tier 4,Tier 4,Reed's School Music Dept,Tier 3,Tier 5,20.46,328.83,739.04,880,9,Tier 3,FALSE,746,Tier 3
7738,Tier 4,Tier 4,Bratton Jubilee Players,Tier 3,Tier 4,21.63,328.79,954.58,529,4,Tier 3,FALSE,7738,Tier 3
18769,Tier 4,NIL,CancerCare2,Tier 4,Nil,33.92,328.12,328.12,526,1,Tier 3,TRUE,18769,Tier 4
9988,Tier 4,Tier 3,Events at The Three Cups Inn Malmesbury,Tier 3,Tier 4,24.4,327.99,577.21,474,4,Tier 3,FALSE,9988,Tier 3
14290,Tier 4,Tier 2,The Crafty Campout,Tier 4,Tier 5,30.04,326.75,402.75,140,2,Tier 3,TRUE,14290,Tier 4
11737,Tier 4,Tier 4,Strive Cafe,Tier 3,Tier 4,25.98,326.73,553.93,1270,3,Tier 3,FALSE,11737,Tier 3
12911,Tier 4,Tier 4,Gold Geese,Tier 4,Tier 4,27.21,326.25,634.87,373,2,Tier 3,TRUE,12911,Tier 3
13433,High Value,Tier 2,Clifton College,Tier 4,Tier 5,28.38,326.25,390,2368,3,Tier 2,TRUE,13433,Tier 3
5114,Tier 4,Tier 3,MTS Strikers,Tier 3,Tier 4,22.1,325.83,743.96,185,5,Tier 3,FALSE,5114,Tier 3
9588,Tier 4,Tier 4,Cameron’s Companions,Tier 3,Tier 4,22.58,325.83,814.75,322,4,Tier 3,FALSE,9588,Tier 3
3529,Tier 4,Tier 4,TRINITY CHURCH,Tier 3,Tier 3,18.29,325.02,1350.47,780,6,Tier 3,FALSE,3529,Tier 3
9731,Tier 4,Tier 4,Friends of the Park Primary,Tier 3,Tier 3,22.39,324.8,843.55,1001,4,Tier 3,FALSE,9731,Tier 3
18920,Tier 4,NIL,Winchester College Society,Tier 4,Nil,34.15,324.29,324.29,181,1,Tier 3,TRUE,18920,Tier 4
15369,Tier 4,NIL,Northern Whisky Festival,Tier 4,Nil,34.2,322.62,322.62,532,1,Tier 3,TRUE,15369,Tier 4
148,Tier 4,Tier 4,Gresham's School OG Club,Tier 3,Tier 3,15.15,321.54,2459.93,336,11,Tier 3,FALSE,148,Tier 3
317,Tier 4,Tier 4,Bilton Grange Preparatory School,Tier 3,Tier 5,25.25,321.46,347.25,939,10,Tier 3,FALSE,317,Tier 4
10537,Tier 4,Tier 4,Teddington Theatre Club,Tier 3,Tier 4,26.9,321.25,707.5,506,2,Tier 3,FALSE,10537,Tier 3
8155,Tier 4,Tier 3,Rothbury Traditional Music Festival,Tier 3,Tier 4,22.88,320.4,790.41,413,4,Tier 3,FALSE,8155,Tier 3
9047,Key Account,Key Account,Sir John Deane’s Sixth Form College,Tier 3,Tier 3,21.02,319.88,1120.19,14487,4,Tier 1,TRUE,9047,Tier 3
18563,Tier 4,NIL,Care &amp; Repair Scotland,Tier 4,Nil,31.81,319.25,319.25,148,2,Tier 3,TRUE,18563,Tier 4
8687,Tier 4,Tier 3,VSMT Fundraising Project,Tier 3,Tier 4,25.53,319.24,629.91,375,3,Tier 3,FALSE,8687,Tier 3
9530,Tier 4,Tier 4,Family & Friends of St. Winifred’s,Tier 3,Tier 4,23.54,319.02,714.15,453,4,Tier 3,FALSE,9530,Tier 3
11398,Tier 4,Tier 4,Visit East of England,Tier 3,Tier 4,25.33,318.08,661.88,171,3,Tier 3,FALSE,11398,Tier 3
15535,Tier 4,NIL,Tonbridge Grammar School,Tier 4,Nil,31.94,316.63,316.63,587,2,Tier 3,TRUE,15535,Tier 4
8279,Tier 4,Tier 4,The Scrum,Tier 3,Tier 3,21.39,315.33,1061.02,584,4,Tier 3,FALSE,8279,Tier 3
12603,High Value,Tier 4,Epsom College,Tier 4,Free,30.04,315,315,2854,3,Tier 2,TRUE,12603,Tier 4
10374,Tier 4,Tier 3,Mavi Productions Ltd.,Tier 4,Tier 4,28.62,314.92,529.08,337,2,Tier 3,TRUE,10374,Tier 3
1548,Tier 4,Tier 4,Miss Diamond UK,Tier 3,Tier 3,17.02,314.38,1659.28,275,8,Tier 3,FALSE,1548,Tier 3
13803,Tier 4,Tier 3,Rebecca McFarlane,Tier 3,Tier 4,26.22,313.63,572.29,228,3,Tier 3,FALSE,13803,Tier 3
1393,Tier 4,Tier 4,Stinkeye UK,Tier 3,Tier 3,18.48,313.46,1378.29,98,6,Tier 3,FALSE,1393,Tier 3
13023,Tier 4,Tier 3,Rainford Young Famers,Tier 4,Tier 4,28.12,313.12,583.04,167,2,Tier 3,TRUE,13023,Tier 4
3555,Tier 4,Tier 3,Marr College,Tier 3,Tier 4,21.62,312.51,773.3,896,6,Tier 3,FALSE,3555,Tier 3
1258,High Value,Tier 4,Tranby,Tier 3,Tier 3,16.16,311.92,2228.32,2602,8,Tier 2,TRUE,1258,Tier 3
9673,Tier 4,Tier 4,Music Department  The Hertfordshire And Essex High School,Tier 3,Tier 3,22.79,311.71,842.08,1005,4,Tier 3,FALSE,9673,Tier 3
15611,Tier 4,NIL,Woodroffe School,Tier 4,Nil,34.81,310.46,310.46,796,1,Tier 3,TRUE,15611,Tier 4
9123,Tier 4,NIL,The Chase School,Tier 3,Nil,24.86,310.21,586.54,619,4,Tier 3,FALSE,9123,Tier 3
8361,Tier 4,Tier 3,Creative Image Studio,Tier 3,Tier 4,25.05,309.04,566.04,316,4,Tier 3,FALSE,8361,Tier 3
4792,Tier 4,NIL,CCHSG PTFA,Tier 3,Nil,24.88,308.75,587.75,751,4,Tier 3,FALSE,4792,Tier 4
13461,Tier 4,Tier 3,FoWS,Tier 4,Tier 4,27.67,308.44,465.07,408,3,Tier 3,TRUE,13461,Tier 4
16054,Tier 4,NIL,North West Cancer Research South Cheshire,Tier 4,Nil,32.38,308.42,308.42,144,2,Tier 3,TRUE,16054,Tier 4
13659,Tier 4,Tier 3,Alleyn Court PTA,Tier 4,Tier 4,30.04,307.62,442.04,321,2,Tier 3,TRUE,13659,Tier 4
6712,Tier 4,Tier 4,Hampstead Chorus,Tier 3,Tier 3,20.09,306.71,1185.25,344,5,Tier 3,FALSE,6712,Tier 3
8311,Tier 4,Tier 4,MHSSpark*,Tier 3,Tier 3,23.16,306.33,1039.82,758,3,Tier 3,FALSE,8311,Tier 3
6258,Tier 4,Tier 4,Lichfield Festival Friends,Tier 3,Tier 3,21.26,305.96,967.33,446,5,Tier 3,FALSE,6258,Tier 3
16703,Tier 4,NIL,Anselms,Tier 4,Nil,32.56,305.42,305.42,800,2,Tier 3,TRUE,16703,Tier 4
14315,Tier 4,Tier 3,Tiffin School Sixth Form,Tier 4,Tier 4,29.4,305.11,492.24,432,2,Tier 3,TRUE,14315,Tier 4
3921,Tier 4,Tier 4,St Paul's Girls School Parents' Guild Events,Tier 3,Tier 3,16.19,302.65,3007.47,740,6,Tier 3,FALSE,3921,Tier 3
12147,Tier 4,Tier 4,Ysgol Y Berllan Deg,Tier 4,Tier 4,28.24,301.75,605.75,510,2,Tier 3,TRUE,12147,Tier 3
13983,Tier 4,NIL,Oxclose Community Academy,Tier 4,Nil,32.71,301.37,301.37,1523,2,Tier 3,TRUE,13983,Tier 4
12424,Tier 4,Tier 3,Distilled Consultant Ltd,Tier 4,Tier 4,29.31,300.62,499.77,160,2,Tier 3,TRUE,12424,Tier 4
16018,Tier 4,NIL,Test Valley Reels Events,Tier 4,Nil,32.77,300.25,300.25,397,2,Tier 3,TRUE,16018,Tier 4
14705,Tier 4,Tier 3,Friends of Great Walstead Association,Tier 4,Tier 5,31.75,300.21,354.21,734,2,Tier 3,TRUE,14705,Tier 4
9638,Tier 4,Tier 4,Keswick School,Tier 3,Tier 4,26.76,299.79,558.12,645,3,Tier 3,FALSE,9638,Tier 3
4345,Tier 4,Tier 4,Compton Players,Tier 3,Tier 3,20.25,299.29,1059.25,578,6,Tier 3,FALSE,4345,Tier 3
5821,Tier 4,Tier 4,Loddington Farm,Tier 3,Tier 4,23.97,298.7,611.58,1518,5,Tier 3,FALSE,5821,Tier 3
9879,High Value,Tier 4,Thomas Becket Catholic School,Tier 3,Tier 4,23.92,298.25,740.21,2349,4,Tier 2,TRUE,9879,Tier 3
453,Tier 4,Tier 4,LEHS Friends,Tier 3,Tier 3,16.61,298.08,2053.39,216,9,Tier 3,FALSE,453,Tier 3
12253,Tier 4,Tier 3,Nottingham Venues,Tier 4,Tier 4,29.84,298.05,474.63,145,2,Tier 3,TRUE,12253,Tier 4
10638,Tier 4,Tier 3,Queen's Park Singers,Tier 4,Tier 4,29.3,297.12,516.92,332,2,Tier 3,TRUE,10638,Tier 4
6089,Tier 4,Tier 4,The Sharp Show,Tier 3,Tier 3,22.39,297,1000.58,594,4,Tier 3,FALSE,6089,Tier 3
3995,Tier 4,Tier 3,Kelso Folk Festival,Tier 3,Tier 3,20.49,296.96,1033.21,242,6,Tier 3,FALSE,3995,Tier 3
8589,Tier 4,Tier 4,Kendal Pride,Tier 3,Tier 4,25.19,296.31,601,708,4,Tier 3,FALSE,8589,Tier 3
9121,Tier 4,High Value,Penrice Academy,Tier 3,Tier 4,24.21,295.87,718.46,2021,4,Tier 3,FALSE,9121,Tier 3
7244,Tier 4,Tier 4,MarchesMusical,Tier 3,Tier 3,21.56,295.83,1169.08,724,4,Tier 3,FALSE,7244,Tier 3
413,Tier 4,Tier 3,Fylde Coast Youth Theatre,Tier 3,Tier 4,19.27,294.17,1085.79,415,10,Tier 3,FALSE,413,Tier 3
16945,Tier 4,NIL,King George Memorial Hall,Tier 4,Nil,33.1,293.75,293.75,483,2,Tier 3,TRUE,16945,Tier 4
14023,Tier 4,Tier 4,Culford Prep School Parents' Association,Tier 3,Tier 3,26.07,293.67,954.79,271,2,Tier 3,FALSE,14023,Tier 3
2604,Tier 4,Tier 4,Hedgehogs Woodland Adventures,Tier 3,Tier 2,15.48,293.32,4616.72,506,6,Tier 3,FALSE,2604,Tier 3
9178,Tier 4,Tier 4,The Friends of Albert Pye,Tier 3,Tier 4,25.64,293.21,560.5,1141,4,Tier 3,FALSE,9178,Tier 3
15359,Tier 4,NIL,Mickleham Choral Society,Tier 4,Nil,33.19,292.98,292.98,345,2,Tier 3,TRUE,15359,Tier 4
7284,Tier 4,Tier 3,Bartholomew Players,Tier 3,Tier 4,24.12,292.46,745.92,412,4,Tier 3,FALSE,7284,Tier 3
18838,Tier 4,NIL,Prom organisation,Tier 4,Nil,35.79,292.04,292.04,167,1,Tier 3,TRUE,18838,Tier 4
5163,Tier 4,Tier 4,Drybeck Farm Events,Tier 3,Tier 3,20.43,291.73,1227.73,379,5,Tier 3,FALSE,5163,Tier 3
2154,Tier 4,Tier 4,Seafarers Ball,Tier 3,Tier 3,21.83,291.5,955.54,132,5,Tier 3,FALSE,2154,Tier 3
18808,Tier 4,NIL,Darwin Cuban Salsa Society,Tier 4,Nil,35.86,291.48,291.48,911,1,Tier 3,TRUE,18808,Tier 4
8591,Tier 4,Key Account,Sale Sharks,Tier 3,Tier 2,17.89,291.14,3524.53,991,4,Tier 3,FALSE,8591,Tier 3
11029,Tier 4,Tier 3,New to You St Eds,Tier 4,Tier 4,27.77,290.91,500.52,474,3,Tier 3,TRUE,11029,Tier 4
637,Tier 4,Tier 4,GLSW Scouts,Tier 3,Tier 3,16.71,290.87,2228.63,108,9,Tier 3,FALSE,637,Tier 3
18206,Tier 4,NIL,Theatre on Foot,Tier 4,Nil,33.4,290.87,290.87,472,2,Tier 3,TRUE,18206,Tier 4
4000,Tier 4,Tier 4,networx4business,Tier 3,Tier 3,20.93,290.82,1022.77,856,6,Tier 3,FALSE,4000,Tier 3
352,Tier 4,Tier 3,Castle Green Hotel,Tier 3,Tier 5,24.13,290.79,570.82,294,6,Tier 3,FALSE,352,Tier 3
5774,Tier 4,Tier 4,Winchmore School,Tier 3,Tier 3,22.48,290.67,1037.32,678,4,Tier 3,FALSE,5774,Tier 3
15292,Tier 4,NIL,The Hive Events,Tier 4,Nil,36.03,290.59,290.59,536,1,Tier 3,TRUE,15292,Tier 4
13071,Tier 4,Tier 3,Shree Vishwakarma Mandal Leicester,Tier 4,Tier 4,28.79,290.33,442.42,561,3,Tier 3,TRUE,13071,Tier 4
12283,Tier 4,Tier 3,Lancaster BID,Tier 4,Tier 4,29.36,290.24,549.07,442,2,Tier 3,TRUE,12283,Tier 4
2209,Tier 4,Tier 3,Luney Ladies,Tier 3,Tier 4,22.94,290.04,677.21,326,7,Tier 3,FALSE,2209,Tier 3
7387,Tier 4,Tier 3,Bolton Lads & Girls Club,Tier 3,Tier 4,25.18,289.38,646.42,403,4,Tier 3,FALSE,7387,Tier 3
5129,Tier 4,Tier 3,Bagpipe Society,Tier 3,Tier 4,22.39,288.92,898.29,107,5,Tier 3,FALSE,5129,Tier 3
6914,Tier 4,Tier 3,Marie Curie Scotland,Tier 3,Tier 4,23.47,288.25,743.29,120,5,Tier 3,FALSE,6914,Tier 3
2855,Tier 4,Tier 4,Edinburgh Jewish Cultural Centre,Tier 3,Tier 4,23.31,288,629.54,719,7,Tier 3,FALSE,2855,Tier 3
6598,Tier 4,Tier 4,Pitsford School,Tier 3,Tier 3,21.4,287.02,1083.42,556,5,Tier 3,FALSE,6598,Tier 3
17335,Tier 4,NIL,Georgian Gardens PTA,Tier 4,Nil,36.25,286.92,286.92,903,1,Tier 3,TRUE,17335,Tier 4
11016,Tier 4,Tier 2,Newcastle Prep School,Tier 4,Free,33.74,286.75,286.75,106,2,Tier 3,TRUE,11016,Tier 4
1594,Tier 4,Tier 4,Natwest Borough Lunches,Tier 3,Tier 3,18.99,286.04,1447.21,361,7,Tier 3,FALSE,1594,Tier 3
8058,High Value,High Value,Radley College,Tier 3,Tier 3,22.01,286,1175.79,4436,4,Tier 2,TRUE,8058,Tier 3
8808,Tier 4,Tier 4,Silverdale Renaissance,Tier 3,Tier 3,22.15,285.34,1160.37,312,4,Tier 3,FALSE,8808,Tier 3
967,Tier 4,Tier 4,Sage and Thyme,Tier 3,Tier 3,19,285.12,1312.54,355,9,Tier 3,FALSE,967,Tier 3
9455,Tier 4,Tier 3,Askham Pools Season Tickets,Tier 4,Tier 4,29.52,284.75,555.62,233,2,Tier 3,TRUE,9455,Tier 4
19803,Tier 4,NIL,Nile Wilson Gymnastics,Tier 4,Nil,36.43,284.46,284.46,657,1,Tier 3,TRUE,19803,Tier 4
6938,Tier 4,Tier 4,RSPCA Westmorland Branch,Tier 3,Tier 3,22.39,284.22,1122.81,454,4,Tier 3,FALSE,6938,Tier 3
13245,Tier 4,Tier 3,Friends of Great Ballard (FOGB),Tier 4,Tier 5,30.75,284.04,346.41,693,3,Tier 3,TRUE,13245,Tier 4
2431,Tier 4,Tier 4,Old Blundellian Club,Tier 3,Tier 3,20.41,282.17,1119.5,447,7,Tier 3,FALSE,2431,Tier 3
2937,Tier 4,Tier 3,Rookhow,Tier 3,Tier 4,21.88,282.08,843.96,81,7,Tier 3,FALSE,2937,Tier 3
10602,Tier 4,Tier 3,Dame Allan's Schools,Tier 3,Tier 4,26.57,281.92,689.38,157,3,Tier 3,FALSE,10602,Tier 3
18775,Tier 4,NIL,Ysgol Llanhari,Tier 4,Nil,36.58,281.75,281.75,459,1,Tier 3,TRUE,18775,Tier 4
17985,Tier 4,NIL,NBI,Tier 4,Nil,36.61,281.33,281.33,90,1,Tier 3,TRUE,17985,Tier 4
10462,Tier 4,Tier 4,L&D Maudling limited,Tier 3,Tier 3,24.45,281.25,1018.12,419,3,Tier 3,FALSE,10462,Tier 3
9347,High Value,Tier 2,Glebe Farm School,Tier 4,Free,30.77,281.04,281.04,2230,4,Tier 2,TRUE,9347,Tier 4
15585,Tier 4,NIL,Lewis Girls’ School,Tier 4,Nil,36.7,280.75,280.75,669,1,Tier 3,TRUE,15585,Tier 4
209,Tier 4,Tier 4,Nottingham High School - Music,Tier 3,Tier 3,17.98,279.78,1663.28,879,11,Tier 3,FALSE,209,Tier 3
11239,Tier 4,Tier 3,Tribe Events Ulverston,Tier 4,Tier 4,30.12,278.54,525.04,146,2,Tier 3,TRUE,11239,Tier 4
14090,Tier 4,Tier 2,Friends of English Martyrs PTA,Tier 4,Tier 5,34,278.08,289.75,507,2,Tier 3,TRUE,14090,Tier 4
12740,Tier 4,Tier 4,Ermysteds Friends Association,Tier 4,Tier 4,28.65,277.86,485.33,1162,3,Tier 3,TRUE,12740,Tier 4
15109,Tier 4,NIL,Cumbria Yoga Foundation,Tier 4,Nil,34.26,276.46,279.58,658,2,Tier 3,TRUE,15109,Tier 4
4169,Tier 4,Tier 4,In Business,Tier 3,Tier 3,22.24,276.43,887.53,633,6,Tier 3,FALSE,4169,Tier 3
10178,Tier 4,Tier 4,HHYFC,Tier 3,Tier 4,24.61,276.42,785.33,194,4,Tier 3,FALSE,10178,Tier 3
15200,Tier 4,NIL,Kirkbymoorside Town Brass Band,Tier 4,Nil,34.34,276.37,276.37,882,2,Tier 3,TRUE,15200,Tier 4
4859,Tier 4,Tier 4,Friends of Holy Family,Tier 3,Tier 3,21.38,276.25,1054.08,604,6,Tier 3,FALSE,4859,Tier 3
8619,Tier 4,Tier 4,Carlisle Cathedral Enterprises Ltd,Tier 3,Tier 3,24.26,276.12,841.43,387,4,Tier 3,FALSE,8619,Tier 3
176,Tier 4,Tier 4,Archbishop Temple School,Tier 3,Tier 3,21.7,275.5,936.51,1353,7,Tier 3,FALSE,176,Tier 3
15436,Tier 4,NIL,Elmfield Gymnastics Club,Tier 4,Nil,36.97,275.5,275.5,842,1,Tier 3,TRUE,15436,Tier 4
10174,Tier 4,Tier 4,London Euphonia Orchestra,Tier 3,Tier 4,26.22,275.45,765.06,379,3,Tier 3,FALSE,10174,Tier 3
15712,Tier 4,NIL,Delanoy Dancers,Tier 4,Nil,37.02,275.27,275.27,448,1,Tier 3,TRUE,15712,Tier 4
1244,Tier 4,Tier 4,Lancaster District CVS,Tier 3,Tier 4,22.94,274.58,716.38,807,8,Tier 3,FALSE,1244,Tier 3
16176,Tier 4,NIL,The Music Garden,Tier 4,Nil,34.54,274.38,274.38,240,2,Tier 3,TRUE,16176,Tier 4
14282,Tier 4,Tier 4,Dallam School,Tier 4,Tier 4,31.53,274.25,439.08,455,2,Tier 3,TRUE,14282,Tier 4
1923,Tier 4,Tier 3,Lancashire Women,Tier 3,Tier 4,23.52,274.15,694.44,352,7,Tier 3,FALSE,1923,Tier 3
9176,Tier 4,Tier 4,Friends of Shipston Primary,Tier 3,Tier 4,25.08,273.99,746.22,1029,4,Tier 3,FALSE,9176,Tier 3
2419,Key Account,Key Account,Wymondham Archers,Tier 3,Tier 3,19.83,272.58,1370.19,7014,7,Tier 1,TRUE,2419,Tier 3
13434,Tier 4,Tier 4,Boys&#39; Division,Tier 3,Tier 3,26.43,271.96,751,457,3,Tier 3,FALSE,13434,Tier 3
6908,Tier 4,Tier 4,Oak Grove College,Tier 3,Tier 4,23.83,271.82,790.11,821,5,Tier 3,FALSE,6908,Tier 3
12723,Tier 4,Tier 3,BrooklandsPTA,Tier 4,Free,32.71,271.77,271.77,1091,3,Tier 3,TRUE,12723,Tier 4
17446,Tier 4,NIL,Lauren Waterworth,Tier 4,Nil,34.72,271.67,271.67,424,2,Tier 3,TRUE,17446,Tier 4
2626,Tier 4,Tier 4,Freemantles Outreach Training,Tier 3,Tier 2,18.03,271.54,2338.5,171,7,Tier 3,FALSE,2626,Tier 3
14966,Tier 4,Tier 2,Kingscote Vineyard,Tier 4,Tier 5,33.43,271,341.29,226,2,Tier 3,TRUE,14966,Tier 4
5820,Tier 4,Tier 4,Kerem PTA,Tier 3,Tier 3,21.06,270.07,1351.4,268,5,Tier 3,FALSE,5820,Tier 3
339,Tier 4,Tier 4,Northampton High School,Tier 3,Tier 3,19.59,269.9,1333.96,1541,9,Tier 3,FALSE,339,Tier 3
18260,Tier 4,NIL,Nicola Slater,Tier 4,Nil,34.86,269.4,269.4,321,2,Tier 3,TRUE,18260,Tier 4
8057,Tier 4,Tier 2,I-Swiss Ltd,Tier 4,Tier 5,30.36,268.25,401.11,111,3,Tier 3,TRUE,8057,Tier 4
5408,Tier 4,Tier 4,St Mary’s Church of England (VA) Primary School,Tier 4,Tier 5,28.65,268.12,368.54,861,5,Tier 3,TRUE,5408,Tier 4
5063,Tier 4,Tier 2,Friends of RHS,Tier 4,Tier 5,27.99,268,403.63,118,5,Tier 3,TRUE,5063,Tier 4
8531,Tier 4,Tier 4,The Positive Equestrian Coach - Steff Singleton,Tier 3,Tier 3,23.44,267.62,1375.54,132,3,Tier 3,FALSE,8531,Tier 3
9268,Tier 4,Tier 3,BHPA,Tier 3,Tier 4,26.09,267.58,652.53,514,4,Tier 3,FALSE,9268,Tier 3
15555,Tier 4,NIL,South Wales African Vibes 2025,Tier 4,Nil,37.55,267.54,267.54,191,1,Tier 3,TRUE,15555,Tier 4
3534,Tier 4,Tier 4,GT7 Football Academy,Tier 3,Tier 2,17.69,266.88,3978.75,400,5,Tier 3,FALSE,3534,Tier 3
6261,Tier 4,Tier 3,Stroud Arts Festival,Tier 3,Tier 5,26.81,266.17,577.56,451,4,Tier 3,FALSE,6261,Tier 4
12827,Tier 4,Tier 3,Friends of Scott Primary,Tier 4,Tier 5,32.65,265.25,391.71,851,2,Tier 3,TRUE,12827,Tier 4
1446,Tier 4,Tier 4,Dramarama,Tier 3,Tier 3,21.66,265.17,1025.96,589,7,Tier 3,FALSE,1446,Tier 3
7719,Tier 4,Tier 4,Luton Town Supporters' Trust,Tier 3,Tier 3,22.81,265.08,1200.88,291,4,Tier 3,FALSE,7719,Tier 3
15799,Tier 4,NIL,Queensbridge School,Tier 4,Nil,35.19,264.25,264.25,1060,2,Tier 3,TRUE,15799,Tier 4
18810,Tier 4,NIL,Fivemiletown College,Tier 4,Nil,37.78,262.79,262.79,119,1,Tier 3,TRUE,18810,Tier 4
16633,Tier 4,NIL,Jericho Living Heritage Trust,Tier 4,Nil,35.29,261.75,261.75,585,2,Tier 3,TRUE,16633,Tier 4
5229,Tier 4,Tier 3,Chessington School,Tier 3,Tier 4,26.04,260.9,690.24,689,4,Tier 3,FALSE,5229,Tier 3
10522,Tier 4,Tier 3,Kathryn Stevens,Tier 4,Tier 4,29.28,260.46,491.21,66,3,Tier 3,TRUE,10522,Tier 4
9197,Tier 4,Tier 4,Habitats & Heritage,Tier 3,Tier 3,24.79,259.35,847.3,1516,4,Tier 3,FALSE,9197,Tier 3
656,Tier 4,Tier 4,Roots of Life Events,Tier 3,Tier 4,27.01,258.65,486.3,717,5,Tier 3,FALSE,656,Tier 4
338,Tier 4,Tier 3,Phoenix Singers Shrewsbury,Tier 3,Tier 4,22,258.29,874.46,311,10,Tier 3,FALSE,338,Tier 3
8523,Tier 4,Tier 4,Turton School,Tier 3,Tier 3,24.16,258.26,978.43,703,4,Tier 3,FALSE,8523,Tier 3
5740,Tier 4,Tier 3,Islington Proms,Tier 3,Tier 4,24.47,258.25,932.67,353,4,Tier 3,FALSE,5740,Tier 3
4695,Tier 4,Tier 3,The Cutting Edge Big Band,Tier 3,Tier 4,24.45,258.12,696.36,320,6,Tier 3,FALSE,4695,Tier 3
17069,Tier 4,NIL,First Frame Productions LTD,Tier 4,Nil,35.53,258.01,258.01,60,2,Tier 3,TRUE,17069,Tier 4
10635,Tier 4,Tier 4,Hormead School,Tier 4,Tier 4,29.46,257.4,487.63,629,3,Tier 3,TRUE,10635,Tier 4
8037,Tier 4,Tier 4,Glasgow Community Concert Band,Tier 3,Tier 4,25.98,257.07,713.3,558,4,Tier 3,FALSE,8037,Tier 3
15890,Tier 4,NIL,Royal Sutton Coldfield Orchestra,Tier 4,Nil,35.64,256.88,256.88,411,2,Tier 3,TRUE,15890,Tier 4
14479,Tier 4,Tier 3,Cast Theatre Company,Tier 4,Tier 5,33.57,256.09,360.09,476,2,Tier 3,TRUE,14479,Tier 4
16479,Tier 4,NIL,Spinal Research,Tier 4,Nil,38.23,255.91,255.91,299,1,Tier 3,TRUE,16479,Tier 4
13843,Tier 4,Tier 2,The Prince of Wales Hospice,Tier 4,Tier 5,35.19,255,276.88,609,2,Tier 3,TRUE,13843,Tier 4
15060,Tier 4,NIL,With The Ball,Tier 4,Nil,38.32,254.38,254.38,408,1,Tier 3,TRUE,15060,Tier 4
12471,Tier 4,Tier 4,Instep School Of Dance,Tier 4,Tier 4,29.34,254.29,720.79,554,2,Tier 3,TRUE,12471,Tier 4
11226,Tier 4,Tier 3,Yewdale Community Centre,Tier 4,Tier 4,29.31,254.19,506.25,286,3,Tier 3,TRUE,11226,Tier 4
1486,Tier 4,Tier 3,Endcliffe Orchestra,Tier 3,Tier 4,22.55,254.17,878.1,730,8,Tier 3,FALSE,1486,Tier 3
1788,Tier 4,Tier 4,Dumfries Car Boot Sales,Tier 3,Tier 3,22.5,253.75,953.29,386,7,Tier 3,FALSE,1788,Tier 3
18352,Tier 4,NIL,Phil Moore Music,Tier 4,Nil,35.9,253.12,253.12,492,2,Tier 3,TRUE,18352,Tier 4
7717,Tier 4,Tier 2,DarDinDar,Tier 3,Tier 4,22.34,252.78,1461.24,121,4,Tier 3,FALSE,7717,Tier 3
11995,Tier 4,Tier 4,Erskine Veterans Charity,Tier 4,Tier 3,27.21,252.42,748.96,73,3,Tier 3,TRUE,11995,Tier 4
6607,Tier 4,Tier 4,St Paul's Girls' School Parents' Guild Arts Society,Tier 3,Tier 3,20.76,252.36,1688.16,157,5,Tier 3,FALSE,6607,Tier 3
546,Tier 4,Tier 4,CVMS School Office,Tier 3,Tier 3,17.78,251.98,2973.63,406,8,Tier 3,FALSE,546,Tier 3
14744,Tier 4,Tier 2,High Clandon Estate Vineyard,Tier 4,Tier 5,35.14,251.79,287.96,345,2,Tier 3,TRUE,14744,Tier 4
10825,Tier 4,Tier 4,Spotlight Dance Academy,Tier 4,Tier 4,28.42,251.54,618.15,247,3,Tier 3,TRUE,10825,Tier 4
6210,Tier 4,Tier 4,Simon on the Streets,Tier 3,Tier 4,23.81,251.33,934,284,5,Tier 3,FALSE,6210,Tier 3
12927,Tier 4,Tier 4,Friends of Hackbridge,Tier 4,Tier 4,29.16,251.11,537.6,865,3,Tier 3,TRUE,12927,Tier 4
11378,Tier 4,Tier 3,Star Stage and Screen Hub,Tier 4,Tier 4,31.69,250.97,492.97,364,2,Tier 3,TRUE,11378,Tier 4
6777,Tier 4,Tier 3,PiBlu Technologies Limited,Tier 3,Tier 4,24.22,250.95,858.64,174,5,Tier 3,FALSE,6777,Tier 3
6248,Tier 4,Tier 3,Bevis Marks Synagogue,Tier 3,Tier 4,24.95,250.67,921.5,324,4,Tier 3,FALSE,6248,Tier 3
7794,Tier 4,NIL,Cultural Awareness Group CIC,Tier 4,Nil,31.31,250.46,318.46,264,4,Tier 3,TRUE,7794,Tier 4
16925,Tier 4,NIL,YAS Charity,Tier 4,Nil,38.72,250.17,250.17,1501,1,Tier 3,TRUE,16925,Tier 4
181,Tier 4,Tier 4,Ryedale School,Tier 3,Tier 2,17.96,249.67,2591.96,1244,11,Tier 3,FALSE,181,Tier 3
4421,Tier 4,Tier 4,Kirkhamgate Village Hall,Tier 3,Tier 4,21.8,249.15,1207.81,365,6,Tier 3,FALSE,4421,Tier 3
15027,Tier 4,NIL,NETAC,Tier 4,Nil,36.28,248.96,248.96,86,2,Tier 3,TRUE,15027,Tier 4
18657,Tier 4,NIL,Hitchin Boys' School,Tier 4,Nil,38.86,248.91,248.91,629,1,Tier 3,TRUE,18657,Tier 4
7673,Tier 4,Tier 4,Haywood Farm Cider,Tier 3,Tier 3,24.6,248.42,1008,656,4,Tier 3,FALSE,7673,Tier 3
13644,Tier 4,Tier 2,Richmond Music Trust,Tier 4,Tier 5,34.96,248.26,308.68,440,2,Tier 3,TRUE,13644,Tier 4
13965,Tier 4,Tier 3,Rattle and Brash,Tier 4,Tier 5,34.64,248.04,326.71,598,2,Tier 3,TRUE,13965,Tier 4
6570,Tier 4,Tier 4,Burrow Events,Tier 3,Tier 3,25.66,247.5,825.71,367,4,Tier 3,FALSE,6570,Tier 3
10996,Tier 4,Tier 4,APV Bhangra,Tier 4,Tier 4,30.01,247.38,488,659,3,Tier 3,TRUE,10996,Tier 4
6936,Tier 4,Tier 4,Carnforth Town Council,Tier 3,Tier 4,26.21,247.08,625.84,924,5,Tier 3,FALSE,6936,Tier 3
5076,Tier 4,Tier 4,Funky Monkey Events,Tier 3,Tier 2,20.33,246.89,2205.2,410,5,Tier 3,FALSE,5076,Tier 3
1654,Tier 4,Tier 3,Wymondham Symphony Orchestra,Tier 3,Tier 3,23.11,246.17,926.67,370,7,Tier 3,FALSE,1654,Tier 3
10869,Tier 4,Tier 4,Friends of Bladon School,Tier 4,Tier 4,30.53,245.26,458.54,770,3,Tier 3,TRUE,10869,Tier 4
12211,Tier 4,NIL,The Bereavement Cafe,Tier 4,Nil,34.52,245.21,247.58,223,3,Tier 3,TRUE,12211,Tier 4
6394,Tier 4,Tier 4,Hollie Kates Dance,Tier 3,Tier 4,25.84,244.62,817.58,588,4,Tier 3,FALSE,6394,Tier 3
14236,Tier 3,NIL,Wigan Youth Zone,Tier 4,Nil,36.58,244.58,244.58,241,2,Tier 4,FALSE,14236,Tier 4
14084,Tier 4,Tier 4,Edgbaston High School for Girls,Tier 4,Tier 5,33.94,244.41,375.07,1713,2,Tier 3,TRUE,14084,Tier 4
3420,Tier 4,Tier 4,Barnstorm,Tier 3,Tier 3,22.64,244.29,1230.88,577,5,Tier 3,FALSE,3420,Tier 3
18137,Tier 4,NIL,The Irish Society&#39;s Primary School,Tier 4,Nil,39.2,243.87,243.87,834,1,Tier 3,TRUE,18137,Tier 4
4377,Tier 3,Tier 3,St Paul's Girls School Parents LV,Tier 3,Tier 5,24.23,243.75,824.15,83,6,Tier 4,TRUE,4377,Tier 3
13905,Tier 3,Tier 1,The SEND Den,Tier 4,Tier 5,38.97,243.63,255.54,391,1,Tier 4,FALSE,13905,Tier 4
5945,Tier 4,Tier 3,Victoria Horn School of Dance,Tier 3,Tier 4,25.09,243.54,965.32,431,4,Tier 3,FALSE,5945,Tier 3
4599,Tier 4,Tier 4,Grove PTFA,Tier 3,Tier 3,22.88,243.27,1061.18,960,6,Tier 3,FALSE,4599,Tier 3
6576,High Value,Tier 4,St Helen's School Performances,Tier 3,Tier 4,25.89,242.92,703.92,2423,5,Tier 2,TRUE,6576,Tier 3
3610,Tier 4,Tier 4,Deepdale Farms,Tier 3,Tier 3,22.1,242.67,1231.12,402,6,Tier 3,FALSE,3610,Tier 3
12629,Tier 3,Tier 3,Eldest Daughter Effect,Tier 4,Tier 4,30.05,241.88,502.33,10,3,Tier 4,FALSE,12629,Tier 4
580,Tier 4,Tier 4,Arrampica,Tier 3,Tier 3,18.14,241.5,3005.59,43,9,Tier 3,FALSE,580,Tier 3
11139,Tier 4,Tier 4,FOLS,Tier 4,Tier 4,29.79,241.49,532.94,598,3,Tier 3,TRUE,11139,Tier 4
18416,Tier 3,NIL,Ragtag Arts,Tier 4,Nil,39.4,241.33,241.33,260,1,Tier 4,FALSE,18416,Tier 4
19132,Tier 4,NIL,Reigate St Mary&#39;s School,Tier 4,Nil,39.43,241.32,241.32,456,1,Tier 3,TRUE,19132,Tier 4
12237,Tier 4,Tier 4,Stowupland High School,Tier 4,Free,34.97,240.79,240.79,540,3,Tier 3,TRUE,12237,Tier 4
17559,Tier 3,NIL,Lothian Hospitals' Choir Christmas Carol Concert,Tier 4,Nil,39.54,240.21,240.21,243,1,Tier 4,FALSE,17559,Tier 4
9729,Tier 4,Tier 4,Testwood School,Tier 3,Tier 4,26.36,240.12,785.92,495,4,Tier 3,FALSE,9729,Tier 3
19227,Tier 4,NIL,Aura Entertainment,Tier 4,Nil,39.58,239.82,239.82,564,1,Tier 3,TRUE,19227,Tier 4
16916,Tier 4,NIL,Friends of Leehurst Swan,Tier 4,Nil,39.61,239.75,239.75,594,1,Tier 3,TRUE,16916,Tier 4
8755,Tier 4,Tier 3,Vics School of Musical Theatre (VSI 2023),Tier 4,Tier 4,27.88,239.62,604.77,458,4,Tier 3,TRUE,8755,Tier 4
6362,Tier 4,Tier 3,The Gather,Tier 3,Tier 3,23.65,239.36,1084.23,333,5,Tier 3,FALSE,6362,Tier 3
11924,Tier 4,Tier 4,Cardinal Wiseman Catholic School,Tier 4,Tier 4,32.71,239.35,471.36,621,2,Tier 3,TRUE,11924,Tier 4
6558,Tier 4,Tier 4,Queen Anne's School,Tier 3,Tier 4,25.67,238.12,751.54,1181,5,Tier 3,FALSE,6558,Tier 3
7640,Tier 4,Tier 3,Priory School,Tier 3,Tier 5,26.47,238.1,785.97,1052,4,Tier 3,FALSE,7640,Tier 3
753,Tier 4,Tier 3,Oakgrove School,Tier 3,Tier 4,22.56,238.05,1021.8,1721,9,Tier 3,FALSE,753,Tier 3
15696,Tier 3,NIL,The Mums Social,Tier 4,Nil,37.24,237.75,237.75,248,2,Tier 4,FALSE,15696,Tier 4
7282,Tier 4,Tier 4,Caerau Ely Afc,Tier 4,Tier 4,30.57,237.21,490.81,671,3,Tier 3,TRUE,7282,Tier 4
7389,Tier 4,Tier 4,Salesian College,Tier 3,Tier 3,25.57,237.12,947.21,1559,4,Tier 3,FALSE,7389,Tier 3
725,Tier 4,Tier 4,Understanding Animals,Tier 3,Tier 4,20.18,236.66,1682.37,95,9,Tier 3,FALSE,725,Tier 3
6797,Tier 4,Tier 4,Pebbles & Treasures,Tier 3,Tier 3,24.7,236.56,932.87,417,5,Tier 3,FALSE,6797,Tier 3
15480,Tier 4,NIL,Scarisbrick Hall School PFA,Tier 4,Nil,39.97,236.17,236.17,450,1,Tier 3,TRUE,15480,Tier 4
1508,Tier 3,High Value,Hampton Estate Farms,Tier 3,Tier 3,24.42,235.75,804.17,150,7,Tier 4,TRUE,1508,Tier 4
16691,Tier 3,NIL,Burns Club of London,Tier 4,Nil,37.47,235.42,235.42,99,2,Tier 4,FALSE,16691,Tier 4
12521,Tier 3,Tier 3,Leeds Philharmonic Society,Tier 4,Tier 4,30.45,234.38,505.67,344,3,Tier 4,FALSE,12521,Tier 4
18002,Tier 3,NIL,The Movement,Tier 4,Nil,37.54,234.35,234.35,40,2,Tier 4,FALSE,18002,Tier 4
6131,Tier 4,Tier 4,Erskine Stewart's Melville Schools,Tier 3,Tier 3,21.51,234.13,1855.48,591,5,Tier 3,FALSE,6131,Tier 3
6408,Tier 4,Tier 4,Go Wild Highlands,Tier 3,Tier 3,24.56,233.79,975.33,146,5,Tier 3,FALSE,6408,Tier 4
11810,Tier 4,Tier 4,CATS,Tier 4,Tier 4,30.5,233.73,506.73,490,3,Tier 3,TRUE,11810,Tier 4
16739,Tier 3,NIL,Kirsty Bourne,Tier 4,Nil,37.64,233.42,233.42,226,2,Tier 4,FALSE,16739,Tier 4
136,Tier 4,Tier 3,David Holroyd,Tier 3,Tier 4,22.83,233.14,981.25,445,11,Tier 3,FALSE,136,Tier 3
15107,Tier 3,Tier 1,PAST,Tier 4,Free,37.69,232.83,232.83,154,2,Tier 4,FALSE,15107,Tier 4
7227,Tier 3,Tier 3,Leeds University RL OBOG,Tier 3,Tier 4,26.71,232.04,794.46,118,4,Tier 4,TRUE,7227,Tier 4
10577,Tier 3,Tier 3,Mark Devlin,Tier 4,Tier 4,31.16,232.01,467.29,397,3,Tier 4,FALSE,10577,Tier 4
895,Tier 4,Tier 4,Luv’ly Lasses,Tier 3,Tier 3,19.66,231.86,2164.57,387,9,Tier 3,FALSE,895,Tier 3
4987,Tier 4,Tier 4,OPCC,Tier 3,Tier 3,23.38,231.75,1087.46,644,6,Tier 3,FALSE,4987,Tier 3
1024,Tier 4,NIL,Scarlets Rugby,Tier 3,Nil,18.8,231.54,3170.56,168,8,Tier 3,FALSE,1024,Tier 3
5219,Tier 4,Tier 3,Settle College Creative Arts Faculty,Tier 3,Tier 4,26.89,231.33,653.65,668,5,Tier 3,FALSE,5219,Tier 3
13531,Tier 4,Tier 3,Spilsby Primary PTFA,Tier 4,Tier 5,33.14,231.03,355.71,518,3,Tier 3,TRUE,13531,Tier 4
2831,Tier 4,Tier 3,Teenyboppers,Tier 3,Tier 4,23.3,230.86,1042.25,541,7,Tier 3,FALSE,2831,Tier 3
19281,Tier 3,NIL,Join The Dots,Tier 4,Nil,40.47,230.46,230.46,132,1,Tier 4,FALSE,19281,Tier 4
231,Tier 4,Tier 4,Wellington School Somerset,Tier 3,Tier 2,17.44,230.12,4918.77,178,10,Tier 3,FALSE,231,Tier 3
2778,Tier 4,Tier 4,Westbourne Orchestral Society,Tier 4,Tier 4,27.52,229.17,528.38,592,6,Tier 3,TRUE,2778,Tier 4
7787,Tier 4,Tier 3,Nomansland Festivals,Tier 4,Tier 4,28.27,228.87,622.88,420,4,Tier 3,TRUE,7787,Tier 4
14069,Tier 3,Tier 2,Tetiana Loskutova,Tier 4,Tier 5,36.34,227.71,294,105,2,Tier 4,FALSE,14069,Tier 4
13619,Tier 4,Tier 3,PPS - King’s School Rochester,Tier 4,Tier 4,33.04,227.08,367.88,428,3,Tier 3,TRUE,13619,Tier 4
15111,Tier 4,NIL,Spilsby Show Ltd,Tier 4,Nil,40.61,226.96,227.33,472,1,Tier 3,TRUE,15111,Tier 4
13422,Tier 4,Tier 3,Stoke Park School,Tier 4,Tier 5,34.8,226.84,275.85,847,3,Tier 3,TRUE,13422,Tier 4
8643,Tier 4,Tier 4,Seven Dragons Martial Arts Club,Tier 4,Tier 4,28.43,226.45,619.16,796,4,Tier 3,TRUE,8643,Tier 4
9535,Tier 4,Tier 4,Community Matters,Tier 4,Tier 4,28.34,226.33,625.53,1519,4,Tier 3,TRUE,9535,Tier 4
10756,Tier 3,Tier 3,Sherborne Girls Exams,Tier 4,Tier 4,32.85,226.21,381.54,94,3,Tier 4,FALSE,10756,Tier 4
968,Tier 4,Tier 4,Friends of Manor House School,Tier 3,Tier 4,20.38,225.66,1889.47,272,9,Tier 3,FALSE,968,Tier 3
16544,Tier 3,NIL,Stronger Together Run Club,Tier 4,Nil,38.22,225.51,225.51,360,2,Tier 4,FALSE,16544,Tier 4
11507,Tier 3,Tier 4,Higham Hall College,Tier 4,Tier 4,30.55,224.25,542.83,186,3,Tier 4,FALSE,11507,Tier 4
3974,Tier 4,Tier 4,Shrewsbury Choral,Tier 3,Tier 3,22.98,224.13,1251.44,227,6,Tier 3,FALSE,3974,Tier 3
11401,Tier 3,Tier 4,SERET International,Tier 4,Tier 4,29.6,223.83,646.83,251,3,Tier 4,FALSE,11401,Tier 4
4083,Tier 4,Tier 4,Amabile Choirs,Tier 3,Tier 3,24.23,223.7,1014.5,425,6,Tier 3,FALSE,4083,Tier 3
5140,Tier 3,Tier 2,North Devon Sinfonia,Tier 4,Tier 5,31.79,223.58,370.96,377,4,Tier 4,FALSE,5140,Tier 4
11898,Tier 3,Tier 3,The Blue Barn Candle Company,Tier 4,Tier 4,34.4,223.54,409.75,104,2,Tier 4,FALSE,11898,Tier 4
17447,Tier 3,NIL,Maya Lesch,Tier 4,Nil,38.39,223.25,223.25,141,2,Tier 4,FALSE,17447,Tier 4
17977,Tier 4,NIL,The Witchy Room,Tier 4,Nil,38.44,222.79,222.79,427,2,Tier 3,TRUE,17977,Tier 4
1142,Tier 4,Tier 4,SPJPGtrybooking,Tier 3,Tier 3,21.16,222.12,1594.7,127,9,Tier 3,FALSE,1142,Tier 3
9394,Tier 4,Tier 4,Penrith Schools' Music Association,Tier 4,Tier 4,29.57,221.96,676.21,670,3,Tier 3,TRUE,9394,Tier 4
5150,Tier 4,Tier 3,Essex County Archery Association,Tier 3,Tier 4,25.55,220.57,907.36,472,5,Tier 3,FALSE,5150,Tier 4
249,Tier 3,Tier 3,Goring Gap Players,Tier 3,Tier 4,22.72,220.3,1124.52,311,10,Tier 4,TRUE,249,Tier 3
5199,Tier 4,Tier 4,UKATA Conference,Tier 3,Tier 4,26.12,220,820.62,1429,5,Tier 3,FALSE,5199,Tier 3
7908,Tier 3,Tier 3,Henrik Does Events,Tier 4,Tier 4,29.72,219.98,511.79,270,4,Tier 4,FALSE,7908,Tier 4
15135,Tier 4,NIL,Louder For Life Fest,Tier 4,Nil,41.18,219.75,219.75,615,1,Tier 3,TRUE,15135,Tier 4
10013,Tier 3,Tier 3,Westbourne School,Tier 4,Tier 4,29.68,219.01,522.22,282,4,Tier 4,FALSE,10013,Tier 4
10475,Tier 3,Tier 3,Hampshire and Surrey Hills Men's Choir,Tier 4,Tier 4,32.33,218.75,430.72,278,3,Tier 4,FALSE,10475,Tier 4
5809,Tier 3,Tier 3,MTS Longstops,Tier 3,Tier 4,26.54,218.12,934.58,187,4,Tier 4,TRUE,5809,Tier 3
7400,Tier 4,Tier 4,Christ Church PAFA,Tier 4,Tier 4,27.26,217.57,813.71,502,4,Tier 3,TRUE,7400,Tier 3
1737,Tier 4,Tier 4,Mini Movers,Tier 3,Tier 3,20.6,217.04,2070.77,410,8,Tier 3,FALSE,1737,Tier 3
19317,Tier 4,NIL,Heathside Walton on Thames,Tier 4,Nil,41.38,215.71,215.71,423,1,Tier 3,TRUE,19317,Tier 4
12379,Tier 3,Tier 2,Father Brading,Tier 4,Free,36.92,214.46,214.46,138,3,Tier 4,FALSE,12379,Tier 4
17000,Tier 3,NIL,SHSK Yr 11 Prom 2026,Tier 4,Nil,38.94,214.21,214.21,97,2,Tier 4,FALSE,17000,Tier 4
13866,Tier 3,Tier 2,GNI,Tier 4,Tier 5,37.43,213.58,269.38,119,2,Tier 4,FALSE,13866,Tier 4
4643,Tier 3,Tier 3,The Helen Loewenstein Memorial Trust,Tier 3,Tier 4,26.91,213.54,655.03,352,6,Tier 4,TRUE,4643,Tier 4
5846,Tier 3,Tier 3,BforB - UK,Tier 4,Tier 4,28.12,213.23,596.05,291,5,Tier 4,FALSE,5846,Tier 4
17271,Tier 4,NIL,Sixth_form_senior_team,Tier 4,Nil,39.03,213.11,213.11,510,2,Tier 3,TRUE,17271,Tier 4
4411,Tier 4,Tier 3,Lewes Concert Orchestra,Tier 3,Tier 4,24.83,213.08,972.75,302,6,Tier 3,FALSE,4411,Tier 4
5595,Tier 3,Tier 3,Villages Music Festival,Tier 4,Tier 4,28.06,212.83,610.87,220,5,Tier 4,FALSE,5595,Tier 4
18747,Tier 3,NIL,BEES,Tier 4,Nil,41.63,212.79,212.79,285,1,Tier 4,FALSE,18747,Tier 4
5135,Tier 3,Tier 3,Railway Land Wildlife Trust,Tier 3,Tier 4,25.08,212.58,1259.38,46,4,Tier 4,TRUE,5135,Tier 3
11013,Tier 4,Tier 4,Chesterfield Malayali Association,Tier 4,Tier 4,31.15,212.54,537.49,577,3,Tier 3,TRUE,11013,Tier 4
7310,Tier 4,Tier 4,Blackburn & Darwen Band,Tier 4,Tier 3,27.15,212.27,860.27,679,4,Tier 3,TRUE,7310,Tier 3
14390,Tier 3,Tier 3,South Lakes Live,Tier 4,Tier 5,36.6,211.88,317.42,290,2,Tier 4,FALSE,14390,Tier 4
15557,Tier 3,NIL,Bee Burlesque,Tier 4,Nil,41.75,211.25,211.25,188,1,Tier 4,FALSE,15557,Tier 4
12166,Tier 4,Tier 3,Summer Festival,Tier 4,Tier 4,35.29,210.84,391.27,445,2,Tier 3,TRUE,12166,Tier 4
13430,Tier 4,Tier 3,Radio Wigwam,Tier 4,Tier 5,34.44,210.65,332.69,638,3,Tier 3,TRUE,13430,Tier 4
18300,Tier 3,NIL,RSAcademics,Tier 4,Nil,39.28,210.62,210.62,65,2,Tier 4,FALSE,18300,Tier 4
5989,Tier 4,Tier 3,Monkton Alumni,Tier 3,Tier 4,25.94,210.58,929.38,148,5,Tier 3,FALSE,5989,Tier 4
13514,Tier 4,Tier 4,Friends of Hillmorton Primary School,Tier 4,Tier 4,33.12,210.48,403.81,763,3,Tier 3,TRUE,13514,Tier 4
14781,Tier 3,Tier 2,Bratton At War,Tier 4,Tier 5,37.85,210.24,263.37,327,2,Tier 4,FALSE,14781,Tier 4
6846,Tier 4,Tier 3,All Saints Primary School PTA,Tier 4,Tier 4,30.18,210.14,444.43,811,5,Tier 3,TRUE,6846,Tier 4
11293,Tier 3,Tier 3,Sedbergh Booktown Literary Trust,Tier 4,Tier 5,36.58,209.79,328,136,2,Tier 4,FALSE,11293,Tier 4
6941,Tier 4,Tier 4,Aldwickbury School,Tier 4,Tier 4,28.91,209.52,544.12,645,5,Tier 3,TRUE,6941,Tier 4
17155,Tier 4,NIL,Magdalen College School Brackley,Tier 4,Nil,39.44,208.48,208.48,532,2,Tier 3,TRUE,17155,Tier 4
18132,Tier 4,NIL,Little Common PTA,Tier 4,Nil,42.01,208.38,208.38,630,1,Tier 3,TRUE,18132,Tier 4
18071,Tier 4,NIL,John Bunyan Primary School &amp; Nursery,Tier 4,Nil,39.51,208.09,208.09,795,2,Tier 3,TRUE,18071,Tier 4
13298,Tier 3,Tier 3,Star Jammers,Tier 4,Tier 5,34.97,207.82,312.76,185,3,Tier 4,FALSE,13298,Tier 4
14859,Tier 3,Tier 4,Shivani Patel,Tier 4,Tier 4,34.44,207.5,712.58,110,1,Tier 4,FALSE,14859,Tier 4
5999,Tier 4,Tier 3,Westwell Players,Tier 4,Tier 4,27.15,207.25,761.91,391,5,Tier 3,TRUE,5999,Tier 4
6514,Tier 4,Tier 3,Eccleshall Community Amateur Dramatics,Tier 3,Tier 4,26.92,207.17,798.04,321,5,Tier 3,FALSE,6514,Tier 4
14840,Tier 4,NIL,The Hayling College,Tier 4,Nil,42.16,207.08,207.42,780,1,Tier 3,TRUE,14840,Tier 4
5593,Tier 3,Tier 3,Chorley Young Farmers,Tier 3,Tier 4,26.33,207,1069.16,305,4,Tier 4,TRUE,5593,Tier 3
130,Tier 3,Tier 3,NSPCC KIRKBY LONSDALE,Tier 3,Tier 3,23.42,206.92,1127.01,175,10,Tier 4,TRUE,130,Tier 3
15031,Tier 3,NIL,PromLHs,Tier 4,Nil,41.76,206.25,223.23,97,1,Tier 4,FALSE,15031,Tier 4
15862,Tier 4,NIL,Dulwich College Enterprises Limited,Tier 4,Nil,39.72,205.79,205.79,467,2,Tier 3,TRUE,15862,Tier 4
11306,Tier 3,Tier 4,Headway Salford,Tier 4,Tier 4,32.03,205.58,496.71,158,3,Tier 4,FALSE,11306,Tier 4
16172,Tier 4,NIL,Masque Players of West Wycombe,Tier 4,Nil,39.78,205.37,205.37,435,2,Tier 3,TRUE,16172,Tier 4
15566,Tier 3,NIL,Ealing Street Dance Academy,Tier 4,Nil,42.35,205.32,205.32,333,1,Tier 4,FALSE,15566,Tier 4
16426,Tier 3,NIL,Puts for Guts,Tier 4,Nil,42.38,204.88,204.88,117,1,Tier 4,FALSE,16426,Tier 4
13800,Tier 3,Tier 3,Togme Sangpo Studygroup,Tier 4,Tier 5,36.75,204.77,337.06,103,2,Tier 4,FALSE,13800,Tier 4
15254,Tier 3,NIL,Furness Building Society,Tier 4,Nil,42.44,204.74,204.74,56,1,Tier 4,FALSE,15254,Tier 4
7745,Tier 4,Tier 4,Sonning PTA,Tier 4,Tier 4,27.65,202.75,860.42,415,4,Tier 3,TRUE,7745,Tier 4
16562,Tier 4,NIL,Longton Carnival,Tier 4,Nil,42.55,202.56,202.56,467,1,Tier 3,TRUE,16562,Tier 4
8090,Tier 3,NIL,Bath School of Dance,Tier 4,Nil,35.37,202.5,411.34,270,2,Tier 4,FALSE,8090,Tier 4
15161,Tier 4,NIL,SECAmb,Tier 4,Nil,40.05,202.39,202.39,1282,2,Tier 3,TRUE,15161,Tier 4
13792,Tier 4,Tier 3,Salute to the Sun Yoga,Tier 4,Tier 5,37.89,202.27,282.3,520,2,Tier 3,TRUE,13792,Tier 4
3657,Tier 3,Tier 3,Fubhub,Tier 3,Tier 4,26.05,202.21,870.75,391,6,Tier 4,TRUE,3657,Tier 4
6850,Tier 3,Tier 2,St Augustine’s Events,Tier 4,Tier 5,33.21,201.17,302.72,184,5,Tier 4,FALSE,6850,Tier 4
16008,Tier 3,NIL,Make Space Events,Tier 4,Nil,40.17,201,201,138,2,Tier 4,FALSE,16008,Tier 4
12963,Tier 3,Tier 2,The Cheshire Club,Tier 4,Tier 5,36.95,200.62,241.25,355,3,Tier 4,FALSE,12963,Tier 4
9337,Tier 3,Tier 4,Voce Chamber Choir,Tier 4,Tier 3,27.57,200.23,909.43,285,4,Tier 4,FALSE,9337,Tier 4
6454,Tier 4,Tier 4,Wylde Blossom Health & Healing,Tier 3,Tier 3,26.46,199.5,936.12,147,5,Tier 3,FALSE,6454,Tier 4
12770,Tier 4,Tier 4,West Kilbride Primary School Parent Council,Tier 4,Tier 4,34.63,199.42,356.98,1339,3,Tier 3,TRUE,12770,Tier 4
3538,Tier 4,Tier 4,Lewes Festival of Song,Tier 3,Tier 3,25.78,199.25,948.19,194,6,Tier 3,FALSE,3538,Tier 4
11624,Tier 4,Tier 3,Bohunt Costello,Tier 4,Tier 5,37.08,199,332.75,450,2,Tier 3,TRUE,11624,Tier 4
10048,Tier 3,Tier 3,Rainford Young Farmers,Tier 4,Tier 4,33.09,198.75,448.92,159,3,Tier 4,FALSE,10048,Tier 4
12572,Tier 3,Tier 3,Shaw about Wine,Tier 4,Tier 4,33.59,198,412.88,123,3,Tier 4,FALSE,12572,Tier 4
14072,Tier 4,Tier 3,Music in Ulpha,Tier 4,Tier 5,38.58,198,260.83,473,2,Tier 3,TRUE,14072,Tier 4
5717,Tier 3,Tier 3,Cherrystars,Tier 4,Tier 5,32.37,197.79,406.08,212,4,Tier 4,FALSE,5717,Tier 4
4796,Tier 4,Tier 4,Park Street PTA,Tier 3,Tier 3,26.55,197.4,835.64,528,6,Tier 3,FALSE,4796,Tier 4
10303,Tier 3,Tier 3,Every Life Matters,Tier 4,Tier 5,37.96,196.42,291.33,21,2,Tier 4,FALSE,10303,Tier 4
16201,Tier 3,NIL,Lewis campbell-smith,Tier 4,Nil,43.08,196.25,196.25,314,1,Tier 4,FALSE,16201,Tier 4
8441,Tier 4,Tier 4,Burscough Village Primary School,Tier 4,Tier 4,31.74,196.13,455.5,1056,4,Tier 3,TRUE,8441,Tier 4
7692,Tier 3,Tier 4,Jordan Lussey Football Coaching,Tier 3,Tier 3,26.3,195.56,1622.06,75,3,Tier 4,TRUE,7692,Tier 4
376,Tier 3,Tier 3,Nonsuch Singers,Tier 3,Tier 4,24.69,195.12,1019.71,228,9,Tier 4,TRUE,376,Tier 4
8336,Tier 3,Tier 3,Ridley & Hall,Tier 4,Tier 4,29.34,195,700.62,365,4,Tier 4,FALSE,8336,Tier 4
11959,Tier 4,Tier 4,Furness Academy,Tier 4,Tier 4,31.97,194.92,547.92,446,3,Tier 3,TRUE,11959,Tier 4
1739,Tier 3,Tier 3,Harmony Sinfonia,Tier 4,Tier 4,27.3,194.83,658.62,280,8,Tier 4,FALSE,1739,Tier 4
10778,Tier 3,Tier 3,Borders Chamber Choir,Tier 4,Tier 4,33.44,194.5,439.21,271,3,Tier 4,FALSE,10778,Tier 4
16347,Tier 3,NIL,Dunsfold Amateur Dramatic Society,Tier 4,Nil,43.27,194.46,194.46,264,1,Tier 4,FALSE,16347,Tier 4
8714,Tier 3,Tier 3,UCS PP Guild,Tier 4,Tier 4,33.83,194.33,411.96,198,3,Tier 4,FALSE,8714,Tier 4
7359,Tier 3,Tier 3,Dunottar School PTA,Tier 4,Tier 3,27.25,194.22,1026.52,349,4,Tier 4,FALSE,7359,Tier 4
14055,Tier 3,Tier 2,British Tapestry Group,Tier 4,Tier 5,41.92,194.17,240.38,144,1,Tier 4,FALSE,14055,Tier 4
4878,Tier 4,Tier 3,Five Islands Academy,Tier 4,Tier 5,29.69,194.12,549.63,418,5,Tier 3,TRUE,4878,Tier 4
7404,Tier 3,Tier 3,Friends of Coventry and Warwickshire Youth Orchestra,Tier 4,Tier 5,32.7,193.87,404.22,386,4,Tier 4,FALSE,7404,Tier 4
16187,Tier 3,NIL,Westport Lake View Cafe,Tier 4,Nil,40.84,193.65,193.65,336,2,Tier 4,FALSE,16187,Tier 4
4104,Tier 3,Tier 3,Kendal Community Theatre,Tier 3,Tier 4,26.93,192.62,819.16,367,6,Tier 4,TRUE,4104,Tier 4
19404,Tier 3,NIL,Britten: 50 Years On,Tier 4,Nil,43.45,192.42,192.42,200,1,Tier 4,FALSE,19404,Tier 4
14758,Tier 3,Tier 3,Prom 2025,Tier 4,Tier 5,40.77,192.13,292.12,96,1,Tier 4,FALSE,14758,Tier 4
15162,Tier 3,NIL,Leysa Noble,Tier 4,Nil,43.52,191.67,191.67,201,1,Tier 4,FALSE,15162,Tier 4
2393,Tier 4,Tier 4,Gumley House School FCJ,Tier 4,Tier 4,29.54,191.6,517.22,1234,6,Tier 3,TRUE,2393,Tier 4
1040,Tier 4,Tier 4,North Dorset Cycle Ride,Tier 3,Tier 3,23.36,191.19,1450.62,301,8,Tier 3,FALSE,1040,Tier 3
5109,Tier 3,Tier 3,Storth Entertainers,Tier 4,Tier 4,28.89,190.88,657.91,357,5,Tier 4,FALSE,5109,Tier 4
14526,Tier 3,Tier 2,Queen's Gate School,Tier 4,Tier 5,38.75,190.54,271.67,240,2,Tier 4,FALSE,14526,Tier 4
11247,Tier 4,Tier 4,Mayflower Archers,Tier 4,Tier 5,36.05,190.21,307.67,569,3,Tier 3,TRUE,11247,Tier 4
13002,Tier 3,Tier 3,Ask Zoe,Tier 4,Tier 4,35.66,190.04,332.07,117,3,Tier 4,FALSE,13002,Tier 4
15354,Tier 3,NIL,RIBBLE VALLEY TOURISM,Tier 4,Nil,41.16,189.79,189.79,242,2,Tier 4,FALSE,15354,Tier 4
15357,Tier 4,NIL,Queer By Gum CIC,Tier 4,Nil,41.19,189.34,189.34,425,2,Tier 3,TRUE,15357,Tier 4
9671,Tier 4,Tier 3,BYSD & Performing Arts,Tier 4,Tier 4,33.48,189.25,460.93,420,3,Tier 3,TRUE,9671,Tier 4
618,Tier 4,Tier 4,Jeannine Manuel Parents Association,Tier 3,Tier 4,20.88,188.75,3015.73,1024,9,Tier 3,FALSE,618,Tier 3
12985,Tier 3,Tier 3,CRMC,Tier 4,Tier 4,37.21,188.75,358.75,344,2,Tier 4,FALSE,12985,Tier 4
8406,Tier 4,Tier 2,Friends of Mount Stewart,Tier 4,Tier 5,33.64,188.5,452.66,503,3,Tier 3,TRUE,8406,Tier 4
18411,Tier 3,NIL,Muslim Women Liverpool,Tier 4,Nil,41.3,188.42,188.42,106,2,Tier 4,FALSE,18411,Tier 4
14145,Tier 4,Tier 3,Cherry Grove PTA,Tier 4,Tier 5,41.58,188.36,266.86,419,1,Tier 3,TRUE,14145,Tier 4
13837,Tier 3,Tier 2,Business Networking For Women  Alderley Edge,Tier 4,Tier 5,37.74,188.08,241.13,356,3,Tier 4,FALSE,13837,Tier 4
16052,Tier 4,NIL,The Ink &amp; Coal Collective,Tier 4,Nil,41.36,187.78,187.78,500,2,Tier 3,TRUE,16052,Tier 4
53,Tier 3,Tier 3,Grange Drama,Tier 3,Tier 4,26.5,187.29,783.29,318,10,Tier 4,TRUE,53,Tier 4
15940,Tier 3,NIL,Georgiana Elite Dance Academy,Tier 4,Nil,43.99,187.08,187.08,269,1,Tier 4,FALSE,15940,Tier 4
5886,Tier 4,Tier 3,Ammanford Rugby Club,Tier 4,Tier 4,28.22,187.02,782.63,294,5,Tier 3,TRUE,5886,Tier 4
16057,Tier 3,NIL,Me & the paint,Tier 4,Nil,41.49,186.96,186.96,166,2,Tier 4,FALSE,16057,Tier 4
15487,Tier 3,NIL,Broomwood Boys PA,Tier 4,Nil,44.07,186.83,186.83,372,1,Tier 4,FALSE,15487,Tier 4
11607,Tier 4,Tier 4,Ragley Estate,Tier 4,Tier 4,36.09,186.58,433.42,1093,2,Tier 3,TRUE,11607,Tier 4
10765,Tier 4,Tier 3,Sheffield High School for Girls,Tier 4,Tier 5,40.02,186.18,236.97,695,2,Tier 3,TRUE,10765,Tier 4
4874,Tier 4,Tier 4,Vale of York Society,Tier 4,Tier 4,29.41,186.17,766.5,1117,4,Tier 3,TRUE,4874,Tier 4
13832,Tier 3,Tier 3,Leicester High,Tier 4,Tier 5,38.18,186.13,317.12,364,2,Tier 4,FALSE,13832,Tier 4
19717,Tier 3,NIL,Keira Egan,Tier 4,Nil,44.19,185.62,185.62,135,1,Tier 4,FALSE,19717,Tier 4
13470,Tier 4,Tier 3,LES AMIS DE L'EFB,Tier 4,Tier 5,38.73,185.37,291.83,529,2,Tier 3,TRUE,13470,Tier 4
4532,Tier 4,Tier 4,Sarjan Nartan Academy UK Ltd,Tier 4,Tier 4,30.37,185.17,544.04,841,5,Tier 3,TRUE,4532,Tier 4
16515,Tier 3,NIL,St Columba&#39;s Church  Omagh,Tier 4,Nil,44.26,184.96,184.96,193,1,Tier 4,FALSE,16515,Tier 4
7436,Tier 3,Tier 3,Morecambe Bay Partnership,Tier 4,Tier 4,34.05,184.88,367.66,389,4,Tier 4,FALSE,7436,Tier 4
6227,Tier 3,Tier 3,AHR,Tier 4,Tier 4,30.75,184.83,621.09,47,4,Tier 4,FALSE,6227,Tier 4
15456,Tier 3,NIL,St Piran’s Year 6 Leavers Events,Tier 4,Nil,44.36,184.38,184.38,192,1,Tier 4,FALSE,15456,Tier 4
17754,Tier 3,NIL,Unified Sports Centre Limited,Tier 4,Nil,41.87,183.92,183.92,380,2,Tier 4,FALSE,17754,Tier 4
7225,Tier 3,Tier 3,Pathhead Christmas Lights,Tier 4,Tier 4,31.69,183.69,525.52,306,4,Tier 4,FALSE,7225,Tier 4
1336,Tier 4,Tier 4,Leverton Primary School PTA,Tier 3,Tier 3,26.09,183.38,1077.15,309,6,Tier 3,FALSE,1336,Tier 3
12928,Tier 3,Tier 3,Greasby Community Association,Tier 4,Tier 4,37.88,183.38,344.38,384,2,Tier 4,FALSE,12928,Tier 4
9991,Tier 4,Tier 4,St Andrews CE Primary School,Tier 4,Tier 4,32.24,183.38,612.63,825,3,Tier 3,TRUE,9991,Tier 4
18748,Tier 3,NIL,Mayor Dani Hunter,Tier 4,Nil,44.52,183.24,183.24,211,1,Tier 4,FALSE,18748,Tier 4
15360,Tier 3,NIL,Hexham and District Music Society,Tier 4,Nil,42.01,183.17,183.17,196,2,Tier 4,FALSE,15360,Tier 4
7433,Tier 3,Tier 4,Canticum Chamber Choir,Tier 3,Tier 3,26.43,182.75,1416.26,242,4,Tier 4,TRUE,7433,Tier 4
9068,Tier 3,Tier 3,Beechwood BPAC,Tier 4,Tier 4,37.32,182.17,381,348,2,Tier 4,FALSE,9068,Tier 4
12062,Tier 3,Tier 3,Soberton Players,Tier 4,Tier 5,37.69,182.08,260.99,291,3,Tier 4,FALSE,12062,Tier 4
14521,Tier 4,Tier 3,Fleckney School Association,Tier 4,Tier 5,40.13,181.5,242.25,864,2,Tier 3,TRUE,14521,Tier 4
14641,Tier 3,NIL,Stratford-upon-Avon Symphony Orchestra,Tier 4,Nil,42.17,181.46,181.46,244,2,Tier 4,FALSE,14641,Tier 4
862,Tier 3,Tier 3,Ten64 Productions,Tier 4,Tier 4,29.44,181.17,558.7,277,7,Tier 4,FALSE,862,Tier 4
8457,Tier 4,Tier 3,The Hollyfield School,Tier 4,Tier 4,33.21,181.13,430.18,428,4,Tier 3,TRUE,8457,Tier 4
17678,Tier 3,NIL,Together for Becca,Tier 4,Nil,42.25,180.59,180.59,168,2,Tier 4,FALSE,17678,Tier 4
12844,Tier 4,Tier 3,Woore Cricket Club,Tier 4,Tier 5,38.87,180.37,304.04,567,2,Tier 3,TRUE,12844,Tier 4
12816,Tier 4,Tier 4,Laurencekirk Primary Partnership,Tier 4,Tier 4,35.81,180.25,365.25,434,3,Tier 3,TRUE,12816,Tier 4
18562,Tier 3,NIL,NextGen Somerset,Tier 4,Nil,44.86,180.04,180.04,81,1,Tier 4,FALSE,18562,Tier 4
4295,Tier 4,Tier 3,Canongate Communications [The Business],Tier 4,Tier 5,36.45,180,262.13,459,4,Tier 3,TRUE,4295,Tier 4
5060,Tier 4,Tier 4,King Edward's School Witley,Tier 4,Tier 4,28.56,179.63,813.68,1549,5,Tier 3,TRUE,5060,Tier 4
18350,Tier 3,NIL,Parkside Trial,Tier 4,Nil,42.38,179.58,179.58,219,2,Tier 4,FALSE,18350,Tier 4
7068,Tier 3,Tier 3,The Utopia Frequency,Tier 4,Tier 4,30.12,179.38,621.88,286,5,Tier 4,FALSE,7068,Tier 4
9852,Tier 4,Tier 4,St Andrew's School & PTA,Tier 4,Tier 4,32.59,179.33,481.63,1118,4,Tier 3,TRUE,9852,Tier 4
13294,Tier 3,Tier 3,Matinee Theatre School,Tier 4,Tier 5,39.31,178.75,287.5,295,2,Tier 4,FALSE,13294,Tier 4
11981,Tier 4,Tier 3,Mayflower High School Performance Events,Tier 4,Tier 5,38.67,178.5,236.42,456,3,Tier 3,TRUE,11981,Tier 4
8137,Tier 3,Tier 3,New Tottenham Singers,Tier 4,Tier 5,36.05,178.1,358.63,225,3,Tier 4,FALSE,8137,Tier 4
14925,Tier 3,NIL,Sarah E Pickles,Tier 4,Nil,44.86,177.96,183.63,168,1,Tier 4,FALSE,14925,Tier 4
11719,Tier 3,Tier 3,Bang on Bingo!,Tier 4,Tier 4,35.37,177.54,394.67,197,3,Tier 4,FALSE,11719,Tier 4
11846,Tier 4,Tier 4,Team Hebden,Tier 4,Tier 4,34.6,177.17,443.83,474,3,Tier 3,TRUE,11846,Tier 4
17516,Tier 3,NIL,Robert Monk,Tier 4,Nil,42.6,177.13,177.13,137,2,Tier 4,FALSE,17516,Tier 4
15049,Tier 3,NIL,Raw Feeding Veterinary Society,Tier 4,Nil,45.17,177,177,35,1,Tier 4,FALSE,15049,Tier 4
16610,Tier 4,NIL,Ampthill Orchestra,Tier 4,Nil,42.69,176.5,176.5,454,2,Tier 3,TRUE,16610,Tier 4
4522,Tier 3,Tier 3,Jigsaw Stage Productions,Tier 4,Tier 4,28.65,176.5,742.82,265,6,Tier 4,FALSE,4522,Tier 4
15932,Tier 4,NIL,Middlewich High School,Tier 4,Nil,42.73,176.37,176.37,499,2,Tier 3,TRUE,15932,Tier 4
4424,Tier 4,Tier 4,Sherborne Prep School,Tier 4,Tier 4,29.5,176.28,633.5,1562,6,Tier 3,TRUE,4424,Tier 4
56,Tier 4,Tier 4,Hunter Hall Preparatory School,Tier 3,Tier 3,24.06,176.17,1613.69,412,8,Tier 3,FALSE,56,Tier 3
7685,Tier 3,Tier 4,Holt Community Centre,Tier 4,Tier 3,30.57,176.15,716.19,300,4,Tier 4,FALSE,7685,Tier 4
15938,Tier 3,NIL,SWPS Boat Club,Tier 4,Nil,42.81,176.13,176.13,328,2,Tier 4,FALSE,15938,Tier 4
16384,Tier 4,NIL,Tregony Clockhouse Players,Tier 4,Nil,42.86,175.83,175.83,425,2,Tier 3,TRUE,16384,Tier 4
12278,Tier 3,Tier 3,Midland Sinfonia,Tier 4,Tier 4,36.18,175.71,366.62,305,3,Tier 4,FALSE,12278,Tier 4
13968,Tier 4,NIL,Herts Music Service,Tier 4,Nil,42.87,175.71,176.08,608,2,Tier 3,TRUE,13968,Tier 4
17886,Tier 3,NIL,GNMS Challah Bake,Tier 4,Nil,42.94,175.33,175.33,387,2,Tier 4,FALSE,17886,Tier 4
17830,Tier 3,NIL,Lytham Car Show,Tier 4,Nil,42.96,175,175,226,2,Tier 4,FALSE,17830,Tier 4
6919,Tier 4,Tier 4,Wellbeing at Garon Park,Tier 4,Tier 3,27.48,174.96,1300.01,586,4,Tier 3,TRUE,6919,Tier 3
16556,Tier 3,NIL,ORB,Tier 4,Nil,43.02,174.88,174.88,283,2,Tier 4,FALSE,16556,Tier 4
14416,Tier 3,Tier 3,Strathearn Prep,Tier 4,Tier 4,38.78,174.71,334.88,359,2,Tier 4,FALSE,14416,Tier 4
10463,Tier 3,Tier 3,Settle Orchestra,Tier 4,Tier 5,37.05,174.68,321.46,381,3,Tier 4,FALSE,10463,Tier 4
18879,Tier 3,NIL,WHS Music Dept,Tier 4,Nil,45.68,173.75,173.75,378,1,Tier 4,FALSE,18879,Tier 4
19619,Tier 4,NIL,Richard Challoner School,Tier 4,Nil,45.71,173.67,173.67,440,1,Tier 3,TRUE,19619,Tier 4
6252,Tier 3,Tier 3,Hip Joint Bentham,Tier 4,Tier 4,30.74,173.54,603.89,245,5,Tier 4,FALSE,6252,Tier 4
18314,Tier 3,NIL,FOSH,Tier 4,Nil,43.23,173.29,173.29,319,2,Tier 4,FALSE,18314,Tier 4
17476,High Value,NIL,Rodeo Duo,Tier 4,Nil,43.28,173.17,173.17,2999,2,Tier 2,TRUE,17476,Tier 4
4583,Tier 4,Tier 4,Harrow School,Tier 3,Tier 3,26.96,173.17,1068.38,314,6,Tier 3,FALSE,4583,Tier 4
10603,High Value,High Value,Newstead Wood School,Tier 4,Tier 4,32.47,173.04,693.89,4609,3,Tier 2,TRUE,10603,Tier 4
17570,Tier 4,NIL,halfway petting farm events,Tier 4,Nil,45.87,172.81,172.81,712,1,Tier 3,TRUE,17570,Tier 4
16142,Tier 4,NIL,Shropshire Music Service,Tier 4,Nil,43.36,172.73,172.73,435,2,Tier 3,TRUE,16142,Tier 4
19241,Tier 3,NIL,King&#39;s Macclesfield,Tier 4,Nil,45.93,172.71,172.71,30,1,Tier 4,FALSE,19241,Tier 4
2181,Tier 4,Tier 4,Durham Education Ltd,Tier 3,Tier 3,25.75,172.27,1267.01,807,7,Tier 3,FALSE,2181,Tier 4
15676,Tier 3,NIL,Strelley Systems Ltd,Tier 4,Nil,46.02,171.92,171.92,272,1,Tier 4,FALSE,15676,Tier 4
19999,Tier 3,NIL,MSMI &amp; SoS RNCM Conference,Tier 4,Nil,46.02,171.92,171.92,32,1,Tier 4,FALSE,19999,Tier 4
1748,Tier 3,Tier 3,St Peter's Collegians' Association,Tier 4,Tier 4,29.43,171.58,709.83,35,6,Tier 4,FALSE,1748,Tier 4
5291,Tier 4,Tier 4,Albyn School,Tier 3,Tier 2,24.51,171.54,2419.36,699,5,Tier 3,FALSE,5291,Tier 3
8337,Tier 3,Tier 3,Castle View Cricket Club,Tier 4,Tier 4,31.8,171.25,622.21,240,4,Tier 4,FALSE,8337,Tier 4
5141,Tier 3,Tier 4,BillBoard Juniors,Tier 4,Tier 3,27.7,171.04,1324.42,279,4,Tier 4,FALSE,5141,Tier 4
3382,Tier 4,Tier 4,Weston Music Society,Tier 3,Tier 3,26.96,171,1256.79,193,5,Tier 3,FALSE,3382,Tier 4
9851,Tier 4,Tier 4,Burntwood Brigades,Tier 4,Tier 4,32.6,170.73,542.27,638,4,Tier 3,TRUE,9851,Tier 4
5487,Tier 4,Tier 4,Reading Blue Coat Foundation,Tier 4,Tier 4,29.75,170.71,757.5,837,5,Tier 3,TRUE,5487,Tier 4
17268,Tier 4,NIL,EGCA Fireworks,Tier 4,Nil,46.22,170.05,170.05,432,1,Tier 3,TRUE,17268,Tier 4
17315,Tier 3,NIL,Send Amateur Dramatic Society,Tier 4,Nil,43.71,169.79,169.79,319,2,Tier 4,FALSE,17315,Tier 4
18295,Tier 4,NIL,Hebburn Comprehensive School,Tier 4,Nil,43.76,169.5,169.5,493,2,Tier 3,TRUE,18295,Tier 4
1636,High Value,High Value,James Allen's Girls' School,Tier 3,Tier 3,23.01,169.42,2763.27,3918,8,Tier 2,TRUE,1636,Tier 3
17269,Tier 4,NIL,Frithwood School Association,Tier 4,Nil,46.35,169.21,169.21,460,1,Tier 3,TRUE,17269,Tier 4
16002,Tier 3,NIL,Mia Pepper,Tier 4,Nil,46.39,169.12,169.12,123,1,Tier 4,FALSE,16002,Tier 4
18839,Tier 3,NIL,ASKeN,Tier 4,Nil,46.39,169.12,169.12,123,1,Tier 4,FALSE,18839,Tier 4
8206,Tier 3,Tier 2,Basingstoke Hindu Society,Tier 4,Free,43.89,168.92,168.92,100,2,Tier 4,FALSE,8206,Tier 4
6198,Tier 3,Tier 3,Friends of Gresham's at Prep,Tier 4,Tier 4,36.64,168.75,370.58,213,3,Tier 4,FALSE,6198,Tier 4
1177,Tier 4,Tier 3,Belle Vue Primary School,Tier 4,Tier 4,31.13,168.59,542.75,716,6,Tier 3,TRUE,1177,Tier 4
13812,Tier 3,Tier 3,Noak Hill Archers,Tier 4,Tier 5,40.83,168.12,261.13,144,2,Tier 4,FALSE,13812,Tier 4
9465,Tier 3,Tier 3,Thats The Spirit Group,Tier 4,Tier 5,36.62,168.12,303.37,389,4,Tier 4,FALSE,9465,Tier 4
8922,Tier 3,Tier 3,Ambleside & District Choral Society,Tier 4,Tier 4,35.22,167.87,378.46,218,4,Tier 4,FALSE,8922,Tier 4
19121,Tier 4,NIL,Richmond upon Thames Performing Arts Festival,Tier 4,Nil,46.58,167.54,167.54,426,1,Tier 3,TRUE,19121,Tier 4
10885,Key Account,Key Account,Ibstock School - Marketing account,Tier 4,Tier 3,32.96,167.41,691.53,6616,3,Tier 1,TRUE,10885,Tier 4
4461,Tier 4,Tier 4,North Lakes Hotel & Spa,Tier 3,Tier 3,26.59,167.25,1266.42,84,6,Tier 3,FALSE,4461,Tier 4
18088,Tier 3,NIL,Neil Long,Tier 4,Nil,44.11,167.17,167.17,256,2,Tier 4,FALSE,18088,Tier 4
1921,Tier 3,Tier 3,Cantamus Music,Tier 3,Tier 3,26.43,167.08,1156.92,238,8,Tier 4,TRUE,1921,Tier 4
13976,Tier 3,Tier 2,Kierstenson,Tier 4,Tier 5,42.38,166.96,209.92,314,2,Tier 4,FALSE,13976,Tier 4
15076,Tier 3,Tier 1,HomeGrown,Tier 4,Tier 5,46.31,166.79,174.38,298,1,Tier 4,FALSE,15076,Tier 4
14574,Tier 4,Tier 2,King’s Lodge Friends,Tier 4,Tier 5,42.98,166.71,193.46,614,2,Tier 3,TRUE,14574,Tier 4
6697,Tier 3,Tier 3,Old Bancroftians' Association,Tier 4,Tier 4,34.41,166.41,377.24,84,5,Tier 4,FALSE,6697,Tier 4
16504,Tier 3,NIL,GHRC,Tier 4,Nil,46.82,165.49,165.49,98,1,Tier 4,FALSE,16504,Tier 4
15068,Tier 4,NIL,BrightonSoup,Tier 4,Nil,44.32,165.08,165.21,520,2,Tier 3,TRUE,15068,Tier 4
1864,Tier 4,Tier 4,St Paul's Girls' School,Tier 3,Tier 3,25.44,165,1553.09,1208,7,Tier 3,FALSE,1864,Tier 3
9746,Tier 3,Tier 3,Langtoun Jazz,Tier 4,Tier 4,34.17,165,454.55,214,4,Tier 4,FALSE,9746,Tier 4
6900,Tier 4,Tier 4,Cumbria Rural Academy CIC,Tier 4,Tier 3,29.19,164.92,922.83,270,5,Tier 3,TRUE,6900,Tier 4
542,Tier 3,Tier 3,SPJ Factor 2018,Tier 4,Tier 4,28.18,164.83,909.67,326,7,Tier 4,FALSE,542,Tier 4
2853,Tier 4,Tier 4,FQEGS,Tier 3,Tier 3,25.22,164.74,1667.93,248,7,Tier 3,FALSE,2853,Tier 4
11972,Tier 3,Tier 3,James Gilder,Tier 4,Tier 4,38.1,164.12,312.17,304,3,Tier 4,FALSE,11972,Tier 4
9217,Tier 3,Tier 3,Turing House Friends,Tier 4,Tier 4,34.28,163.86,453.64,277,4,Tier 4,FALSE,9217,Tier 4
7183,Tier 4,Tier 3,Simply Ballroom,Tier 4,Tier 4,29.92,163.52,812.15,97,5,Tier 3,TRUE,7183,Tier 4
8699,Tier 3,Tier 3,Bethany School,Tier 4,Tier 4,33.23,163.12,536.88,132,4,Tier 4,FALSE,8699,Tier 4
864,Tier 4,Tier 4,GBShared,Tier 3,Tier 4,25.13,162.98,1539.26,339,9,Tier 3,FALSE,864,Tier 4
15311,Tier 3,NIL,Broomwood prep girls,Tier 4,Nil,47.13,162.96,162.96,405,1,Tier 4,FALSE,15311,Tier 4
15716,Tier 3,NIL,Sam,Tier 4,Nil,47.18,162.5,162.5,260,1,Tier 4,FALSE,15716,Tier 4
15826,Tier 4,NIL,Bannockburn High School,Tier 4,Nil,44.63,162.5,162.5,997,2,Tier 3,TRUE,15826,Tier 4
14686,Tier 3,Tier 3,WCC,Tier 4,Tier 5,42.76,162.33,208.33,287,2,Tier 4,FALSE,14686,Tier 4
9766,Tier 3,Tier 2,Trans Radio UK,Tier 4,Free,42.71,162.22,162.22,88,3,Tier 4,FALSE,9766,Tier 4
16577,Tier 3,NIL,Alcester Day Care,Tier 4,Nil,44.73,161.35,161.35,158,2,Tier 4,FALSE,16577,Tier 4
14801,Tier 3,Tier 2,Andre M Sialefuka,Tier 4,Tier 5,46.05,161.33,187.54,142,1,Tier 4,FALSE,14801,Tier 4
6164,Tier 4,Tier 4,Scottish Families Affected by Alcohol and Drugs,Tier 4,Tier 4,31.4,161.29,634.17,849,5,Tier 3,TRUE,6164,Tier 4
2260,Tier 3,Tier 3,Putney High RSA,Tier 4,Tier 4,29.91,161.25,747,258,6,Tier 4,FALSE,2260,Tier 4
9340,Tier 3,Tier 3,Bitter Sweet Folk,Tier 4,Tier 4,36.04,161.25,366.38,58,4,Tier 4,FALSE,9340,Tier 4
15302,Tier 3,NIL,New Leaf Learning,Tier 4,Nil,44.83,161.21,161.21,71,2,Tier 4,FALSE,15302,Tier 4
16095,Tier 3,NIL,KenwoodHallHotel,Tier 4,Nil,44.86,161.16,161.16,176,2,Tier 4,FALSE,16095,Tier 4
8097,Tier 3,Tier 3,Kingston Maurward Enterprises Ltd,Tier 4,Tier 4,31.4,161.05,780.7,209,4,Tier 4,FALSE,8097,Tier 4
15224,Tier 3,NIL,Sewa Day,Tier 4,Nil,47.44,161,161,59,1,Tier 4,FALSE,15224,Tier 4
2637,Tier 4,Tier 3,Brampton Film Club,Tier 4,Tier 4,29.52,160.92,759.87,410,7,Tier 3,TRUE,2637,Tier 4
13617,Tier 3,Tier 3,Carus Green Ltd,Tier 4,Tier 4,38.72,160.83,299.83,108,3,Tier 4,FALSE,13617,Tier 4
14742,Tier 3,Tier 1,SI Swallows,Tier 4,Tier 5,44.52,160.83,170.41,254,2,Tier 4,FALSE,14742,Tier 4
7739,Tier 3,Tier 3,RSM STAGE ACADEMY,Tier 4,Tier 4,32.67,160.71,626.96,265,4,Tier 4,FALSE,7739,Tier 4
7712,Tier 3,Tier 2,CAOS Musical Society,Tier 4,Tier 5,41.47,160.37,195.83,223,3,Tier 4,FALSE,7712,Tier 4
15856,Tier 3,NIL,Herts &amp; Essex High School,Tier 4,Nil,47.57,160.33,160.33,138,1,Tier 4,FALSE,15856,Tier 4
8366,Tier 3,Tier 3,Natural World Centre,Tier 4,Tier 4,33.77,160.14,519.87,220,4,Tier 4,FALSE,8366,Tier 4
17196,Tier 3,NIL,Rawthey,Tier 4,Nil,45.08,160.12,160.12,61,2,Tier 4,FALSE,17196,Tier 4
5427,Tier 4,Tier 4,King's Dance Academy,Tier 4,Tier 3,28.81,160.02,1072.64,424,5,Tier 3,TRUE,5427,Tier 4
4579,Tier 4,Tier 3,3rd Orpington Scout Group,Tier 4,Tier 4,30.05,159.69,854.09,471,5,Tier 3,TRUE,4579,Tier 4
12644,Tier 3,Tier 3,Mrs Vicki Bloomer,Tier 4,Tier 4,36.9,159.46,403.12,89,3,Tier 4,FALSE,12644,Tier 4
15549,Tier 4,NIL,St James PTA,Tier 4,Nil,47.7,159.31,159.31,743,1,Tier 3,TRUE,15549,Tier 4
14291,Tier 3,Tier 2,Wise Oak Forest School,Tier 4,Tier 5,43.8,158.42,189.08,185,2,Tier 4,FALSE,14291,Tier 4
16456,Tier 4,NIL,HEX Northern,Tier 4,Nil,45.3,157.87,157.87,454,2,Tier 3,TRUE,16456,Tier 4
16457,Tier 3,NIL,Hanul Domnesc @ Rosie Malones,Tier 4,Nil,47.81,157.87,157.87,83,1,Tier 4,FALSE,16457,Tier 4
7059,Tier 3,Tier 3,Grasmere Players,Tier 4,Tier 4,33.56,157.62,472.88,273,5,Tier 4,FALSE,7059,Tier 4
16490,Tier 3,NIL,UNITED SCOTLAND MALAYALEE ASSOCIATION,Tier 4,Nil,45.37,157.47,157.47,244,2,Tier 4,FALSE,16490,Tier 4
16999,Tier 3,NIL,Town Hall January 3rd 2026 Concert Tickets,Tier 4,Nil,45.39,157.33,157.33,148,2,Tier 4,FALSE,16999,Tier 4
9336,Tier 4,Tier 4,3D2D Events Limited,Tier 4,Tier 4,36.37,157.08,447.42,632,3,Tier 3,TRUE,9336,Tier 4
9849,Tier 3,Tier 3,Daventry Choral Society,Tier 4,Tier 4,35.79,157.08,395.25,287,4,Tier 4,FALSE,9849,Tier 4
9134,Tier 3,Tier 3,The Rawlett School,Tier 4,Tier 4,36.3,156.96,453.33,382,3,Tier 4,FALSE,9134,Tier 4
11333,Tier 3,Tier 3,Hannah Sandu Musician,Tier 4,Tier 5,39.89,156.79,259.52,268,3,Tier 4,FALSE,11333,Tier 4
7844,Tier 3,Tier 3,Adur Ukraine Support Association Activities,Tier 4,Tier 4,35.61,156.32,408.1,374,4,Tier 4,FALSE,7844,Tier 4
11554,Tier 3,Tier 3,Boarding Bites Ltd,Tier 4,Tier 4,38.93,156.25,306.88,250,3,Tier 4,FALSE,11554,Tier 4
4647,Tier 3,Tier 3,Mull Film Club,Tier 4,Tier 4,35.39,156.14,335.38,329,6,Tier 4,FALSE,4647,Tier 4
15730,Tier 3,NIL,Greenlands Adventures,Tier 4,Nil,45.55,156,156,134,2,Tier 4,FALSE,15730,Tier 4
13490,Tier 3,Tier 3,Angel Orchestra,Tier 4,Tier 5,40.06,155.62,257.08,263,3,Tier 4,FALSE,13490,Tier 4
5379,Tier 3,Tier 3,Malvern Festival Chorus,Tier 4,Tier 4,33.83,155.54,467.5,184,5,Tier 4,FALSE,5379,Tier 4
9153,Tier 3,Tier 4,Rebecca Burgess,Tier 4,Tier 4,32.62,155.37,694.97,361,4,Tier 4,FALSE,9153,Tier 4
18894,Tier 3,NIL,Bournes Green Leavers,Tier 4,Nil,48.22,155.25,155.25,139,1,Tier 4,FALSE,18894,Tier 4
14937,Tier 4,NIL,St Luke’s Park Primary PTFA,Tier 4,Nil,45.75,154.54,154.54,509,2,Tier 3,TRUE,14937,Tier 4
18934,Tier 3,NIL,Ramsey Manor PTA,Tier 4,Nil,48.32,154.38,154.38,247,1,Tier 4,FALSE,18934,Tier 4
700,Tier 3,Tier 3,Countess of Brecknock Hospice Trust,Tier 4,Tier 4,28.53,153.92,958.74,365,8,Tier 4,FALSE,700,Tier 4
6209,Tier 3,Tier 3,Harrison Drury Solicitors,Tier 4,Tier 4,34.97,153.83,400.5,217,5,Tier 4,FALSE,6209,Tier 4
14660,Tier 4,Tier 2,Friends of Ludgvan School,Tier 4,Tier 5,44.87,153.7,174.03,573,2,Tier 3,TRUE,14660,Tier 4
19446,Tier 3,NIL,Ampthill Cultural Events,Tier 4,Nil,48.41,153.63,153.63,243,1,Tier 4,FALSE,19446,Tier 4
10545,Tier 3,Tier 3,East Midlands Forest Education Network,Tier 4,Tier 4,36.25,153.4,475.05,222,3,Tier 4,FALSE,10545,Tier 4
7232,Tier 3,Tier 3,MHS Dance,Tier 4,Tier 4,35.91,152.58,405.53,403,4,Tier 4,FALSE,7232,Tier 4
18919,Tier 3,NIL,Advance TRS,Tier 4,Nil,48.5,152.42,152.42,52,1,Tier 4,FALSE,18919,Tier 4
1477,Tier 4,Tier 4,Wokingham Lions,Tier 4,Tier 3,28.38,151.99,1057.92,306,7,Tier 3,TRUE,1477,Tier 4
2281,Tier 4,NIL,ADP Community Matters,Tier 4,Nil,42.69,151.79,151.79,612,4,Tier 3,TRUE,2281,Tier 4
13805,Tier 4,Tier 3,Friends of Barby School,Tier 4,Tier 5,43.99,151.5,199.77,665,2,Tier 3,TRUE,13805,Tier 4
11012,Tier 3,Tier 4,Marathi Mitra Mandal Basingstoke,Tier 4,Tier 4,37.06,151.37,426.59,393,3,Tier 4,FALSE,11012,Tier 4
5104,Tier 4,Tier 3,DG Outdoor Adventures,Tier 4,Tier 4,31.51,151.21,733.51,190,5,Tier 3,TRUE,5104,Tier 4
18377,Tier 4,NIL,Waltham Holy Cross PTA,Tier 4,Nil,48.65,150.67,150.67,452,1,Tier 3,TRUE,18377,Tier 4
13229,Tier 4,Tier 4,Alexandra Park School,Tier 4,Tier 5,40.1,150.58,268.5,559,3,Tier 3,TRUE,13229,Tier 4
4726,Tier 3,Tier 3,Coro 94,Tier 4,Tier 4,31.69,150.46,630.54,181,6,Tier 4,FALSE,4726,Tier 4
18785,Tier 3,NIL,Teasses Estate,Tier 4,Nil,48.74,150,150,244,1,Tier 4,FALSE,18785,Tier 4
1678,Tier 3,Tier 3,Blackpool Symphony Orchestra,Tier 4,Tier 4,29.32,149.75,863.96,225,8,Tier 4,FALSE,1678,Tier 4
15504,Tier 4,NIL,mk852cic,Tier 4,Nil,46.25,149.63,149.63,1608,2,Tier 3,TRUE,15504,Tier 4
6681,Tier 3,Tier 3,Whitgift Charities Committee,Tier 4,Tier 4,35.02,149.58,482,359,4,Tier 4,FALSE,6681,Tier 4
10707,Tier 3,Tier 3,St Stithians College UK Alumni,Tier 4,Tier 4,38.95,149.54,332.67,129,3,Tier 4,FALSE,10707,Tier 4
4970,Tier 4,Tier 4,Rhinoceros Theatre Company,Tier 4,Tier 4,29.89,149.5,1020.54,156,5,Tier 3,TRUE,4970,Tier 4
4589,Tier 3,Tier 3,Harrogate Theatre Choir,Tier 4,Tier 4,32.45,149.32,565.44,256,6,Tier 4,FALSE,4589,Tier 4
3992,Tier 4,Tier 4,Backup Northwest,Tier 4,Tier 4,28.27,149.08,1215.62,51,6,Tier 3,TRUE,3992,Tier 4
11144,Tier 3,Tier 4,Ikigai Adventures Three Peaks,Tier 4,Tier 4,35.34,149,582.05,52,3,Tier 4,FALSE,11144,Tier 4
3696,Tier 3,Tier 3,Furness Tradition,Tier 4,Tier 4,33.5,148.87,480.83,235,6,Tier 4,FALSE,3696,Tier 4
15439,Tier 4,NIL,Hotwells Primary PTA,Tier 4,Nil,46.45,148.83,148.83,578,2,Tier 3,TRUE,15439,Tier 4
8400,Tier 3,NIL,Wonderland Stagestars,Tier 4,Nil,41.54,148.75,305.92,238,2,Tier 4,FALSE,8400,Tier 4
7695,Tier 3,Tier 3,GRAA,Tier 4,Tier 4,38.18,148.67,379.85,276,3,Tier 4,FALSE,7695,Tier 4
3446,Tier 4,Tier 4,Ian Williamson Fitness,Tier 4,Tier 3,27.35,148.54,1532.63,66,6,Tier 3,TRUE,3446,Tier 4
12088,Tier 3,Tier 2,SGS Edinburgh,Tier 4,Tier 5,45.82,148.08,164.75,366,2,Tier 4,FALSE,12088,Tier 4
14528,Tier 3,Tier 1,Longnor School Circle,Tier 4,Tier 5,45.58,148.08,169.54,188,2,Tier 4,FALSE,14528,Tier 4
9022,Tier 3,Tier 3,Fenlanders Rally (#9143),Tier 4,Tier 4,34.42,147.96,548.5,72,4,Tier 4,FALSE,9022,Tier 4
11804,Tier 4,Tier 3,TeenLife  Cygnet  Parent Learning & Alumni Events,Tier 4,Tier 5,41.52,147.92,229.21,505,3,Tier 3,TRUE,11804,Tier 4
12738,Tier 3,Tier 2,James Coach Deaf Pickleball,Tier 4,Tier 5,42.85,147.75,186.08,107,3,Tier 4,FALSE,12738,Tier 4
18655,Tier 4,NIL,Historic England,Tier 4,Nil,49.2,147.75,147.75,834,1,Tier 3,TRUE,18655,Tier 4
17188,Tier 3,NIL,Esselle Bowling,Tier 4,Nil,46.71,147.5,147.5,229,2,Tier 4,FALSE,17188,Tier 4
1841,Tier 3,NIL,Fulham Symphony Orchestra,Tier 4,Nil,35.87,147.46,386.37,221,5,Tier 4,FALSE,1841,Tier 4
15126,Tier 3,NIL,Strawberry Hill Community Choir,Tier 4,Nil,49.3,147.42,147.42,226,1,Tier 4,FALSE,15126,Tier 4
13167,Tier 3,Tier 3,Cardboard Box Theatre,Tier 4,Tier 5,41.84,147.32,220.25,318,3,Tier 4,FALSE,13167,Tier 4
695,Tier 3,Tier 3,Nottingham Chamber Music Festival,Tier 4,Tier 3,29.92,147.08,837.84,217,8,Tier 4,FALSE,695,Tier 4
15968,Tier 3,NIL,Barrow Operatic Dramatic Society,Tier 4,Nil,49.37,147,147,270,1,Tier 4,FALSE,15968,Tier 4
1704,Tier 3,Tier 3,Apedale Heritage Centre,Tier 4,Tier 4,30.78,146.88,759.67,159,7,Tier 4,FALSE,1704,Tier 4
11980,Tier 3,Tier 4,BVHA,Tier 4,Tier 4,37.26,146.62,452.08,268,3,Tier 4,FALSE,11980,Tier 4
15478,Tier 3,NIL,Constructing Excellence in Wales,Tier 4,Nil,49.42,146.62,146.62,56,1,Tier 4,FALSE,15478,Tier 4
14306,Tier 4,Tier 3,Charlbury School Association (CSA),Tier 4,Tier 5,44.33,146.53,205.67,554,2,Tier 3,TRUE,14306,Tier 4
19419,Tier 3,NIL,Hart House,Tier 4,Nil,49.48,146.25,146.25,45,1,Tier 4,FALSE,19419,Tier 4
13496,Tier 3,NIL,Apollo Fundraising,Tier 4,Nil,43.69,145.75,173.34,96,3,Tier 4,FALSE,13496,Tier 4
15830,Tier 3,NIL,The Three Mystics,Tier 4,Nil,46.99,145.75,145.75,246,2,Tier 4,FALSE,15830,Tier 4
17108,Tier 3,NIL,Kendal Youth Darts Academy,Tier 4,Nil,47.06,144.96,144.96,187,2,Tier 4,FALSE,17108,Tier 4
12356,Tier 3,Tier 2,Clitheroe Rugby Club,Tier 4,Tier 5,43.57,144.82,176.01,295,3,Tier 4,FALSE,12356,Tier 4
14336,Tier 3,Tier 1,girlhike,Tier 4,Tier 5,48.77,144.42,163,266,1,Tier 4,FALSE,14336,Tier 4
6778,Tier 3,Tier 2,The Fellside Flower Company,Tier 4,Tier 5,40.62,144.42,222.88,79,4,Tier 4,FALSE,6778,Tier 4
95,Tier 4,Tier 4,KGS Music Administrator,Tier 4,Tier 3,28.15,144.08,1198.93,438,8,Tier 3,TRUE,95,Tier 4
15600,Tier 4,NIL,St John's Beaumont,Tier 4,Nil,49.71,143.8,143.8,598,1,Tier 3,TRUE,15600,Tier 4
16655,Tier 3,NIL,MindStore International Limited,Tier 4,Nil,49.74,143.5,143.5,28,1,Tier 4,FALSE,16655,Tier 4
9363,Tier 3,Tier 3,Friends of Bryanston Prep,Tier 4,Tier 4,37.08,143.5,390.84,269,4,Tier 4,FALSE,9363,Tier 4
9450,Tier 3,Tier 3,The Complete Commedia Company,Tier 4,Tier 4,39.24,143.12,348.25,213,3,Tier 4,FALSE,9450,Tier 4
10547,Tier 3,Tier 3,Armstrong Watson,Tier 4,Tier 4,39.89,142.79,314.33,149,3,Tier 4,FALSE,10547,Tier 4
16811,Tier 3,NIL,Kidscan - Michelle Attak,Tier 4,Nil,49.83,142.58,142.58,59,1,Tier 4,FALSE,16811,Tier 4
17903,Tier 3,NIL,St Nicholas School PTA,Tier 4,Nil,47.32,142.17,142.17,374,2,Tier 4,FALSE,17903,Tier 4
13946,Tier 4,Tier 3,Suffolk Community Foundation,Tier 4,Free,47.35,142.04,142.04,857,2,Tier 3,TRUE,13946,Tier 4
15318,Tier 3,NIL,Friends of Hutton Cranswick School,Tier 4,Nil,49.93,142,142,293,1,Tier 4,FALSE,15318,Tier 4
9046,Tier 3,Tier 2,Sphinx UK,Tier 4,Tier 5,43.05,141.67,194.5,65,3,Tier 4,FALSE,9046,Tier 4
549,Tier 3,Tier 2,Lancaster & District Choral Society,Tier 4,Tier 5,34.63,140.79,393.6,159,9,Tier 4,FALSE,549,Tier 4
16802,Tier 3,NIL,The Band Project for Restore the Music,Tier 4,Nil,50.04,140.71,140.71,258,1,Tier 4,FALSE,16802,Tier 4
16183,Tier 3,NIL,October8UKPremiere,Tier 4,Nil,50.07,140.58,140.58,268,1,Tier 4,FALSE,16183,Tier 4
18947,Tier 3,NIL,High Sheriff South Glamorgan,Tier 4,Nil,50.1,140.33,140.33,151,1,Tier 4,FALSE,18947,Tier 4
14525,Tier 3,Tier 1,SGS East Lothian,Tier 4,Tier 5,47.37,140.21,145.12,360,2,Tier 4,FALSE,14525,Tier 4
1279,Tier 4,Tier 4,Beaconside Primary School,Tier 4,Free,42.23,139.75,139.75,1224,7,Tier 3,TRUE,1279,Tier 4
5322,Tier 3,Tier 3,Dar Az Zahra UK,Tier 4,Tier 4,33.88,139.63,694.46,152,4,Tier 4,FALSE,5322,Tier 4
15143,Tier 3,NIL,Friends of the Calvert Trust (Lake District),Tier 4,Nil,50.21,139.57,139.57,102,1,Tier 4,FALSE,15143,Tier 4
14485,Tier 4,Tier 3,Copythorne PTA,Tier 4,Tier 5,45.45,138.92,186.92,509,2,Tier 3,TRUE,14485,Tier 4
15594,Tier 4,NIL,The Szilvay Foundation,Tier 4,Nil,47.73,138.75,138.75,526,2,Tier 3,TRUE,15594,Tier 4
16593,Tier 3,NIL,Alexander SC,Tier 4,Nil,50.33,137.96,137.96,47,1,Tier 4,FALSE,16593,Tier 4
1860,Tier 4,Tier 3,Ulverston Victoria High School,Tier 4,Tier 4,34.71,137.94,498.27,555,5,Tier 3,TRUE,1860,Tier 4
6392,Tier 3,NIL,Indian Arts Connection,Tier 4,Nil,38.87,137.71,264.92,189,5,Tier 4,FALSE,6392,Tier 4
7126,Tier 3,Tier 3,The Old Bank,Tier 4,Tier 4,38.39,137.6,341.6,207,4,Tier 4,FALSE,7126,Tier 4
12905,Tier 4,Tier 3,Girvan Arts Festival,Tier 4,Tier 5,43.07,137.46,201.92,465,3,Tier 3,TRUE,12905,Tier 4
16904,Tier 4,NIL,Kinloss Barracks Community Forum,Tier 4,Nil,47.89,137.4,137.4,506,2,Tier 3,TRUE,16904,Tier 4
13021,Tier 3,Tier 3,Meld,Tier 4,Tier 4,41.52,137.17,354.33,80,2,Tier 4,FALSE,13021,Tier 4
2828,Tier 3,Tier 3,The Christian Heritage Centre,Tier 4,Tier 4,31.76,136.88,719.58,203,7,Tier 4,FALSE,2828,Tier 4
13615,Tier 3,Tier 2,Wilberfoss Amateur Theatre Society,Tier 4,Tier 5,44,136.42,178.04,370,3,Tier 4,FALSE,13615,Tier 4
16112,Tier 3,NIL,Peak Music Society,Tier 4,Nil,48,136.42,136.42,108,2,Tier 4,FALSE,16112,Tier 4
18259,Tier 3,NIL,Curtain Up For Chris,Tier 4,Nil,48.05,136.25,136.25,141,2,Tier 4,FALSE,18259,Tier 4
2343,Tier 4,Tier 4,The SEA,Tier 4,Tier 4,34.36,136.25,463.75,966,7,Tier 3,TRUE,2343,Tier 4
15057,Tier 3,NIL,EAGA Gospel Choir,Tier 4,Nil,47.93,136.03,139.03,199,2,Tier 4,FALSE,15057,Tier 4
3202,Tier 4,Tier 4,Heather Meek,Tier 4,Tier 3,29.24,135.82,1421.94,155,5,Tier 3,TRUE,3202,Tier 4
15845,Tier 3,NIL,Brysdales Ltd,Tier 4,Nil,48.13,135.75,135.75,11,2,Tier 4,FALSE,15845,Tier 4
17182,Tier 4,NIL,Pennthorpe School,Tier 4,Nil,48.17,135.5,135.5,1619,2,Tier 3,TRUE,17182,Tier 4
18448,Tier 3,NIL,St Bernards Prep,Tier 4,Nil,50.75,135.33,135.33,56,1,Tier 4,FALSE,18448,Tier 4
14401,Tier 3,Tier 1,Drumburn Ladies,Tier 4,Tier 5,47.41,135.04,152.38,160,2,Tier 4,FALSE,14401,Tier 4
16684,Tier 3,NIL,FlowMotion,Tier 4,Nil,48.29,135.02,135.02,138,2,Tier 4,FALSE,16684,Tier 4
18169,Tier 3,NIL,Ottery Community Theatre,Tier 4,Nil,48.32,134.96,134.96,326,2,Tier 4,FALSE,18169,Tier 4
17883,Tier 3,NIL,Friends of Church Langton School,Tier 5,Nil,50.9,134.6,134.6,356,1,Tier 4,TRUE,17883,Tier 4
5996,Tier 3,Tier 4,Farm & Fell,Tier 4,Tier 3,30.69,134.38,1346.9,215,4,Tier 4,FALSE,5996,Tier 4
8827,Tier 3,Tier 3,YAB South Manchester,Tier 4,Tier 5,43.62,134.38,163.77,69,4,Tier 4,FALSE,8827,Tier 4
12125,Tier 4,Tier 4,Birmingham Cathedral,Tier 4,Tier 4,39.77,134.33,476.42,423,2,Tier 3,TRUE,12125,Tier 4
5222,Tier 4,Tier 3,Sandy Secondary School (DANCE),Tier 4,Tier 4,33.29,134.08,834.47,433,4,Tier 3,TRUE,5222,Tier 4
4456,Tier 3,Tier 3,Bloxham School,Tier 4,Tier 4,32.88,134.04,675.25,183,6,Tier 4,FALSE,4456,Tier 4
309,Tier 4,Tier 4,Bojangles Dance,Tier 4,Tier 3,28.4,133.93,1905.52,183,5,Tier 3,TRUE,309,Tier 4
11471,Tier 4,Tier 4,Mayfield Girls School,Tier 4,Tier 5,43.58,133.87,199.75,841,3,Tier 3,TRUE,11471,Tier 4
19413,Tier 3,NIL,The Crafty Lunch Club,Tier 5,Nil,51.09,133.63,133.63,178,1,Tier 4,TRUE,19413,Tier 4
7127,Tier 3,Tier 3,Reading School Parent Association,Tier 4,Tier 4,36.41,133,413.96,405,5,Tier 4,FALSE,7127,Tier 4
1454,Tier 4,NIL,United Learning Partnerships,Tier 4,Nil,42.52,132.71,236.63,1160,3,Tier 3,TRUE,1454,Tier 4
15364,Tier 3,NIL,Millom &amp; Broughton Agricultural Show,Tier 5,Nil,51.24,132.46,132.46,335,1,Tier 4,TRUE,15364,Tier 4
3370,Tier 4,Tier 4,INSPIRE ACTIVITY,Tier 4,Tier 3,27.57,132.46,2059.27,1621,6,Tier 3,TRUE,3370,Tier 4
5365,Tier 3,Tier 3,RAYLEIGH TOWN ARCHERY CLUB,Tier 4,Tier 4,35.11,131.98,510.76,170,5,Tier 4,FALSE,5365,Tier 4
5269,Tier 3,Tier 3,Nightingale Coaches,Tier 4,Tier 5,37.01,131.63,390.07,184,5,Tier 4,FALSE,5269,Tier 4
18186,Tier 3,NIL,Johnsons of Old Hurst,Tier 5,Nil,51.34,131.31,131.31,405,1,Tier 4,TRUE,18186,Tier 4
19901,Tier 3,NIL,Beyond Your Lodge / Beyond Your Chapter,Tier 5,Nil,51.38,131.25,131.25,175,1,Tier 4,TRUE,19901,Tier 4
10339,Tier 3,Tier 3,Brighton Science Festival,Tier 4,Tier 4,38.61,131.22,437.83,316,3,Tier 4,FALSE,10339,Tier 4
17119,Tier 3,NIL,Ashton on Mersey Golf Club,Tier 4,Nil,48.89,131,131,99,2,Tier 4,FALSE,17119,Tier 4
15757,Tier 3,NIL,Vocal Expressions,Tier 5,Nil,51.46,130.88,130.88,219,1,Tier 4,TRUE,15757,Tier 4
1350,Tier 3,Tier 3,Marie Curie London  SE + East,Tier 4,Tier 5,46.51,130.87,178.52,349,2,Tier 4,FALSE,1350,Tier 4
14507,Tier 3,Tier 3,Charity Rugby,Tier 4,Tier 5,46.91,130.71,246.63,284,1,Tier 4,FALSE,14507,Tier 4
18911,Tier 3,NIL,Edgy Expo,Tier 5,Nil,51.54,130.38,130.38,197,1,Tier 4,TRUE,18911,Tier 4
8294,Tier 3,Tier 4,St Mary’s RC School PTA,Tier 4,Tier 4,35.84,130.13,550.74,320,4,Tier 4,FALSE,8294,Tier 4
18133,Tier 3,NIL,Katy’s Songbirds,Tier 4,Nil,49.06,130.04,130.04,199,2,Tier 4,FALSE,18133,Tier 4
3045,Tier 4,Tier 4,Early Years Hub,Tier 4,Tier 4,29.92,130,1133.23,1820,7,Tier 3,TRUE,3045,Tier 4
4156,High Value,High Value,Futurescot Media,Tier 4,Tier 4,32.63,130,744.38,3140,6,Tier 2,TRUE,4156,Tier 4
9932,Tier 3,Tier 4,Otley Cycle Club,Tier 4,Tier 4,39.16,130,339.83,394,4,Tier 4,FALSE,9932,Tier 4
12087,Tier 4,Tier 4,Trinity School Development and Alumni,Tier 4,Tier 5,43.48,129.75,212.67,1253,3,Tier 3,TRUE,12087,Tier 4
11017,Tier 3,Tier 3,Burton-on-the-Wolds Recreation Ground,Tier 4,Tier 5,41.91,129.7,269.47,72,3,Tier 4,FALSE,11017,Tier 4
19272,Tier 3,NIL,The Liverbird Choir,Tier 5,Nil,51.75,129.5,129.5,111,1,Tier 4,TRUE,19272,Tier 4
6554,Tier 3,Tier 3,Herts & Soul Community Choir,Tier 4,Tier 5,38.98,129.46,301.01,221,5,Tier 4,FALSE,6554,Tier 4
11453,Tier 3,Tier 3,Sudhir,Tier 4,Tier 4,40.36,129.38,352.73,141,3,Tier 4,FALSE,11453,Tier 4
4632,Tier 3,Tier 3,The Buildwas Players,Tier 4,Tier 4,34.04,129.38,588.96,274,6,Tier 4,FALSE,4632,Tier 4
18615,Tier 3,NIL,The South,Tier 4,Nil,49.3,129.29,129.29,253,2,Tier 4,FALSE,18615,Tier 4
4821,Tier 3,Tier 3,Brighton Singers,Tier 4,Tier 4,37.12,129.12,368.21,167,6,Tier 4,FALSE,4821,Tier 4
8298,Tier 3,Tier 3,Speed of Sight Drive Days,Tier 4,Tier 4,38.2,128.75,396.25,230,4,Tier 4,FALSE,8298,Tier 4
8411,Tier 3,Tier 3,Soul at the Ritzy,Tier 4,Tier 4,38.62,128.67,377.98,247,4,Tier 4,FALSE,8411,Tier 4
10286,Tier 3,Tier 3,Valley Rock Voices,Tier 4,Tier 5,43.94,128.25,275.25,171,2,Tier 4,FALSE,10286,Tier 4
7766,Tier 3,Tier 3,Wandsworth SC,Tier 4,Tier 4,37.24,127.87,578.37,257,3,Tier 4,FALSE,7766,Tier 4
14738,Tier 3,NIL,Royal Caledonian Horticultural Society,Tier 4,Nil,49.49,127.79,127.79,348,2,Tier 4,FALSE,14738,Tier 4
16508,Tier 3,NIL,Lloyd Degler,Tier 4,Nil,49.53,127.04,127.04,263,2,Tier 4,FALSE,16508,Tier 4
10012,Tier 3,Tier 3,Polbeth Community Hub,Tier 4,Tier 5,43.3,126.94,184.42,405,4,Tier 4,FALSE,10012,Tier 4
7499,Tier 3,Tier 3,Chipperfield Choral Society,Tier 4,Tier 4,39.73,126.88,321.79,387,4,Tier 4,FALSE,7499,Tier 4
16481,Tier 3,NIL,Winchester College Sports Centre,Tier 4,Nil,49.61,126.65,126.65,353,2,Tier 4,FALSE,16481,Tier 4
14768,Tier 3,Tier 2,Reeds School Christmas Fair,Tier 4,Tier 5,46.06,126.58,202.83,46,2,Tier 4,FALSE,14768,Tier 4
13436,Tier 3,Tier 4,Banstead Community Junior School,Tier 4,Tier 4,40.61,126.45,468.58,325,2,Tier 4,FALSE,13436,Tier 4
12684,Tier 3,Tier 2,Smiths Tea Room,Tier 4,Tier 5,48.01,126.29,157.79,103,2,Tier 4,FALSE,12684,Tier 4
6175,Tier 4,Tier 3,Hornby Institute,Tier 4,Tier 4,33.72,126.27,738.57,146,5,Tier 3,TRUE,6175,Tier 4
13606,Tier 4,Tier 3,All Saints CIW Primary School,Tier 4,Tier 5,46.87,126.25,182.58,503,2,Tier 3,TRUE,13606,Tier 4
17014,Tier 3,NIL,USSG,Tier 5,Nil,52.27,126.09,126.09,67,1,Tier 4,TRUE,17014,Tier 5
12286,Tier 3,Tier 3,ETNA Centre,Tier 4,Tier 5,42.8,125.88,249.96,325,3,Tier 4,FALSE,12286,Tier 4
19300,Tier 3,NIL,Edinburgh Geological Society,Tier 5,Nil,52.31,125.71,125.71,270,1,Tier 4,TRUE,19300,Tier 4
14164,Tier 4,Tier 3,Friends of Two Gates,Tier 4,Tier 5,47.74,125.55,166.02,479,2,Tier 3,TRUE,14164,Tier 4
13645,Tier 3,Tier 3,Ashbrooke Sports Club,Tier 4,Tier 4,43.67,125.46,302.92,167,2,Tier 4,FALSE,13645,Tier 4
10818,Tier 3,Tier 3,The Friends of Sherborne Prep,Tier 4,Tier 5,42.07,125.33,283.5,93,3,Tier 4,FALSE,10818,Tier 4
11948,Tier 4,Tier 4,The Macclesfield Academy,Tier 4,Tier 5,44.82,125.32,253.08,762,2,Tier 3,TRUE,11948,Tier 4
1590,Tier 4,Tier 4,Luton Hoo Estate,Tier 4,Tier 4,27.5,125.32,2212.12,241,8,Tier 3,TRUE,1590,Tier 4
14884,Tier 3,NIL,St Bartholomew wsa,Tier 4,Nil,49.92,124.88,124.88,299,2,Tier 4,FALSE,14884,Tier 4
14953,Tier 3,Tier 2,Hoveton Village Hall,Tier 4,Tier 5,48.31,124.75,155.62,264,2,Tier 4,FALSE,14953,Tier 4
19051,Tier 3,NIL,Jazz in the Sahara,Tier 5,Nil,52.5,124.75,124.75,192,1,Tier 4,TRUE,19051,Tier 4
394,Tier 4,Tier 3,Lancaster Royal Grammar School,Tier 4,Tier 5,39.18,124.74,254.76,540,8,Tier 3,TRUE,394,Tier 4
16754,Tier 3,NIL,CLASP,Tier 4,Nil,50.01,124.67,124.67,195,2,Tier 4,FALSE,16754,Tier 4
1784,Tier 3,Tier 3,mjdlifestyle,Tier 4,Tier 4,34.92,124.63,492.25,38,8,Tier 4,FALSE,1784,Tier 4
114,Tier 3,Tier 3,St Leonards Parents Association,Tier 4,Tier 3,29.35,124.5,1246.94,266,11,Tier 4,FALSE,114,Tier 4
9055,Tier 3,NIL,Dunedin Chapter Scotland #9083,Tier 4,Nil,42.76,124.45,211.41,113,4,Tier 4,FALSE,9055,Tier 4
19818,Tier 3,NIL,Chantal Paige Events,Tier 5,Nil,52.64,124.38,124.38,198,1,Tier 4,TRUE,19818,Tier 4
9646,Tier 3,NIL,Steve Knightley at The Priory Church,Tier 4,Nil,39.03,124.35,385.06,116,4,Tier 4,FALSE,9646,Tier 4
17775,Tier 3,NIL,Chenade Ogungbadero,Tier 5,Nil,52.68,124.25,124.25,294,1,Tier 4,TRUE,17775,Tier 4
15598,Tier 3,NIL,Street Katz Theatre and Film CIC,Tier 5,Nil,52.73,123.67,123.67,325,1,Tier 4,TRUE,15598,Tier 4
15861,Tier 3,NIL,Hooked On Harmony,Tier 4,Nil,50.22,123.42,123.42,351,2,Tier 4,FALSE,15861,Tier 4
18874,Tier 4,NIL,Giggling Panda Chinese School,Tier 5,Nil,52.79,123.33,123.33,520,1,Tier 3,TRUE,18874,Tier 4
14363,Tier 3,Tier 3,The Tiffin School Foundation,Tier 4,Tier 5,45.63,123.29,233.83,73,2,Tier 4,FALSE,14363,Tier 4
13987,Tier 3,Tier 2,Heather Rose,Tier 4,Tier 5,48.41,123.25,158.58,369,2,Tier 4,FALSE,13987,Tier 4
1141,Tier 4,Tier 4,Gordon School Parents Association,Tier 3,Tier 2,26.67,123,3310.58,72,8,Tier 3,FALSE,1141,Tier 4
12836,Tier 3,Tier 3,MK Piano Celebration,Tier 4,Tier 5,45.93,122.71,223.37,312,2,Tier 4,FALSE,12836,Tier 4
11635,Tier 3,Tier 4,Friends of Hinguar,Tier 4,Tier 4,43.76,122.59,315.14,372,2,Tier 4,FALSE,11635,Tier 4
8912,Tier 3,Tier 4,The White Hut,Tier 4,Tier 4,39.17,122.46,385.5,383,4,Tier 4,FALSE,8912,Tier 4
5409,Tier 3,Tier 3,Banbury Harriers Athletics Club,Tier 4,Tier 4,37.53,122.42,417.42,279,5,Tier 4,FALSE,5409,Tier 4
9203,Tier 3,Tier 3,Lash & Co Events,Tier 4,Tier 5,42.87,122.38,215.79,142,4,Tier 4,FALSE,9203,Tier 4
14515,Tier 3,Tier 2,Construction Clubhouse,Tier 4,Tier 5,50.03,122.21,180.08,49,1,Tier 4,FALSE,14515,Tier 4
10355,Tier 3,Tier 3,Bradford Grammar Development,Tier 4,Tier 4,42.9,121.88,265.62,253,3,Tier 4,FALSE,10355,Tier 4
8525,Tier 3,Tier 3,BASINGSTOKE GANESH UTSAV 2025,Tier 4,Tier 5,44.91,121.87,196.62,402,3,Tier 4,FALSE,8525,Tier 4
7374,Tier 3,Tier 3,The Millie Wright Children's Charity,Tier 4,Tier 4,37.28,121.83,514.94,190,4,Tier 4,FALSE,7374,Tier 4
12940,Tier 3,Tier 3,Brindle Cuckoo Walks,Tier 4,Tier 5,45.68,121.75,238.29,135,2,Tier 4,FALSE,12940,Tier 4
18098,Tier 3,NIL,Bridgwater Convention,Tier 4,Nil,50.53,121.75,121.75,145,2,Tier 4,FALSE,18098,Tier 4
12420,Tier 3,Tier 2,Leicester Bach Choir,Tier 4,Tier 5,45.45,121.62,183.96,143,3,Tier 4,FALSE,12420,Tier 4
12009,Tier 3,Tier 3,Ammanford RFC Juniors,Tier 4,Tier 5,47.27,121.37,187.62,383,2,Tier 4,FALSE,12009,Tier 4
18787,Tier 3,NIL,Westward Ho! Follies,Tier 5,Nil,53.14,121.37,121.37,407,1,Tier 4,TRUE,18787,Tier 4
15217,Tier 3,NIL,Friends of Dr Radcliffe’s,Tier 4,Nil,50.65,121.11,121.11,296,2,Tier 4,FALSE,15217,Tier 4
18301,Tier 3,NIL,Erasmus Darwin House,Tier 4,Nil,50.69,120.96,120.96,260,2,Tier 4,FALSE,18301,Tier 4
2172,Tier 3,Tier 3,The North School,Tier 4,Tier 4,35.63,120.96,494.12,385,7,Tier 4,FALSE,2172,Tier 4
6166,Tier 3,Tier 3,The Workhouse Group Of Companies Ltd,Tier 4,Tier 4,39.61,120.74,318.64,86,5,Tier 4,FALSE,6166,Tier 4
8954,Tier 3,Tier 2,Deb Barlow Yoga,Tier 4,Tier 5,43.1,120.5,216.17,217,4,Tier 4,FALSE,8954,Tier 4
17836,Tier 3,NIL,Living Light Christian Church UK,Tier 4,Nil,50.78,120.32,120.32,242,2,Tier 4,FALSE,17836,Tier 4
14149,Tier 3,Tier 1,Miss Glamour UK,Tier 4,Tier 5,49.79,120.29,136.92,94,2,Tier 4,FALSE,14149,Tier 4
17089,Tier 3,NIL,The Cart Shed,Tier 5,Nil,50.83,120.25,120.25,37,2,Tier 4,TRUE,17089,Tier 5
9863,Tier 4,Tier 3,Eagley Junior School,Tier 4,Tier 4,41.35,120.12,287.32,820,4,Tier 3,TRUE,9863,Tier 4
4567,Tier 4,Tier 3,London Youth Conservatoire,Tier 4,Tier 4,31.69,120.08,1240.62,428,5,Tier 3,TRUE,4567,Tier 4
2659,Tier 3,Tier 3,Trinity Church Scarborough,Tier 4,Tier 4,36.97,119.96,410.69,186,7,Tier 4,FALSE,2659,Tier 4
9587,Tier 4,Tier 3,Blisworth Baptist Church,Tier 4,Free,47.58,119.8,119.8,496,4,Tier 3,TRUE,9587,Tier 4
17908,Tier 3,NIL,Steve Canavan,Tier 5,Nil,50.96,119.54,119.54,151,2,Tier 4,TRUE,17908,Tier 5
15691,Tier 3,NIL,Bolton Priory,Tier 5,Nil,51.01,119.25,119.25,140,2,Tier 4,TRUE,15691,Tier 5
2090,Tier 4,Tier 4,Autism Together Children and Family,Tier 4,Tier 3,30.15,119.08,1414.08,517,7,Tier 3,TRUE,2090,Tier 4
15536,Tier 3,NIL,Summer Sizzler,Tier 5,Nil,53.6,119,119,128,1,Tier 4,TRUE,15536,Tier 5
17724,Tier 3,NIL,Capel-le-Ferne PFA,Tier 5,Nil,53.63,118.96,118.96,308,1,Tier 4,TRUE,17724,Tier 4
13588,Tier 3,NIL,Wokingham In Need,Tier 4,Nil,49.05,118.63,119.63,100,3,Tier 4,FALSE,13588,Tier 5
9974,Tier 3,Tier 3,Philip Southcote PFA,Tier 4,Tier 5,43.56,118.58,257.67,325,3,Tier 4,FALSE,9974,Tier 4
14524,Tier 3,NIL,Greswold Primary School,Tier 5,Nil,53.69,118.57,118.57,317,1,Tier 4,TRUE,14524,Tier 4
16435,Tier 3,NIL,Farmers Arms Newbarns,Tier 5,Nil,51.18,118.38,118.38,186,2,Tier 4,TRUE,16435,Tier 5
15924,Tier 3,NIL,Hawthorn Press,Tier 5,Nil,53.75,117.67,117.67,214,1,Tier 4,TRUE,15924,Tier 5
16755,Tier 3,NIL,Tommy Lindley,Tier 5,Nil,53.78,117.61,117.61,62,1,Tier 4,TRUE,16755,Tier 5
14637,Tier 3,Tier 2,Glasgow Friends of Israel,Tier 4,Tier 5,50.55,117.52,180.82,220,1,Tier 4,FALSE,14637,Tier 4
7006,Tier 3,Tier 2,Sherborne School (Trading) Ltd (STR),Tier 4,Tier 5,43.98,117.5,200.62,193,4,Tier 4,FALSE,7006,Tier 4
16706,Tier 3,NIL,Esselle Sports,Tier 5,Nil,51.29,117.5,117.5,190,2,Tier 4,TRUE,16706,Tier 5
3649,Tier 4,Tier 4,Heartbeat NWCC,Tier 4,Tier 3,31.57,117.42,1187.29,178,6,Tier 3,TRUE,3649,Tier 4
17699,Tier 3,NIL,Bewdley Carnival,Tier 5,Nil,51.35,117.29,117.29,208,2,Tier 4,TRUE,17699,Tier 4
5424,Tier 3,Tier 3,Esterhazy Chamber Choir,Tier 4,Tier 4,36.92,117.25,507.88,136,5,Tier 4,FALSE,5424,Tier 4
16844,Tier 3,NIL,South Devon Bal Folk,Tier 5,Nil,51.4,117.13,117.13,179,2,Tier 4,TRUE,16844,Tier 5
8015,Tier 3,Tier 3,Jennie Steenkamp,Tier 4,Tier 5,45.27,116.94,204.86,221,3,Tier 4,FALSE,8015,Tier 4
13779,Tier 3,Tier 2,Harvey Centre Fundraiser,Tier 4,Tier 5,46.68,116.92,171.67,58,3,Tier 4,FALSE,13779,Tier 4
6916,High Value,High Value,Dragon School,Tier 4,Tier 5,41.2,116.92,266.54,2934,5,Tier 2,TRUE,6916,Tier 4
13833,Tier 3,NIL,Staveley Village Association,Tier 4,Nil,49.51,116.71,116.71,243,3,Tier 4,FALSE,13833,Tier 4
15888,Tier 3,NIL,Maidenhill School,Tier 5,Nil,54.06,116.66,116.66,299,1,Tier 4,TRUE,15888,Tier 5
16554,Tier 3,NIL,Barry Wood,Tier 5,Nil,54.09,116.38,116.38,92,1,Tier 4,TRUE,16554,Tier 5
12899,Tier 3,Tier 2,Silverton C of E Primary School,Tier 4,Tier 5,48.95,115.92,166.79,325,2,Tier 4,FALSE,12899,Tier 4
5387,Tier 4,Tier 4,More House School,Tier 4,Tier 3,30.63,115.83,1787.38,185,5,Tier 3,TRUE,5387,Tier 4
14743,Tier 4,NIL,Hawkshead Agricultural Show Entries,Tier 5,Nil,51.67,115.76,115.76,602,2,Tier 3,TRUE,14743,Tier 4
1933,Tier 3,Tier 3,Priddy Singers,Tier 4,Tier 4,38.82,115.58,394.78,210,5,Tier 4,FALSE,1933,Tier 4
14277,Tier 3,Tier 2,Friends Association of Bressingham Primary School,Tier 4,Tier 5,49.77,115.33,149.46,404,2,Tier 4,FALSE,14277,Tier 4
14294,Tier 3,Tier 3,Hathern Primary PTA,Tier 4,Tier 4,46.63,115.3,347.97,227,1,Tier 4,FALSE,14294,Tier 4
9605,Tier 3,Tier 3,CADS,Tier 4,Tier 5,43.95,114.38,257.92,192,3,Tier 4,FALSE,9605,Tier 4
13465,Tier 3,Tier 3,Heart of Hillbourne PTA,Tier 4,Tier 5,48.81,114.37,172.29,341,2,Tier 4,FALSE,13465,Tier 4
11643,Tier 3,Tier 3,Kitchen Chorus,Tier 4,Tier 4,46.35,114.29,242.04,211,2,Tier 4,FALSE,11643,Tier 4
18095,Tier 3,NIL,Maya Love,Tier 5,Nil,51.87,114.21,114.21,187,2,Tier 4,TRUE,18095,Tier 5
18065,Tier 3,NIL,Friends of Cerne Abbas School,Tier 5,Nil,54.44,114.12,114.12,72,1,Tier 4,TRUE,18065,Tier 5
10015,Tier 3,Tier 4,The Table by Tania,Tier 4,Tier 3,35.5,113.96,836.85,64,4,Tier 4,FALSE,10015,Tier 4
1663,Tier 3,Tier 3,Kington Choral Society,Tier 4,Tier 4,34.75,113.87,674.21,147,7,Tier 4,FALSE,1663,Tier 4
16587,Tier 3,NIL,Her Hampshire,Tier 5,Nil,51.97,113.52,113.52,100,2,Tier 4,TRUE,16587,Tier 5
15967,Tier 3,NIL,Salford Symphony Orchestra,Tier 5,Nil,52.02,113.08,113.08,178,2,Tier 4,TRUE,15967,Tier 5
9258,Tier 3,NIL,Netley Marsh Infant School PTA,Tier 5,Nil,52.06,112.72,112.72,407,2,Tier 4,TRUE,9258,Tier 4
12240,Tier 4,Tier 2,Resourceful Community Scrapstore,Tier 4,Tier 5,48.07,112.71,148.72,625,3,Tier 3,TRUE,12240,Tier 4
2338,Tier 3,Tier 3,The Birchall Trust,Tier 4,Free,50.12,112.71,112.71,176,3,Tier 4,FALSE,2338,Tier 5
18392,Tier 3,NIL,Friends of All Hallows,Tier 5,Nil,52.14,112.67,112.67,52,2,Tier 4,TRUE,18392,Tier 5
15602,Tier 3,NIL,ryelands @ Ivy Cottage,Tier 5,Nil,52.17,112.65,112.65,304,2,Tier 4,TRUE,15602,Tier 5
17520,Tier 3,NIL,Swim Club,Tier 5,Nil,54.74,112.58,112.58,370,1,Tier 4,TRUE,17520,Tier 5
10197,Tier 3,Tier 3,Heskin Hall,Tier 4,Tier 4,41.15,112.5,342.16,142,4,Tier 4,FALSE,10197,Tier 4
12847,Tier 3,Tier 4,Lancing College Enterprises LTD,Tier 4,Tier 4,39.69,112.5,518.12,168,3,Tier 4,FALSE,12847,Tier 4
15259,Tier 3,NIL,RHSA Events,Tier 5,Nil,54.81,112.42,112.42,69,1,Tier 4,TRUE,15259,Tier 5
14678,Tier 3,Tier 4,SPS&SPGS Leavers' Ball '25,Tier 4,Tier 4,45.31,112,442.75,64,1,Tier 4,FALSE,14678,Tier 4
14943,Tier 4,NIL,Elliot James Bransby Memorial Shield,Tier 5,Nil,54.88,111.89,111.89,738,1,Tier 3,TRUE,14943,Tier 5
16731,Tier 3,NIL,Quintessentially Christmas,Tier 5,Nil,54.91,111.78,111.78,153,1,Tier 4,TRUE,16731,Tier 5
1761,Tier 3,Tier 2,Fareham Philharmonic Choir,Tier 4,Tier 5,41.19,111.75,262.75,146,6,Tier 4,FALSE,1761,Tier 4
11461,Tier 3,Tier 3,Fingertipspreschoolholidayclub,Tier 4,Tier 4,45.82,111.25,280.62,226,2,Tier 4,FALSE,11461,Tier 4
8735,Tier 3,Tier 3,Pole Place Limited,Tier 4,Tier 4,40.87,111.17,443.75,140,3,Tier 4,FALSE,8735,Tier 4
17551,Tier 3,NIL,Plymtree Cricket Club,Tier 5,Nil,55.02,110.92,110.92,259,1,Tier 4,TRUE,17551,Tier 5
15693,Tier 3,NIL,MILES THE PLAY LTD,Tier 5,Nil,55.08,110.83,110.83,188,1,Tier 4,TRUE,15693,Tier 5
16972,Tier 3,NIL,Christmas Party,Tier 5,Nil,55.05,110.83,110.83,70,1,Tier 4,TRUE,16972,Tier 5
10297,Tier 3,Tier 3,Wellness Events with Ellie and Ana,Tier 4,Tier 4,43.02,110.6,324.26,261,3,Tier 4,FALSE,10297,Tier 4
19224,Tier 3,NIL,TSP,Tier 5,Nil,55.13,110.21,110.21,302,1,Tier 4,TRUE,19224,Tier 5
16034,Tier 3,NIL,Padel Dynamic Limited,Tier 5,Nil,55.16,110.17,110.17,81,1,Tier 4,TRUE,16034,Tier 5
17986,Tier 3,NIL,GNMS Beetle Drive,Tier 5,Nil,52.65,110.08,110.08,188,2,Tier 4,TRUE,17986,Tier 5
2766,Tier 3,Tier 3,Musicians of All Saints,Tier 4,Tier 4,33.97,110,829.29,119,7,Tier 4,FALSE,2766,Tier 4
12761,Tier 4,Tier 4,Lingfield College Parents Association LCPA,Tier 4,Tier 5,45.45,109.93,224.73,646,3,Tier 3,TRUE,12761,Tier 4
15336,Tier 3,NIL,The Manchester Chorale,Tier 5,Nil,52.72,109.92,109.92,220,2,Tier 4,TRUE,15336,Tier 5
16938,Tier 3,NIL,Kay Clarkson,Tier 5,Nil,52.76,109.77,109.77,264,2,Tier 4,TRUE,16938,Tier 5
16056,Tier 3,NIL,North West Cancer Research Head Office,Tier 5,Nil,52.79,109.75,109.75,66,2,Tier 4,TRUE,16056,Tier 5
8753,Tier 3,Tier 4,Theatre in the Garden,Tier 4,Tier 3,38.3,109.59,713.52,90,3,Tier 4,FALSE,8753,Tier 4
3223,Tier 3,Tier 3,Lancashire Teaching Hospitals Charity,Tier 4,Tier 4,34.61,109.54,802.08,178,6,Tier 4,FALSE,3223,Tier 4
16303,Tier 3,NIL,CW Events - South Area Cumberland & Westmorland Freemasons,Tier 5,Nil,55.4,109.5,109.5,75,1,Tier 4,TRUE,16303,Tier 5
8850,Tier 3,Tier 4,The Wish Centre,Tier 4,Tier 4,38.64,109.42,682.63,161,3,Tier 4,FALSE,8850,Tier 4
19451,Tier 3,NIL,Newstead Wood Prom,Tier 5,Nil,55.45,109.42,109.42,61,1,Tier 4,TRUE,19451,Tier 5
5678,Tier 3,Tier 3,FOGS,Tier 4,Tier 5,40.23,109.4,363.96,293,5,Tier 4,FALSE,5678,Tier 4
18912,Tier 3,NIL,ESMS Commercial Enterprises,Tier 5,Nil,55.49,109.38,109.38,67,1,Tier 4,TRUE,18912,Tier 5
14787,Tier 3,Tier 3,Fairfield Community Farm,Tier 5,Tier 5,52.65,109.34,159.01,384,1,Tier 4,TRUE,14787,Tier 5
14474,Tier 3,Tier 2,Sacred Heart & Holy Souls Church,Tier 5,Tier 5,53.61,109.33,138.96,225,1,Tier 4,TRUE,14474,Tier 5
12120,Tier 3,Tier 1,Lancaster and Heysham School Sport Network CIC,Tier 4,Tier 5,49.81,109.21,128.29,116,3,Tier 4,FALSE,12120,Tier 5
16055,Tier 3,NIL,North West Cancer Research Southport,Tier 5,Nil,53.04,109,109,77,2,Tier 4,TRUE,16055,Tier 5
13545,Tier 3,Tier 3,Durham City Aquatics,Tier 4,Tier 5,49.46,108.98,174.36,243,2,Tier 4,FALSE,13545,Tier 4
6581,Tier 3,NIL,St Mary’s School Association,Tier 4,Nil,47.96,108.98,135.56,335,4,Tier 4,FALSE,6581,Tier 4
5253,Tier 3,Tier 3,Roy Bailey Big Band,Tier 4,Tier 4,41.81,108.77,337.83,161,4,Tier 4,FALSE,5253,Tier 4
14269,Tier 3,Tier 2,Andy Stone ADHD Mentor,Tier 5,Tier 5,51.44,108.63,134.63,224,2,Tier 4,TRUE,14269,Tier 5
6934,Tier 3,Tier 3,LCDP,Tier 4,Tier 4,40.66,108.54,398.06,119,4,Tier 4,FALSE,6934,Tier 4
18194,Tier 3,NIL,Play on productions,Tier 5,Nil,53.19,108.5,108.5,289,2,Tier 4,TRUE,18194,Tier 5
18478,Tier 3,NIL,The Willink School and Sixth Form,Tier 5,Nil,55.77,108.37,108.37,247,1,Tier 4,TRUE,18478,Tier 5
7894,Tier 3,Tier 3,Fenland Archery Club,Tier 4,Tier 5,42.49,108.34,306.46,199,4,Tier 4,FALSE,7894,Tier 4
15956,Tier 3,NIL,Bangor Ladies Choir,Tier 5,Nil,53.29,108.07,108.07,85,2,Tier 4,TRUE,15956,Tier 5
15482,Tier 3,NIL,Crosscrake PTFA,Tier 5,Nil,55.87,108.05,108.05,161,1,Tier 4,TRUE,15482,Tier 5
14134,Tier 3,Tier 1,Dutchman Events,Tier 5,Tier 5,54.65,107.87,125.25,204,1,Tier 4,TRUE,14134,Tier 5
7452,Tier 3,Tier 2,Friends of Wrekin College,Tier 4,Tier 5,43.31,107.5,268.75,172,4,Tier 4,FALSE,7452,Tier 4
9607,Tier 3,Tier 3,Vocalis,Tier 4,Tier 4,42.36,107.33,316.21,149,4,Tier 4,FALSE,9607,Tier 4
5241,Tier 3,Tier 3,Bethany Smith,Tier 4,Tier 4,37.79,107.26,545.28,248,5,Tier 4,FALSE,5241,Tier 4
14009,Tier 3,Tier 3,AISA events,Tier 4,Tier 4,47.7,107.17,347.54,112,1,Tier 4,FALSE,14009,Tier 4
573,Tier 3,Tier 3,Uckfield Music Club,Tier 4,Tier 4,37.74,107.08,437.29,116,9,Tier 4,FALSE,573,Tier 4
19951,Tier 3,NIL,The Duke @ Marlow,Tier 5,Nil,56.05,107.08,107.08,246,1,Tier 4,TRUE,19951,Tier 5
16505,Tier 3,NIL,Lucas and friends,Tier 5,Nil,56.12,106.75,106.75,122,1,Tier 4,TRUE,16505,Tier 5
8253,Tier 3,Tier 3,Leap Dance Midlands,Tier 4,Tier 5,45.59,106.67,238.67,406,3,Tier 4,FALSE,8253,Tier 4
1815,Tier 3,Tier 2,Barnet Choral Society - Emi Morimoto,Tier 4,Tier 4,38.7,106.62,394,135,8,Tier 4,FALSE,1815,Tier 4
6171,Tier 3,Tier 3,Douai Foundation,Tier 4,Tier 5,40.73,106.38,410.04,230,4,Tier 4,FALSE,6171,Tier 4
19131,Tier 3,NIL,Elixir Entertainment,Tier 5,Nil,56.21,106.38,106.38,111,1,Tier 4,TRUE,19131,Tier 5
817,Tier 3,Tier 3,Market Deeping Model Rail Club,Tier 4,Tier 5,40.54,106.25,312.85,277,7,Tier 4,FALSE,817,Tier 4
3396,Tier 3,Tier 3,Nottinghamshire County Netball,Tier 4,Tier 4,40.73,106.17,361.33,196,5,Tier 4,FALSE,3396,Tier 4
15343,Tier 4,NIL,Caulkhead Events,Tier 5,Nil,56.29,106,106,680,1,Tier 3,TRUE,15343,Tier 5
15233,Tier 3,NIL,The Lunar Swing,Tier 5,Nil,56.33,105.63,105.63,118,1,Tier 4,TRUE,15233,Tier 5
5782,Tier 4,Tier 4,WHSSC,Tier 4,Tier 2,32.79,105.58,1455.64,113,5,Tier 3,TRUE,5782,Tier 4
18513,Tier 3,NIL,The Imperial Palace of Big Red,Tier 5,Nil,56.39,105.17,105.17,238,1,Tier 4,TRUE,18513,Tier 5
7877,Tier 4,Tier 4,VWFC Youth Committee,Tier 4,Tier 4,43.02,105.04,369.66,426,3,Tier 3,TRUE,7877,Tier 4
19243,Tier 4,NIL,Friends of Blackbrook PTA,Tier 5,Nil,56.45,104.84,104.84,471,1,Tier 3,TRUE,19243,Tier 5
17347,Tier 3,NIL,HI for Palestinians,Tier 5,Nil,53.94,104.67,104.67,166,2,Tier 4,TRUE,17347,Tier 5
8693,Tier 3,Tier 3,North West Ambulance Charity,Tier 4,Tier 5,47.98,104.64,233.78,181,2,Tier 4,FALSE,8693,Tier 4
19556,Tier 3,NIL,UK Sartre Society,Tier 5,Nil,56.53,104.58,104.58,20,1,Tier 4,TRUE,19556,Tier 5
1546,Tier 3,Tier 3,National Concert Band Festival,Tier 4,Tier 4,39.18,104.5,395.25,98,7,Tier 4,FALSE,1546,Tier 4
990,Tier 4,Tier 4,Sacred Heart Catholic Primary School,Tier 4,Tier 4,36.62,104.25,570.6,524,8,Tier 3,TRUE,990,Tier 4
18162,Tier 3,NIL,Adlington Village Hall,Tier 5,Nil,54.04,104.25,104.25,192,2,Tier 4,TRUE,18162,Tier 5
19313,Tier 3,NIL,Special Rider Books & Records,Tier 5,Nil,56.63,104.17,104.17,182,1,Tier 4,TRUE,19313,Tier 5
1065,Tier 4,Tier 4,KGS - Sports Department,Tier 4,Tier 2,30.38,104.12,2273.54,329,7,Tier 3,TRUE,1065,Tier 4
3547,Tier 4,Tier 4,Sawley CC,Tier 4,Tier 3,34.75,104.12,1028.99,187,5,Tier 3,TRUE,3547,Tier 4
17803,Tier 3,NIL,House Of Sculpt,Tier 5,Nil,54.12,104.12,104.12,53,2,Tier 4,TRUE,17803,Tier 5
16890,Tier 3,NIL,Imogen Graham,Tier 5,Nil,56.72,104,104,240,1,Tier 4,TRUE,16890,Tier 5
19552,Tier 3,NIL,DUIS,Tier 5,Nil,56.77,103.8,103.8,145,1,Tier 4,TRUE,19552,Tier 5
5255,Tier 3,Tier 3,GSCB Starter Band,Tier 4,Tier 4,40.19,103.77,405.29,270,5,Tier 4,FALSE,5255,Tier 4
17984,Tier 3,NIL,The Liverpool Blue Coat School,Tier 5,Nil,54.27,103.76,103.76,406,2,Tier 4,TRUE,17984,Tier 5
3155,Tier 4,Tier 4,United Kingdom Literacy Association,Tier 4,Tier 4,31.46,103.75,1891.5,239,6,Tier 3,TRUE,3155,Tier 4
16467,Tier 3,NIL,Disability Snowsport UK,Tier 5,Nil,56.86,103.66,103.66,130,1,Tier 4,TRUE,16467,Tier 5
3074,Tier 3,Tier 3,Unique Ladies Ribble Valley,Tier 4,Tier 4,37.42,103.5,576.96,108,6,Tier 4,FALSE,3074,Tier 4
13347,Tier 3,Tier 2,EastbourneCricket,Tier 4,Tier 5,50.11,103.38,176.5,93,2,Tier 4,FALSE,13347,Tier 4
17824,Tier 3,NIL,TheFold,Tier 5,Nil,54.38,103.38,103.38,167,2,Tier 4,TRUE,17824,Tier 5
18436,Tier 3,NIL,Samantha Jane Dance Company,Tier 5,Nil,56.96,103.1,103.1,104,1,Tier 4,TRUE,18436,Tier 5
17454,Tier 3,NIL,Ms2407,Tier 5,Nil,54.45,102.96,102.96,62,2,Tier 4,TRUE,17454,Tier 5
4778,Tier 3,Tier 3,Premier Studios,Tier 4,Tier 4,35.91,102.79,771.22,238,6,Tier 4,FALSE,4778,Tier 4
2308,Tier 3,Tier 3,Bournemouth Youth Handbell Team,Tier 4,Tier 4,37.49,102.77,537.95,166,7,Tier 4,FALSE,2308,Tier 4
2070,Tier 3,Tier 3,Wellington Cricket Club,Tier 4,Tier 4,35.58,102.71,728.58,69,8,Tier 4,FALSE,2070,Tier 4
15515,Tier 3,NIL,Carries Courage - Fighting Cancer,Tier 5,Nil,57.09,102.54,102.54,107,1,Tier 4,TRUE,15515,Tier 5
7317,Tier 4,Tier 4,Centre for the New Midlands,Tier 4,Tier 5,47.8,102.5,158.75,1101,4,Tier 3,TRUE,7317,Tier 4
16385,Tier 3,NIL,Taunton Military Wives Choir,Tier 5,Nil,54.59,102.04,102.04,139,2,Tier 4,TRUE,16385,Tier 5
18253,Tier 3,NIL,Bolton Muslim Girls School,Tier 5,Nil,54.62,102,102,181,2,Tier 4,TRUE,18253,Tier 5
17505,Tier 3,NIL,Cuckfield Progressive Supper,Tier 5,Nil,54.65,101.96,101.96,89,2,Tier 4,TRUE,17505,Tier 5
11149,Tier 3,NIL,Malvern St James,Tier 5,Nil,54.68,101.62,101.62,399,2,Tier 4,TRUE,11149,Tier 5
17685,Tier 3,NIL,Whitehead Sport and Social Club,Tier 5,Nil,54.72,101.42,101.42,263,2,Tier 4,TRUE,17685,Tier 5
8193,Tier 3,Tier 4,The High School of Glasgow,Tier 4,Tier 3,34.92,101.25,1301.88,236,4,Tier 4,FALSE,8193,Tier 4
12758,Tier 4,Tier 4,Inspire Youth Zone,Tier 5,Tier 5,50.9,100.72,128.3,652,3,Tier 3,TRUE,12758,Tier 4
5940,Tier 3,Tier 4,Hi-Bri's Dance Studio,Tier 4,Tier 3,36.49,100.71,976.17,148,4,Tier 4,FALSE,5940,Tier 4
5230,Tier 4,Tier 3,Fortalice Ltd,Tier 4,Tier 4,37.04,100.64,736.13,108,5,Tier 3,TRUE,5230,Tier 4
13331,Tier 3,Tier 4,These Girls Van,Tier 4,Tier 4,43.26,100.41,526.54,83,2,Tier 4,FALSE,13331,Tier 4
14187,Tier 3,NIL,Off The Pier Events,Tier 5,Nil,54.84,100.37,101.38,131,2,Tier 4,TRUE,14187,Tier 5
13354,Tier 3,Tier 3,Hazlehead Primary Parent Council,Tier 4,Tier 5,49.58,100.25,200.4,350,2,Tier 4,FALSE,13354,Tier 4
16498,Tier 3,NIL,Islas Bingo,Tier 5,Nil,57.45,100.21,100.21,185,1,Tier 4,TRUE,16498,Tier 5
18282,Tier 4,NIL,White Notley PTA,Tier 5,Nil,57.5,99.81,99.81,435,1,Tier 3,TRUE,18282,Tier 5
5180,Tier 3,NIL,Escape2Make,Tier 4,Nil,45.37,99.79,232.17,134,4,Tier 4,FALSE,5180,Tier 4
7602,Tier 3,Tier 2,Meraki HR,Tier 5,Tier 5,51.63,99.75,100.17,101,4,Tier 4,TRUE,7602,Tier 5
15605,Tier 3,NIL,Wood End Farm Open Day,Tier 5,Nil,57.58,99.58,99.58,316,1,Tier 4,TRUE,15605,Tier 5
10196,Tier 3,Tier 2,Aire Valley Uk,Tier 4,Tier 5,47.48,99.54,205.5,72,3,Tier 4,FALSE,10196,Tier 4
1982,Tier 3,NIL,Let Me Sing,Tier 5,Nil,51.44,99.5,103.83,124,4,Tier 4,TRUE,1982,Tier 5
5342,Tier 3,Tier 4,Rawdatul Batul,Tier 4,Tier 4,43.87,99.25,293.42,211,4,Tier 4,FALSE,5342,Tier 4
6322,Tier 3,Tier 3,Glenwhan Gardens,Tier 4,Tier 4,41.55,99.21,367.53,225,5,Tier 4,FALSE,6322,Tier 4
11408,Tier 3,Tier 2,Holmbury Choral Society,Tier 4,Tier 5,50.4,98.92,182.04,127,2,Tier 4,FALSE,11408,Tier 5
2580,Tier 3,Tier 3,Marshland Archers,Tier 4,Tier 4,36.96,98.88,645.38,297,7,Tier 4,FALSE,2580,Tier 4
7149,Tier 3,Tier 3,Friends of HWCE School,Tier 4,Tier 4,43.18,98.68,334.6,351,4,Tier 4,FALSE,7149,Tier 4
13076,Tier 3,NIL,Staveley Amateur Operatic Society,Tier 5,Nil,55.23,98.62,98.62,180,2,Tier 4,TRUE,13076,Tier 5
15736,Tier 3,NIL,LGBT Out in the Bay,Tier 5,Nil,57.77,98.62,98.62,307,1,Tier 4,TRUE,15736,Tier 5
5839,Tier 3,Tier 3,Beechwood School,Tier 4,Tier 4,42.31,98.5,385.39,213,4,Tier 4,FALSE,5839,Tier 4
15493,Tier 3,NIL,The Friends of KAM,Tier 5,Nil,55.29,98.49,98.49,209,2,Tier 4,TRUE,15493,Tier 5
11780,Tier 3,Tier 3,Shap School,Tier 4,Tier 5,50.07,98.38,193.46,77,2,Tier 4,FALSE,11780,Tier 4
12894,Tier 3,Tier 2,Complete Works NYC Fundraiser,Tier 4,Tier 5,50.82,98.25,175.58,158,2,Tier 4,FALSE,12894,Tier 4
8761,Tier 4,Tier 3,Michaelmas Charity Raffle 2025,Tier 4,Tier 4,43.21,98.17,340.71,412,4,Tier 3,TRUE,8761,Tier 4
15662,Tier 3,NIL,Rebecca Fielding Lancashire NFU Chair,Tier 5,Nil,57.91,98.12,98.12,163,1,Tier 4,TRUE,15662,Tier 5
880,Tier 3,Tier 2,ISM,Tier 4,Tier 5,47.51,98.02,130.19,282,8,Tier 4,FALSE,880,Tier 5
9083,Tier 3,Tier 3,Inverness Choral Society,Tier 4,Tier 4,43.2,98,342.75,126,4,Tier 4,FALSE,9083,Tier 4
12001,Tier 3,Tier 2,The Courthouse Kids Theatre,Tier 4,Tier 5,50.82,97.75,176.62,197,2,Tier 4,FALSE,12001,Tier 4
4977,Tier 3,Tier 3,Divertimento,Tier 4,Tier 4,40.76,97.67,389.96,155,6,Tier 4,FALSE,4977,Tier 4
13702,Tier 3,Tier 3,St Josephs Juvenile GAA Club,Tier 4,Tier 4,47.08,97.58,232.92,405,3,Tier 4,FALSE,13702,Tier 4
15295,Tier 3,NIL,TruGrit,Tier 5,Nil,55.49,97.58,97.58,202,2,Tier 4,TRUE,15295,Tier 5
9603,Tier 3,Tier 3,Business Focus Group,Tier 4,Tier 4,43.02,97.5,358.12,151,4,Tier 4,FALSE,9603,Tier 4
7759,Tier 3,Tier 3,Altrincham Choral Society,Tier 4,Tier 4,43.54,97.17,331.21,163,4,Tier 4,FALSE,7759,Tier 4
14636,Tier 3,NIL,Renes Fashion,Tier 5,Nil,55.59,96.96,96.96,64,2,Tier 4,TRUE,14636,Tier 5
6646,Tier 3,Tier 2,Drama CVMS,Tier 4,Tier 5,47.97,96.88,204.38,188,3,Tier 4,FALSE,6646,Tier 4
6510,Tier 3,NIL,Ampthill Mayors Charity,Tier 4,Nil,43.76,96.58,270.08,149,5,Tier 4,FALSE,6510,Tier 4
6158,Tier 3,Tier 3,SMC FP Club,Tier 4,Tier 5,43.71,96.42,273.34,63,5,Tier 4,FALSE,6158,Tier 4
14799,Tier 3,Tier 3,The Pit Ulverston,Tier 5,Tier 5,52.62,96.19,143.27,188,2,Tier 4,TRUE,14799,Tier 5
7981,Tier 3,Tier 4,Special Steps,Tier 4,Tier 4,45.35,96.13,249.78,283,4,Tier 4,FALSE,7981,Tier 4
12544,Tier 3,Tier 2,Lesley Butler,Tier 5,Tier 5,53.07,95.58,135.29,33,2,Tier 4,TRUE,12544,Tier 5
19396,Tier 3,NIL,Robinson Contract Services,Tier 5,Nil,58.27,95.54,95.54,39,1,Tier 4,TRUE,19396,Tier 5
10083,Tier 3,Tier 3,Burscough Village Primary School PTFA,Tier 4,Tier 4,44.56,95.37,284.56,285,4,Tier 4,FALSE,10083,Tier 4
16471,Tier 4,NIL,University Hospitals of Liverpool Charity,Tier 5,Nil,58.35,95.33,95.33,572,1,Tier 3,TRUE,16471,Tier 5
6066,Tier 3,NIL,High Five,Tier 5,Nil,53.28,95.33,104.21,364,3,Tier 4,TRUE,6066,Tier 5
9424,Tier 4,Tier 3,Lyn Cutler,Tier 4,Tier 5,46.57,95,210.75,447,4,Tier 3,TRUE,9424,Tier 4
16708,Tier 3,NIL,Swan Entertainment,Tier 5,Nil,58.43,95,95,85,1,Tier 4,TRUE,16708,Tier 5
17541,Tier 3,NIL,SPARTA,Tier 5,Nil,55.89,95,95,50,2,Tier 4,TRUE,17541,Tier 5
18928,Tier 3,NIL,HopScotch Whisky Bar,Tier 5,Nil,58.43,95,95,152,1,Tier 4,TRUE,18928,Tier 5
10348,Tier 3,Tier 2,Bendrigg Trust,Tier 4,Tier 5,45.6,94.92,307.24,141,3,Tier 4,FALSE,10348,Tier 4
10740,Tier 3,Tier 1,Otley Choral Society,Tier 5,Tier 5,52.51,94.83,114.96,105,3,Tier 4,TRUE,10740,Tier 5
17158,Tier 3,NIL,Barefoot Music,Tier 5,Nil,56.01,94.58,94.58,248,2,Tier 4,TRUE,17158,Tier 5
2557,Tier 3,Tier 3,Hertford Company of Archers,Tier 4,Tier 4,37.65,94.42,630.42,22,7,Tier 4,FALSE,2557,Tier 4
8399,Tier 3,Tier 2,Family Fund,Tier 4,Tier 5,46.59,94.38,214.38,158,4,Tier 4,FALSE,8399,Tier 4
13937,Tier 3,Tier 2,Craiglockhart Parent and Carer Council,Tier 5,Tier 5,52.53,94.33,150.41,163,2,Tier 4,TRUE,13937,Tier 5
12580,Tier 3,Tier 3,Westport Sound,Tier 4,Tier 4,46.94,94,252.92,170,3,Tier 4,FALSE,12580,Tier 4
15248,Tier 3,NIL,Fubhub Leigh,Tier 5,Nil,56.12,94,94,262,2,Tier 4,TRUE,15248,Tier 5
14219,Tier 3,NIL,Music Teachers Association,Tier 5,Nil,56.17,93.75,93.75,340,2,Tier 4,TRUE,14219,Tier 5
10627,Tier 3,Tier 3,BHCHS Music,Tier 4,Tier 5,50.46,93.62,201.54,296,2,Tier 4,FALSE,10627,Tier 4
5366,Tier 3,Tier 3,Friends Of Comberbach School (FoCs),Tier 4,Tier 5,42.08,93.62,436.11,161,4,Tier 4,FALSE,5366,Tier 4
8212,Tier 3,Tier 3,Longridge Community Association,Tier 4,Tier 5,45.62,93.58,254.23,329,4,Tier 4,FALSE,8212,Tier 4
11396,Tier 3,Tier 4,Aspire Ryde,Tier 5,Tier 5,53.25,93.58,108.29,241,3,Tier 4,TRUE,11396,Tier 5
5262,Tier 3,Tier 3,Penrith Chamber of Trade and Commerce,Tier 4,Tier 4,42.39,93.54,366.92,204,5,Tier 4,FALSE,5262,Tier 4
7992,Tier 4,Tier 2,Avon House Preparatory School,Tier 5,Free,52.96,93.23,93.23,444,4,Tier 3,TRUE,7992,Tier 5
13048,Tier 3,Tier 2,Cappella Newcastle,Tier 4,Tier 5,50.73,92.96,150.37,191,3,Tier 4,FALSE,13048,Tier 5
17792,Tier 3,NIL,Reflect Productions,Tier 5,Nil,58.89,92.87,92.87,193,1,Tier 4,TRUE,17792,Tier 5
18843,Tier 3,NIL,Camberley 478 Scout Group,Tier 5,Nil,58.93,92.75,92.75,145,1,Tier 4,TRUE,18843,Tier 5
13536,Tier 3,Tier 3,All Saints Pantomime Society,Tier 5,Tier 5,52.06,92.72,128.1,340,3,Tier 4,TRUE,13536,Tier 5
7678,Tier 3,Tier 3,Ad Astra Cider,Tier 4,Tier 4,43.09,92.63,388.87,149,4,Tier 4,FALSE,7678,Tier 4
14878,Tier 3,Tier 3,Emily Robson-Ramsay,Tier 5,Tier 5,53.61,92.63,187.13,108,1,Tier 4,TRUE,14878,Tier 5
6376,Tier 3,Tier 2,Too Old For Timepiece,Tier 4,Tier 5,46.25,92.58,202.88,236,5,Tier 4,FALSE,6376,Tier 4
13024,Tier 3,NIL,Goring and Streatley Young Musicians Trust,Tier 5,Nil,56.48,92.58,92.58,126,2,Tier 4,TRUE,13024,Tier 5
9775,Tier 4,Tier 3,Mochi,Tier 4,Tier 5,46.2,92.55,239.55,413,4,Tier 3,TRUE,9775,Tier 4
11715,Tier 3,Tier 4,Cambridge Artists For Palestine,Tier 4,Tier 4,48.48,92.53,282.82,183,2,Tier 4,FALSE,11715,Tier 4
17309,Tier 3,NIL,CrossReach,Tier 5,Nil,59.1,92.52,92.52,184,1,Tier 4,TRUE,17309,Tier 5
15775,Tier 3,NIL,Samantha Cooper Event,Tier 5,Nil,59.14,92.35,92.35,103,1,Tier 4,TRUE,15775,Tier 5
8462,Tier 3,Tier 2,Corbett PTA,Tier 4,Tier 5,46.81,92.13,220.54,170,4,Tier 4,FALSE,8462,Tier 4
12225,Tier 4,Tier 4,Westmorland and Furness Libraries,Tier 5,Tier 5,52.95,92.06,115.52,1051,3,Tier 3,TRUE,12225,Tier 5
11026,Tier 4,Tier 3,Inspire PTFA,Tier 4,Tier 5,49.34,91.82,185.4,531,3,Tier 3,TRUE,11026,Tier 4
19315,Tier 3,NIL,Moth Coffi,Tier 5,Nil,59.23,91.75,91.75,232,1,Tier 4,TRUE,19315,Tier 5
19669,Tier 3,NIL,Cantina Carnitas,Tier 5,Nil,59.27,91.67,91.67,55,1,Tier 4,TRUE,19669,Tier 5
16597,Tier 3,NIL,St Davids Penknife Club,Tier 5,Nil,59.29,91.54,91.54,99,1,Tier 4,TRUE,16597,Tier 5
15735,Tier 3,NIL,Shepshed Watermill,Tier 5,Nil,56.79,91.27,91.27,207,2,Tier 4,TRUE,15735,Tier 5
5107,Tier 3,Tier 3,The Extraordinary Achievers,Tier 4,Tier 4,43.19,91.25,341.88,149,5,Tier 4,FALSE,5107,Tier 4
14592,Tier 3,Tier 3,Windmill Missional Community,Tier 5,Tier 5,53.52,91.21,140.82,194,2,Tier 4,TRUE,14592,Tier 5
16041,Tier 3,NIL,The Gesualdo Six - Charity,Tier 5,Nil,59.42,91,91,91,1,Tier 4,TRUE,16041,Tier 5
9615,Tier 3,NIL,Sutton Songsters,Tier 5,Nil,53.87,90.88,135.25,147,2,Tier 4,TRUE,9615,Tier 5
17003,Tier 4,NIL,Deneholm Primary School PTA,Tier 5,Nil,56.92,90.59,90.59,471,2,Tier 3,TRUE,17003,Tier 5
19707,Tier 3,NIL,Mill Mead PSA,Tier 5,Nil,59.49,90.5,90.5,339,1,Tier 4,TRUE,19707,Tier 5
15091,Tier 3,NIL,Beccles Town Festival,Tier 5,Nil,59.52,90.46,90.46,349,1,Tier 4,TRUE,15091,Tier 5
15219,Tier 3,NIL,The Girls Spot,Tier 5,Nil,59.56,90.08,90.08,94,1,Tier 4,TRUE,15219,Tier 5
12254,Tier 3,Tier 2,DCB Events,Tier 5,Tier 5,51.01,90.04,154.83,117,3,Tier 4,TRUE,12254,Tier 5
13217,Tier 4,Tier 3,Quorn FC Youth,Tier 5,Tier 5,50.98,89.87,155.71,793,3,Tier 3,TRUE,13217,Tier 4
13297,Tier 3,Tier 3,BELMONT ACADEMY EVENTS,Tier 4,Tier 5,49.57,89.67,186.05,362,3,Tier 4,FALSE,13297,Tier 4
18936,Tier 3,NIL,Friends of bottesford primary school,Tier 5,Nil,59.68,89.54,89.54,163,1,Tier 4,TRUE,18936,Tier 5
13584,Tier 3,Tier 3,Trinity Academy,Tier 4,Tier 5,50.14,89.38,174.64,394,3,Tier 4,FALSE,13584,Tier 4
7273,Tier 3,Tier 3,Langmere Lamb,Tier 4,Tier 5,49.83,89.38,181.92,264,3,Tier 4,FALSE,7273,Tier 4
17561,Tier 3,NIL,Ellis Edwards Foundation,Tier 5,Nil,59.73,89.38,89.38,143,1,Tier 4,TRUE,17561,Tier 5
18819,Tier 3,NIL,Bury Parish Church,Tier 5,Nil,59.78,89.33,89.33,123,1,Tier 4,TRUE,18819,Tier 5
14553,Tier 3,Tier 3,Woodbury School PTFA,Tier 5,Tier 5,55.18,89.26,165.53,186,1,Tier 4,TRUE,14553,Tier 5
13379,Tier 3,Tier 3,Friends of Castle Donington College,Tier 4,Tier 4,48.15,89.17,236.83,172,3,Tier 4,FALSE,13379,Tier 4
14270,Tier 3,Tier 2,The Olive Branch,Tier 5,Tier 5,53.36,89,150,92,2,Tier 4,TRUE,14270,Tier 5
11344,Tier 3,Tier 3,Upper Wharfedale Primary Federation,Tier 5,Tier 5,51.61,88.86,187.75,205,2,Tier 4,TRUE,11344,Tier 4
3017,Tier 3,Tier 4,Colchester Royal Grammar School CRGSA,Tier 4,Tier 5,36.39,88.83,937.57,223,7,Tier 4,FALSE,3017,Tier 4
15681,Tier 3,NIL,Poppy Soilleux,Tier 5,Nil,59.91,88.79,88.79,76,1,Tier 4,TRUE,15681,Tier 5
17019,Tier 3,NIL,Lottie Darby,Tier 5,Nil,57.4,88.77,88.77,210,2,Tier 4,TRUE,17019,Tier 5
636,Tier 3,Tier 3,Birkenhead Choral Society,Tier 4,Tier 4,44.47,88.71,249.65,126,7,Tier 4,FALSE,636,Tier 4
6266,Tier 3,Tier 3,Blackburn Chamber Choir,Tier 4,Tier 4,44.21,88.62,307.54,141,5,Tier 4,FALSE,6266,Tier 4
18711,Tier 3,NIL,NHVS,Tier 5,Nil,60.01,88.58,88.58,108,1,Tier 4,TRUE,18711,Tier 5
3820,Tier 3,Tier 3,Handley Farm,Tier 4,Tier 5,48.58,88.54,163,295,5,Tier 4,FALSE,3820,Tier 4
16591,Tier 3,NIL,Whirlow Brook Hall,Tier 5,Nil,57.52,88.2,88.2,366,2,Tier 4,TRUE,16591,Tier 5
1917,Tier 3,Tier 3,Ampleforth College,Tier 4,Tier 4,36.97,88.08,821.25,26,8,Tier 4,FALSE,1917,Tier 4
8192,Tier 3,Tier 3,Friends of Beehive Prep School,Tier 4,Tier 4,46.89,88.08,295.22,92,3,Tier 4,FALSE,8192,Tier 4
15377,Tier 3,NIL,Me-Time Pop Choir,Tier 5,Nil,60.11,88.08,88.08,156,1,Tier 4,TRUE,15377,Tier 5
16492,Tier 3,NIL,Connective Healing,Tier 5,Nil,57.61,87.79,87.79,52,2,Tier 4,TRUE,16492,Tier 5
15628,Tier 3,NIL,Vocal Accord,Tier 5,Nil,60.18,87.75,87.75,167,1,Tier 4,TRUE,15628,Tier 5
16019,Tier 3,NIL,Scottish Junior Sports and Health Trust,Tier 5,Nil,57.68,87.37,87.37,104,2,Tier 4,TRUE,16019,Tier 5
19627,Tier 3,NIL,FOBS BOTW,Tier 5,Nil,60.25,87.25,87.25,133,1,Tier 4,TRUE,19627,Tier 5
8573,Tier 3,Tier 2,The Friends of Lancaster Judges’ Lodgings,Tier 5,Tier 5,52.62,87.08,132.79,50,3,Tier 4,TRUE,8573,Tier 5
16908,Tier 3,NIL,MJH ArtStudio,Tier 5,Nil,57.76,87.01,87.01,53,2,Tier 4,TRUE,16908,Tier 5
15244,Tier 3,NIL,Hithertones CIC,Tier 5,Nil,57.79,86.96,86.96,95,2,Tier 4,TRUE,15244,Tier 5
15899,Tier 3,NIL,St Mary’s Church - Project Vision,Tier 5,Nil,60.37,86.92,86.92,107,1,Tier 4,TRUE,15899,Tier 5
18027,Tier 3,NIL,Lakota Sands,Tier 5,Nil,57.88,86.54,86.54,59,2,Tier 4,TRUE,18027,Tier 5
16987,Tier 3,NIL,Sefton Charities,Tier 5,Nil,60.45,86.31,86.31,93,1,Tier 4,TRUE,16987,Tier 5
15781,Tier 3,NIL,USH PTFA,Tier 5,Nil,57.93,86.27,86.27,205,2,Tier 4,TRUE,15781,Tier 5
5588,Tier 3,Tier 3,Glasgow Orchestral Society,Tier 4,Tier 4,43.31,86.25,372.75,120,5,Tier 4,FALSE,5588,Tier 4
13590,Tier 3,Tier 2,Hilltop Social Club,Tier 5,Tier 5,53.27,86.24,124.2,142,3,Tier 4,TRUE,13590,Tier 5
7868,Tier 3,Tier 3,Friends of Bilton Infant School,Tier 4,Tier 5,47.43,86.22,230.93,367,4,Tier 4,FALSE,7868,Tier 4
11595,Tier 3,Tier 3,Deep Clough Farm,Tier 5,Tier 5,54.26,85.79,140.88,366,2,Tier 4,TRUE,11595,Tier 5
1027,Tier 3,Tier 3,St John the Baptist School,Tier 4,Tier 5,40.76,85.71,468.4,121,7,Tier 4,FALSE,1027,Tier 4
15094,Tier 3,NIL,Allegri Singers,Tier 5,Nil,58.08,85.62,85.62,115,2,Tier 4,TRUE,15094,Tier 5
1136,Tier 4,Tier 4,Halton Mill,Tier 4,Tier 3,33.81,85.54,1655.1,193,8,Tier 3,TRUE,1136,Tier 4
13220,Tier 3,Tier 2,L2 SPJ,Tier 5,Tier 5,54.87,85.33,132.29,56,2,Tier 4,TRUE,13220,Tier 5
18877,Tier 3,NIL,Sarah Jackson,Tier 5,Nil,60.74,85.25,85.25,80,1,Tier 4,TRUE,18877,Tier 5
7876,Tier 3,Tier 2,Parochial Church Council of Mountfield,Tier 5,Tier 5,51.33,85.25,163.83,82,3,Tier 4,TRUE,7876,Tier 5
11472,Tier 3,Tier 1,Julia Russell,Tier 5,Tier 5,55.57,85.23,92.86,54,3,Tier 4,TRUE,11472,Tier 5
4708,Tier 3,Tier 3,Planet Mirth,Tier 4,Tier 4,40.03,85.13,574.86,121,6,Tier 4,FALSE,4708,Tier 4
17746,Tier 3,NIL,YOGA DANCE FOOD,Tier 5,Nil,58.27,85.08,85.08,36,2,Tier 4,TRUE,17746,Tier 5
16120,Tier 3,NIL,Mashamshire Community Office,Tier 5,Nil,58.3,84.96,84.96,169,2,Tier 4,TRUE,16120,Tier 5
267,Tier 4,Tier 4,CoLFoCRUK,Tier 4,Tier 4,34.58,84.92,1415.72,86,8,Tier 3,TRUE,267,Tier 4
2980,Tier 3,NIL,Events on the Brum - Emma Edwards,Tier 5,Nil,57.22,84.83,99.87,112,2,Tier 4,TRUE,2980,Tier 5
15912,Tier 3,NIL,ACE Fundraising,Tier 5,Nil,58.36,84.78,84.78,120,2,Tier 4,TRUE,15912,Tier 5
14647,Tier 3,Tier 2,Happy Mount Park Cafe,Tier 5,Tier 5,55.68,84.42,120.75,102,2,Tier 4,TRUE,14647,Tier 5
12263,Tier 3,Tier 2,Shillingford Organics,Tier 5,Tier 5,56.82,84.21,106.68,245,2,Tier 4,TRUE,12263,Tier 5
16115,Tier 3,NIL,Get Up Keep Going CIC,Tier 5,Nil,58.45,84.21,84.21,163,2,Tier 4,TRUE,16115,Tier 5
2764,Tier 3,NIL,Delyth Johnson,Tier 4,Nil,46.1,83.96,214.58,52,7,Tier 4,FALSE,2764,Tier 5
10982,Tier 3,Tier 3,Zanobini Academy of Performing Arts,Tier 5,Tier 5,50.98,83.83,234.5,158,2,Tier 4,TRUE,10982,Tier 5
6787,Tier 3,Tier 3,Sherborne School (Leisure) Ltd (STR),Tier 4,Tier 4,42.76,83.75,625.62,139,3,Tier 4,FALSE,6787,Tier 4
12734,Tier 3,Tier 3,FreeStyleWithKj,Tier 5,Tier 5,52.54,83.75,184.58,199,2,Tier 4,TRUE,12734,Tier 5
15222,Tier 3,NIL,The Park at Kendal FC,Tier 5,Nil,58.58,83.67,83.67,148,2,Tier 4,TRUE,15222,Tier 5
18826,Tier 3,NIL,KDF Dance World Cup Fundraising,Tier 5,Nil,61.15,83.63,83.63,108,1,Tier 4,TRUE,18826,Tier 5
19225,Tier 3,NIL,BigDoggyDayOut,Tier 5,Nil,61.17,83.58,83.58,366,1,Tier 4,TRUE,19225,Tier 5
14245,Tier 3,Tier 2,Stretham School PSA,Tier 5,Tier 5,56.33,83.54,113.21,271,2,Tier 4,TRUE,14245,Tier 5
15301,Tier 3,NIL,Holme Grange School,Tier 5,Nil,61.22,83.53,83.53,315,1,Tier 4,TRUE,15301,Tier 5
9334,Tier 4,Tier 4,Ministerial Development and Wellbeing,Tier 4,Tier 4,48.02,83.5,225.25,1021,4,Tier 3,TRUE,9334,Tier 4
16848,Tier 3,NIL,RAY (Refugee Action York),Tier 5,Nil,61.27,83.46,83.46,67,1,Tier 4,TRUE,16848,Tier 5
16951,Tier 3,NIL,Junior Masters,Tier 5,Nil,61.3,83.33,83.33,107,1,Tier 4,TRUE,16951,Tier 5
7994,Tier 3,NIL,PK Models & Performers Agency,Tier 5,Nil,61.33,83.25,83.25,111,1,Tier 4,TRUE,7994,Tier 5
2897,High Value,High Value,AICC,Tier 4,Tier 1,30.94,83.12,6370.11,142,7,Tier 2,TRUE,2897,Tier 4
14560,Tier 3,NIL,Caversham Festival of Song,Tier 5,Nil,61.18,83.08,85.25,179,1,Tier 4,TRUE,14560,Tier 5
17234,Tier 3,NIL,Asita Pearce,Tier 5,Nil,61.39,83.01,83.01,81,1,Tier 4,TRUE,17234,Tier 5
16649,Tier 3,NIL,NPAA Ltd,Tier 5,Nil,58.89,82.92,82.92,59,2,Tier 4,TRUE,16649,Tier 5
7633,Tier 3,NIL,LJG Consultancy SoulSwimming,Tier 5,Nil,53.72,82.92,107.08,50,4,Tier 4,TRUE,7633,Tier 5
5298,Tier 3,Tier 3,West End Village Fete,Tier 4,Tier 4,44.86,82.79,322.71,59,5,Tier 4,FALSE,5298,Tier 4
17707,Tier 3,NIL,Oswestry rugby club,Tier 5,Nil,58.96,82.75,82.75,72,2,Tier 4,TRUE,17707,Tier 5
14763,Tier 3,Tier 1,Legacy Vision Entertainment,Tier 5,Tier 5,59.92,82.63,103.96,94,1,Tier 4,TRUE,14763,Tier 5
4544,Tier 3,Tier 2,Scott Longman City of London Ambassador Ltd,Tier 4,Tier 5,45.89,82.58,249.69,255,6,Tier 4,FALSE,4544,Tier 4
11404,Tier 3,Tier 3,Wellspring,Tier 5,Tier 5,51.54,82.48,172.18,111,3,Tier 4,TRUE,11404,Tier 5
7016,Tier 3,Tier 2,Ellen Wilkinson School,Tier 5,Tier 5,56.57,82.37,113.96,237,2,Tier 4,TRUE,7016,Tier 5
5644,Tier 3,Tier 2,Dunscore Amateur Dramatic Society,Tier 4,Tier 5,47.37,82.33,222.04,117,5,Tier 4,FALSE,5644,Tier 4
19067,Tier 3,NIL,BUXTON SPEEDWAY,Tier 5,Nil,61.62,81.99,81.99,118,1,Tier 4,TRUE,19067,Tier 5
7467,Tier 3,Tier 3,Kendal Cycling Festival,Tier 4,Tier 5,50.51,81.88,166.23,179,4,Tier 4,FALSE,7467,Tier 5
13598,Tier 3,Tier 1,Arnside Choral Society,Tier 5,Tier 5,57.59,81.71,103,135,2,Tier 4,TRUE,13598,Tier 5
12341,Tier 3,NIL,Escrick and Deighton Village Hall,Tier 5,Nil,57.16,81.68,81.68,171,3,Tier 4,TRUE,12341,Tier 5
3160,Tier 4,Tier 4,Museum of Witchcraft and Magic,Tier 4,Tier 4,30.94,81.67,13575.13,127,6,Tier 3,TRUE,3160,Tier 4
14972,Tier 3,NIL,Rayne PSA,Tier 5,Nil,61.74,81.6,81.6,137,1,Tier 4,TRUE,14972,Tier 5
13674,Tier 4,Tier 3,Arkholme CoE Primary School,Tier 5,Tier 5,56.23,81.58,121.14,546,2,Tier 3,TRUE,13674,Tier 5
7653,Tier 3,Tier 3,Savvy Style,Tier 4,Tier 4,43.66,81.54,466.25,70,4,Tier 4,FALSE,7653,Tier 4
6057,Tier 4,Tier 4,Monkton Partnership Events,Tier 4,Tier 4,43.36,81.5,416.29,435,5,Tier 3,TRUE,6057,Tier 4
10001,Tier 3,Tier 3,Cartmel Priory School,Tier 4,Tier 4,45.72,81.46,346.92,272,4,Tier 4,FALSE,10001,Tier 4
9800,Tier 3,Tier 2,Borders Chamber Orchestra,Tier 5,Tier 5,52.01,81.42,136.92,136,4,Tier 4,TRUE,9800,Tier 5
17655,Tier 3,NIL,TGI CHOIR,Tier 5,Nil,61.85,81.27,81.27,127,1,Tier 4,TRUE,17655,Tier 5
17827,Tier 3,NIL,Louis W Kidger,Tier 5,Nil,59.36,81.25,81.25,200,2,Tier 4,TRUE,17827,Tier 5
18061,Tier 3,NIL,Lane End Primary PcTA,Tier 5,Nil,61.91,81.25,81.25,124,1,Tier 4,TRUE,18061,Tier 5
18925,Tier 3,NIL,The Darren Munnelly Memorial Fund,Tier 5,Nil,61.91,81.25,81.25,150,1,Tier 4,TRUE,18925,Tier 5
18558,Tier 3,NIL,Sarah Evans,Tier 5,Nil,59.42,81.23,81.23,25,2,Tier 4,TRUE,18558,Tier 5
12181,Tier 3,Tier 3,Marie Curie Midlands & SW,Tier 5,Tier 5,52.9,81.19,192.19,95,2,Tier 4,TRUE,12181,Tier 5
10644,Tier 3,NIL,David Webster,Tier 5,Nil,56.31,81.17,95.29,134,3,Tier 4,TRUE,10644,Tier 5
13067,Tier 3,Tier 3,Bun Chicken Bun,Tier 5,Tier 4,51.77,81.17,232.62,66,2,Tier 4,TRUE,13067,Tier 5
18418,Tier 3,NIL,RGS Surrey Hills,Tier 5,Nil,59.49,81.17,81.17,150,2,Tier 4,TRUE,18418,Tier 5
14268,Tier 3,Tier 1,Liam O&#39;Keeffe,Tier 5,Tier 5,61.37,81,89.33,243,1,Tier 4,TRUE,14268,Tier 5
19378,Tier 3,NIL,NVSDD,Tier 5,Nil,62.09,81,81,108,1,Tier 4,TRUE,19378,Tier 5
3292,Tier 4,Tier 4,The Growth Community,Tier 4,Tier 4,42.1,80.96,477.87,1759,6,Tier 3,TRUE,3292,Tier 4
12935,Tier 3,Tier 2,MK&Broughton Village Hall,Tier 5,Tier 5,53.53,80.88,138.59,88,3,Tier 4,TRUE,12935,Tier 5
14429,Tier 3,Tier 1,SammyLee,Tier 5,Tier 5,61.55,80.71,87.58,51,1,Tier 4,TRUE,14429,Tier 5
6849,Tier 3,Tier 3,Trojan Explosion,Tier 4,Tier 5,48.24,80.71,240.77,149,4,Tier 4,FALSE,6849,Tier 5
11752,Tier 3,NIL,BFWI,Tier 5,Nil,59.68,80.62,80.62,158,2,Tier 4,TRUE,11752,Tier 5
5066,Tier 3,Tier 2,Satya Shanti Temple,Tier 4,Tier 5,47.72,80.62,226.07,131,5,Tier 4,FALSE,5066,Tier 5
5779,Tier 4,Tier 4,Abingdon School Account,Tier 5,Tier 5,51.69,80.62,131.25,632,5,Tier 3,TRUE,5779,Tier 5
12683,Tier 3,Tier 3,Morecambe Parish Church,Tier 5,Tier 5,52.44,80.49,164.6,183,3,Tier 4,TRUE,12683,Tier 5
14820,Tier 3,NIL,Bitterne Spiritualist Church,Tier 5,Nil,59.61,80.46,81.62,89,2,Tier 4,TRUE,14820,Tier 5
3073,Tier 4,Tier 4,Unique Ladies Hyndburn,Tier 4,Tier 3,35.45,80.29,1588.22,96,7,Tier 3,TRUE,3073,Tier 4
16772,Tier 3,NIL,Birchington Christmas,Tier 5,Nil,62.32,80.22,80.22,312,1,Tier 4,TRUE,16772,Tier 5
3557,Tier 2,Tier 2,Nene Valley Chapter,Tier 4,Tier 5,46.7,80.17,241.2,73,6,Tier 5,TRUE,3557,Tier 4
18643,Tier 2,NIL,Aura Networking,Tier 5,Nil,59.83,80.13,80.13,108,2,Tier 5,FALSE,18643,Tier 5
7239,Tier 3,Tier 3,Keith Partridge,Tier 4,Tier 4,44.25,79.87,460.15,220,4,Tier 4,FALSE,7239,Tier 4
17492,Tier 3,NIL,ROM Theatre Arts,Tier 5,Nil,62.46,79.68,79.68,161,1,Tier 4,TRUE,17492,Tier 5
15249,Tier 3,NIL,Shawlands Academy,Tier 5,Nil,62.5,79.67,79.67,400,1,Tier 4,TRUE,15249,Tier 5
17983,Tier 3,NIL,Cor Bryn Owain,Tier 5,Nil,62.5,79.67,79.67,134,1,Tier 4,TRUE,17983,Tier 5
11270,Tier 4,Tier 3,We Are Grow,Tier 5,Tier 5,51.88,79.57,177.73,1526,3,Tier 3,TRUE,11270,Tier 4
13862,Tier 2,Tier 2,SaritaPrintsJoy,Tier 5,Tier 5,56.3,79.53,130.4,61,2,Tier 5,FALSE,13862,Tier 5
13320,Tier 4,Tier 3,The Keys Academy Trust,Tier 5,Tier 5,52.37,79.42,169.92,412,3,Tier 3,TRUE,13320,Tier 5
18410,Tier 3,NIL,Perth and Kinross Intergroup - AA Convention,Tier 5,Nil,60.06,79.38,79.38,127,2,Tier 4,TRUE,18410,Tier 5
17149,Tier 2,NIL,Sawley CC,Tier 5,Nil,62.63,79.33,79.33,68,1,Tier 5,FALSE,17149,Tier 5
2933,Tier 3,Tier 3,Be Mindful now CIC,Tier 4,Tier 4,38.4,79.31,925.26,66,7,Tier 4,FALSE,2933,Tier 4
11952,Tier 3,Tier 3,Nicola Betts Community Musician,Tier 5,Tier 5,50.84,79.25,209.52,161,3,Tier 4,TRUE,11952,Tier 5
18633,Tier 3,NIL,Bilton C of E Junior School,Tier 5,Nil,62.7,79.02,79.02,308,1,Tier 4,TRUE,18633,Tier 5
13691,Tier 2,Tier 2,The Hive Party Bookings,Tier 5,Tier 5,54.48,78.91,130.04,50,3,Tier 5,FALSE,13691,Tier 5
8239,Tier 3,NIL,Oxford Harmony,Tier 5,Nil,53.7,78.83,143.83,162,3,Tier 4,TRUE,8239,Tier 5
9947,Tier 3,Tier 2,Horsell Sings!,Tier 5,Tier 5,53.21,78.83,154.78,114,3,Tier 4,TRUE,9947,Tier 5
7862,Tier 3,High Value,Holt Art Projects,Tier 4,Tier 2,37.12,78.79,3023.22,52,3,Tier 4,FALSE,7862,Tier 4
12691,Tier 4,Tier 4,St Hildas PTA,Tier 4,Tier 4,50.16,78.67,324.75,498,2,Tier 3,TRUE,12691,Tier 4
13022,Tier 2,Tier 2,Char Pizza,Tier 5,Tier 5,56.29,78.42,133.75,59,2,Tier 5,FALSE,13022,Tier 5
6364,Tier 3,Tier 3,Kooky Ceilidh,Tier 4,Tier 4,45.52,78.34,344.04,183,5,Tier 4,FALSE,6364,Tier 4
11947,Tier 2,Tier 3,Parkinsons YHYPSG,Tier 5,Tier 5,55.02,78.19,160.19,119,2,Tier 5,FALSE,11947,Tier 5
10344,Tier 3,Tier 3,The Undercovers Essex,Tier 4,Tier 5,50.25,78,237.33,117,3,Tier 4,FALSE,10344,Tier 4
13195,Tier 2,NIL,olivermcgowantraining@autismtogether.co.uk,Tier 5,Nil,59.83,77.97,84.77,41,2,Tier 5,FALSE,13195,Tier 5
2752,Tier 3,Tier 3,Bluegreen Coaching,Tier 4,Tier 5,42.28,77.9,480.2,46,7,Tier 4,FALSE,2752,Tier 4
887,Tier 4,Tier 4,UK Coaching,Tier 4,Tier 4,34.13,77.68,2570.77,188,8,Tier 3,TRUE,887,Tier 4
10762,Tier 2,Tier 2,Memories are Golden,Tier 5,Tier 5,53.81,77.67,146.17,124,3,Tier 5,FALSE,10762,Tier 5
6508,Tier 3,Tier 3,The Milestone Big Band,Tier 4,Tier 4,43.78,77.5,526.93,66,4,Tier 4,FALSE,6508,Tier 4
16827,Tier 3,NIL,The Purple Turtle,Tier 5,Nil,60.46,77.43,77.43,284,2,Tier 4,TRUE,16827,Tier 5
17955,Tier 3,NIL,Jennifer Peril,Tier 5,Nil,63.04,77.37,77.37,233,1,Tier 4,TRUE,17955,Tier 5
8799,Tier 3,Tier 3,Deaf Village,Tier 5,Tier 4,51.34,77.26,204.45,356,3,Tier 4,TRUE,8799,Tier 5
3916,Tier 3,NIL,Chelsea Academy Foundation,Tier 5,Nil,54.94,77.25,127.62,196,3,Tier 4,TRUE,3916,Tier 5
63,Tier 2,Tier 1,FMB (Financial Management Bureau),Tier 4,Tier 5,47.49,77.21,199.21,114,11,Tier 5,TRUE,63,Tier 5
12312,Tier 3,Tier 3,Helensburgh Oratorio Choir,Tier 5,Tier 5,52.31,77.2,179.33,157,3,Tier 4,TRUE,12312,Tier 5
6377,Tier 3,Tier 3,Warninglid WRS,Tier 4,Tier 4,45.2,77.14,433.24,145,4,Tier 4,FALSE,6377,Tier 4
10552,Tier 3,Tier 1,St Michael's Church  Abingdon,Tier 5,Tier 5,54.88,77.13,129.67,136,3,Tier 4,TRUE,10552,Tier 5
15037,Tier 3,NIL,EJB Raffles,Tier 5,Nil,63.18,76.83,76.83,165,1,Tier 4,TRUE,15037,Tier 5
12791,Tier 3,Tier 2,Rangamanch uk,Tier 5,Tier 5,54.75,76.81,132.18,138,3,Tier 4,TRUE,12791,Tier 5
18834,Tier 2,NIL,White Horse Family Reels,Tier 5,Nil,63.22,76.5,76.5,102,1,Tier 5,FALSE,18834,Tier 5
9664,Tier 3,Tier 3,Pangbourne Choral Society,Tier 4,Tier 4,48.94,76.08,244.25,102,4,Tier 4,FALSE,9664,Tier 5
4707,Tier 3,Tier 2,G4CNW,Tier 4,Tier 5,47.75,76,253.62,64,5,Tier 4,FALSE,4707,Tier 4
3839,Tier 3,Tier 3,CRMCC,Tier 4,Tier 4,43.1,75.62,470.62,119,6,Tier 4,FALSE,3839,Tier 4
14968,Tier 2,NIL,St Benedict&#39;s Summer Club,Tier 5,Nil,60.82,75.54,75.54,91,2,Tier 5,FALSE,14968,Tier 5
16086,Tier 3,NIL,The Orange Picture Club,Tier 5,Nil,60.82,75.54,75.54,321,2,Tier 4,TRUE,16086,Tier 5
15317,Tier 2,NIL,Friends of the Cathedral of the Forest,Tier 5,Nil,63.4,75.47,75.47,85,1,Tier 5,FALSE,15317,Tier 5
7769,Tier 3,Tier 4,King's St Alban's Parent Social Group,Tier 4,Tier 4,45.15,75.46,552.7,130,3,Tier 4,FALSE,7769,Tier 4
19174,Tier 3,NIL,St James Senior Girls School,Tier 5,Nil,63.44,75.46,75.46,145,1,Tier 4,TRUE,19174,Tier 5
17073,Tier 3,NIL,St Kenelms HSA,Tier 5,Nil,63.5,75.26,75.26,215,1,Tier 4,TRUE,17073,Tier 5
6560,Tier 3,Tier 3,FOGS - Pre Prep,Tier 4,Tier 4,45.08,75.17,391.75,173,5,Tier 4,FALSE,6560,Tier 4
5448,Tier 3,Tier 3,SPRING INTO ACTION (MEET N MATCH),Tier 4,Tier 4,43.72,75.07,481.63,265,5,Tier 4,FALSE,5448,Tier 4
10004,Tier 3,Tier 3,Merchant Taylors' School Ladies Association,Tier 4,Tier 4,47.54,75,390.12,225,3,Tier 4,FALSE,10004,Tier 4
12782,Tier 4,Tier 3,Blaenbaglan Primary PTA,Tier 5,Free,59.06,74.96,74.96,749,3,Tier 3,TRUE,12782,Tier 5
14427,Tier 2,Tier 1,Eddington Kendal CIC,Tier 5,Tier 5,60.72,74.75,80.08,114,2,Tier 5,FALSE,14427,Tier 5
19194,Tier 2,NIL,Salisbury Baptist Church,Tier 5,Nil,63.61,74.75,74.75,80,1,Tier 5,FALSE,19194,Tier 5
5244,Tier 3,Tier 2,verulaniums rugby club,Tier 4,Tier 5,47.8,74.46,260.03,128,5,Tier 4,FALSE,5244,Tier 4
13341,Tier 3,Tier 3,Exeter Stagecoach Theatre School,Tier 5,Tier 5,56.94,74.42,133.58,302,2,Tier 4,TRUE,13341,Tier 5
15915,Tier 3,NIL,Ysgol Y Deri PTA,Tier 5,Nil,61.15,74.33,74.33,184,2,Tier 4,TRUE,15915,Tier 5
17124,Tier 3,NIL,Dolly,Tier 5,Nil,61.18,74.28,74.28,171,2,Tier 4,TRUE,17124,Tier 5
7603,Tier 3,Tier 3,East Sussex Community Choir,Tier 4,Tier 4,47.98,74.17,374.08,90,3,Tier 4,FALSE,7603,Tier 4
11712,Tier 3,Tier 2,Jubilee Hall Bratton,Tier 5,Tier 5,57.75,74.08,120.33,127,2,Tier 4,TRUE,11712,Tier 5
14766,Tier 3,Tier 2,OLCC Lancaster,Tier 5,Tier 5,62.52,74.07,89.98,266,1,Tier 4,TRUE,14766,Tier 5
19625,Tier 3,NIL,The Crypt School,Tier 5,Nil,63.81,74.04,74.04,144,1,Tier 4,TRUE,19625,Tier 5
19762,Tier 2,NIL,Pangbourne College,Tier 5,Nil,63.84,74,74,37,1,Tier 5,FALSE,19762,Tier 5
1498,Tier 3,Tier 3,RC Baker Ltd,Tier 5,Tier 5,51.02,73.83,154.75,186,6,Tier 4,TRUE,1498,Tier 5
8095,Tier 3,Tier 2,Find Your Tribe. Club,Tier 5,Tier 5,54.24,73.75,125,127,4,Tier 4,TRUE,8095,Tier 5
14484,Tier 3,NIL,Juniper Hall,Tier 5,Nil,61.24,73.63,75.43,257,2,Tier 4,TRUE,14484,Tier 5
18154,Tier 2,NIL,Ant Show UK 2026,Tier 5,Nil,61.43,73.5,73.5,124,2,Tier 5,FALSE,18154,Tier 5
5484,Tier 3,Tier 3,Ichthyosis Support Group,Tier 5,Tier 5,54.86,73.48,138.32,312,3,Tier 4,TRUE,5484,Tier 5
9205,Tier 3,Tier 3,SO,Tier 4,Tier 4,45.76,73.46,535.33,147,3,Tier 4,FALSE,9205,Tier 4
14933,Tier 2,NIL,Mindset,Tier 5,Nil,64.03,73.46,73.46,41,1,Tier 5,FALSE,14933,Tier 5
15232,Tier 2,NIL,Ekopia,Tier 5,Nil,64.09,73.38,73.38,70,1,Tier 5,FALSE,15232,Tier 5
16746,Tier 2,NIL,North Camden Chorus,Tier 5,Nil,61.55,73.38,73.38,105,2,Tier 5,FALSE,16746,Tier 5
9113,Tier 3,Tier 3,The Farm Shop  Bidford on Avon,Tier 5,Tier 5,53.69,73.19,165.23,120,3,Tier 4,TRUE,9113,Tier 5
3165,Tier 3,Tier 3,Herefordshire Federation of WIs,Tier 4,Tier 4,42.09,73.17,614.33,117,6,Tier 4,FALSE,3165,Tier 4
17832,Tier 2,NIL,Mid Ulster Spurs Supporters Club,Tier 5,Nil,61.63,73.08,73.08,76,2,Tier 5,FALSE,17832,Tier 5
16946,Tier 2,NIL,TA Supervisors and Trainers Network,Tier 5,Nil,64.2,73,73,24,1,Tier 5,FALSE,16946,Tier 5
7235,Tier 3,Tier 4,CurrockCC,Tier 4,Tier 4,45.56,72.95,456.28,272,4,Tier 4,FALSE,7235,Tier 4
13863,Tier 2,Tier 2,Musica,Tier 5,Tier 5,61.36,72.92,109.88,111,1,Tier 5,FALSE,13863,Tier 5
18227,Tier 3,NIL,Glasgow Malayalee as,Tier 5,Nil,61.72,72.87,72.87,158,2,Tier 4,TRUE,18227,Tier 5
18703,Tier 2,NIL,HMD play,Tier 5,Nil,64.31,72.75,72.75,97,1,Tier 5,FALSE,18703,Tier 5
12223,Tier 2,Tier 2,Sheringham & Cromer Choral Society,Tier 5,Tier 5,59.18,72.67,106.79,122,2,Tier 5,FALSE,12223,Tier 5
15052,Tier 2,Tier 1,JDF Performing Arts College,Tier 5,Tier 5,63.29,72.67,85.33,109,1,Tier 5,FALSE,15052,Tier 5
16410,Tier 3,NIL,WAOS Musical Theatre,Tier 5,Nil,64.38,72.58,72.58,134,1,Tier 4,TRUE,16410,Tier 5
5722,Tier 3,Tier 3,Old Hutton,Tier 4,Tier 4,47.01,72.17,319.57,124,5,Tier 4,FALSE,5722,Tier 4
17945,Tier 2,NIL,The Sovereign Hospitaller Order Of Saint John Of Jerusalem,Tier 5,Nil,61.9,72.08,72.08,57,2,Tier 5,FALSE,17945,Tier 5
6344,Tier 3,NIL,Free Range Floristry,Tier 4,Nil,44.1,72,591.59,31,4,Tier 4,FALSE,6344,Tier 4
15750,Tier 4,NIL,South Hampstead Events,Tier 5,Nil,64.5,71.88,71.88,463,1,Tier 3,TRUE,15750,Tier 5
10440,Tier 2,Tier 4,Trinity Parents Association,Tier 4,Tier 3,44.39,71.84,1034.56,32,2,Tier 5,TRUE,10440,Tier 4
12168,Tier 3,Tier 3,Ladies Empowerment Circle (Maria),Tier 5,Tier 5,56.74,71.79,147.79,215,2,Tier 4,TRUE,12168,Tier 5
3917,Tier 4,Tier 4,Wellington Prep School,Tier 4,Tier 4,43.87,71.67,474.33,484,6,Tier 3,TRUE,3917,Tier 4
11235,Tier 3,Tier 3,Great Corby Village Association,Tier 5,Tier 5,51.71,71.54,227.24,109,3,Tier 4,TRUE,11235,Tier 5
11090,Tier 3,Tier 3,UN ŒUF PRODUCTIONS,Tier 5,Tier 4,51.41,71.51,237.59,127,3,Tier 4,TRUE,11090,Tier 5
18534,Tier 2,NIL,Flora Maeve Parrott,Tier 5,Nil,62.08,71.5,71.5,22,2,Tier 5,FALSE,18534,Tier 5
14505,Tier 2,NIL,The Friends of Willaston School Association,Tier 5,Nil,62.13,71.25,71.25,114,2,Tier 5,FALSE,14505,Tier 5
838,Tier 3,Tier 3,St Mary's Concerts,Tier 4,Tier 4,41.75,71.18,590.26,137,9,Tier 4,FALSE,838,Tier 4
6883,Tier 3,Tier 3,FOYM,Tier 4,Tier 4,45.97,71.17,452.43,188,4,Tier 4,FALSE,6883,Tier 4
10508,Tier 3,Tier 2,SalsaJulia,Tier 5,Tier 5,56.39,71.17,158.17,130,2,Tier 4,TRUE,10508,Tier 5
16918,Tier 2,NIL,Carlisle United South cumbria,Tier 5,Nil,64.74,71.17,71.17,61,1,Tier 5,FALSE,16918,Tier 5
6796,Tier 3,Tier 2,Hingham Bowmen,Tier 4,Tier 5,48.69,71.08,255.58,124,5,Tier 4,FALSE,6796,Tier 4
11955,Tier 3,Tier 4,Uxendon Manor Primary PSA,Tier 5,Tier 4,53.5,70.96,238.58,198,2,Tier 4,TRUE,11955,Tier 5
18725,Tier 3,NIL,Rocco&#39;s &amp; Rugby Festival,Tier 5,Nil,64.83,70.96,70.96,397,1,Tier 4,TRUE,18725,Tier 5
19129,Tier 2,NIL,Oakley Players,Tier 5,Nil,64.89,70.75,70.75,94,1,Tier 5,FALSE,19129,Tier 5
8302,Tier 3,Tier 2,Gemini School of Performing Arts,Tier 5,Tier 5,52.59,70.75,203.94,101,3,Tier 4,TRUE,8302,Tier 5
11975,Tier 2,Tier 2,Clacton Archers,Tier 5,Tier 5,56.82,70.58,116.04,74,3,Tier 5,FALSE,11975,Tier 5
12103,Tier 3,Tier 2,Wonderland Stage School,Tier 5,Tier 5,59.45,70.25,108.08,190,2,Tier 4,TRUE,12103,Tier 5
11502,Tier 3,Tier 4,Nunton Farm Dairy,Tier 5,Tier 4,53.33,70.22,248.95,234,2,Tier 4,TRUE,11502,Tier 5
19418,Tier 2,NIL,FH PSPA,Tier 5,Nil,64.98,70.13,70.13,51,1,Tier 5,FALSE,19418,Tier 5
17710,Tier 2,NIL,Laura McFall,Tier 5,Nil,65.01,70.04,70.04,20,1,Tier 5,FALSE,17710,Tier 5
11793,Tier 3,Tier 3,Masque,Tier 5,Tier 5,54.58,70,159.25,210,3,Tier 4,TRUE,11793,Tier 5
13714,Tier 4,Tier 2,Unipol Student Homes,Tier 5,Tier 5,59.34,70,110,689,2,Tier 3,TRUE,13714,Tier 5
14947,Tier 3,NIL,Zoe Cartlidge Priory School,Tier 5,Nil,62.52,70,70,379,2,Tier 4,TRUE,14947,Tier 5
15835,Tier 3,NIL,DAMWC,Tier 5,Nil,65.11,69.92,69.92,147,1,Tier 4,TRUE,15835,Tier 5
18588,Tier 2,NIL,Coventry Cathedral Chorus,Tier 5,Nil,62.6,69.75,69.75,96,2,Tier 5,FALSE,18588,Tier 5
15743,Tier 2,NIL,year 6 kings,Tier 5,Nil,65.17,69.58,69.58,66,1,Tier 5,FALSE,15743,Tier 5
19475,Tier 3,NIL,Southend Choirs,Tier 5,Nil,65.2,69.53,69.53,143,1,Tier 4,TRUE,19475,Tier 5
17801,Tier 2,NIL,Family Matters York,Tier 5,Nil,62.69,69.42,69.42,123,2,Tier 5,FALSE,17801,Tier 5
15999,Tier 2,NIL,West Suffolk Symphonic Wind Band,Tier 5,Nil,65.28,69.38,69.38,111,1,Tier 5,FALSE,15999,Tier 5
17092,Tier 2,NIL,Chittlehampton Twinning Association,Tier 5,Nil,65.28,69.38,69.38,111,1,Tier 5,FALSE,17092,Tier 5
15400,Tier 2,NIL,Unique Ladies South Lakes,Tier 5,Nil,62.81,69.12,69.12,85,2,Tier 5,FALSE,15400,Tier 5
16551,Tier 3,NIL,Ely Pride (Pride in Ely CIO),Tier 5,Nil,65.38,69.08,69.08,257,1,Tier 4,TRUE,16551,Tier 5
16766,Tier 2,NIL,Howell,Tier 5,Nil,65.41,69.04,69.04,79,1,Tier 5,FALSE,16766,Tier 5
12545,Tier 3,Tier 2,PCC of the Ecclesiastical Parish of Forest Row,Tier 5,Tier 5,58.54,69,97.17,134,3,Tier 4,TRUE,12545,Tier 5
15129,Tier 3,NIL,The Resilience Gathering,Tier 5,Nil,62.94,68.92,68.92,133,2,Tier 4,TRUE,15129,Tier 5
15857,Tier 2,NIL,Bromley High School,Tier 5,Nil,62.98,68.88,68.88,50,2,Tier 5,FALSE,15857,Tier 5
896,Tier 3,Tier 3,Ju Jitsu Northern Ireland Ltd,Tier 5,Tier 5,51.14,68.88,268.67,99,3,Tier 4,TRUE,896,Tier 5
19454,Tier 3,NIL,UUKMA Yorkshire n Humber,Tier 5,Nil,65.56,68.79,68.79,156,1,Tier 4,TRUE,19454,Tier 5
18795,Tier 3,NIL,Romani Uniti din Anglia,Tier 5,Nil,65.59,68.75,68.75,218,1,Tier 4,TRUE,18795,Tier 5
13392,Tier 3,Tier 2,Community Music Makers CIC,Tier 5,Tier 5,59.57,68.54,111.13,135,2,Tier 4,TRUE,13392,Tier 5
15793,Tier 3,NIL,ZOO & FARM,Tier 5,Nil,65.63,68.54,68.54,203,1,Tier 4,TRUE,15793,Tier 5
19883,Tier 3,NIL,KJ Fundays,Tier 5,Nil,65.67,68.46,68.46,183,1,Tier 4,TRUE,19883,Tier 5
17929,Tier 2,NIL,RWB Mayor,Tier 5,Nil,63.16,68.38,68.38,68,2,Tier 5,FALSE,17929,Tier 5
16022,Tier 2,NIL,Geoff and Dan Events,Tier 5,Nil,65.77,68.33,68.33,82,1,Tier 5,FALSE,16022,Tier 5
18923,Tier 3,NIL,Kingshott School,Tier 5,Nil,65.77,68.33,68.33,205,1,Tier 4,TRUE,18923,Tier 5
11647,Tier 3,Tier 3,Friends of Tithe Farm,Tier 5,Tier 5,57.42,68.32,149.17,282,2,Tier 4,TRUE,11647,Tier 5
5436,Tier 2,NIL,X-Press Legal Services,Tier 5,Nil,53.53,68.25,161.58,46,4,Tier 5,FALSE,5436,Tier 5
7395,Tier 4,NIL,Headteacherchat,Tier 5,Nil,61.33,68.12,68.12,797,3,Tier 3,TRUE,7395,Tier 5
13541,Tier 3,Tier 2,Eggar's Together,Tier 5,Tier 5,59.15,68.08,119.38,146,2,Tier 4,TRUE,13541,Tier 5
10096,Tier 2,Tier 2,The Lewy Body Society,Tier 5,Free,60.04,68,68,84,4,Tier 5,FALSE,10096,Tier 5
16077,Tier 2,NIL,Ashbrooke Sports Club,Tier 5,Nil,65.92,68,68,119,1,Tier 5,FALSE,16077,Tier 5
9496,Tier 3,Tier 2,Crockenhill Parents Association,Tier 5,Tier 5,56.64,67.59,129.96,244,3,Tier 4,TRUE,9496,Tier 5
8377,Tier 2,Tier 2,RCRSB,Tier 5,Tier 5,54.22,67.47,148.97,114,4,Tier 5,FALSE,8377,Tier 5
4697,Tier 2,Tier 3,Glasgow Chamber Orchestra,Tier 4,Tier 4,48.06,67.46,286.25,113,6,Tier 5,TRUE,4697,Tier 5
10804,Tier 4,Tier 4,Flakefleet School,Tier 5,Tier 5,61.74,67.39,85.68,1046,2,Tier 3,TRUE,10804,Tier 5
14330,Tier 3,Tier 1,Irlam and Cadishead Community Festivals CIC,Tier 5,Tier 5,65.4,67.37,72.79,157,1,Tier 4,TRUE,14330,Tier 5
15970,Tier 2,NIL,Kendal-Rinteln Association,Tier 5,Nil,66.06,67.37,67.37,62,1,Tier 5,FALSE,15970,Tier 5
17487,Tier 2,NIL,VRFC-Wilson,Tier 5,Nil,66.1,67.27,67.27,104,1,Tier 5,FALSE,17487,Tier 5
6022,High Value,Tier 4,Herdwork,Tier 4,Tier 4,46.21,66.79,423.57,4626,5,Tier 2,TRUE,6022,Tier 4
15850,Tier 2,NIL,Djembe Kingdom,Tier 5,Nil,66.15,66.75,66.75,30,1,Tier 5,FALSE,15850,Tier 5
19604,Tier 2,NIL,Suzee Tyulee,Tier 5,Nil,66.19,66.67,66.67,20,1,Tier 5,FALSE,19604,Tier 5
8791,Tier 3,Tier 4,L and H Farming,Tier 5,Tier 5,54.19,66.67,181.96,395,3,Tier 4,TRUE,8791,Tier 5
16590,Tier 2,NIL,SEEN Ltd,Tier 5,Nil,66.23,66.5,66.5,76,1,Tier 5,FALSE,16590,Tier 5
16164,Tier 3,NIL,Upperthong School Support Group,Tier 5,Nil,66.26,66.21,66.21,144,1,Tier 4,TRUE,16164,Tier 5
3880,Tier 4,Tier 3,Broughton Park FC,Tier 4,Tier 4,40.57,66.17,1031.26,201,6,Tier 3,TRUE,3880,Tier 4
4684,Tier 3,Tier 3,Farleys Solicitors LLP,Tier 4,Tier 4,45.12,66.17,463.38,139,6,Tier 4,FALSE,4684,Tier 4
19945,Tier 2,NIL,Dan Bowen,Tier 5,Nil,66.31,66.17,66.17,87,1,Tier 5,FALSE,19945,Tier 5
7094,Tier 3,Tier 3,Megacon Carlisle,Tier 5,Tier 5,53.65,66.12,199.98,185,3,Tier 4,TRUE,7094,Tier 5
9520,High Value,High Value,Cumnor House Sussex,Tier 4,Tier 3,43.35,66,843.42,2566,4,Tier 2,TRUE,9520,Tier 4
14205,Tier 2,NIL,Ely City Military Band Limited,Tier 5,Nil,66.4,66,66,88,1,Tier 5,FALSE,14205,Tier 5
3675,Tier 3,Tier 3,Oaktrack Smallholding,Tier 4,Tier 4,49.27,66,247,276,6,Tier 4,FALSE,3675,Tier 5
10325,Tier 3,Tier 3,Fiona Sorotos,Tier 5,Tier 5,52.79,65.92,231.78,103,3,Tier 4,TRUE,10325,Tier 5
9628,Tier 3,Tier 3,Wilmslow Preparatory School Parents Committee,Tier 4,Tier 4,50.64,65.88,258.48,157,4,Tier 4,FALSE,9628,Tier 4
19464,Tier 2,NIL,Taff Ely Foodbank,Tier 5,Nil,66.48,65.81,65.81,41,1,Tier 5,FALSE,19464,Tier 5
17293,Tier 3,NIL,Friends of St John&#39;s CE Academy,Tier 5,Nil,63.98,65.73,65.73,220,2,Tier 4,TRUE,17293,Tier 5
15375,Tier 2,NIL,St Cuthbert&#39;s Wells,Tier 5,Nil,66.55,65.71,65.71,88,1,Tier 5,FALSE,15375,Tier 5
16295,Tier 2,NIL,The Hospital of St Cross,Tier 5,Nil,64.04,65.46,65.46,67,2,Tier 5,FALSE,16295,Tier 5
8086,Tier 2,Tier 2,Martha Wood Marketing,Tier 5,Tier 5,60.39,65.37,109.25,26,2,Tier 5,FALSE,8086,Tier 5
15087,Tier 2,NIL,Italia at Home,Tier 5,Nil,65.84,65.33,72.25,13,1,Tier 5,FALSE,15087,Tier 5
5064,Tier 3,Tier 3,Soulscape,Tier 4,Tier 5,48.64,65.33,310.5,76,5,Tier 4,FALSE,5064,Tier 5
13864,Tier 2,Tier 2,Light of the Moon,Tier 5,Tier 5,59.92,65.28,116.03,77,2,Tier 5,FALSE,13864,Tier 5
10188,Tier 2,Tier 2,Gosling Press,Tier 5,Tier 5,56.67,65.12,136.83,122,3,Tier 5,FALSE,10188,Tier 5
17958,Tier 2,NIL,Champagne Glass Studio,Tier 5,Nil,64.18,65,65,122,2,Tier 5,FALSE,17958,Tier 5
18335,Tier 2,NIL,Fleetville Swing Band,Tier 5,Nil,66.73,65,65,120,1,Tier 5,FALSE,18335,Tier 5
18950,Tier 2,NIL,Kendal Adventure Club,Tier 5,Nil,66.73,65,65,104,1,Tier 5,FALSE,18950,Tier 5
18055,Tier 2,NIL,Claires Intuitive Tarot,Tier 5,Nil,64.24,64.92,64.92,41,2,Tier 5,FALSE,18055,Tier 5
7104,Tier 3,Tier 3,Phoenix Railway Club,Tier 4,Tier 4,48.42,64.79,385.07,278,4,Tier 4,FALSE,7104,Tier 4
12812,Tier 2,Tier 2,Andover Ladies Choir,Tier 5,Tier 5,58.95,64.54,104.96,121,3,Tier 5,FALSE,12812,Tier 5
13169,Tier 2,Tier 2,Kursat Karaman,Tier 5,Tier 5,59.51,64.54,96.92,93,3,Tier 5,FALSE,13169,Tier 5
16689,Tier 2,NIL,Owen Roes GFC,Tier 5,Nil,66.86,64.5,64.5,86,1,Tier 5,FALSE,16689,Tier 5
14159,Tier 3,Tier 2,Warmingham Primary School PTA,Tier 5,Tier 5,63.52,64.48,71.98,220,2,Tier 4,TRUE,14159,Tier 5
18221,Tier 2,NIL,Lancaster Walks  Talks &amp; Tours,Tier 5,Nil,64.38,64.46,64.46,117,2,Tier 5,FALSE,18221,Tier 5
19312,Tier 2,NIL,IMC GLOBAL LTD,Tier 5,Nil,66.92,64.46,64.46,70,1,Tier 5,FALSE,19312,Tier 5
16709,Tier 3,NIL,Oxgangs PTA,Tier 5,Nil,64.43,64.38,64.38,178,2,Tier 4,TRUE,16709,Tier 5
16846,Tier 2,NIL,Old Shirburnian Society,Tier 5,Nil,64.43,64.38,64.38,103,2,Tier 5,FALSE,16846,Tier 5
12699,Tier 3,Tier 2,Emma Eldershaw,Tier 5,Tier 5,59.47,64.33,99.67,193,3,Tier 4,TRUE,12699,Tier 5
18112,Tier 4,NIL,Godstowe,Tier 5,Nil,67.04,64.25,64.25,532,1,Tier 3,TRUE,18112,Tier 5
6346,Tier 3,Tier 3,Jigsaw (South East),Tier 4,Tier 4,48.67,64.17,325.96,77,5,Tier 4,FALSE,6346,Tier 5
8450,Tier 2,NIL,Amnesty Cymru,Tier 5,Nil,55.34,64.17,225.67,100,2,Tier 5,FALSE,8450,Tier 5
6979,Tier 4,Tier 4,The Aidan Woodcock Charitable Trust,Tier 5,Tier 5,51.91,64.15,198.32,717,5,Tier 3,TRUE,6979,Tier 5
8590,Tier 2,Tier 2,St Thomas Church  Goring,Tier 5,Tier 5,57.4,64.12,109.67,88,4,Tier 5,FALSE,8590,Tier 5
14280,Tier 2,Tier 1,Cultureaboveboarders,Tier 5,Tier 5,65.73,64,79,70,1,Tier 5,FALSE,14280,Tier 5
5459,Tier 2,NIL,Semley Music Festival,Tier 5,Nil,53.07,64,326.08,87,2,Tier 5,FALSE,5459,Tier 5
12436,Tier 2,Tier 2,Queensferry Folk Festival,Tier 5,Tier 5,59.15,63.92,135.04,123,2,Tier 5,FALSE,12436,Tier 5
11215,Tier 2,Tier 2,East Lothian Coast & Lammermuir SNP,Tier 5,Tier 5,60.48,63.88,87.25,66,3,Tier 5,FALSE,11215,Tier 5
7229,Tier 3,Tier 3,York City Baths Club,Tier 5,Tier 5,53.23,63.71,189.92,190,4,Tier 4,TRUE,7229,Tier 5
10623,Tier 3,Tier 3,Oasis PTFA,Tier 5,Tier 5,57.09,63.54,177.58,176,2,Tier 4,TRUE,10623,Tier 5
11895,Tier 2,Tier 2,Norton Community Hub,Tier 5,Tier 5,59.33,63.54,133.33,88,2,Tier 5,FALSE,11895,Tier 5
13165,Tier 2,Tier 2,Dame Catherine Harpurs School,Tier 5,Tier 5,57.48,63.38,131.67,46,3,Tier 5,FALSE,13165,Tier 5
13884,Tier 2,Tier 1,F11 Photography,Tier 5,Tier 5,62.68,63.04,85.75,98,2,Tier 5,FALSE,13884,Tier 5
14552,Tier 2,Tier 2,Totnes Dance Collective,Tier 5,Tier 5,61.28,63.04,105.33,100,2,Tier 5,FALSE,14552,Tier 5
17256,Tier 3,NIL,Winshill Village Primary and Nursery School PTFA,Tier 5,Nil,64.84,63,63,339,2,Tier 4,TRUE,17256,Tier 5
19767,Tier 2,NIL,Shall We Dance Usk,Tier 5,Nil,67.38,63,63,54,1,Tier 5,FALSE,19767,Tier 5
17161,Tier 2,NIL,@beccasaud Rebecca Rampersaud Events,Tier 5,Nil,67.42,62.96,62.96,25,1,Tier 5,FALSE,17161,Tier 5
14244,Tier 2,NIL,Friends of LRGS,Tier 5,Nil,64.84,62.92,63.83,22,2,Tier 5,FALSE,14244,Tier 5
13369,Tier 2,Tier 2,Malvern Male Voice Choir,Tier 5,Tier 5,61.24,62.87,81.21,88,3,Tier 5,FALSE,13369,Tier 5
5338,Tier 2,Tier 2,One Woman at a time,Tier 5,Tier 5,56.3,62.87,130.88,78,4,Tier 5,FALSE,5338,Tier 5
17301,Tier 2,NIL,Paul Tage - Chairman - Reform - Maldon,Tier 5,Nil,67.51,62.83,62.83,66,1,Tier 5,FALSE,17301,Tier 5
5173,Tier 2,Tier 2,Goodworth Clatford Village Club,Tier 5,Tier 5,53.23,62.83,173.25,113,5,Tier 5,FALSE,5173,Tier 5
6385,Tier 3,Tier 3,Wonderful Wild Women,Tier 4,Tier 5,49.27,62.71,313.97,74,5,Tier 4,FALSE,6385,Tier 5
18251,Tier 2,NIL,Burgess Hill Girls PTA,Tier 5,Nil,65.02,62.54,62.54,65,2,Tier 5,FALSE,18251,Tier 5
14335,Tier 3,NIL,Air Ambulances UK,Tier 5,Nil,67.61,62.5,62.5,160,1,Tier 4,TRUE,14335,Tier 5
18276,Tier 2,NIL,Bloom with Berry,Tier 5,Nil,65.07,62.5,62.5,100,2,Tier 5,FALSE,18276,Tier 5
17078,Tier 3,NIL,Friends of St Barnabas C E Primary School PTA,Tier 5,Nil,65.12,62.49,62.49,229,2,Tier 4,TRUE,17078,Tier 5
9107,Tier 2,Tier 2,Nottinghamshire Federation of WIs,Tier 5,Tier 5,57.32,62.38,138.68,74,3,Tier 5,FALSE,9107,Tier 5
1783,Tier 3,Tier 3,The Play Group,Tier 4,Tier 4,47,62.37,404.36,111,6,Tier 4,FALSE,1783,Tier 4
2212,Tier 2,Tier 2,Collavoce Collective,Tier 5,Tier 5,51.07,62.31,216.9,123,6,Tier 5,FALSE,2212,Tier 5
5711,Tier 3,NIL,Richard Aldington conference,Tier 4,Nil,44.87,62.29,1002.25,19,3,Tier 4,FALSE,5711,Tier 4
18218,Tier 3,NIL,Castle View Academy Expressive Arts Department,Tier 5,Nil,65.22,62.25,62.25,246,2,Tier 4,TRUE,18218,Tier 5
4049,Tier 3,Tier 3,Crediton Youth Theatre,Tier 5,Tier 5,51.24,62.25,236.88,166,5,Tier 4,TRUE,4049,Tier 5
19307,Tier 2,NIL,FundraisingforREACT,Tier 5,Nil,67.8,62.21,62.21,71,1,Tier 5,FALSE,19307,Tier 5
19888,Tier 2,NIL,Designing Libraries International CIC,Tier 5,Nil,67.83,62,62,20,1,Tier 5,FALSE,19888,Tier 5
17772,Tier 2,NIL,Pleo Reachout Organisation CIC,Tier 5,Nil,67.87,61.96,61.96,28,1,Tier 5,FALSE,17772,Tier 5
12446,Tier 4,Tier 3,PM+M,Tier 5,Free,63.42,61.83,61.83,590,3,Tier 3,TRUE,12446,Tier 5
1357,Tier 3,Tier 3,1st Doddington Scout Group,Tier 5,Tier 5,51.13,61.83,207.19,208,7,Tier 4,TRUE,1357,Tier 5
15204,Tier 2,NIL,Year 6 Leaving Party,Tier 5,Nil,67.94,61.83,61.83,122,1,Tier 5,FALSE,15204,Tier 5
17255,Tier 2,NIL,Island Society,Tier 5,Nil,68,61.79,61.79,56,1,Tier 5,FALSE,17255,Tier 5
7109,High Value,High Value,Mill Hill School Drama Department ,Tier 5,Free,61.15,61.67,61.67,2393,5,Tier 2,TRUE,7109,Tier 5
16931,Tier 2,NIL,Willowbrook Hospice,Tier 5,Nil,68.06,61.21,61.21,58,1,Tier 5,FALSE,16931,Tier 5
15848,Tier 3,NIL,Lunar Children's Activities,Tier 5,Nil,68.09,61.16,61.16,153,1,Tier 4,TRUE,15848,Tier 5
19141,Tier 2,NIL,Party 2026,Tier 5,Nil,68.11,61.12,61.12,121,1,Tier 5,FALSE,19141,Tier 5
17779,Tier 2,NIL,Kedington RBL events,Tier 5,Nil,65.6,60.88,60.88,107,2,Tier 5,FALSE,17779,Tier 5
16532,Tier 2,NIL,St Mark&#39;s Community Centre,Tier 5,Nil,65.63,60.75,60.75,81,2,Tier 5,FALSE,16532,Tier 5
15609,Tier 2,NIL,Frae Fife Concerts,Tier 5,Nil,68.2,60.74,60.74,94,1,Tier 5,FALSE,15609,Tier 5
15393,Tier 2,NIL,Askham Pools - Pool hire,Tier 5,Nil,68.24,60.62,60.62,58,1,Tier 5,FALSE,15393,Tier 5
1922,Tier 3,Tier 3,Autism Together Fundraising,Tier 4,Tier 4,45.39,60.5,492.42,274,8,Tier 4,FALSE,1922,Tier 4
19254,Tier 2,NIL,Jubilee Church Bromley,Tier 5,Nil,68.28,60.29,60.29,67,1,Tier 5,FALSE,19254,Tier 5
11795,Tier 2,Tier 2,Kristina Riddington,Tier 5,Tier 5,60.46,60.25,97.79,22,3,Tier 5,FALSE,11795,Tier 5
7875,Tier 3,Tier 3,Woodlands School Leatherhead,Tier 5,Tier 4,51.58,60.17,343.67,142,3,Tier 4,TRUE,7875,Tier 5
18762,Tier 2,NIL,Great Milton Dads,Tier 5,Nil,68.35,60,60,80,1,Tier 5,FALSE,18762,Tier 5
8648,Tier 3,Tier 3,Men in Business,Tier 5,Tier 4,51.06,60,302.38,96,4,Tier 4,TRUE,8648,Tier 5
6428,Tier 2,Tier 2,SolwaySingers,Tier 5,Tier 5,52.85,59.89,195.19,102,5,Tier 5,FALSE,6428,Tier 5
8789,Tier 3,Tier 3,St Nicholas Players,Tier 5,Tier 4,51.04,59.71,304.25,88,4,Tier 4,TRUE,8789,Tier 5
14083,Tier 3,Tier 2,Families and Friends of the Oldham Music Centre,Tier 5,Tier 5,62.81,59.63,93.42,172,2,Tier 4,TRUE,14083,Tier 5
5434,Tier 3,Tier 3,Nottingham Park Residents Association,Tier 5,Tier 5,51.64,59.63,344.62,296,3,Tier 4,TRUE,5434,Tier 5
14208,Tier 2,Tier 1,Edward Olhausen,Tier 5,Tier 5,66.76,59.58,75.83,85,1,Tier 5,FALSE,14208,Tier 5
18665,Tier 2,NIL,Warrington Business Expo,Tier 5,Nil,68.5,59.53,59.53,59,1,Tier 5,FALSE,18665,Tier 5
944,Tier 3,NIL,FIona Frank,Tier 5,Nil,58.21,59.43,99.22,213,5,Tier 4,TRUE,944,Tier 5
15824,Tier 2,NIL,Antiphon,Tier 5,Nil,68.55,59.38,59.38,72,1,Tier 5,FALSE,15824,Tier 5
15753,Tier 3,NIL,Ripley St Thomas,Tier 5,Nil,68.59,59.33,59.33,151,1,Tier 4,TRUE,15753,Tier 5
8806,Tier 3,NIL,BTS Army North East (UK),Tier 5,Nil,62.47,59.33,74.21,185,3,Tier 4,TRUE,8806,Tier 5
18811,Tier 2,NIL,The Elms PSA,Tier 5,Nil,68.66,59.21,59.21,61,1,Tier 5,FALSE,18811,Tier 5
10854,Tier 3,Tier 3,Rotherham &amp; Barnsley Business Link,Tier 5,Tier 5,55.51,58.92,191.67,128,3,Tier 4,TRUE,10854,Tier 5
15963,Tier 3,NIL,City of Glasgow Chorus Trust,Tier 5,Nil,66.2,58.61,58.61,185,2,Tier 4,TRUE,15963,Tier 5
17942,Tier 3,NIL,Friends of Sandall park,Tier 5,Nil,68.77,58.54,58.54,200,1,Tier 4,TRUE,17942,Tier 5
6455,Tier 3,Tier 4,Rigney Bank Ballet School,Tier 4,Tier 3,44.44,58.5,949.08,35,4,Tier 4,FALSE,6455,Tier 4
12036,Tier 2,Tier 2,Sue Lambert Trust,Tier 5,Tier 5,61.04,58.5,93.5,90,3,Tier 5,FALSE,12036,Tier 5
13695,Tier 2,NIL,Brackham U18 Girls’ Tour,Tier 5,Nil,68.83,58.5,58.5,78,1,Tier 5,FALSE,13695,Tier 5
462,Tier 2,Tier 2,Flookburgh Band,Tier 4,Tier 5,48.22,58.5,343,118,8,Tier 5,TRUE,462,Tier 5
8708,Tier 2,Tier 3,Nette Robinson,Tier 5,Tier 5,55.29,58.46,169.54,61,4,Tier 5,FALSE,8708,Tier 5
3635,Tier 3,Tier 3,The Ballance House,Tier 4,Tier 4,50.47,58.26,298.22,174,5,Tier 4,FALSE,3635,Tier 5
17934,Tier 3,NIL,Chyngton PTFA,Tier 5,Nil,66.38,58.25,58.25,186,2,Tier 4,TRUE,17934,Tier 5
17308,Tier 3,NIL,Chichester Festival for Music Dance & Speech,Tier 5,Nil,68.95,58.19,58.19,233,1,Tier 4,TRUE,17308,Tier 5
9637,Tier 3,Tier 3,BNI Titans,Tier 5,Tier 4,53.28,58.12,277.62,76,3,Tier 4,TRUE,9637,Tier 5
18584,Tier 2,NIL,Four Rivers Retreat,Tier 5,Nil,69.01,58,58,43,1,Tier 5,FALSE,18584,Tier 5
9989,Tier 2,Tier 2,Dan Scott,Tier 5,Tier 5,55.48,58,168.12,51,4,Tier 5,FALSE,9989,Tier 5
9634,Tier 3,Tier 3,Friends of the Vox,Tier 5,Tier 4,53.47,57.96,270.5,52,3,Tier 4,TRUE,9634,Tier 5
14056,Tier 2,Tier 3,Unipol Student Homes,Tier 5,Tier 5,63.31,57.81,130.02,119,1,Tier 5,FALSE,14056,Tier 5
9838,Tier 3,Tier 3,Stroud Global Beats,Tier 5,Tier 5,55.19,57.79,209.25,125,3,Tier 4,TRUE,9838,Tier 5
14906,Tier 2,NIL,Coquetdale Jazz,Tier 5,Nil,66.28,57.75,60.67,99,2,Tier 5,FALSE,14906,Tier 5
5010,Tier 3,Tier 3,Sevenoaks Dementia Friendly Community,Tier 4,Tier 4,45.56,57.71,678.83,65,5,Tier 4,FALSE,5010,Tier 4
16920,Tier 2,NIL,Inverness Highlanders,Tier 5,Nil,69.14,57.42,57.42,106,1,Tier 5,FALSE,16920,Tier 5
8671,Tier 3,Tier 3,Warrington Disability Partnership,Tier 4,Tier 4,43.74,57.33,1495.04,86,3,Tier 4,FALSE,8671,Tier 4
17847,Tier 3,NIL,Orchard Lea and Friends,Tier 5,Nil,69.2,57.32,57.32,247,1,Tier 4,TRUE,17847,Tier 5
5642,Tier 3,NIL,Forestry England,Tier 5,Nil,66.66,57.32,57.32,220,2,Tier 4,TRUE,5642,Tier 5
3055,Tier 4,Tier 4,The Swallows Head & Neck Cancer Support,Tier 5,Tier 5,51.58,57.29,221.79,1212,7,Tier 3,TRUE,3055,Tier 5
8014,Tier 3,Tier 2,Huddersfield Choral Youth Choirs,Tier 5,Tier 5,54.32,57.25,200.21,113,4,Tier 4,TRUE,8014,Tier 5
17142,Tier 3,NIL,York Dukes,Tier 5,Nil,66.73,57.21,57.21,239,2,Tier 4,TRUE,17142,Tier 5
16291,Tier 3,NIL,INV:SION,Tier 5,Nil,69.3,57.08,57.08,166,1,Tier 4,TRUE,16291,Tier 5
12232,Tier 2,NIL,Yoga with Sophie,Tier 5,Nil,69.34,57,57,36,1,Tier 5,FALSE,12232,Tier 5
13853,Tier 3,Tier 2,Covem Cheshire,Tier 5,Tier 5,65.1,57,73.33,171,2,Tier 4,TRUE,13853,Tier 5
10970,Tier 3,Tier 3,Friends of eagley junior school,Tier 5,Tier 5,58.29,56.96,142,195,3,Tier 4,TRUE,10970,Tier 5
12966,Tier 3,Tier 3,Tynedale u3a,Tier 5,Free,64.89,56.92,56.92,233,3,Tier 4,TRUE,12966,Tier 5
17995,Tier 3,NIL,Burneside Cricket Club,Tier 5,Nil,66.9,56.88,56.88,203,2,Tier 4,TRUE,17995,Tier 5
16066,Tier 2,NIL,Regent Creative,Tier 5,Nil,66.93,56.83,56.83,98,2,Tier 5,FALSE,16066,Tier 5
5795,Tier 3,Tier 3,The Otakar Kraus Music Trust,Tier 5,Tier 4,51.07,56.75,341.96,295,4,Tier 4,TRUE,5795,Tier 5
15489,Tier 3,NIL,Glasgow Ultimate,Tier 5,Nil,69.53,56.67,56.67,184,1,Tier 4,TRUE,15489,Tier 5
5336,Tier 3,Tier 3,CTRA competitions,Tier 5,Tier 4,51.85,56.61,256.43,51,5,Tier 4,TRUE,5336,Tier 5
18979,Tier 2,NIL,Party Plus IOM,Tier 5,Nil,69.57,56.58,56.58,31,1,Tier 5,FALSE,18979,Tier 5
11429,Tier 2,Tier 3,Just SUST Festival,Tier 5,Tier 4,55.99,56.57,265.16,90,2,Tier 5,FALSE,11429,Tier 5
15305,Tier 3,NIL,steven hurst,Tier 5,Nil,69.62,56.5,56.5,144,1,Tier 4,TRUE,15305,Tier 5
9595,Tier 4,Tier 4,Buglife ~ The Invertebrate Conservation Trust,Tier 5,Tier 5,59.74,56.48,102.82,1151,4,Tier 3,TRUE,9595,Tier 5
19453,Tier 2,NIL,Rewild Wellness,Tier 5,Nil,69.67,56.38,56.38,11,1,Tier 5,FALSE,19453,Tier 5
5168,Tier 3,Tier 3,Darlington Assistance for Refugees,Tier 5,Tier 5,50.83,56.38,307.4,86,5,Tier 4,TRUE,5168,Tier 5
18402,Tier 2,NIL,Makeup by Taylor,Tier 5,Nil,67.17,56.33,56.33,32,2,Tier 5,FALSE,18402,Tier 5
545,Tier 4,Tier 4,West Buckland School - Music Department,Tier 4,Tier 3,39.43,56.15,1957.8,696,8,Tier 3,TRUE,545,Tier 4
16934,Tier 2,NIL,Friends of Longridge Library,Tier 5,Nil,67.24,56,56,110,2,Tier 5,FALSE,16934,Tier 5
19807,Tier 2,NIL,Abingdon Athletics Club,Tier 5,Nil,69.82,55.88,55.88,89,1,Tier 5,FALSE,19807,Tier 5
4676,Tier 3,Tier 3,Hot Aire,Tier 4,Tier 4,49.05,55.79,405.58,129,5,Tier 4,FALSE,4676,Tier 4
2371,Tier 3,Tier 3,PANTS,Tier 5,Tier 5,54.11,55.79,217.76,103,4,Tier 4,TRUE,2371,Tier 5
17850,Tier 2,NIL,Border Concert Band,Tier 5,Nil,67.37,55.76,55.76,123,2,Tier 5,FALSE,17850,Tier 5
9903,Tier 4,Tier 4,ACG,Tier 5,Tier 5,58.9,55.62,114.38,1283,4,Tier 3,TRUE,9903,Tier 5
17365,Tier 2,NIL,ICMG Edmonton,Tier 5,Nil,69.95,55.58,55.58,35,1,Tier 5,FALSE,17365,Tier 5
9778,Tier 3,Tier 3,MAODS,Tier 5,Tier 4,53.74,55.46,234.96,112,4,Tier 4,TRUE,9778,Tier 5
13973,Tier 2,Tier 2,Rammy Ladies,Tier 5,Tier 5,64.4,55.33,86.75,76,2,Tier 5,FALSE,13973,Tier 5
17528,Tier 2,NIL,St Patrick’s Primary School  Portrush,Tier 5,Nil,70.04,55.25,55.25,102,1,Tier 5,FALSE,17528,Tier 5
17831,Tier 2,NIL,Sheen Park Colts,Tier 5,Nil,67.5,55.25,55.25,52,2,Tier 5,FALSE,17831,Tier 5
18128,Tier 2,NIL,Cheshire A Cappella,Tier 5,Nil,67.5,55.25,55.25,106,2,Tier 5,FALSE,18128,Tier 5
17799,Tier 2,NIL,ErmystedsOldBoys,Tier 5,Nil,70.1,55.13,55.13,81,1,Tier 5,FALSE,17799,Tier 5
12509,Tier 3,Tier 2,Carla Daubney,Tier 5,Tier 5,61.91,55,94,165,3,Tier 4,TRUE,12509,Tier 5
17540,Tier 2,NIL,Redstones Dufton,Tier 5,Nil,70.17,54.96,54.96,73,1,Tier 5,FALSE,17540,Tier 5
18059,Tier 2,NIL,Tulas Magical Tree Limited,Tier 5,Nil,70.17,54.96,54.96,14,1,Tier 5,FALSE,18059,Tier 5
14961,Tier 3,Tier 2,ABC Derby,Tier 5,Tier 5,65.14,54.83,79.79,138,2,Tier 4,TRUE,14961,Tier 5
9935,Tier 2,Tier 2,Gedling Play Forum,Tier 5,Free,64.36,54.71,54.71,84,4,Tier 5,FALSE,9935,Tier 5
15846,Tier 2,NIL,Canton RFC minis and juniors,Tier 5,Nil,70.27,54.67,54.67,92,1,Tier 5,FALSE,15846,Tier 5
18103,Tier 2,NIL,Marie&#39;s Marchers,Tier 5,Nil,70.31,54.48,54.48,60,1,Tier 5,FALSE,18103,Tier 5
6861,Tier 3,Tier 3,Excelsior Academy,Tier 5,Tier 5,51.12,54.46,368.17,247,4,Tier 4,TRUE,6861,Tier 5
4696,Tier 4,Tier 4,Annabelle Galt Ltd,Tier 4,Tier 5,43.32,54.38,1032.75,102,6,Tier 3,TRUE,4696,Tier 4
10119,Tier 3,Tier 3,Southam Roller Skaters,Tier 5,Tier 5,56.91,54.33,155.83,159,4,Tier 4,TRUE,10119,Tier 5
6132,Tier 2,Tier 2,Music 2 Calm the Soul,Tier 5,Tier 5,53.43,54.33,218.58,84,5,Tier 5,FALSE,6132,Tier 5
14898,Tier 4,NIL,Historic England Carbon Training,Tier 5,Nil,67.86,54.29,54.29,496,2,Tier 3,TRUE,14898,Tier 5
14656,Tier 2,Tier 3,Helen Crook,Tier 5,Tier 4,60.4,54.04,216.71,24,1,Tier 5,FALSE,14656,Tier 5
6821,Tier 2,Tier 2,Gateways Parents & Friends Association,Tier 5,Tier 5,56.45,53.96,168.33,25,4,Tier 5,FALSE,6821,Tier 5
15063,Tier 2,Tier 1,Nightline Association,Tier 5,Tier 5,69.12,53.92,66.83,53,1,Tier 5,FALSE,15063,Tier 5
4214,Tier 3,Tier 2,ActionCOACH Truro,Tier 5,Tier 5,54.63,53.82,172.43,129,6,Tier 4,TRUE,4214,Tier 5
5696,Tier 3,Tier 3,Quernmore CE VC Primary School,Tier 5,Tier 5,58,53.58,165.17,256,3,Tier 4,TRUE,5696,Tier 5
15465,Tier 2,NIL,Kasia OM UK,Tier 5,Nil,68.01,53.5,53.5,26,2,Tier 5,FALSE,15465,Tier 5
1378,Tier 2,Tier 2,Langcliffe Singers,Tier 5,Tier 5,53.48,53.29,182.96,88,8,Tier 5,FALSE,1378,Tier 5
9445,Tier 2,Tier 2,Noteworthy Voices,Tier 5,Tier 5,58.07,53.25,135.37,83,4,Tier 5,FALSE,9445,Tier 5
16989,Tier 2,NIL,Staveley Satellites,Tier 5,Nil,68.12,53.21,53.21,85,2,Tier 5,FALSE,16989,Tier 5
15205,Tier 2,NIL,Killa Carbs,Tier 5,Nil,70.69,53.2,53.2,50,1,Tier 5,FALSE,15205,Tier 5
12031,Tier 3,Tier 4,Jollification Lincoln,Tier 5,Tier 5,60.97,53.17,112.17,187,3,Tier 4,TRUE,12031,Tier 5
6279,Tier 3,Tier 2,East Sussex Concert Band,Tier 5,Tier 5,54.37,52.83,196.33,135,5,Tier 4,TRUE,6279,Tier 5
14595,Tier 3,Tier 3,Alice Hobday,Tier 5,Tier 5,66.02,52.82,106.75,279,1,Tier 4,TRUE,14595,Tier 5
16729,Tier 2,NIL,Burghley Park Cricket Club,Tier 5,Nil,70.79,52.71,52.71,55,1,Tier 5,FALSE,16729,Tier 5
4310,Tier 4,High Value,Worthing Thunder & Bears,Tier 4,Tier 2,38.38,52.5,6666.73,126,5,Tier 3,TRUE,4310,Tier 4
19537,Tier 2,NIL,Raise Your Voice,Tier 5,Nil,70.84,52.5,52.5,70,1,Tier 5,FALSE,19537,Tier 5
18000,Tier 2,NIL,Slyne-with-Hest Memorial Hall,Tier 5,Nil,68.35,52.29,52.29,77,2,Tier 5,FALSE,18000,Tier 5
9782,Tier 2,Tier 2,Cadenza,Tier 5,Tier 5,60.65,52.17,100.67,70,4,Tier 5,FALSE,9782,Tier 5
16674,Tier 2,NIL,Torphichen Community Centre,Tier 5,Nil,68.41,52.08,52.08,100,2,Tier 5,FALSE,16674,Tier 5
18167,Tier 2,NIL,Roy Poulton,Tier 5,Nil,68.41,52.08,52.08,95,2,Tier 5,FALSE,18167,Tier 5
2806,Tier 2,Tier 2,Cranleigh Choral Society,Tier 5,Tier 5,53.12,52.04,206.83,63,7,Tier 5,FALSE,2806,Tier 5
11772,Tier 2,NIL,Cricketers,Tier 5,Nil,71.02,51.91,51.91,29,1,Tier 5,FALSE,11772,Tier 5
16415,Tier 3,NIL,CGCCo Ltd,Tier 5,Nil,68.5,51.87,51.87,146,2,Tier 4,TRUE,16415,Tier 5
17224,Tier 2,NIL,HAODS,Tier 5,Nil,71.07,51.67,51.67,39,1,Tier 5,FALSE,17224,Tier 5
11757,Tier 3,Tier 3,Yanwath School PTA,Tier 5,Tier 5,62.27,51.58,126.83,170,2,Tier 4,TRUE,11757,Tier 5
13816,Tier 2,Tier 3,M3 Job Club,Tier 5,Tier 5,61.7,51.38,136.21,48,2,Tier 5,FALSE,13816,Tier 5
1747,Tier 2,Tier 2,Charity Football Match,Tier 5,Tier 5,55.78,51.38,190.26,83,4,Tier 5,FALSE,1747,Tier 5
5061,Tier 2,NIL,Scouts,Tier 5,Nil,57.37,51.38,251.23,70,2,Tier 5,FALSE,5061,Tier 5
14901,Tier 2,NIL,Mina Djohan Spender SPGS VII,Tier 5,Nil,71.17,51.33,51.33,44,1,Tier 5,FALSE,14901,Tier 5
12261,Tier 2,Tier 1,Lancing Prep Worthing,Tier 5,Tier 5,65.53,51.25,62,82,3,Tier 5,FALSE,12261,Tier 5
2662,Tier 2,Tier 3,Weybridge Cricket Club,Tier 5,Tier 4,54.54,51.25,201.62,82,5,Tier 5,FALSE,2662,Tier 5
12130,Tier 2,Tier 2,Judith Amanda Designs,Tier 5,Tier 5,63.37,50.96,85.54,34,3,Tier 5,FALSE,12130,Tier 5
12949,Tier 2,Tier 2,Strava Cafe,Tier 5,Tier 5,61.97,50.96,133.67,31,2,Tier 5,FALSE,12949,Tier 5
2269,High Value,Tier 4,Carlisle Diocese Board of Education,Tier 4,Tier 4,49.6,50.92,434.17,2157,5,Tier 2,TRUE,2269,Tier 4
14275,Tier 2,Tier 2,Springfield Domestic Abuse Support,Tier 5,Tier 5,67.35,50.79,92.46,71,1,Tier 5,FALSE,14275,Tier 5
6877,Tier 3,Tier 3,Ferry Blend,Tier 5,Tier 5,55.62,50.71,201.67,125,4,Tier 4,TRUE,6877,Tier 5
16194,Tier 2,NIL,Jennifer Gordon,Tier 5,Nil,68.87,50.67,50.67,32,2,Tier 5,FALSE,16194,Tier 5
19229,Tier 2,NIL,NACOA Fundraising,Tier 5,Nil,71.41,50.67,50.67,32,1,Tier 5,FALSE,19229,Tier 5
14546,Tier 2,Tier 2,Indigo Drum,Tier 5,Tier 5,63.73,50.62,108.75,81,2,Tier 5,FALSE,14546,Tier 5
18170,Tier 4,NIL,Oldfield Park Junior School,Tier 5,Nil,71.47,50.62,50.62,565,1,Tier 3,TRUE,18170,Tier 5
7054,Tier 2,Tier 2,Mainspring!,Tier 5,Tier 5,59.08,50.62,112.5,81,5,Tier 5,FALSE,7054,Tier 5
13314,Tier 2,Tier 2,BOOMIN HEALTHY RAVES,Tier 5,Tier 5,60.13,50.58,134.42,72,3,Tier 5,FALSE,13314,Tier 5
1445,Tier 3,Tier 2,Eastwood Collieries' Male Voice Choir,Tier 5,Tier 5,55.75,50.58,174.92,147,5,Tier 4,TRUE,1445,Tier 5
11186,Tier 3,Tier 3,AliceMarraMusic,Tier 5,Tier 5,59.24,50.38,152.42,154,3,Tier 4,TRUE,11186,Tier 5
11685,Tier 3,Tier 3,The Cycling Music Teachers,Tier 5,Tier 5,68.15,50.38,58.29,336,2,Tier 4,TRUE,11685,Tier 5
18683,Tier 2,NIL,BAE ATC - Sowerby RC Alumni,Tier 5,Nil,69.03,50.38,50.38,93,2,Tier 5,FALSE,18683,Tier 5
13348,Tier 3,Tier 2,Denise Quigley,Tier 5,Tier 5,63.25,50.33,89.67,151,3,Tier 4,TRUE,13348,Tier 5
2602,Tier 3,Tier 3,Hornby Castle,Tier 4,Tier 4,44.82,50.25,856.75,140,7,Tier 4,FALSE,2602,Tier 4
16915,Tier 2,NIL,Minter Et Al,Tier 5,Nil,71.66,50.25,50.25,97,1,Tier 5,FALSE,16915,Tier 5
19636,Tier 2,NIL,Elsewhere Bar,Tier 5,Nil,71.69,50.21,50.21,95,1,Tier 5,FALSE,19636,Tier 5
16023,Tier 2,NIL,Of One Accord Mixed Voice Choir,Tier 5,Nil,69.18,50.2,50.2,84,2,Tier 5,FALSE,16023,Tier 5
19890,Tier 2,NIL,The lakes Farm,Tier 5,Nil,71.75,50.13,50.13,114,1,Tier 5,FALSE,19890,Tier 5
19660,Tier 2,NIL,Ysgol Bro Caereinion,Tier 5,Nil,71.79,50.04,50.04,119,1,Tier 5,FALSE,19660,Tier 5
17450,Tier 2,NIL,Étoile Reverie,Tier 5,Nil,71.81,50,50,80,1,Tier 5,FALSE,17450,Tier 5
15564,Tier 2,NIL,Lyris for Women,Tier 5,Nil,69.3,49.92,49.92,96,2,Tier 5,FALSE,15564,Tier 5
8548,Tier 3,Tier 2,Growing Well,Tier 5,Tier 5,56.77,49.87,218.75,102,3,Tier 4,TRUE,8548,Tier 5
15595,Tier 2,NIL,Vocalia,Tier 5,Nil,69.35,49.83,49.83,76,2,Tier 5,FALSE,15595,Tier 5
6805,Tier 2,NIL,Towcester Young Farmers,Tier 5,Nil,61.37,49.83,117.46,102,3,Tier 5,FALSE,6805,Tier 5
19355,Tier 2,NIL,Joanne Morrey MAS,Tier 5,Nil,71.94,49.75,49.75,88,1,Tier 5,FALSE,19355,Tier 5
1213,Tier 2,Tier 3,LEAF (HUNT),Tier 5,Tier 5,50.91,49.5,312.7,120,8,Tier 5,FALSE,1213,Tier 5
13128,Tier 2,Tier 2,Ambleside Players,Tier 5,Tier 5,64.26,49.5,107,77,2,Tier 5,FALSE,13128,Tier 5
232,Tier 4,Tier 3,Ryde School with Upper Chine,Tier 4,Tier 3,43.11,49.33,1170.29,47,8,Tier 3,TRUE,232,Tier 4
19626,Tier 2,NIL,Crown&amp;Cause,Tier 5,Nil,72.01,49.33,49.33,28,1,Tier 5,FALSE,19626,Tier 5
3377,Tier 3,Tier 2,Findhorn Hinterland Trust,Tier 5,Tier 5,53.73,49.25,225.33,171,6,Tier 4,TRUE,3377,Tier 5
18491,Tier 3,NIL,Gedling Play Forum,Tier 5,Nil,69.53,49.21,49.21,211,2,Tier 4,TRUE,18491,Tier 5
269,Tier 3,Tier 3,Goring & Streatley Concert Band,Tier 4,Tier 5,49.05,49.13,414.33,81,8,Tier 4,FALSE,269,Tier 5
2708,Tier 3,Tier 2,Amanda Green Coaching,Tier 5,Tier 4,51.3,49.08,334.46,52,6,Tier 4,TRUE,2708,Tier 5
14979,Tier 2,NIL,Stone Choral Society,Tier 5,Nil,71.86,49,51.25,94,1,Tier 5,FALSE,14979,Tier 5
15367,Tier 2,NIL,Grantham Canal Society,Tier 5,Nil,72.14,49,49,42,1,Tier 5,FALSE,15367,Tier 5
18825,Tier 2,NIL,CancerCare3,Tier 5,Nil,72.19,48.96,48.96,56,1,Tier 5,FALSE,18825,Tier 5
11714,Tier 2,Tier 2,JFF Big Band,Tier 5,Tier 5,67.17,48.79,71.41,94,2,Tier 5,FALSE,11714,Tier 5
14368,Tier 2,Tier 2,Learn by play Norfolk,Tier 5,Tier 5,66,48.77,85.61,114,2,Tier 5,FALSE,14368,Tier 5
18737,Tier 2,NIL,Lewis_Hannington,Tier 5,Nil,72.26,48.75,48.75,24,1,Tier 5,FALSE,18737,Tier 5
3050,Tier 3,NIL,Lake District Calvert Trust,Tier 5,Nil,69.42,48.75,51.21,191,2,Tier 4,TRUE,3050,Tier 5
18280,Tier 3,NIL,Ripley Music,Tier 5,Nil,72.29,48.67,48.67,163,1,Tier 4,TRUE,18280,Tier 5
11796,Tier 4,Tier 3,Friends of the Dales,Tier 5,Tier 5,65.71,48.48,68.36,829,3,Tier 3,TRUE,11796,Tier 5
12930,Tier 2,Tier 3,Clutton District,Tier 5,Tier 5,61.8,48.33,152.08,50,2,Tier 5,FALSE,12930,Tier 5
15325,Tier 3,NIL,Lopemede Farm,Tier 5,Nil,72.36,48.33,48.33,145,1,Tier 4,TRUE,15325,Tier 5
19177,Tier 2,NIL,Garibaldi Girls,Tier 5,Nil,72.41,48.13,48.13,25,1,Tier 5,FALSE,19177,Tier 5
15397,Tier 2,NIL,Over Kellet PTA,Tier 5,Nil,72.45,48.12,48.12,85,1,Tier 5,FALSE,15397,Tier 5
19323,Tier 2,NIL,Cultura above boarders,Tier 5,Nil,72.45,48.12,48.12,48,1,Tier 5,FALSE,19323,Tier 5
10709,Tier 2,Tier 2,Kendal Ghost Walks,Tier 5,Tier 5,63.45,47.97,94.79,72,3,Tier 5,FALSE,10709,Tier 5
6368,Tier 3,Tier 2,RBL Cinderford Branch,Tier 5,Tier 5,56.53,47.96,199.58,56,4,Tier 4,TRUE,6368,Tier 5
16888,Tier 2,NIL,Robyn Leach,Tier 5,Nil,72.55,47.56,47.56,106,1,Tier 5,FALSE,16888,Tier 5
1684,Tier 2,Tier 2,Potters Bar Choral Society,Tier 5,Tier 5,61.27,47.5,107.75,60,4,Tier 5,FALSE,1684,Tier 5
13208,Tier 2,Tier 3,Creative Designer Club,Tier 5,Tier 5,60.96,47.42,133.12,19,3,Tier 5,FALSE,13208,Tier 5
16647,Tier 2,NIL,Soroptimists Grange-over-Sands,Tier 5,Nil,70.07,47.37,47.37,100,2,Tier 5,FALSE,16647,Tier 5
17897,Tier 2,NIL,The beach house,Tier 5,Nil,72.65,47.33,47.33,47,1,Tier 5,FALSE,17897,Tier 5
17902,Tier 2,NIL,The Resource House,Tier 5,Nil,70.16,47.25,47.25,16,2,Tier 5,FALSE,17902,Tier 5
650,Tier 3,Tier 3,Genesis Trust Bath,Tier 5,Tier 5,55.29,47.25,303.63,63,3,Tier 4,TRUE,650,Tier 5
9251,Tier 3,Tier 4,Albyn School Parents Association,Tier 5,Tier 4,50.96,47.25,597.52,126,3,Tier 4,TRUE,9251,Tier 5
2722,Tier 3,Tier 4,Scarborough Disabled Swimming Group,Tier 4,Tier 4,48.79,47.22,485.75,320,7,Tier 4,FALSE,2722,Tier 5
15864,Tier 2,NIL,Natasha Barclay,Tier 5,Nil,70.22,47.19,47.19,112,2,Tier 5,FALSE,15864,Tier 5
3088,NIL,NIL,Positive Safety Training Ltd,Nil,Nil,,47.12,250.77,7,6,Nil,FALSE,3088,Nil
11536,Tier 2,Tier 2,Riding for the Disabled Association,Tier 5,Tier 5,65.15,47.12,75.62,41,3,Tier 5,FALSE,11536,Tier 5
12003,Tier 2,Tier 2,NHPSC,Tier 5,Tier 5,61.41,47.12,128.63,82,3,Tier 5,FALSE,12003,Tier 5
13260,Tier 2,Tier 1,Summerbridge Primary School,Tier 5,Tier 5,66.1,47.04,68.12,58,3,Tier 5,FALSE,13260,Tier 5
7842,Tier 3,Tier 3,K Cruise Wellbeing-Connections,Tier 5,Tier 4,52.82,46.97,368.57,66,4,Tier 4,TRUE,7842,Tier 5
9295,Tier 3,Tier 4,PCC of Bursledon,Tier 5,Tier 5,60.44,46.97,121.35,255,4,Tier 4,TRUE,9295,Tier 5
17844,Tier 2,NIL,London NEU Unite Branch,Tier 5,Nil,72.95,46.88,46.88,65,1,Tier 5,FALSE,17844,Tier 5
18267,Tier 2,NIL,Kin Hill Events,Tier 5,Nil,70.41,46.88,46.88,112,2,Tier 5,FALSE,18267,Tier 5
2622,Tier 2,Tier 2,CISC,Tier 5,Tier 5,53.44,46.88,257.5,110,6,Tier 5,FALSE,2622,Tier 5
17264,Tier 3,NIL,Cairnshill PSA,Tier 5,Nil,73.02,46.79,46.79,128,1,Tier 4,TRUE,17264,Tier 5
4101,Tier 3,Tier 2,1st Hexham Scout Group,Tier 5,Tier 5,58.37,46.67,141.58,140,5,Tier 4,TRUE,4101,Tier 5
140,High Value,Tier 4,Reeds School,Tier 4,Tier 4,46.23,46.58,723.83,2329,9,Tier 2,TRUE,140,Tier 4
18044,Tier 2,NIL,Tempest Running Club,Tier 5,Nil,73.08,46.58,46.58,86,1,Tier 5,FALSE,18044,Tier 5
14991,NIL,NIL,Silviculture Academy CIC,Nil,Nil,,46.5,46.5,9,1,Nil,FALSE,14991,Nil
15441,Tier 2,NIL,L1 Summer BBQ,Tier 5,Nil,73.12,46.5,46.5,36,1,Tier 5,FALSE,15441,Tier 5
13364,Tier 2,Tier 2,Pit Farm Tennis Club,Tier 5,Tier 5,65.86,46.42,94.92,47,2,Tier 5,FALSE,13364,Tier 5
8165,Tier 3,Tier 2,Goring/StreatleyEvents,Tier 5,Tier 5,60.42,46.42,149.54,80,3,Tier 4,TRUE,8165,Tier 5
18420,Tier 2,NIL,Rough Draft,Tier 5,Nil,73.2,46.38,46.38,60,1,Tier 5,FALSE,18420,Tier 5
19260,Tier 2,NIL,Nessie,Tier 5,Nil,73.2,46.38,46.38,80,1,Tier 5,FALSE,19260,Tier 5
3136,Tier 2,NIL,Speed Of Sight,Tier 5,Nil,64.45,46.38,114.38,60,2,Tier 5,FALSE,3136,Tier 5
1789,Tier 3,Tier 3,The Boundstone Chorus,Tier 4,Tier 4,50.62,46.29,390.62,106,7,Tier 4,FALSE,1789,Tier 5
12206,Tier 2,Tier 2,Better Networking Hub Ltd,Tier 5,Tier 5,65.57,46.25,74.42,48,3,Tier 5,FALSE,12206,Tier 5
19510,Tier 3,NIL,Lakeland Life Events,Tier 5,Nil,73.3,46.21,46.21,143,1,Tier 4,TRUE,19510,Tier 5
11020,Tier 2,Tier 3,Frampton on Severn Church,Tier 5,Tier 4,59.92,46.2,213.28,121,2,Tier 5,FALSE,11020,Tier 5
18624,Tier 2,NIL,Westcliff U9 Rugby,Tier 5,Nil,70.81,46.04,46.04,85,2,Tier 5,FALSE,18624,Tier 5
15895,Tier 3,NIL,North East Stage and Screen Orchestra and Choir,Tier 5,Nil,70.85,45.92,45.92,173,2,Tier 4,TRUE,15895,Tier 5
7252,Tier 3,Tier 3,Douai Society,Tier 5,Tier 4,55.44,45.92,317.79,19,3,Tier 4,TRUE,7252,Tier 5
12595,Tier 2,Tier 2,Yoga with Felicity,Tier 5,Tier 5,61.98,45.87,125.12,42,3,Tier 5,FALSE,12595,Tier 5
16483,Tier 3,NIL,Andrew Dandridge,Tier 5,Nil,70.88,45.87,45.87,143,2,Tier 4,TRUE,16483,Tier 5
18360,Tier 2,NIL,Networking Ninjas X Rossendale Vibes,Tier 5,Nil,70.93,45.83,45.83,80,2,Tier 5,FALSE,18360,Tier 5
332,Tier 2,Tier 1,K Shoes Male Voice Choir,Tier 5,Tier 5,61.49,45.79,99.79,87,5,Tier 5,FALSE,332,Tier 5
15220,Tier 4,NIL,The Fundraisers Forum,Tier 5,Nil,70.99,45.75,45.75,693,2,Tier 3,TRUE,15220,Tier 5
16308,Tier 3,NIL,Harbertonford PTFA,Tier 5,Nil,73.56,45.72,45.72,128,1,Tier 4,TRUE,16308,Tier 5
9674,Tier 3,Tier 2,The Replicas,Tier 5,Tier 5,60.23,45.56,160.9,104,3,Tier 4,TRUE,9674,Tier 5
15460,Tier 2,NIL,MNI Summit,Tier 5,Nil,71.07,45.54,45.54,68,2,Tier 5,FALSE,15460,Tier 5
14351,Tier 2,Tier 1,Zoobidoo - The Zoo That Comes To You,Tier 5,Tier 5,69.51,45.51,58.84,121,2,Tier 5,FALSE,14351,Tier 5
19769,Tier 2,NIL,WUSPA,Tier 5,Nil,73.66,45.5,45.5,28,1,Tier 5,FALSE,19769,Tier 5
13054,Tier 2,Tier 3,Michelle Crack,Tier 5,Tier 5,63.17,45.46,141.15,45,2,Tier 5,FALSE,13054,Tier 5
18379,Tier 2,NIL,Syston RFC Fundraising,Tier 5,Nil,73.7,45.45,45.45,72,1,Tier 5,FALSE,18379,Tier 5
14482,Tier 2,Tier 3,Faith in Action Merton Homelessness Project,Tier 5,Tier 5,65.82,45.25,140.21,32,1,Tier 5,FALSE,14482,Tier 5
17088,Tier 3,NIL,Friends of St Martins School Scarborough FOSMs,Tier 5,Nil,73.75,45.21,45.21,155,1,Tier 4,TRUE,17088,Tier 5
10071,Tier 2,Tier 2,Life Project (Bath),Tier 5,Tier 5,59.53,45.17,149.12,72,4,Tier 5,FALSE,10071,Tier 5
11064,Tier 3,Tier 4,Mendip Green PTA,Tier 5,Tier 4,57.87,45.12,228.48,136,3,Tier 4,TRUE,11064,Tier 5
16588,Tier 2,NIL,Prime Dance Scotland,Tier 5,Nil,73.86,45,45,72,1,Tier 5,FALSE,16588,Tier 5
18681,Tier 2,NIL,SoulVillage,Tier 5,Nil,71.32,45,45,120,2,Tier 5,FALSE,18681,Tier 5
19922,Tier 2,NIL,Boots &amp; Beats,Tier 5,Nil,73.86,45,45,60,1,Tier 5,FALSE,19922,Tier 5
20106,Tier 2,NIL,Leila &amp; Co,Tier 5,Nil,73.86,45,45,60,1,Tier 5,FALSE,20106,Tier 5
2668,Tier 4,Tier 4,St Mary de Haura - COGS,Tier 5,Free,66.33,45,45,460,6,Tier 3,TRUE,2668,Tier 5
12248,Tier 2,NIL,Avon Scouts Hillwalking Unit,Tier 5,Nil,71.41,44.96,44.96,50,2,Tier 5,FALSE,12248,Tier 5
18750,Tier 2,NIL,Haltwhistle Boardwalkers,Tier 5,Nil,73.98,44.92,44.92,98,1,Tier 5,FALSE,18750,Tier 5
8174,Tier 3,Tier 3,Shaw Heath Bees,Tier 5,Tier 5,60.84,44.92,129.12,138,4,Tier 4,TRUE,8174,Tier 5
15484,Tier 2,NIL,Old Rayne School Parent Council,Tier 5,Nil,74.02,44.87,44.87,60,1,Tier 5,FALSE,15484,Tier 5
14823,Tier 2,Tier 2,Leander SC London,Tier 5,Tier 5,68.91,44.79,97.08,95,1,Tier 5,FALSE,14823,Tier 5
18307,Tier 2,NIL,Herne Bay Youth FC,Tier 5,Nil,74.06,44.79,44.79,100,1,Tier 5,FALSE,18307,Tier 5
16881,Tier 2,NIL,Calderwood Friday Night Dinner,Tier 5,Nil,74.12,44.67,44.67,79,1,Tier 5,FALSE,16881,Tier 5
1536,NIL,Tier 4,Climbing Wall Training Ltd,Nil,Tier 3,,44.62,1437.05,9,8,Nil,FALSE,1536,Nil
16425,Tier 2,NIL,Maryport Events,Tier 5,Nil,74.16,44.54,44.54,71,1,Tier 5,FALSE,16425,Tier 5
17179,Tier 3,NIL,Arun Padakanti,Tier 5,Nil,74.16,44.54,44.54,174,1,Tier 4,TRUE,17179,Tier 5
17519,Tier 3,NIL,Nightingale Primary PTA,Tier 5,Nil,74.21,44.53,44.53,169,1,Tier 4,TRUE,17519,Tier 5
15833,Tier 2,NIL,Sarah Gracey,Tier 5,Nil,74.25,44.42,44.42,91,1,Tier 5,FALSE,15833,Tier 5
17075,Tier 2,NIL,Kerry Banks BEM,Tier 5,Nil,71.71,44.42,44.42,82,2,Tier 5,FALSE,17075,Tier 5
4106,NIL,Tier 3,Trybooking Events,Nil,Tier 5,,44.38,214.73,5,3,Nil,FALSE,4106,Nil
933,Tier 4,Tier 4,Cumbria Tourism,Tier 5,Tier 5,59.22,44.38,115.92,1333,9,Tier 3,TRUE,933,Tier 5
8515,Tier 2,Tier 2,Friends of Noel Park,Tier 5,Tier 5,62.02,44.13,134.27,32,3,Tier 5,FALSE,8515,Tier 5
10207,High Value,High Value,Fleetwood Town Flyers FC,Tier 5,Tier 5,65.64,44.04,83.46,2894,3,Tier 2,TRUE,10207,Tier 5
1166,Tier 3,Tier 2,Altnagelvin Hospital Choir,Tier 5,Tier 5,50.88,44.04,397.33,54,8,Tier 4,TRUE,1166,Tier 5
17565,Tier 2,NIL,Unlocked Travel Community,Tier 5,Nil,74.37,44,44,32,1,Tier 5,FALSE,17565,Tier 5
12857,Tier 3,Tier 3,Maja Bugge,Tier 5,Tier 5,60.93,43.58,157.54,89,3,Tier 4,TRUE,12857,Tier 5
10947,Tier 2,Tier 2,Merlin Summer Fair,Tier 5,Tier 5,66.49,43.5,99.33,87,2,Tier 5,FALSE,10947,Tier 5
16824,Tier 2,NIL,South Oxhey Choir,Tier 5,Nil,74.43,43.5,43.5,67,1,Tier 5,FALSE,16824,Tier 5
13267,Tier 2,Tier 2,Lancaster Bright Club,Tier 5,Tier 5,67.98,43.33,80.17,80,2,Tier 5,FALSE,13267,Tier 5
4764,Tier 2,Tier 2,Newmarket Chamber Orchestra,Tier 5,Tier 5,58.19,43.33,152.62,80,6,Tier 5,FALSE,4764,Tier 5
14702,Tier 2,NIL,Ashburnham Village Hall Revival Group,Tier 5,Nil,71.87,43.29,44.54,79,2,Tier 5,FALSE,14702,Tier 5
19153,Tier 2,NIL,Dodd Group QP,Tier 5,Nil,74.52,43.21,43.21,48,1,Tier 5,FALSE,19153,Tier 5
14633,Tier 2,Tier 1,Kate Wheatley,Tier 5,Tier 5,71.52,43.18,46.85,32,2,Tier 5,FALSE,14633,Tier 5
10343,Tier 2,Tier 1,Chichester Diocese,Tier 5,Tier 5,70.52,43.17,55.83,61,2,Tier 5,FALSE,10343,Tier 5
14845,Tier 3,Tier 2,D & C Lowe & Sons Ltd,Tier 5,Tier 5,70.42,43.17,82.79,309,1,Tier 4,TRUE,14845,Tier 5
10385,Tier 2,NIL,Verulamians RFC,Tier 5,Nil,74.6,43.12,43.12,69,1,Tier 5,FALSE,10385,Tier 5
9173,Tier 3,Tier 3,Dunbar Sings,Tier 5,Tier 4,54.56,43.12,410.67,93,3,Tier 4,TRUE,9173,Tier 5
18187,Tier 2,NIL,York Music Forum,Tier 5,Nil,74.65,42.88,42.88,96,1,Tier 5,FALSE,18187,Tier 5
16427,Tier 2,NIL,Class of 82,Tier 5,Nil,72.14,42.79,42.79,79,2,Tier 5,FALSE,16427,Tier 5
11893,Tier 2,NIL,Helen Kane - Forte Strengths Ltd,Tier 5,Nil,71.81,42.75,45.83,93,2,Tier 5,FALSE,11893,Tier 5
16657,Tier 2,NIL,TRFC Events Committee,Tier 5,Nil,74.72,42.75,42.75,57,1,Tier 5,FALSE,16657,Tier 5
8955,Tier 2,Tier 1,Rose Hill PTA,Tier 5,Tier 5,67.98,42.75,61.88,109,3,Tier 5,FALSE,8955,Tier 5
18185,Tier 2,NIL,Waza Films,Tier 5,Nil,74.77,42.69,42.69,104,1,Tier 5,FALSE,18185,Tier 5
6239,Tier 2,NIL,CSWCC Juniors Fundraising,Tier 5,Nil,63.25,42.67,119.54,78,3,Tier 5,FALSE,6239,Tier 5
9082,Tier 2,Tier 2,Matrix Arts Centre,Tier 5,Tier 5,64.68,42.58,101.5,103,3,Tier 5,FALSE,9082,Tier 5
16191,Tier 2,NIL,Birley Council,Tier 5,Nil,74.86,42.5,42.5,39,1,Tier 5,FALSE,16191,Tier 5
18532,Tier 2,NIL,Haya Events,Tier 5,Nil,74.86,42.5,42.5,30,1,Tier 5,FALSE,18532,Tier 5
14848,Tier 2,NIL,Trianon Music Group,Tier 5,Nil,71.96,42.42,45.67,70,2,Tier 5,FALSE,14848,Tier 5
10648,Tier 2,Tier 2,Cumbria Squash and Racketball,Tier 5,Tier 5,64.73,42.33,101.83,70,3,Tier 5,FALSE,10648,Tier 5
4877,Tier 3,NIL,The Launchpad Collective CIO,Tier 5,Nil,55.31,42.28,262.87,35,5,Tier 4,TRUE,4877,Tier 5
17609,Tier 2,NIL,Feral Outdoor Company Ltd,Tier 5,Nil,72.44,42.23,42.23,33,2,Tier 5,FALSE,17609,Tier 5
18636,Tier 2,NIL,Great Ayton Drama,Tier 5,Nil,72.48,42.21,42.21,90,2,Tier 5,FALSE,18636,Tier 5
8519,Tier 3,Tier 2,GRFC Summer Camp,Tier 5,Tier 5,64.19,42.21,108.93,141,3,Tier 4,TRUE,8519,Tier 5
13780,Tier 2,Tier 2,Lottie Chatfield,Tier 5,Tier 5,70.73,42,56.75,64,2,Tier 5,FALSE,13780,Tier 5
17717,Tier 2,NIL,BAmDram,Tier 5,Nil,72.55,42,42,118,2,Tier 5,FALSE,17717,Tier 5
19027,Tier 2,NIL,Brechin Rotary,Tier 5,Nil,75.09,42,42,36,1,Tier 5,FALSE,19027,Tier 5
15132,Tier 2,NIL,Drama Workshop,Tier 5,Nil,72.6,41.96,41.96,85,2,Tier 5,FALSE,15132,Tier 5
15670,Tier 2,NIL,SRC Kalinka,Tier 5,Nil,75.17,41.88,41.88,85,1,Tier 5,FALSE,15670,Tier 5
19283,NIL,NIL,Raval Consultants LTD,Nil,Nil,,41.83,41.83,2,1,Nil,FALSE,19283,Nil
8178,Tier 2,NIL,Cor Heol y March,Tier 5,Nil,66.32,41.83,108.46,92,2,Tier 5,FALSE,8178,Tier 5
1483,Tier 3,Tier 3,Lancaster Jazz Festival,Tier 5,Tier 5,53.84,41.71,311.76,97,6,Tier 4,TRUE,1483,Tier 5
13945,Tier 2,Tier 2,North West NSPCC,Tier 5,Tier 5,72.17,41.67,68.58,94,1,Tier 5,FALSE,13945,Tier 5
15195,Tier 2,NIL,Melanie Philip - Movement Medicine,Tier 5,Nil,75.25,41.67,41.67,21,1,Tier 5,FALSE,15195,Tier 5
1093,Tier 2,Tier 2,Didcot Choral Society,Tier 5,Tier 5,57.4,41.58,173.5,71,7,Tier 5,FALSE,1093,Tier 5
18062,Tier 2,NIL,The Julia Margaret Cameron Trust Ltd,Tier 5,Nil,72.75,41.58,41.58,55,2,Tier 5,FALSE,18062,Tier 5
16794,Tier 2,NIL,Science Matters,Tier 5,Nil,72.79,41.5,41.5,12,2,Tier 5,FALSE,16794,Tier 5
15659,Tier 2,NIL,Jo Sanderson,Tier 5,Nil,72.82,41.46,41.46,124,2,Tier 5,FALSE,15659,Tier 5
8793,Tier 3,Tier 3,Wath Pantomime,Tier 5,Tier 5,58.67,41.46,191.79,240,4,Tier 4,TRUE,8793,Tier 5
16375,Tier 2,NIL,Stony in Bloom Concert,Tier 5,Nil,75.42,41.38,41.38,64,1,Tier 5,FALSE,16375,Tier 5
18328,Tier 3,NIL,The Armitt Events,Tier 5,Nil,72.87,41.38,41.38,155,2,Tier 4,TRUE,18328,Tier 5
8150,Tier 2,Tier 1,Jennywiz Tours,Tier 5,Tier 5,67.65,41.33,69.33,98,3,Tier 5,FALSE,8150,Tier 5
7024,Tier 2,NIL,61st Croydon Scouts,Tier 5,Nil,64.53,41.27,108.73,86,3,Tier 5,FALSE,7024,Tier 5
14914,Tier 3,Tier 2,Ysgol Wepre PTA,Tier 5,Tier 5,71.09,41.25,56.33,199,2,Tier 4,TRUE,14914,Tier 5
19061,Tier 2,NIL,The Armitt Escape Boxes,Tier 5,Nil,75.52,41.25,41.25,14,1,Tier 5,FALSE,19061,Tier 5
17825,Tier 2,NIL,Penicuik Twinning Association,Tier 5,Nil,75.56,41.21,41.21,43,1,Tier 5,FALSE,17825,Tier 5
19219,Tier 2,NIL,Matthew Hennessey,Tier 5,Nil,75.59,41.12,41.12,41,1,Tier 5,FALSE,19219,Tier 5
14648,Tier 2,Tier 2,Gresham Village Hall,Tier 5,Tier 5,70.35,41.05,64.06,100,2,Tier 5,FALSE,14648,Tier 5
19077,Tier 2,NIL,The Sheffield Chorale,Tier 5,Nil,75.64,41,41,66,1,Tier 5,FALSE,19077,Tier 5
4955,Tier 3,Tier 3,FOTSA,Tier 5,Tier 4,54.38,41,333.88,57,5,Tier 4,TRUE,4955,Tier 5
14813,Tier 2,NIL,Lauren Jane Coaching,Tier 5,Nil,74.63,40.92,48.17,24,1,Tier 5,FALSE,14813,Tier 5
5236,High Value,Tier 4,Tri-borough Music Hub,Tier 5,Tier 5,61.73,40.87,116.08,2738,5,Tier 2,TRUE,5236,Tier 5
17557,Tier 2,NIL,Katie Wright,Tier 5,Nil,73.17,40.86,40.86,85,2,Tier 5,FALSE,17557,Tier 5
18536,Tier 2,NIL,Greg Burford,Tier 5,Nil,73.2,40.79,40.79,98,2,Tier 5,FALSE,18536,Tier 5
16330,Tier 2,NIL,Dartford Choral Society,Tier 5,Nil,73.23,40.78,40.78,72,2,Tier 5,FALSE,16330,Tier 5
18968,Tier 2,NIL,Michael Bede Dunlop,Tier 5,Nil,75.81,40.68,40.68,64,1,Tier 5,FALSE,18968,Tier 5
8087,Tier 2,NIL,Fizz and Flowers,Tier 5,Nil,66.85,40.67,107.75,122,2,Tier 5,FALSE,8087,Tier 5
1139,Tier 2,Tier 2,Marie Curie North of England,Tier 5,Tier 5,61.44,40.62,121.81,75,5,Tier 5,FALSE,1139,Tier 5
18781,Tier 3,NIL,Southborough High School,Tier 5,Nil,75.87,40.6,40.6,135,1,Tier 4,TRUE,18781,Tier 5
11740,Tier 3,Tier 4,CITIZENS ADVICE NORTH LANCS,Tier 5,Tier 4,57.22,40.54,316.42,163,3,Tier 4,TRUE,11740,Tier 5
18957,Tier 2,NIL,BEVA Tickets,Tier 5,Nil,75.91,40.54,40.54,92,1,Tier 5,FALSE,18957,Tier 5
14849,Tier 2,Tier 2,Tycroes Rugby,Tier 5,Tier 5,72.33,40.29,71.04,64,1,Tier 5,FALSE,14849,Tier 5
18049,Tier 2,NIL,FEWS,Tier 5,Nil,73.43,40.28,40.28,120,2,Tier 5,FALSE,18049,Tier 5
12814,Tier 3,Tier 3,ASB PTFA,Tier 5,Tier 5,67.32,40.18,75.85,169,3,Tier 4,TRUE,12814,Tier 5
14008,Tier 2,Tier 1,Alexander Kyle,Tier 5,Tier 5,72.01,40.13,51.17,71,2,Tier 5,FALSE,14008,Tier 5
18926,Tier 2,NIL,Friends of Ashurst,Tier 5,Nil,76.04,40.13,40.13,120,1,Tier 5,FALSE,18926,Tier 5
16921,Tier 2,NIL,Louise Cross,Tier 5,Nil,76.08,40.04,40.04,123,1,Tier 5,FALSE,16921,Tier 5
19339,Tier 2,NIL,Trull School Fundrasiers,Tier 5,Nil,76.11,40.01,40.01,107,1,Tier 5,FALSE,19339,Tier 5
18965,Tier 2,NIL,JD Hospitality Ltd,Tier 5,Nil,76.14,39.79,39.79,100,1,Tier 5,FALSE,18965,Tier 5
16819,Tier 2,NIL,Coedffranc PTA,Tier 5,Nil,76.18,39.75,39.75,53,1,Tier 5,FALSE,16819,Tier 5
18168,Tier 2,NIL,Winchester Road Methodist Church,Tier 5,Nil,73.64,39.75,39.75,112,2,Tier 5,FALSE,18168,Tier 5
16757,Tier 2,NIL,Infinite Business Consulting,Tier 5,Nil,73.68,39.68,39.68,74,2,Tier 5,FALSE,16757,Tier 5
15553,Tier 2,NIL,Year 6 Leavers Party,Tier 5,Nil,76.26,39.63,39.63,61,1,Tier 5,FALSE,15553,Tier 5
6695,Tier 2,NIL,Marshmallow Dreams Cafe,Tier 5,Nil,61.06,39.62,152.75,85,4,Tier 5,FALSE,6695,Tier 5
15976,Tier 2,NIL,Ulverston Parish Church,Tier 5,Nil,76.31,39.61,39.61,71,1,Tier 5,FALSE,15976,Tier 5
18992,Tier 2,NIL,VC Pop Up Voices,Tier 5,Nil,76.33,39.58,39.58,39,1,Tier 5,FALSE,18992,Tier 5
19462,Tier 2,NIL,Weymouth Land Train,Tier 5,Nil,76.36,39.54,39.54,110,1,Tier 5,FALSE,19462,Tier 5
7485,Tier 3,Tier 4,Emma Forsyth,Tier 5,Tier 4,53.1,39.47,633.3,27,3,Tier 4,TRUE,7485,Tier 5
17420,Tier 2,NIL,St Leonard’s PTA,Tier 5,Nil,76.41,39.43,39.43,90,1,Tier 5,FALSE,17420,Tier 5
3094,Tier 4,Tier 4,TMS COACHING,Tier 4,Tier 3,46.31,39.42,1490.17,16,5,Tier 3,TRUE,3094,Tier 4
18228,Tier 3,NIL,Aces High Gallery,Tier 5,Nil,73.9,39.42,39.42,308,2,Tier 4,TRUE,18228,Tier 5
17070,Tier 2,NIL,Feathers,Tier 5,Nil,76.5,39.25,39.25,61,1,Tier 5,FALSE,17070,Tier 5
16175,Tier 2,NIL,Women Who Cumbria CIC,Tier 5,Nil,74,39.21,39.21,78,2,Tier 5,FALSE,16175,Tier 5
15420,Tier 2,NIL,SY Ecofit CIC,Tier 5,Nil,76.58,39.08,39.08,111,1,Tier 5,FALSE,15420,Tier 5
5137,Tier 2,Tier 2,Dufton Agricultural Society,Tier 5,Tier 5,67.57,39.08,78.38,42,3,Tier 5,FALSE,5137,Tier 5
18780,Tier 2,NIL,Flux Therapy,Tier 5,Nil,76.61,39,39,10,1,Tier 5,FALSE,18780,Tier 5
10841,Tier 2,Tier 1,The Beacon,Tier 5,Tier 5,70.08,38.96,54.63,32,3,Tier 5,FALSE,10841,Tier 5
15313,Tier 2,NIL,BHS Basingstoke,Tier 5,Nil,76.66,38.96,38.96,117,1,Tier 5,FALSE,15313,Tier 5
8191,Tier 2,NIL,BJ Open Gardens,Tier 5,Nil,71.55,38.96,58.98,71,2,Tier 5,FALSE,8191,Tier 5
5248,Tier 3,Tier 3,J’s Dance Factory,Tier 5,Tier 4,50.86,38.88,646.83,110,5,Tier 4,TRUE,5248,Tier 5
5325,Tier 3,Tier 4,Monique Hubaille,Tier 5,Tier 3,51.87,38.88,833.5,24,3,Tier 4,TRUE,5325,Tier 5
9779,Tier 2,Tier 2,The Circle - Swadlincote Family Support Centre,Tier 5,Tier 5,66.65,38.88,73.62,121,4,Tier 5,FALSE,9779,Tier 5
16156,Tier 2,NIL,Drwm Y Ddraig,Tier 5,Nil,74.23,38.75,38.75,55,2,Tier 5,FALSE,16156,Tier 5
13820,Tier 2,Tier 2,BOTC Sheffield,Tier 5,Tier 5,69.62,38.62,59.25,103,3,Tier 5,FALSE,13820,Tier 5
16576,Tier 2,NIL,Integrity Coaching,Tier 5,Nil,76.82,38.58,38.58,25,1,Tier 5,FALSE,16576,Tier 5
13594,Tier 3,Tier 3,Celebration Circle Events,Tier 5,Tier 5,67.05,38.5,112.71,231,2,Tier 4,TRUE,13594,Tier 5
14871,Tier 2,Tier 1,Gemma Downton,Tier 5,Tier 5,74.22,38.46,59.04,71,1,Tier 5,FALSE,14871,Tier 5
10360,Tier 3,Tier 2,Cheryl McDonald Silverbirch,Tier 5,Tier 5,69.91,38.28,56.95,173,3,Tier 4,TRUE,10360,Tier 5
607,NIL,Tier 4,UK Food Certification Limited,Nil,Tier 3,,38.25,3174.25,6,8,Nil,FALSE,607,Nil
17669,Tier 2,NIL,Dunblane Scouts,Tier 5,Nil,76.91,38.25,38.25,86,1,Tier 5,FALSE,17669,Tier 5
14042,Tier 2,NIL,Three Rivers Community Choir,Tier 5,Nil,74.05,38.18,40.51,115,2,Tier 5,FALSE,14042,Tier 5
12406,Tier 2,Tier 2,Roy Radford,Tier 5,Tier 5,68.18,38.17,73.88,31,3,Tier 5,FALSE,12406,Tier 5
13375,Tier 2,Tier 2,Michelle Perrott,Tier 5,Tier 5,70.47,38.17,71.04,29,2,Tier 5,FALSE,13375,Tier 5
8467,Tier 2,Tier 2,Southend Wheelers,Tier 5,Tier 5,65.9,38.17,85.58,113,4,Tier 5,FALSE,8467,Tier 5
8353,Tier 2,Tier 1,Lost Legion Wargaming Club,Tier 5,Tier 5,66.08,38.12,83.86,28,4,Tier 5,FALSE,8353,Tier 5
11188,Tier 2,Tier 2,Romulus Singers,Tier 5,Tier 5,66.49,38.04,95.5,54,3,Tier 5,FALSE,11188,Tier 5
15719,Tier 2,NIL,Bristol Harbourside Churches,Tier 5,Nil,74.5,38.04,38.04,111,2,Tier 5,FALSE,15719,Tier 5
19610,NIL,NIL,The Visibility Lab,Nil,Nil,,38,38,6,1,Nil,FALSE,19610,Nil
10268,Tier 2,Tier 2,1690 Association (George Fox School  Lancaster.),Tier 5,Tier 5,65.03,38,116.37,24,3,Tier 5,FALSE,10268,Tier 5
15798,Tier 2,NIL,Not Out At 90,Tier 5,Nil,77.1,38,38,38,1,Tier 5,FALSE,15798,Tier 5
18868,Tier 2,NIL,Jane robbins,Tier 5,Nil,77.1,38,38,24,1,Tier 5,FALSE,18868,Tier 5
5987,Tier 2,Tier 2,Temple Sowerby CE School,Tier 5,Tier 5,62.99,37.88,129.27,116,4,Tier 5,FALSE,5987,Tier 5
14568,Tier 2,Tier 1,St Roberts Catholic Club,Tier 5,Tier 5,72.51,37.68,54.01,63,2,Tier 5,FALSE,14568,Tier 5
19481,Tier 2,NIL,West Heaton,Tier 5,Nil,77.2,37.67,37.67,106,1,Tier 5,FALSE,19481,Tier 5
6827,Tier 2,Tier 3,Semley Village Hall Club 2,Tier 5,Tier 4,57.58,37.67,237.46,86,5,Tier 5,FALSE,6827,Tier 5
18045,Tier 2,NIL,The Wool Hub,Tier 5,Nil,74.69,37.63,37.63,20,2,Tier 5,FALSE,18045,Tier 5
5558,Tier 3,Tier 4,Buckley Theatre School,Tier 4,Tier 3,50.54,37.58,1142.83,82,3,Tier 4,FALSE,5558,Tier 5
17542,Tier 2,NIL,R&amp;R Crafts,Tier 5,Nil,77.28,37.54,37.54,17,1,Tier 5,FALSE,17542,Tier 5
18606,Tier 2,NIL,Goodcup,Tier 5,Nil,77.31,37.5,37.5,50,1,Tier 5,FALSE,18606,Tier 5
11490,Tier 2,Tier 2,Kimbolton Primary Academy,Tier 5,Tier 5,69.39,37.46,86.94,68,2,Tier 5,FALSE,11490,Tier 5
16770,Tier 2,NIL,Exning Presents,Tier 5,Nil,77.36,37.21,37.21,56,1,Tier 5,FALSE,16770,Tier 5
14166,Tier 2,Tier 2,Dasha&#39;s Pop-Up,Tier 5,Tier 5,72.22,37,83.96,39,1,Tier 5,FALSE,14166,Tier 5
13230,Tier 2,Tier 1,Vision 21 Cyfle Cymru,Tier 5,Tier 5,70.8,36.94,53.07,74,3,Tier 5,FALSE,13230,Tier 5
16488,Tier 2,NIL,Brothers4LifeBJJ,Tier 5,Nil,74.89,36.92,36.92,40,2,Tier 5,FALSE,16488,Tier 5
14099,Tier 2,Tier 2,Discover Scottish Gardens,Tier 5,Tier 5,70.71,36.83,72.25,36,2,Tier 5,FALSE,14099,Tier 5
17448,Tier 2,NIL,The star Inn,Tier 5,Nil,74.93,36.83,36.83,79,2,Tier 5,FALSE,17448,Tier 5
19447,Tier 2,NIL,YM4P,Tier 5,Nil,77.51,36.75,36.75,88,1,Tier 5,FALSE,19447,Tier 5
7161,Tier 3,Tier 2,Space 2 Talk,Tier 5,Tier 5,59.93,36.73,174.47,240,5,Tier 4,TRUE,7161,Tier 5
12008,Tier 2,Tier 2,Friends of St Michaels,Tier 5,Tier 5,72.42,36.67,56.92,119,2,Tier 5,FALSE,12008,Tier 5
16717,Tier 2,NIL,Bec Healey,Tier 5,Nil,75.04,36.67,36.67,110,2,Tier 5,FALSE,16717,Tier 5
4253,Tier 3,Tier 3,Hip Replacements,Tier 5,Tier 4,54.75,36.67,350.58,70,6,Tier 4,TRUE,4253,Tier 5
13282,Tier 2,Tier 2,The Capricorn Singers,Tier 5,Tier 5,69.77,36.54,64.12,67,3,Tier 5,FALSE,13282,Tier 5
15731,Tier 2,NIL,Accrington Pipe Band,Tier 5,Nil,77.64,36.29,36.29,67,1,Tier 5,FALSE,15731,Tier 5
13253,Tier 2,Tier 2,Kingswinford Concert Band,Tier 5,Tier 5,72.25,36.25,59.25,98,2,Tier 5,FALSE,13253,Tier 5
18033,Tier 2,NIL,Jessica Ferrari-Wells,Tier 5,Nil,75.17,36.17,36.17,31,2,Tier 5,FALSE,18033,Tier 5
13611,Tier 2,Tier 3,Woking Cougars Football Club,Tier 5,Tier 5,67.06,36.11,123.17,13,2,Tier 5,FALSE,13611,Tier 5
16136,Tier 2,NIL,FMPS,Tier 5,Nil,75.24,36.04,36.04,70,2,Tier 5,FALSE,16136,Tier 5
17372,Tier 2,NIL,Terror Management,Tier 5,Nil,75.24,36.04,36.04,63,2,Tier 5,FALSE,17372,Tier 5
850,Tier 2,Tier 3,Mansfield & District MVC,Tier 5,Tier 5,59.97,36.04,155.46,50,7,Tier 5,FALSE,850,Tier 5
12426,Tier 2,Tier 2,Salfordu3a,Tier 5,Tier 5,67.53,35.98,116.36,42,2,Tier 5,FALSE,12426,Tier 5
17444,Tier 2,NIL,Brooklands Club,Tier 5,Nil,75.3,35.93,35.93,71,2,Tier 5,FALSE,17444,Tier 5
9480,Tier 3,NIL,Thurlaston PTA,Tier 5,Nil,71.08,35.92,53.3,155,3,Tier 4,TRUE,9480,Tier 5
5493,Tier 3,Tier 3,Temple Yoga,Tier 5,Tier 4,57.8,35.87,287.88,27,4,Tier 4,TRUE,5493,Tier 5
20002,Tier 2,NIL,Ty Poeth Farm,Tier 5,Nil,77.92,35.8,35.8,92,1,Tier 5,FALSE,20002,Tier 5
11807,Tier 3,Tier 2,StayBlackpool,Tier 5,Tier 5,70.12,35.62,62.5,140,3,Tier 4,TRUE,11807,Tier 5
16195,Tier 2,NIL,St Mary's Church,Tier 5,Nil,77.97,35.62,35.62,95,1,Tier 5,FALSE,16195,Tier 5
4042,Tier 3,Tier 3,Worthing Choral Society,Tier 5,Tier 4,54.21,35.62,393.83,67,6,Tier 4,TRUE,4042,Tier 5
17103,Tier 2,NIL,The young explorerers forest school,Tier 5,Nil,75.49,35.51,35.51,91,2,Tier 5,FALSE,17103,Tier 5
13475,Tier 2,Tier 2,Jenny Clarke,Tier 5,Tier 5,70.95,35.48,55.79,79,3,Tier 5,FALSE,13475,Tier 5
11141,NIL,Tier 4,Cumbria Deaf Association,Nil,Tier 3,,35.42,536,8,2,Nil,FALSE,11141,Nil
18967,Tier 3,NIL,Sundown Society,Tier 5,Nil,78.07,35.42,35.42,175,1,Tier 4,TRUE,18967,Tier 5
6623,Tier 2,Tier 2,Black Sheep Countryside Management,Tier 5,Tier 5,63.4,35.39,132.81,44,4,Tier 5,FALSE,6623,Tier 5
3298,Tier 3,Tier 3,Restoring Hardknott Forest,Tier 5,Tier 4,56.97,35.38,258.54,209,6,Tier 4,TRUE,3298,Tier 5
6398,Tier 4,Tier 4,RMS for Girls,Tier 5,Free,71.25,35.38,35.38,961,5,Tier 3,TRUE,6398,Tier 5
18261,Tier 2,NIL,Graig Villa Dino FC,Tier 5,Nil,78.18,35.29,35.29,121,1,Tier 5,FALSE,18261,Tier 5
16461,High Value,NIL,Lunar Events,Tier 5,Nil,75.67,35.25,35.25,2515,2,Tier 2,TRUE,16461,Tier 5
7336,Tier 3,Tier 4,Kelmarsh Hall,Tier 5,Tier 3,50.93,35.25,1194.46,148,3,Tier 4,TRUE,7336,Tier 5
18770,Tier 2,NIL,Drum Happy CIC,Tier 5,Nil,78.25,35.11,35.11,88,1,Tier 5,FALSE,18770,Tier 5
6602,Tier 3,Tier 3,Civil Service Choir,Tier 5,Tier 4,57.88,35.08,369.78,47,3,Tier 4,TRUE,6602,Tier 5
19613,Tier 2,NIL,WvCcharityevents,Tier 5,Nil,78.29,34.96,34.96,58,1,Tier 5,FALSE,19613,Tier 5
15047,Tier 2,NIL,Bethel District 5,Tier 5,Nil,78.19,34.79,35.87,64,1,Tier 5,FALSE,15047,Tier 5
15246,Tier 2,NIL,Jola Sings,Tier 5,Nil,75.8,34.79,34.79,72,2,Tier 5,FALSE,15246,Tier 5
13296,Tier 2,NIL,Anti-Racist Education Strategy (BHCC),Tier 5,Nil,75.84,34.75,34.75,18,2,Tier 5,FALSE,13296,Tier 5
2721,Tier 3,NIL,Daisy Hill Football Club,Tier 5,Nil,54.57,34.75,496.33,367,4,Tier 4,TRUE,2721,Tier 5
14197,Tier 2,Tier 2,Earls Colne Heritage Museum,Tier 5,Tier 5,69.74,34.7,91.7,89,2,Tier 5,FALSE,14197,Tier 5
16572,Tier 2,NIL,Dunbar Dragons,Tier 5,Nil,78.44,34.67,34.67,51,1,Tier 5,FALSE,16572,Tier 5
18388,Tier 2,NIL,Ecole FLAM Jersey,Tier 5,Nil,75.93,34.62,34.62,95,2,Tier 5,FALSE,18388,Tier 5
10261,Tier 2,Tier 3,The Imperial,Tier 5,Tier 5,66.69,34.54,108.06,80,3,Tier 5,FALSE,10261,Tier 5
14841,Tier 2,NIL,124th Derby (Mickleover) Scout Group,Tier 5,Nil,78.25,34.51,36.26,106,1,Tier 5,FALSE,14841,Tier 5
16335,Tier 2,NIL,Headline Music,Tier 5,Nil,78.56,34.5,34.5,36,1,Tier 5,FALSE,16335,Tier 5
16424,Tier 2,NIL,St Mary's Warsash,Tier 5,Nil,76.02,34.5,34.5,61,2,Tier 5,FALSE,16424,Tier 5
16704,Tier 2,NIL,Houghton Toddlers,Tier 5,Nil,78.63,34.38,34.38,96,1,Tier 5,FALSE,16704,Tier 5
18721,Tier 2,NIL,LV Fitness Studio,Tier 5,Nil,78.63,34.38,34.38,25,1,Tier 5,FALSE,18721,Tier 5
15119,Tier 2,NIL,Francis Mizuro,Tier 5,Nil,78.69,34.28,34.28,53,1,Tier 5,FALSE,15119,Tier 5
17285,Tier 2,NIL,Third Child Events,Tier 5,Nil,78.74,34.17,34.17,35,1,Tier 5,FALSE,17285,Tier 5
9414,Tier 4,Tier 4,FoodFutures,Tier 5,Tier 5,64.4,34.17,121.76,1152,4,Tier 3,TRUE,9414,Tier 5
14185,Tier 2,Tier 1,Warrington Male Voice Choir,Tier 5,Tier 5,76.52,34.13,50.38,65,1,Tier 5,FALSE,14185,Tier 5
15080,Tier 2,NIL,Art Deco Orchestra,Tier 5,Nil,78.81,34.13,34.13,42,1,Tier 5,FALSE,15080,Tier 5
16111,Tier 2,NIL,Cumbria Creative Workshops,Tier 5,Nil,78.81,34.13,34.13,12,1,Tier 5,FALSE,16111,Tier 5
19044,Tier 2,NIL,Manor House School,Tier 5,Nil,78.81,34.13,34.13,70,1,Tier 5,FALSE,19044,Tier 5
12630,Tier 2,NIL,Sonara Singers,Tier 5,Nil,76.33,34.07,34.07,48,2,Tier 5,FALSE,12630,Tier 5
15664,Tier 2,NIL,Making Art,Tier 5,Nil,78.9,34.04,34.04,43,1,Tier 5,FALSE,15664,Tier 5
15952,Tier 2,NIL,CFWI,Tier 5,Nil,78.94,34,34,36,1,Tier 5,FALSE,15952,Tier 5
3363,Tier 2,Tier 3,Binns Organ Trust,Tier 5,Tier 5,60.57,34,168.71,102,6,Tier 5,FALSE,3363,Tier 5
7356,Tier 2,NIL,West Buckland School PA,Tier 5,Nil,65.69,34,126.67,17,3,Tier 5,FALSE,7356,Tier 5
12139,Tier 3,Tier 4,Ellel Village Hall Trust,Tier 5,Free,74.47,33.98,33.98,406,3,Tier 4,TRUE,12139,Tier 5
19018,Tier 2,NIL,Development Department,Tier 5,Nil,79.02,33.83,33.83,59,1,Tier 5,FALSE,19018,Tier 5
5745,Tier 2,Tier 2,Chamber Maids,Tier 5,Tier 5,62.19,33.75,148.5,45,5,Tier 5,FALSE,5745,Tier 5
12346,Tier 2,Tier 1,Victoria Grant - VA Services,Tier 5,Tier 5,74.95,33.62,44.75,96,2,Tier 5,FALSE,12346,Tier 5
14231,Tier 2,NIL,North Mymms Memorial Hall,Tier 5,Nil,78.4,33.54,38.29,123,1,Tier 5,FALSE,14231,Tier 5
11877,Tier 2,Tier 2,Prajna Indrawati,Tier 5,Tier 5,71.15,33.33,80.88,55,2,Tier 5,FALSE,11877,Tier 5
19109,Tier 2,NIL,MondoItaliano,Tier 5,Nil,79.13,33.33,33.33,100,1,Tier 5,FALSE,19109,Tier 5
18870,Tier 2,NIL,Twinkles by Nina,Tier 5,Nil,79.16,33.29,33.29,43,1,Tier 5,FALSE,18870,Tier 5
17846,Tier 2,NIL,Sarah Events,Tier 5,Nil,76.65,33.25,33.25,21,2,Tier 5,FALSE,17846,Tier 5
15058,Tier 3,NIL,Haslingfield Little Owls Preschool,Tier 5,Nil,79.24,33.12,33.12,155,1,Tier 4,TRUE,15058,Tier 5
18903,Tier 2,NIL,Chris Swithinbank,Tier 5,Nil,79.24,33.12,33.12,51,1,Tier 5,FALSE,18903,Tier 5
9168,Tier 3,NIL,TFO AP & RAV,Tier 5,Nil,71.69,33.12,56.31,144,3,Tier 4,TRUE,9168,Tier 5
19581,Tier 2,NIL,SAK FOOD Services,Tier 5,Nil,79.31,33.08,33.08,36,1,Tier 5,FALSE,19581,Tier 5
18916,Tier 2,NIL,Whitton Photographic Club,Tier 5,Nil,79.36,33.04,33.04,51,1,Tier 5,FALSE,18916,Tier 5
9285,Tier 2,Tier 2,Morecambe Warblers,Tier 5,Tier 5,70.76,33.04,65.67,61,3,Tier 5,FALSE,9285,Tier 5
19499,Tier 2,NIL,Abel Smith School PFA,Tier 5,Nil,79.4,33,33,22,1,Tier 5,FALSE,19499,Tier 5
11754,Tier 3,Tier 2,St Agnes SLSC,Tier 5,Free,74.9,32.92,32.92,133,3,Tier 4,TRUE,11754,Tier 5
19496,Tier 2,NIL,Shit Runners Club Kendal,Tier 5,Nil,79.45,32.83,32.83,99,1,Tier 5,FALSE,19496,Tier 5
16668,Tier 2,NIL,Chris Diamand Music,Tier 5,Nil,76.94,32.78,32.78,65,2,Tier 5,FALSE,16668,Tier 5
12587,Tier 2,Tier 1,The Rotary Cub of Knaresborough,Tier 5,Tier 5,72.24,32.71,52.33,52,3,Tier 5,FALSE,12587,Tier 5
17877,Tier 2,NIL,Jordans Village Performs,Tier 5,Nil,76.98,32.71,32.71,52,2,Tier 5,FALSE,17877,Tier 5
14531,Tier 2,NIL,TGAAC,Tier 5,Nil,79.55,32.67,32.67,28,1,Tier 5,FALSE,14531,Tier 5
16445,Tier 2,NIL,Abundante Vida Church,Tier 5,Nil,79.59,32.5,32.5,60,1,Tier 5,FALSE,16445,Tier 5
1951,Tier 3,NIL,A R Watts,Tier 5,Nil,61.28,32.5,245.64,39,3,Tier 4,TRUE,1951,Tier 5
15045,Tier 2,NIL,Ukraine Spring Concert,Tier 5,Nil,79.11,32.33,35.33,81,1,Tier 5,FALSE,15045,Tier 5
6789,Tier 2,Tier 2,Preston Cecilian Choral Society,Tier 5,Tier 5,67.29,32.29,79.25,44,5,Tier 5,FALSE,6789,Tier 5
17961,Tier 2,NIL,Rascals castles,Tier 5,Nil,79.66,32.25,32.25,48,1,Tier 5,FALSE,17961,Tier 5
2045,Tier 3,NIL,Dramagic - Colin irvine,Tier 5,Nil,54.83,32.17,419.21,59,6,Tier 4,TRUE,2045,Tier 5
16640,Tier 2,NIL,HopLab Ltd,Tier 5,Nil,79.71,32.12,32.12,88,1,Tier 5,FALSE,16640,Tier 5
18817,Tier 2,NIL,Cwmffrwdoer Primary PTFA,Tier 5,Nil,79.73,32.04,32.04,117,1,Tier 5,FALSE,18817,Tier 5
2835,Tier 2,Tier 2,St Alphege Church,Tier 5,Tier 5,64.14,31.93,111.97,77,6,Tier 5,FALSE,2835,Tier 5
18100,Tier 2,NIL,Anita Carter,Tier 5,Nil,77.24,31.92,31.92,27,2,Tier 5,FALSE,18100,Tier 5
15704,Tier 2,NIL,Birmingham Handsworth Lions Club CIO - Jitesh Samani,Tier 5,Nil,79.82,31.88,31.88,30,1,Tier 5,FALSE,15704,Tier 5
16547,Tier 4,NIL,Historic Wheels Club,Tier 5,Nil,77.28,31.88,31.88,460,2,Tier 3,TRUE,16547,Tier 5
10446,Tier 2,Tier 2,Life and Soul Youthwork,Tier 5,Tier 5,67.64,31.83,107.43,71,3,Tier 5,FALSE,10446,Tier 5
17777,Tier 2,NIL,Clwb Rygbi Bangor,Tier 5,Nil,77.33,31.83,31.83,43,2,Tier 5,FALSE,17777,Tier 5
8159,Tier 3,Tier 4,APPTA,Tier 5,Tier 4,56.17,31.82,562.66,112,3,Tier 4,TRUE,8159,Tier 5
10682,Tier 2,Tier 2,Amnesty International Reading Group,Tier 5,Tier 5,70.85,31.79,90.37,61,2,Tier 5,FALSE,10682,Tier 5
16867,Tier 2,NIL,St John&#39;s College Choir Association,Tier 5,Nil,79.94,31.75,31.75,33,1,Tier 5,FALSE,16867,Tier 5
16296,Tier 2,NIL,Olive Tree Cafe,Tier 5,Nil,79.97,31.67,31.67,38,1,Tier 5,FALSE,16296,Tier 5
18250,Tier 2,NIL,St Augustines School PTA,Tier 5,Nil,80,31.65,31.65,94,1,Tier 5,FALSE,18250,Tier 5
19539,NIL,NIL,2minds,Nil,Nil,,31.63,31.63,9,1,Nil,FALSE,19539,Nil
13572,Tier 2,Tier 2,Angie's Around the world menu,Tier 5,Tier 5,71.95,31.63,77.54,23,2,Tier 5,FALSE,13572,Tier 5
14080,Tier 2,Tier 3,Èpico Events,Tier 5,Tier 4,65.45,31.5,272.25,12,1,Tier 5,FALSE,14080,Tier 5
18354,Tier 2,NIL,Jen’s big night out,Tier 5,Nil,77.51,31.5,31.5,42,2,Tier 5,FALSE,18354,Tier 5
10167,Tier 2,Tier 2,Hooked on Hospice Care,Tier 5,Tier 5,71.24,31.43,65.81,39,3,Tier 5,FALSE,10167,Tier 5
8722,Tier 2,Tier 2,Leavenheath Events (Sub Committee of Leavenheath Parish),Tier 5,Tier 5,66.45,31.42,107.5,55,4,Tier 5,FALSE,8722,Tier 5
7778,Tier 3,Tier 1,Wildlife Wellbeing Walks,Tier 5,Tier 5,69.35,31.4,70.7,165,4,Tier 4,TRUE,7778,Tier 5
11550,Tier 2,Tier 3,LAWRENCE SPORTS FC,Tier 5,Tier 5,67.35,31.33,147.54,17,2,Tier 5,FALSE,11550,Tier 5
16695,Tier 2,NIL,Chesham Stags Rugby Club,Tier 5,Nil,80.15,31.33,31.33,94,1,Tier 5,FALSE,16695,Tier 5
16446,NIL,NIL,Kully Sandhu Yoga &amp; Mindfulness,Nil,Nil,,31.29,31.29,7,1,Nil,FALSE,16446,Nil
18004,Tier 3,NIL,Ammanford Netball Club,Tier 5,Nil,77.64,31.29,31.29,198,2,Tier 4,TRUE,18004,Tier 5
1484,Tier 3,Tier 4,Scottish Council of Jewish Communities,Tier 5,Tier 4,52.86,31.25,579.28,10,7,Tier 4,TRUE,1484,Tier 5
18937,Tier 2,NIL,M T Melia,Tier 5,Nil,80.22,31.25,31.25,50,1,Tier 5,FALSE,18937,Tier 5
15020,Tier 2,NIL,Global Hope Pageants and Awards,Tier 5,Nil,77.72,31.17,31.17,56,2,Tier 5,FALSE,15020,Tier 5
17238,Tier 2,NIL,Elmridge Primary School PTA,Tier 5,Nil,80.29,31.08,31.08,36,1,Tier 5,FALSE,17238,Tier 5
16611,Tier 2,NIL,The Menopause Raconteur On Tour,Tier 5,Nil,80.31,31.04,31.04,52,1,Tier 5,FALSE,16611,Tier 5
18139,Tier 2,NIL,Women in the Built Environment,Tier 5,Nil,80.34,30.92,30.92,14,1,Tier 5,FALSE,18139,Tier 5
9527,Tier 3,Tier 3,Budleigh Salterton CC,Tier 5,Tier 4,56.65,30.87,445.39,57,4,Tier 4,TRUE,9527,Tier 5
17848,Tier 2,NIL,Source Of Life Bakery & Brunch,Tier 5,Nil,80.4,30.83,30.83,36,1,Tier 5,FALSE,17848,Tier 5
19678,Tier 2,NIL,themakingroom,Tier 5,Nil,80.4,30.83,30.83,15,1,Tier 5,FALSE,19678,Tier 5
17909,Tier 2,NIL,The Sister Sanctuary,Tier 5,Nil,77.9,30.79,30.79,27,2,Tier 5,FALSE,17909,Tier 5
16982,NIL,NIL,Red Dragon Ventures Ltd,Nil,Nil,,30.75,30.75,6,1,Nil,FALSE,16982,Nil
17190,Tier 2,NIL,Fable and Mirth,Tier 5,Nil,80.47,30.71,30.71,34,1,Tier 5,FALSE,17190,Tier 5
2774,Tier 4,Tier 4,Kingswood School,Tier 5,Tier 5,54.44,30.62,463.17,1128,7,Tier 3,TRUE,2774,Tier 5
12260,Tier 2,Tier 2,Beaumont Event Management,Tier 5,Tier 5,69.78,30.58,110.75,17,2,Tier 5,FALSE,12260,Tier 5
19800,Tier 2,NIL,East Markham Village Hall,Tier 5,Nil,80.52,30.58,30.58,38,1,Tier 5,FALSE,19800,Tier 5
14621,Tier 2,Tier 1,Tweedie13Fundraising,Tier 5,Tier 5,76.25,30.57,42.44,59,2,Tier 5,FALSE,14621,Tier 5
18803,Tier 2,NIL,Wild Horse Taproom,Tier 5,Nil,80.58,30.5,30.5,61,1,Tier 5,FALSE,18803,Tier 5
13426,Tier 3,Tier 3,Home Interiors & Renovation Exhibition,Tier 5,Tier 5,71.78,30.38,64.25,174,3,Tier 4,TRUE,13426,Tier 5
14812,Tier 2,NIL,Friends of East Wittering Primary School,Tier 5,Nil,80.63,30.34,30.34,85,1,Tier 5,FALSE,14812,Tier 5
17949,Tier 2,NIL,SC Designs,Tier 5,Nil,78.12,30.33,30.33,56,2,Tier 5,FALSE,17949,Tier 5
13387,Tier 2,Tier 2,AMEND Patient Group Charity,Tier 5,Tier 5,72.98,30.21,53.33,49,3,Tier 5,FALSE,13387,Tier 5
16144,Tier 3,NIL,Gosden PTA,Tier 5,Nil,80.71,30.17,30.17,134,1,Tier 4,TRUE,16144,Tier 5
8066,Tier 3,Tier 3,Laura Shufflebotham,Tier 5,Tier 5,64.89,30.04,167.13,55,3,Tier 4,TRUE,8066,Tier 5
14162,Tier 2,NIL,Gill Andrew,Tier 5,Nil,80.08,30,34.5,40,1,Tier 5,FALSE,14162,Tier 5
17146,Tier 2,NIL,Tank Tour,Tier 5,Nil,80.8,30,30,48,1,Tier 5,FALSE,17146,Tier 5
17621,Tier 2,NIL,Cheshire Woman Awards,Tier 5,Nil,80.8,30,30,40,1,Tier 5,FALSE,17621,Tier 5
18521,Tier 2,NIL,Broad Oak Primary School,Tier 5,Nil,80.8,30,30,90,1,Tier 5,FALSE,18521,Tier 5
4056,Tier 2,Tier 2,Amanda Alcock - LEC Blackburn,Tier 5,Tier 5,65.61,29.96,111.29,85,5,Tier 5,FALSE,4056,Tier 5
14473,Tier 2,Tier 2,Bristol Photographic Society,Tier 5,Tier 5,74.99,29.92,79.75,55,1,Tier 5,FALSE,14473,Tier 5
19270,Tier 2,NIL,Belle Vue Leavers 2026,Tier 5,Nil,80.9,29.9,29.9,46,1,Tier 5,FALSE,19270,Tier 5
12440,Tier 2,Tier 3,L and T Events,Tier 5,Tier 5,69.47,29.87,119.25,73,2,Tier 5,FALSE,12440,Tier 5
280,Tier 2,Tier 2,BNI Wainwright,Tier 5,Tier 5,58.74,29.79,229.28,55,10,Tier 5,FALSE,280,Tier 5
19049,Tier 2,NIL,Barnes Community Players,Tier 5,Nil,80.97,29.71,29.71,65,1,Tier 5,FALSE,19049,Tier 5
19393,Tier 2,NIL,Danielles World Scout Jamboree 2027,Tier 5,Nil,80.97,29.71,29.71,61,1,Tier 5,FALSE,19393,Tier 5
18749,Tier 2,NIL,The Ember Collective,Tier 5,Nil,81.02,29.67,29.67,55,1,Tier 5,FALSE,18749,Tier 5
17105,NIL,NIL,Precision HR Limited,Nil,Nil,,29.38,29.38,7,1,Nil,FALSE,17105,Nil
3176,Tier 2,NIL,Show Your Light Ltd,Tier 5,Nil,77.69,29.38,34.62,47,2,Tier 5,FALSE,3176,Tier 5
18041,Tier 2,NIL,Friends of Felsted,Tier 5,Nil,81.08,29.33,29.33,64,1,Tier 5,FALSE,18041,Tier 5
16952,Tier 2,NIL,White Cliffs Pool Association,Tier 5,Nil,81.11,29.29,29.29,68,1,Tier 5,FALSE,16952,Tier 5
10326,Tier 3,Tier 2,The Edge Chamber Choir,Tier 5,Tier 5,65.76,29.25,154.12,45,3,Tier 4,TRUE,10326,Tier 5
6504,Tier 3,Tier 3,Wild Rabbit Interiors Ltd,Tier 5,Tier 4,61.2,29.25,297.71,54,3,Tier 4,TRUE,6504,Tier 5
5360,Tier 3,Tier 3,James Manwaring,Tier 5,Tier 5,58.88,29.17,295.46,74,5,Tier 4,TRUE,5360,Tier 5
16155,Tier 2,NIL,ISDBell1023!,Tier 5,Nil,81.2,29.08,29.08,18,1,Tier 5,FALSE,16155,Tier 5
19189,Tier 2,NIL,West Moors Town Council,Tier 5,Nil,81.2,29.08,29.08,99,1,Tier 5,FALSE,19189,Tier 5
1054,Tier 3,Tier 4,Hope 4 East Cleveland,Tier 5,Tier 5,61.54,29,167.27,131,8,Tier 4,TRUE,1054,Tier 5
13908,Tier 2,Tier 2,Little white feather healing,Tier 5,Tier 5,73.71,28.95,69,24,2,Tier 5,FALSE,13908,Tier 5
10515,Tier 2,Tier 2,Da Capo Chamber Choir,Tier 5,Tier 5,73.14,28.86,73.98,46,2,Tier 5,FALSE,10515,Tier 5
11253,Tier 2,Tier 2,NDSSG Dance Warriors,Tier 5,Tier 5,68.04,28.83,114.66,95,3,Tier 5,FALSE,11253,Tier 5
10634,Tier 2,Tier 2,Danehill PCC,Tier 5,Tier 5,71.89,28.77,89.94,27,2,Tier 5,FALSE,10634,Tier 5
7772,Tier 3,Tier 3,Chesterfield Panthers RUFC Limited,Tier 5,Tier 5,61.61,28.75,286.13,38,3,Tier 4,TRUE,7772,Tier 5
9109,Tier 2,Tier 1,LMDCDC,Tier 5,Tier 5,77.16,28.75,40.25,30,2,Tier 5,FALSE,9109,Tier 5
17673,Tier 3,NIL,The Hive,Tier 5,Nil,78.87,28.69,28.69,225,2,Tier 4,TRUE,17673,Tier 5
15299,Tier 3,NIL,Lane End Farm,Tier 5,Nil,81.47,28.67,28.67,357,1,Tier 4,TRUE,15299,Tier 5
16000,Tier 2,NIL,Chorley Silver Band,Tier 5,Nil,78.93,28.67,28.67,97,2,Tier 5,FALSE,16000,Tier 5
17453,Tier 2,NIL,Abbey musical youth,Tier 5,Nil,81.47,28.67,28.67,86,1,Tier 5,FALSE,17453,Tier 5
7139,Tier 3,Tier 2,NWEEG,Tier 5,Tier 5,69.28,28.67,82.92,233,4,Tier 4,TRUE,7139,Tier 5
2624,Tier 2,Tier 2,Philosophy Wessex,Tier 5,Tier 5,64.18,28.59,142.34,52,5,Tier 5,FALSE,2624,Tier 5
18257,Tier 2,NIL,Bronya Emily School of Dance,Tier 5,Nil,79.01,28.58,28.58,101,2,Tier 5,FALSE,18257,Tier 5
17312,Tier 2,NIL,Ukraine Appeal,Tier 5,Nil,81.58,28.5,28.5,39,1,Tier 5,FALSE,17312,Tier 5
18546,Tier 2,NIL,thestrayz,Tier 5,Nil,79.07,28.46,28.46,52,2,Tier 5,FALSE,18546,Tier 5
4568,Tier 3,Tier 3,WC&H CDT Tickets,Tier 5,Tier 5,61.16,28.4,217.98,364,5,Tier 4,TRUE,4568,Tier 5
11580,Tier 2,Tier 2,Trills Ladies Choir,Tier 5,Tier 5,71.15,28.35,77.43,65,3,Tier 5,FALSE,11580,Tier 5
18140,Tier 3,NIL,Ammanford AFC,Tier 5,Nil,81.69,28.25,28.25,231,1,Tier 4,TRUE,18140,Tier 5
19196,Tier 2,NIL,Northwest Business LinkedIn Group,Tier 5,Nil,81.69,28.25,28.25,87,1,Tier 5,FALSE,19196,Tier 5
16942,Tier 2,NIL,Hugo&#39;s,Tier 5,Nil,79.21,28.12,28.12,40,2,Tier 5,FALSE,16942,Tier 5
9087,Tier 2,Tier 2,CAULDRON PARANORMAL,Tier 5,Tier 5,65.14,28.12,147.5,45,4,Tier 5,FALSE,9087,Tier 5
15127,Tier 2,NIL,Wild Horses Collective,Tier 5,Nil,79.24,28.08,28.08,32,2,Tier 5,FALSE,15127,Tier 5
16024,Tier 2,NIL,GreyCon Animal Rescue,Tier 5,Nil,81.81,28.07,28.07,34,1,Tier 5,FALSE,16024,Tier 5
16893,Tier 2,NIL,Ulverston Town Band,Tier 5,Nil,81.86,27.96,27.96,62,1,Tier 5,FALSE,16893,Tier 5
17970,Tier 2,NIL,Eastbourne Concert Orchestra,Tier 5,Nil,79.31,27.96,27.96,60,2,Tier 5,FALSE,17970,Tier 5
962,Tier 4,Tier 4,Unique Ladies,Tier 4,Tier 3,48.27,27.88,1670.93,93,8,Tier 3,TRUE,962,Tier 5
10980,Tier 2,Tier 2,St Andrew&#39;s Bishopstone,Tier 5,Tier 5,72.77,27.79,84.29,29,2,Tier 5,FALSE,10980,Tier 5
14423,Tier 2,Tier 3,The Procurement Plug,Tier 5,Tier 5,81.76,27.78,28.73,113,1,Tier 5,FALSE,14423,Tier 5
15370,Tier 2,NIL,Friends of Great Witchingham Primary,Tier 5,Nil,81.95,27.63,27.63,77,1,Tier 5,FALSE,15370,Tier 5
7896,Tier 2,Tier 2,The Club Inn Endmoor,Tier 5,Tier 5,66.58,27.58,148.73,47,3,Tier 5,FALSE,7896,Tier 5
8068,Tier 2,Tier 2,Stourport Choral,Tier 5,Tier 5,72.61,27.54,52.71,76,4,Tier 5,FALSE,8068,Tier 5
13391,Tier 2,Tier 2,Elswick Singers,Tier 5,Tier 5,75.64,27.5,55.92,61,2,Tier 5,FALSE,13391,Tier 5
16494,Tier 2,NIL,Alexandra Vladimirov,Tier 5,Nil,82.02,27.5,27.5,20,1,Tier 5,FALSE,16494,Tier 5
13786,Tier 3,NIL,Jamia Masjid Bilal,Tier 5,Nil,77.34,27.42,28.79,180,3,Tier 4,TRUE,13786,Tier 5
16327,Tier 2,NIL,Kayde,Tier 5,Nil,82.08,27.42,27.42,92,1,Tier 5,FALSE,16327,Tier 5
3251,Tier 3,Tier 3,Baby Beat,Tier 5,Tier 5,59.36,27.32,306.69,156,5,Tier 4,TRUE,3251,Tier 5
17657,Tier 2,NIL,Friends of Bolton on Swale C of E Primary School,Tier 5,Nil,79.59,27.29,27.29,97,2,Tier 5,FALSE,17657,Tier 5
12594,Tier 2,Tier 3,Headway Blackpool,Tier 5,Tier 5,68.5,27.12,116.88,32,3,Tier 5,FALSE,12594,Tier 5
17880,Tier 2,NIL,KP Jazz,Tier 5,Nil,79.63,27.12,27.12,67,2,Tier 5,FALSE,17880,Tier 5
19715,Tier 2,NIL,Britain Palestine Friendship and Twinning Network,Tier 5,Nil,82.21,27.08,27.08,51,1,Tier 5,FALSE,19715,Tier 5
19326,Tier 2,NIL,City of Norwich Archers,Tier 5,Nil,82.24,27,27,52,1,Tier 5,FALSE,19326,Tier 5
8756,Tier 3,Tier 3,Room At The Top @ The Arches,Tier 5,Tier 5,64.83,26.92,191.25,61,3,Tier 4,TRUE,8756,Tier 5
15322,Tier 2,NIL,Ashman,Tier 5,Nil,82.3,26.88,26.88,69,1,Tier 5,FALSE,15322,Tier 5
4718,Tier 2,Tier 2,Bampton Memorial Hall,Tier 5,Tier 5,66.5,26.88,105.81,43,6,Tier 5,FALSE,4718,Tier 5
9967,Tier 2,Tier 2,Big Step Out,Tier 5,Tier 5,73.03,26.88,63.04,75,3,Tier 5,FALSE,9967,Tier 5
17087,Tier 2,NIL,Brandywine Theatre Company,Tier 5,Nil,82.36,26.78,26.78,41,1,Tier 5,FALSE,17087,Tier 5
19694,Tier 2,NIL,The Grampian Society For The Blind,Tier 5,Nil,82.39,26.71,26.71,57,1,Tier 5,FALSE,19694,Tier 5
17887,Tier 2,NIL,Joanne Lazarus,Tier 5,Nil,79.88,26.67,26.67,80,2,Tier 5,FALSE,17887,Tier 5
7993,Tier 2,Tier 2,Wessex MS Therapy Centre,Tier 5,Tier 5,65.66,26.67,146.58,20,4,Tier 5,FALSE,7993,Tier 5
14362,Tier 2,NIL,Real Health Collective CIC,Tier 5,Nil,79.92,26.63,26.63,27,2,Tier 5,FALSE,14362,Tier 5
19316,Tier 2,NIL,Kirsty Goode-Crowe,Tier 5,Nil,82.5,26.54,26.54,36,1,Tier 5,FALSE,19316,Tier 5
7984,High Value,Tier 4,The Bishop of Chichester,Tier 5,Free,76.62,26.54,26.54,2318,4,Tier 2,TRUE,7984,Tier 5
16178,Tier 2,NIL,UTFTC,Tier 5,Nil,82.54,26.46,26.46,80,1,Tier 5,FALSE,16178,Tier 5
18003,Tier 2,NIL,Friends of Desford Community Primary School,Tier 5,Nil,80.03,26.37,26.37,18,2,Tier 5,FALSE,18003,Tier 5
16929,Tier 2,NIL,Sean McArdle,Tier 5,Nil,80.07,26.27,26.27,30,2,Tier 5,FALSE,16929,Tier 5
8633,Tier 2,Tier 1,Pudding Lingerie Consultancy,Tier 5,Tier 5,75.29,26.25,35.62,42,4,Tier 5,FALSE,8633,Tier 5
10437,Tier 2,Tier 3,Rowan,Tier 5,Tier 4,66.14,26.17,220.83,48,2,Tier 5,FALSE,10437,Tier 5
15168,Tier 2,NIL,Gen McMahon,Tier 5,Nil,80.14,26.13,26.13,53,2,Tier 5,FALSE,15168,Tier 5
14307,Tier 2,NIL,Vox Anima London,Tier 5,Nil,82.07,26.04,30.46,82,1,Tier 5,FALSE,14307,Tier 5
8995,Tier 2,Tier 2,Appleton Players,Tier 5,Tier 5,67.77,26.04,135.08,35,3,Tier 5,FALSE,8995,Tier 5
2709,Tier 2,Tier 2,Christ Church South Cambs,Tier 5,Tier 5,67.92,25.99,89.42,91,6,Tier 5,FALSE,2709,Tier 5
16919,Tier 3,NIL,St Francis RC PS Parent Council,Tier 5,Nil,80.22,25.92,25.92,362,2,Tier 4,TRUE,16919,Tier 5
15030,Tier 2,NIL,Craig Jordan-Baker,Tier 5,Nil,82.8,25.87,25.87,27,1,Tier 5,FALSE,15030,Tier 5
16962,Tier 2,NIL,MISS M OPPONG MENSAH,Tier 5,Nil,82.83,25.79,25.79,92,1,Tier 5,FALSE,16962,Tier 5
15479,Tier 3,NIL,Swillington,Tier 5,Nil,82.87,25.75,25.75,198,1,Tier 4,TRUE,15479,Tier 5
18764,Tier 2,NIL,Wilderness Events,Tier 5,Nil,82.87,25.75,25.75,26,1,Tier 5,FALSE,18764,Tier 5
13114,Tier 3,Tier 3,Kinsella HR Solutions Limited,Tier 5,Tier 4,66.93,25.65,154.79,21,3,Tier 4,TRUE,13114,Tier 5
7477,Tier 2,Tier 1,Global Light Rail Awards,Tier 5,Tier 5,75.89,25.62,42.5,41,3,Tier 5,FALSE,7477,Tier 5
13867,Tier 2,Tier 1,New Choice Improv,Tier 5,Tier 5,77.25,25.58,33.5,77,3,Tier 5,FALSE,13867,Tier 5
14001,Tier 2,Tier 2,Think : Listen : Chat,Tier 5,Tier 5,78.58,25.5,57.44,10,1,Tier 5,FALSE,14001,Tier 5
15183,Tier 2,NIL,Enia Sa,Tier 5,Nil,83.03,25.47,25.47,41,1,Tier 5,FALSE,15183,Tier 5
8038,Tier 2,Tier 2,Friends of Burnsall,Tier 5,Tier 5,71.46,25.46,69.43,47,4,Tier 5,FALSE,8038,Tier 5
15333,Tier 2,NIL,Harrogate and Knaresborough District of Sanctuary,Tier 5,Nil,83.07,25.44,25.44,37,1,Tier 5,FALSE,15333,Tier 5
15414,Tier 2,NIL,GNMS,Tier 5,Nil,83.1,25.42,25.42,51,1,Tier 5,FALSE,15414,Tier 5
15411,NIL,NIL,Connected CX Ltd,Nil,Nil,,25.38,25.38,5,1,Nil,FALSE,15411,Nil
13885,Tier 2,Tier 2,Dinner at Marias,Tier 5,Tier 5,75.3,25.33,94.33,16,1,Tier 5,FALSE,13885,Tier 5
13996,Tier 2,Tier 2,Plymouth Dolphins,Tier 5,Tier 5,79.87,25.29,47.29,29,1,Tier 5,FALSE,13996,Tier 5
17741,Tier 2,NIL,Letting the outside in,Tier 5,Nil,80.62,25.19,25.19,15,2,Tier 5,FALSE,17741,Tier 5
18677,Tier 2,NIL,Emma Louise,Tier 5,Nil,80.65,25.17,25.17,26,2,Tier 5,FALSE,18677,Tier 5
8026,Tier 2,Tier 2,NAC-Midlands East,Tier 5,Tier 5,74.43,25.12,56.25,62,3,Tier 5,FALSE,8026,Tier 5
17853,Tier 2,NIL,Cheltenham Festival preview,Tier 5,Nil,80.71,25.08,25.08,57,2,Tier 5,FALSE,17853,Tier 5
9647,Tier 2,Tier 1,Sawtry Chorale,Tier 5,Tier 5,73.4,25.08,53.25,46,4,Tier 5,FALSE,9647,Tier 5
10309,Tier 2,Tier 2,Grey Goose Archery &amp; Axes,Tier 5,Free,80.75,25.04,25.04,102,2,Tier 5,FALSE,10309,Tier 5
17899,Tier 2,NIL,RA PTA,Tier 5,Nil,83.29,25.04,25.04,44,1,Tier 5,FALSE,17899,Tier 5
17507,Tier 2,NIL,Bethany Gough,Tier 5,Nil,80.79,25.02,25.02,57,2,Tier 5,FALSE,17507,Tier 5
13741,NIL,NIL,Antony Wilson &amp; Liam Castellas,Nil,Nil,,25,25,5,2,Nil,FALSE,13741,Nil
19667,Tier 2,NIL,Rossett Village Hall,Tier 5,Nil,83.36,24.92,24.92,26,1,Tier 5,FALSE,19667,Tier 5
18626,Tier 2,NIL,The Lewis Carroll Society,Tier 5,Nil,80.85,24.79,24.79,23,2,Tier 5,FALSE,18626,Tier 5
10719,Tier 2,NIL,Club Night,Tier 5,Nil,77.72,24.75,46.29,33,2,Tier 5,FALSE,10719,Tier 5
19292,Tier 2,NIL,Julia Whitbread,Tier 5,Nil,83.44,24.75,24.75,33,1,Tier 5,FALSE,19292,Tier 5
8069,Tier 2,Tier 2,Semley Village Hall,Tier 5,Tier 5,68.39,24.75,111.17,54,4,Tier 5,FALSE,8069,Tier 5
7301,Tier 2,NIL,Doggy Adventures Ltd,Tier 5,Nil,68,24.71,140.54,11,3,Tier 5,FALSE,7301,Tier 5
16983,Tier 2,NIL,Kelly Turtington,Tier 5,Nil,80.96,24.67,24.67,74,2,Tier 5,FALSE,16983,Tier 5
8153,Tier 2,Tier 2,Kendal Civic Society,Tier 5,Tier 5,72.96,24.67,59,72,4,Tier 5,FALSE,8153,Tier 5
19831,Tier 2,NIL,Last Wolf MCC,Tier 5,Nil,83.55,24.62,24.62,27,1,Tier 5,FALSE,19831,Tier 5
6275,Tier 4,Tier 3,Access the Dales,Tier 5,Tier 5,70.16,24.57,76.18,1037,5,Tier 3,TRUE,6275,Tier 5
19390,Tier 2,NIL,Bra-vissima Ladies Choir,Tier 5,Nil,83.63,24.54,24.54,33,1,Tier 5,FALSE,19390,Tier 5
2884,Tier 2,NIL,Laurel and Hardy Museum,Tier 5,Nil,81.08,24.54,24.54,58,2,Tier 5,FALSE,2884,Tier 5
3236,Tier 2,Tier 1,Suzanne Edgley,Tier 5,Tier 5,73.99,24.54,38.88,39,6,Tier 5,FALSE,3236,Tier 5
12205,Tier 2,Tier 3,Child Rescue Nepal,Tier 5,Tier 5,71.64,24.5,115.25,36,2,Tier 5,FALSE,12205,Tier 5
16328,Tier 2,NIL,October 8 Edinburgh,Tier 5,Nil,83.7,24.5,24.5,60,1,Tier 5,FALSE,16328,Tier 5
5606,Tier 2,Tier 1,Cleeve Chorale,Tier 5,Tier 5,70.74,24.5,71.29,35,5,Tier 5,FALSE,5606,Tier 5
7130,Tier 3,Tier 3,Irlam Vale AFC,Tier 5,Tier 5,64.66,24.45,231.08,339,3,Tier 4,TRUE,7130,Tier 5
18146,Tier 2,NIL,Saint Chads Burton,Tier 5,Nil,83.81,24.38,24.38,45,1,Tier 5,FALSE,18146,Tier 5
18489,Tier 2,NIL,CUSCSC (Travel),Tier 5,Nil,81.27,24.38,24.38,80,2,Tier 5,FALSE,18489,Tier 5
19065,Tier 2,NIL,The Smart Group,Tier 5,Nil,83.81,24.38,24.38,39,1,Tier 5,FALSE,19065,Tier 5
8269,Tier 2,Tier 2,Wymondham Choral Society,Tier 5,Tier 5,67.57,24.38,129.33,30,4,Tier 5,FALSE,8269,Tier 5
9732,Tier 2,Tier 1,Thornton Village Hall,Tier 5,Tier 5,71.89,24.38,70.92,45,4,Tier 5,FALSE,9732,Tier 5
3254,Tier 3,NIL,Centre for National Parks & Protected Areas  Univ of Cumbria,Tier 5,Nil,66.35,24.25,181.54,83,3,Tier 4,TRUE,3254,Tier 5
12560,Tier 2,Tier 2,Carla Crivaro Coaching,Tier 5,Tier 5,72.58,24.21,79.75,22,3,Tier 5,FALSE,12560,Tier 5
18547,Tier 2,NIL,Zumba with Jo,Tier 5,Nil,83.92,24.21,24.21,23,1,Tier 5,FALSE,18547,Tier 5
17601,Tier 2,NIL,Brandywine Theatre Company,Tier 5,Nil,83.95,24.19,24.19,37,1,Tier 5,FALSE,17601,Tier 5
5156,Tier 2,NIL,Dancing Squirrel Limited,Tier 5,Nil,79.46,24.18,24.18,44,3,Tier 5,FALSE,5156,Tier 5
12952,Tier 3,Tier 3,St Annes Football Club,Tier 5,Tier 5,74.63,24.17,59.25,134,3,Tier 4,TRUE,12952,Tier 5
14609,Tier 1,Tier 2,Punsholt Reels,Tier 5,Tier 5,78.18,23.96,69,25,1,Tier 5,FALSE,14609,Tier 5
17002,Tier 2,NIL,Newbuildings Fireworks,Tier 5,Nil,84.06,23.96,23.96,88,1,Tier 5,FALSE,17002,Tier 5
19804,Tier 1,NIL,PAUL WILKINS,Tier 5,Nil,84.06,23.96,23.96,25,1,Tier 5,FALSE,19804,Tier 5
14211,Tier 2,NIL,Kendal Parent Network,Tier 5,Nil,81.58,23.88,23.88,90,2,Tier 5,FALSE,14211,Tier 5
13814,Tier 1,NIL,Your Menopause Your Power,Tier 5,Nil,84.16,23.87,23.87,17,1,Tier 5,FALSE,13814,Tier 5
20053,Tier 3,NIL,Just4FunBoucyCastles,Tier 5,Nil,84.16,23.87,23.87,292,1,Tier 4,TRUE,20053,Tier 5
19365,Tier 1,NIL,Silver Cellar Bar,Tier 5,Nil,84.2,23.83,23.83,11,1,Tier 5,FALSE,19365,Tier 5
12277,Tier 2,Tier 2,Shrewsbury Brass Band,Tier 5,Tier 5,73.22,23.75,73.75,38,3,Tier 5,FALSE,12277,Tier 5
18241,Tier 2,NIL,Friends of Kymbrook School,Tier 5,Nil,84.27,23.75,23.75,54,1,Tier 5,FALSE,18241,Tier 5
18841,Tier 1,NIL,SCALE,Tier 5,Nil,84.27,23.75,23.75,22,1,Tier 5,FALSE,18841,Tier 5
6591,Tier 2,Tier 2,Huntingdon Male Voices,Tier 5,Tier 5,69.85,23.75,100.25,38,4,Tier 5,FALSE,6591,Tier 5
17366,Tier 2,NIL,St Lawrence&#39;s Christmas Fair 2025 - Santa&#39;s Grotto,Tier 5,Nil,84.33,23.7,23.7,49,1,Tier 5,FALSE,17366,Tier 5
16651,Tier 2,NIL,Liberton Hospital Staff Reunion,Tier 5,Nil,84.36,23.67,23.67,71,1,Tier 5,FALSE,16651,Tier 5
10997,Tier 2,Tier 2,Jessa Liversidge,Tier 5,Tier 5,73.65,23.63,94.21,47,2,Tier 5,FALSE,10997,Tier 5
15796,Tier 2,NIL,Mrs R Keogh-Briggs,Tier 5,Nil,84.39,23.63,23.63,53,1,Tier 5,FALSE,15796,Tier 5
14725,Tier 1,NIL,Daisy and Stars charity ball,Tier 5,Nil,81.72,23.61,40.78,11,1,Tier 5,FALSE,14725,Tier 5
15959,Tier 1,NIL,BNI Ignite,Tier 5,Nil,84.45,23.58,23.58,37,1,Tier 5,FALSE,15959,Tier 5
15201,Tier 1,NIL,Andrea Saavedra,Tier 5,Nil,84.49,23.54,23.54,20,1,Tier 5,FALSE,15201,Tier 5
17987,Tier 1,NIL,ReDoo,Tier 5,Nil,84.49,23.54,23.54,30,1,Tier 5,FALSE,17987,Tier 5
19677,Tier 2,NIL,Neon Skies,Tier 5,Nil,84.54,23.5,23.5,50,1,Tier 5,FALSE,19677,Tier 5
409,Tier 2,Tier 2,Affiniti Training,Tier 5,Tier 5,61.92,23.46,214.67,26,8,Tier 5,FALSE,409,Tier 5
17296,Tier 1,NIL,McAuley Steward,Tier 5,Nil,84.58,23.37,23.37,18,1,Tier 5,FALSE,17296,Tier 5
9263,Tier 4,Tier 4,Sunninghill Street Fayre,Tier 5,Tier 5,75.68,23.33,53.33,595,3,Tier 3,TRUE,9263,Tier 5
15327,Tier 2,NIL,Friends of Wetwang School,Tier 5,Nil,84.63,23.3,23.3,50,1,Tier 5,FALSE,15327,Tier 5
9920,NIL,NIL,The Expedition Club,Nil,Nil,,23.29,37.79,3,2,Nil,FALSE,9920,Nil
18497,Tier 1,NIL,Barry Thomas,Tier 5,Nil,82.13,23.25,23.25,31,2,Tier 5,FALSE,18497,Tier 5
18594,Tier 2,NIL,The Waite Collective,Tier 5,Nil,82.13,23.25,23.25,90,2,Tier 5,FALSE,18594,Tier 5
18581,Tier 1,NIL,K Caun Classic account,Tier 5,Nil,84.73,23.12,23.12,37,1,Tier 5,FALSE,18581,Tier 5
4050,Tier 3,Tier 3,CRONTON GALA 2025,Tier 5,Tier 4,60.75,23.12,381.11,15,4,Tier 4,TRUE,4050,Tier 5
6325,Tier 2,Tier 3,Friends of Newtown Road Cemetery,Tier 5,Tier 5,67.27,23.12,145.58,67,4,Tier 5,FALSE,6325,Tier 5
14399,Tier 2,NIL,Keyz2Success,Tier 5,Nil,84.78,23.08,23.08,60,1,Tier 5,FALSE,14399,Tier 5
14767,Tier 2,Tier 2,Bestwood Male Voice Choir,Tier 5,Tier 5,78.4,23.08,48,43,2,Tier 5,FALSE,14767,Tier 5
18944,Tier 1,NIL,Peepul Enterprise,Tier 5,Nil,84.82,23.03,23.03,33,1,Tier 5,FALSE,18944,Tier 5
15583,Tier 1,NIL,Kath Jones Romain Twigs&amp;More,Tier 5,Nil,82.3,23.02,23.02,11,2,Tier 5,FALSE,15583,Tier 5
10124,Tier 2,Tier 2,Graeme Brown,Tier 5,Tier 5,75.49,23,75.29,24,2,Tier 5,FALSE,10124,Tier 5
16711,Tier 1,NIL,The Beatroots,Tier 5,Nil,84.89,22.96,22.96,37,1,Tier 5,FALSE,16711,Tier 5
14447,Tier 2,Tier 2,NVLSC Scrumdown Scooter Rally 25,Tier 5,Tier 5,81.32,22.92,46.04,40,1,Tier 5,FALSE,14447,Tier 5
15277,Tier 1,NIL,Mrs Sarah A Liddell,Tier 5,Nil,82.38,22.92,22.92,33,2,Tier 5,FALSE,15277,Tier 5
14654,Tier 2,NIL,Noha Sedky,Tier 5,Nil,82.43,22.83,22.83,39,2,Tier 5,FALSE,14654,Tier 5
12975,Tier 2,Tier 2,YULA Drama,Tier 5,Tier 5,78.66,22.75,47.03,42,2,Tier 5,FALSE,12975,Tier 5
18739,Tier 2,NIL,Ynys Y Cwtsh Events,Tier 5,Nil,85.01,22.75,22.75,85,1,Tier 5,FALSE,18739,Tier 5
18024,Tier 2,NIL,Queer Sphere,Tier 5,Nil,85.05,22.67,22.67,68,1,Tier 5,FALSE,18024,Tier 5
11930,High Value,Tier 4,Fullbrook School,Tier 5,Tier 5,80.1,22.54,37.5,2216,2,Tier 2,TRUE,11930,Tier 5
11627,Tier 2,Tier 3,Intake Farm,Tier 5,Tier 5,77.96,22.5,54.17,108,2,Tier 5,FALSE,11627,Tier 5
14978,Tier 2,NIL,Matt Spiller,Tier 5,Nil,84.77,22.5,24,90,1,Tier 5,FALSE,14978,Tier 5
15402,Tier 2,NIL,Park Reunions,Tier 5,Nil,85.13,22.5,22.5,54,1,Tier 5,FALSE,15402,Tier 5
16489,Tier 3,NIL,Engage Enrol (OMTAC Ltd),Tier 5,Nil,85.13,22.5,22.5,257,1,Tier 4,TRUE,16489,Tier 5
17168,Tier 2,NIL,Caf&#233; Roo,Tier 5,Nil,85.19,22.39,22.39,41,1,Tier 5,FALSE,17168,Tier 5
19306,Tier 2,NIL,ThePartyPourers,Tier 5,Nil,85.22,22.33,22.33,67,1,Tier 5,FALSE,19306,Tier 5
8412,Tier 3,Tier 4,Scottish Saltires,Tier 5,Tier 4,58.89,22.29,529.81,19,4,Tier 4,TRUE,8412,Tier 5
10474,Tier 4,Tier 4,Hoad Events,Tier 5,Tier 5,68.47,22.21,156.61,939,3,Tier 3,TRUE,10474,Tier 5
18371,Tier 2,NIL,Zoe Parsons,Tier 5,Nil,82.74,22.21,22.21,41,2,Tier 5,FALSE,18371,Tier 5
13826,Tier 2,Tier 2,Judith Carlton,Tier 5,Tier 5,77.4,22.12,44.13,66,3,Tier 5,FALSE,13826,Tier 5
18499,Tier 1,NIL,Claire Louise Hill,Tier 5,Nil,82.8,22.05,22.05,21,2,Tier 5,FALSE,18499,Tier 5
14536,Tier 2,Tier 1,Preston Historical Society,Tier 5,Tier 5,82.08,22,25.67,66,2,Tier 5,FALSE,14536,Tier 5
17974,Tier 1,NIL,FONSS,Tier 5,Nil,85.38,22,22,16,1,Tier 5,FALSE,17974,Tier 5
18010,Tier 1,NIL,Caitlin Braes,Tier 5,Nil,85.42,21.96,21.96,33,1,Tier 5,FALSE,18010,Tier 5
5286,Tier 2,Tier 2,Mid Norfolk Singers,Tier 5,Tier 5,70.26,21.96,91.25,34,5,Tier 5,FALSE,5286,Tier 5
15432,Tier 2,NIL,John Wheeldon PTFA,Tier 5,Nil,85.46,21.91,21.91,68,1,Tier 5,FALSE,15432,Tier 5
7488,NIL,NIL,Albyn School Parent Association,Nil,Nil,,21.75,82.37,7,2,Nil,FALSE,7488,Nil
17933,Tier 1,NIL,Beren,Tier 5,Nil,85.5,21.75,21.75,29,1,Tier 5,FALSE,17933,Tier 5
5284,Tier 3,Tier 3,Runcorn Sports Club,Tier 5,Tier 4,60.93,21.75,397.19,24,4,Tier 4,TRUE,5284,Tier 5
7872,Tier 2,Tier 2,Beehive Prep,Tier 5,Tier 5,72.77,21.75,73.46,90,4,Tier 5,FALSE,7872,Tier 5
8300,Tier 2,Tier 2,The Rowland Singers,Tier 5,Tier 5,70.26,21.71,107.08,39,4,Tier 5,FALSE,8300,Tier 5
12198,Tier 2,Tier 2,FAT Promotions Ltd,Tier 5,Tier 5,78.79,21.7,49.79,33,2,Tier 5,FALSE,12198,Tier 5
13149,Tier 2,Tier 2,Friends of Bedes Prep,Tier 5,Tier 5,78.47,21.67,52.54,40,2,Tier 5,FALSE,13149,Tier 5
16927,Tier 2,NIL,Walesby PTA,Tier 5,Nil,85.6,21.67,21.67,40,1,Tier 5,FALSE,16927,Tier 5
17053,Tier 2,NIL,Wise Agriculture Ltd,Tier 5,Nil,85.6,21.67,21.67,65,1,Tier 5,FALSE,17053,Tier 5
13681,Tier 2,Tier 1,Holy Trinity High Hurstwood,Tier 5,Tier 5,79.69,21.63,43.08,25,2,Tier 5,FALSE,13681,Tier 5
15458,Tier 3,NIL,Babbinswood Organic Farm Ltd,Tier 5,Nil,83.12,21.63,21.63,219,2,Tier 4,TRUE,15458,Tier 5
17167,Tier 2,NIL,Austin Friars PTA,Tier 5,Nil,83.16,21.61,21.61,81,2,Tier 5,FALSE,17167,Tier 5
17645,Tier 2,NIL,Feminists4Jina,Tier 5,Nil,85.74,21.5,21.5,63,1,Tier 5,FALSE,17645,Tier 5
18269,Tier 3,NIL,Xmas Move Night,Tier 5,Nil,85.74,21.5,21.5,129,1,Tier 4,TRUE,18269,Tier 5
17451,Tier 2,NIL,Wyre Forest Chamber Choir,Tier 5,Nil,85.78,21.46,21.46,40,1,Tier 5,FALSE,17451,Tier 5
17045,Tier 2,NIL,3Cs Community,Tier 5,Nil,83.28,21.33,21.33,64,2,Tier 5,FALSE,17045,Tier 5
8829,Tier 1,NIL,Pauline Norton Coaching,Tier 5,Nil,76.57,21.33,42.42,31,4,Tier 5,FALSE,8829,Tier 5
18981,Tier 2,NIL,LCR CA Yoga class,Tier 5,Nil,85.86,21.2,21.2,48,1,Tier 5,FALSE,18981,Tier 5
18575,Tier 2,NIL,Guiding Roots,Tier 5,Nil,83.35,21.13,21.13,39,2,Tier 5,FALSE,18575,Tier 5
19348,Tier 2,NIL,Squiggles &amp; Giggles Playgroup,Tier 5,Nil,85.92,21.12,21.12,54,1,Tier 5,FALSE,19348,Tier 5
19216,Tier 1,NIL,Frequency Flow,Tier 5,Nil,85.95,21,21,18,1,Tier 5,FALSE,19216,Tier 5
11051,Tier 4,NIL,The Oundle Society,Tier 5,Nil,83.45,20.96,20.96,856,2,Tier 3,TRUE,11051,Tier 5
17165,Tier 1,NIL,Northampton Concert Orchestra,Tier 5,Nil,83.45,20.96,20.96,36,2,Tier 5,FALSE,17165,Tier 5
233,Tier 4,High Value,Charters School,Tier 4,Tier 2,48.4,20.92,3724.37,1832,10,Tier 3,TRUE,233,Tier 4
6016,Tier 4,Tier 3,Lincs Inspire Libraries,Tier 5,Tier 5,64.1,20.92,222.58,431,5,Tier 3,TRUE,6016,Tier 5
1227,Tier 3,Tier 3,Glynis Bland Photography,Tier 5,Tier 5,58.51,20.87,430.5,48,8,Tier 4,TRUE,1227,Tier 5
9526,Tier 3,Tier 3,RVI PTA,Tier 5,Tier 5,68.4,20.83,171.52,14,3,Tier 4,TRUE,9526,Tier 5
17676,Tier 2,NIL,Longfleet PTA,Tier 5,Nil,83.57,20.67,20.67,47,2,Tier 5,FALSE,17676,Tier 5
12756,Tier 2,Tier 3,Nottingham Cathedral,Tier 5,Tier 4,69.28,20.65,198.63,29,2,Tier 5,FALSE,12756,Tier 5
18268,Tier 1,NIL,Studio by Hannah Beth,Tier 5,Nil,83.62,20.62,20.62,33,2,Tier 5,FALSE,18268,Tier 5
10953,Tier 2,Tier 4,Gordonstoun Association,Tier 5,Tier 4,63.81,20.58,462.5,50,2,Tier 5,FALSE,10953,Tier 5
13704,Tier 2,Tier 2,Grimsby Town Cricket Club,Tier 5,Tier 5,79.06,20.58,50.77,38,2,Tier 5,FALSE,13704,Tier 5
19047,Tier 2,NIL,Step Into The Spotlight,Tier 5,Nil,86.22,20.58,20.58,38,1,Tier 5,FALSE,19047,Tier 5
6715,Tier 2,Tier 2,Ashford Concert Band,Tier 5,Tier 5,70.18,20.54,113.33,36,4,Tier 5,FALSE,6715,Tier 5
19801,Tier 2,NIL,Mayfield Girls School | East Sussex,Tier 5,Nil,86.29,20.39,20.39,52,1,Tier 5,FALSE,19801,Tier 5
17287,Tier 1,NIL,AT Children and Families,Tier 5,Nil,83.77,20.38,20.38,15,2,Tier 5,FALSE,17287,Tier 5
5059,Tier 2,NIL,FVFC,Tier 5,Nil,75.17,20.38,91.88,43,2,Tier 5,FALSE,5059,Tier 5
7540,Tier 3,Tier 3,Netley Marsh School Association,Tier 5,Tier 4,65.76,20.33,255.73,61,3,Tier 4,TRUE,7540,Tier 5
8318,Tier 3,Tier 4,Ravenhill YM FC,Tier 5,Tier 4,65.17,20.33,280.83,212,3,Tier 4,TRUE,8318,Tier 5
14426,Tier 2,Tier 2,Moulton Fun Run,Tier 5,Tier 5,81.11,20.21,36.71,66,2,Tier 5,FALSE,14426,Tier 5
11256,Tier 2,Tier 1,KLTIC,Tier 5,Tier 5,80.84,20.2,39.32,38,2,Tier 5,FALSE,11256,Tier 5
3113,Tier 4,Tier 3,Ben Uri Gallery and Museum,Tier 5,Tier 4,53.62,20.17,1189.32,44,6,Tier 3,TRUE,3113,Tier 5
12257,Tier 2,Tier 2,Our Street Our Children,Tier 5,Tier 5,76.27,20.12,59.83,36,3,Tier 5,FALSE,12257,Tier 5
16437,Tier 1,NIL,Cheltenham Foodbank,Tier 5,Nil,86.46,20.12,20.12,31,1,Tier 5,FALSE,16437,Tier 5
10975,Tier 3,Tier 3,Breathing Space,Tier 5,Tier 5,80.82,20.08,26.21,185,3,Tier 4,TRUE,10975,Tier 5
3996,Tier 3,Tier 2,Mrs C A Smith,Tier 5,Tier 5,72.32,20.03,69.15,125,6,Tier 4,TRUE,3996,Tier 5
6170,NIL,Tier 3,Pretty Authentic Marketing,Nil,Tier 4,,20,367.04,6,4,Nil,FALSE,6170,Nil
10078,Tier 1,Tier 1,Naturally Wellbeing,Tier 5,Tier 5,76.05,20,50.38,10,4,Tier 5,FALSE,10078,Tier 5
13838,Tier 3,Tier 4,St James Schools,Tier 5,Tier 4,72.62,20,184,243,1,Tier 4,TRUE,13838,Tier 5
16660,Tier 2,NIL,Leeds Marathi Mitra Mandal,Tier 5,Nil,86.55,20,20,60,1,Tier 5,FALSE,16660,Tier 5
14032,Tier 1,NIL,Allan McDowall,Tier 5,Nil,86.61,19.92,19.92,28,1,Tier 5,FALSE,14032,Tier 5
19954,Tier 1,NIL,Annie Mawson's Sunbeams Music Trust,Tier 5,Nil,86.64,19.9,19.9,28,1,Tier 5,FALSE,19954,Tier 5
20022,NIL,NIL,Ellen,Nil,Nil,,19.88,19.88,9,1,Nil,FALSE,20022,Nil
15229,Tier 1,NIL,St John&#39;s PCC,Tier 5,Nil,84.12,19.83,19.83,37,2,Tier 5,FALSE,15229,Tier 5
15754,Tier 2,NIL,Bolton Chamber Orchestra,Tier 5,Nil,84.15,19.79,19.79,40,2,Tier 5,FALSE,15754,Tier 5
10387,Tier 2,Tier 2,Durham High School Old Girls Association,Tier 5,Tier 5,73.44,19.75,92.58,13,3,Tier 5,FALSE,10387,Tier 5
16511,Tier 1,NIL,Little Lu Creative Experiences,Tier 5,Nil,86.73,19.75,19.75,26,1,Tier 5,FALSE,16511,Tier 5
19136,Tier 2,NIL,Anne-Lise Boulouys-Ledingham,Tier 5,Nil,86.77,19.67,19.67,59,1,Tier 5,FALSE,19136,Tier 5
10357,Tier 2,Tier 3,Swan Singers,Tier 5,Tier 5,73.49,19.62,119.88,32,2,Tier 5,FALSE,10357,Tier 5
16793,Tier 1,NIL,Train My Mind,Tier 5,Nil,84.28,19.54,19.54,12,2,Tier 5,FALSE,16793,Tier 5
11542,NIL,NIL,Aimee Elizabeth Coaching,Nil,Nil,,19.5,19.5,6,1,Nil,FALSE,11542,Nil
15663,Tier 1,NIL,Pilgrimage for Palestine,Tier 5,Nil,86.86,19.5,19.5,36,1,Tier 5,FALSE,15663,Tier 5
18396,Tier 2,NIL,Patricroft conservative sports and social club,Tier 5,Nil,84.32,19.5,19.5,54,2,Tier 5,FALSE,18396,Tier 5
20120,Tier 1,NIL,Lucia Tripepi Supper Club &amp; Art,Tier 5,Nil,86.91,19.46,19.46,13,1,Tier 5,FALSE,20120,Tier 5
15223,Tier 1,NIL,Creative Calm,Tier 5,Nil,84.43,19.38,19.38,37,2,Tier 5,FALSE,15223,Tier 5
16573,Tier 1,NIL,Psychic Charity Night 31/10/25,Tier 5,Nil,86.97,19.38,19.38,31,1,Tier 5,FALSE,16573,Tier 5
18149,Tier 1,NIL,Lancaster University and College Union,Tier 5,Nil,84.43,19.38,19.38,35,2,Tier 5,FALSE,18149,Tier 5
14199,Tier 1,Tier 2,London Welsh Rugby Choir,Tier 5,Tier 5,81,19.29,61.83,21,1,Tier 5,FALSE,14199,Tier 5
13982,Tier 1,NIL,Naylor Accountancy Services,Tier 5,Nil,84.34,19.26,34.86,13,1,Tier 5,FALSE,13982,Tier 5
14836,Tier 1,NIL,Ashburnham English Song Awards,Tier 5,Nil,87.08,19.25,19.25,22,1,Tier 5,FALSE,14836,Tier 5
19353,Tier 1,NIL,Jay Mott,Tier 5,Nil,87.08,19.25,19.25,11,1,Tier 5,FALSE,19353,Tier 5
14572,Tier 1,Tier 1,Ikusa Ryu Karate,Tier 5,Tier 5,83.53,19.17,41.25,20,1,Tier 5,FALSE,14572,Tier 5
996,Tier 2,Tier 2,C4OCH,Tier 5,Tier 5,67.58,19.17,129.14,107,8,Tier 5,FALSE,996,Tier 5
18270,Tier 2,NIL,TrewirgieinfPTA,Tier 5,Nil,87.15,19.14,19.14,70,1,Tier 5,FALSE,18270,Tier 5
19844,Tier 1,NIL,Remain In Light 2026,Tier 5,Nil,87.19,19.13,19.13,26,1,Tier 5,FALSE,19844,Tier 5
18125,Tier 2,NIL,St Paul&#39;s URC,Tier 5,Nil,87.24,19.04,19.04,55,1,Tier 5,FALSE,18125,Tier 5
10025,Tier 2,Tier 1,Friends of Cedars Manor School,Tier 5,Tier 5,82.1,19,34.33,57,2,Tier 5,FALSE,10025,Tier 5
13878,Tier 4,Tier 3,The Nici (Bournemouth) Limited,Tier 5,Tier 5,73.15,19,103.39,527,3,Tier 3,TRUE,13878,Tier 5
15634,Tier 1,NIL,Fundraiser - SALLYMAY SCHOOL,Tier 5,Nil,87.32,19,19,30,1,Tier 5,FALSE,15634,Tier 5
15996,Tier 1,NIL,Lailates,Tier 5,Nil,87.32,19,19,33,1,Tier 5,FALSE,15996,Tier 5
17998,Tier 2,NIL,Elaine Edwards,Tier 5,Nil,84.78,19,19,57,2,Tier 5,FALSE,17998,Tier 5
18177,Tier 1,NIL,Amy’s Cookery Education,Tier 5,Nil,87.42,18.96,18.96,15,1,Tier 5,FALSE,18177,Tier 5
18473,Tier 1,NIL,NawalBluecoat,Tier 5,Nil,87.42,18.96,18.96,35,1,Tier 5,FALSE,18473,Tier 5
6365,Tier 3,Tier 3,FC United of Manchester Business Club,Tier 5,Tier 5,62.59,18.92,384.18,135,4,Tier 4,TRUE,6365,Tier 5
8930,Tier 3,Tier 3,Rotary Club of Brampton & Longtown,Tier 5,Tier 4,69.88,18.83,158.79,32,3,Tier 4,TRUE,8930,Tier 5
17592,Tier 2,NIL,Norfolk and Norwich Bat Group,Tier 5,Nil,87.51,18.81,18.81,47,1,Tier 5,FALSE,17592,Tier 5
12608,Tier 2,Tier 2,Ascot Day Centre,Tier 5,Tier 5,77.69,18.75,71.67,25,2,Tier 5,FALSE,12608,Tier 5
13694,Tier 1,Tier 2,Home-Start In Suffolk,Tier 5,Tier 5,83.04,18.75,46.79,30,1,Tier 5,FALSE,13694,Tier 5
5364,Tier 2,Tier 2,Basildon Choral Society,Tier 5,Tier 5,70.71,18.75,106.25,25,5,Tier 5,FALSE,5364,Tier 5
14877,Tier 1,NIL,Otley Cycle Club,Tier 5,Nil,84.93,18.71,19.04,22,2,Tier 5,FALSE,14877,Tier 5
13133,Tier 2,Tier 1,Friends of Romero,Tier 5,Tier 5,81.68,18.58,39.24,28,2,Tier 5,FALSE,13133,Tier 5
17681,Tier 2,NIL,Miss Anika&#39;s School of Dance,Tier 5,Nil,87.61,18.58,18.58,50,1,Tier 5,FALSE,17681,Tier 5
12655,Tier 2,Tier 1,New England Chess Club,Tier 5,Tier 5,81.09,18.54,29.58,38,3,Tier 5,FALSE,12655,Tier 5
1778,Tier 1,NIL,South West Chamber Choir,Tier 5,Nil,78.81,18.54,28.88,30,5,Tier 5,FALSE,1778,Tier 5
10365,Tier 4,Tier 2,Penrith BID Company Ltd,Tier 5,Tier 5,76.38,18.46,67.58,430,3,Tier 3,TRUE,10365,Tier 5
16043,Tier 1,NIL,Olivia Nevins,Tier 5,Nil,87.7,18.42,18.42,34,1,Tier 5,FALSE,16043,Tier 5
13631,Tier 2,Tier 2,Donisthorpe Community Group,Tier 5,Tier 5,82.38,18.33,34.38,66,2,Tier 5,FALSE,13631,Tier 5
19245,Tier 1,NIL,Tricia Peters Networking,Tier 5,Nil,87.75,18.25,18.25,10,1,Tier 5,FALSE,19245,Tier 5
18972,Tier 2,NIL,Friends of st Patrick’s,Tier 5,Nil,87.78,18.23,18.23,97,1,Tier 5,FALSE,18972,Tier 5
20011,Tier 3,NIL,Cumbria Community Orchestra Days Collective,Tier 5,Nil,87.8,18.12,18.12,244,1,Tier 4,TRUE,20011,Tier 5
18723,Tier 2,NIL,LeeFenFilms,Tier 5,Nil,87.84,18.08,18.08,57,1,Tier 5,FALSE,18723,Tier 5
9305,Tier 4,Tier 4,The Abbey Church of Dunfermline,Tier 5,Tier 5,76.74,18.08,51.92,430,4,Tier 3,TRUE,9305,Tier 5
7215,Tier 2,NIL,Iain Floyd,Tier 5,Nil,74.95,18.04,69,37,4,Tier 5,FALSE,7215,Tier 5
17249,Tier 1,NIL,Hooray Party Box,Tier 5,Nil,85.36,18,18,19,2,Tier 5,FALSE,17249,Tier 5
17939,Tier 1,NIL,earth works,Tier 5,Nil,87.94,17.92,17.92,10,1,Tier 5,FALSE,17939,Tier 5
6276,Tier 2,NIL,YABducation,Tier 5,Nil,80.24,17.92,36.19,104,3,Tier 5,FALSE,6276,Tier 5
1576,High Value,High Value,The Rosie,Tier 5,Tier 5,58.39,17.75,537.5,2801,8,Tier 2,TRUE,1576,Tier 5
11939,Tier 1,NIL,Pure In Heart Swansea,Tier 5,Nil,88,17.68,17.68,30,1,Tier 5,FALSE,11939,Tier 5
18107,Tier 2,NIL,Storytellers Performing Arts School,Tier 5,Nil,88.04,17.67,17.67,64,1,Tier 5,FALSE,18107,Tier 5
3474,Tier 2,NIL,Fergie,Tier 5,Nil,88.04,17.67,17.67,38,1,Tier 5,FALSE,3474,Tier 5
4097,Tier 4,Tier 4,Warrington Athletics Club,Tier 5,Tier 3,53.5,17.58,1867.13,38,5,Tier 3,TRUE,4097,Tier 5
6809,Tier 2,Tier 2,HMVCG,Tier 5,Tier 5,70.48,17.58,112.78,41,5,Tier 5,FALSE,6809,Tier 5
19293,Tier 1,NIL,Botolphs Bowmen,Tier 5,Nil,88.11,17.54,17.54,33,1,Tier 5,FALSE,19293,Tier 5
8054,NIL,Tier 3,Airedale Hospital & Community Charity,Nil,Tier 4,,17.5,264.58,6,3,Nil,FALSE,8054,Nil
7330,Tier 2,Tier 2,Canterbury Cider,Tier 5,Tier 5,73.19,17.5,91.12,32,4,Tier 5,FALSE,7330,Tier 5
8933,Tier 2,Tier 2,Bromley and Orpington Amnesty Group,Tier 5,Tier 5,73.15,17.5,91.46,21,4,Tier 5,FALSE,8933,Tier 5
14068,Tier 2,Tier 2,International Diskoteka Aberdeen,Tier 5,Tier 5,81.59,17.46,42.08,31,2,Tier 5,FALSE,14068,Tier 5
15851,Tier 2,NIL,AGU UK HHB,Tier 5,Nil,88.21,17.42,17.42,38,1,Tier 5,FALSE,15851,Tier 5
15910,Tier 2,NIL,Friends of Portland Works,Tier 5,Nil,85.67,17.42,17.42,75,2,Tier 5,FALSE,15910,Tier 5
13871,NIL,NIL,WILDSIDE WALKS,Nil,Nil,,17.33,33.04,7,1,Nil,FALSE,13871,Nil
17616,Tier 2,NIL,Cardinal Heenan Catholic High School Performing Arts,Tier 5,Nil,85.75,17.33,17.33,51,2,Tier 5,FALSE,17616,Tier 5
17774,Tier 2,NIL,Malmesbury Paranomal Society,Tier 5,Nil,85.75,17.33,17.33,52,2,Tier 5,FALSE,17774,Tier 5
18704,Tier 1,NIL,Oleg,Tier 5,Nil,88.29,17.33,17.33,26,1,Tier 5,FALSE,18704,Tier 5
14435,Tier 1,Tier 4,Glossop North End AFC,Tier 5,Tier 3,64.19,17.29,865.65,26,1,Tier 5,FALSE,14435,Tier 5
16821,Tier 2,NIL,Stirling Chinese Community Group,Tier 5,Nil,88.37,17.29,17.29,60,1,Tier 5,FALSE,16821,Tier 5
18144,Tier 2,NIL,St Margaret&#39;s School Baby Club,Tier 5,Nil,85.83,17.29,17.29,66,2,Tier 5,FALSE,18144,Tier 5
11701,Tier 2,Tier 1,All Saints Church,Tier 5,Tier 5,82.49,17.25,37.12,23,2,Tier 5,FALSE,11701,Tier 5
15601,Tier 1,NIL,Yaxley Events,Tier 5,Nil,88.45,17.25,17.25,18,1,Tier 5,FALSE,15601,Tier 5
17703,Tier 1,NIL,Claire Stones,Tier 5,Nil,85.91,17.25,17.25,13,2,Tier 5,FALSE,17703,Tier 5
13831,Tier 2,Tier 1,Art at the Duchess,Tier 5,Tier 5,86.98,17.12,24.62,66,1,Tier 5,FALSE,13831,Tier 5
18905,Tier 2,NIL,Tribe Collective,Tier 5,Nil,88.52,17.08,17.08,41,1,Tier 5,FALSE,18905,Tier 5
19212,Tier 2,NIL,Hatherleigh Science,Tier 5,Nil,88.59,17,17,76,1,Tier 5,FALSE,19212,Tier 5
19473,Tier 1,NIL,GuitarEvent,Tier 5,Nil,88.59,17,17,34,1,Tier 5,FALSE,19473,Tier 5
9269,Tier 2,NIL,University of Northampton Events  Tourism & Hospitality,Tier 5,Nil,86.05,17,17,48,2,Tier 5,FALSE,9269,Tier 5
9566,Tier 2,Tier 3,Largs Primary School Parent Council,Tier 5,Tier 5,71.18,17,148.46,58,3,Tier 5,FALSE,9566,Tier 5
12324,Tier 2,Tier 1,The Warrior's Way,Tier 5,Tier 5,82.81,16.92,35.62,10,2,Tier 5,FALSE,12324,Tier 5
14634,Tier 2,NIL,Arbroath Rotary Club,Tier 5,Nil,86.13,16.92,16.92,80,2,Tier 5,FALSE,14634,Tier 5
15689,NIL,NIL,Knowle FC,Nil,Nil,,16.88,16.88,5,1,Nil,FALSE,15689,Nil
15546,Tier 1,NIL,Laser Tag Wales,Tier 5,Nil,86.18,16.88,16.88,27,2,Tier 5,FALSE,15546,Tier 5
3193,Tier 2,Tier 2,Selling Savvy Ltd,Tier 5,Tier 5,69.57,16.88,124.63,27,6,Tier 5,FALSE,3193,Tier 5
17829,Tier 2,NIL,Knutsford Methodist Church,Tier 5,Nil,88.76,16.83,16.83,38,1,Tier 5,FALSE,17829,Tier 5
13166,Tier 1,Tier 2,Uncover Your Power &amp; Create Your Best Future,Tier 5,Tier 5,82.95,16.79,55.13,17,1,Tier 5,FALSE,13166,Tier 5
16199,Tier 1,NIL,Dunscore Art Collective,Tier 5,Nil,88.8,16.79,16.79,31,1,Tier 5,FALSE,16199,Tier 5
19368,Tier 1,NIL,Radio-Activ,Tier 5,Nil,88.83,16.75,16.75,25,1,Tier 5,FALSE,19368,Tier 5
13209,Tier 2,Tier 2,Littlewick Green Society,Tier 5,Tier 5,82.16,16.72,41.34,32,2,Tier 5,FALSE,13209,Tier 5
17808,Tier 2,NIL,Troon Hockey Club,Tier 5,Nil,88.89,16.71,16.71,80,1,Tier 5,FALSE,17808,Tier 5
18587,Tier 2,NIL,Bigshot Music,Tier 5,Nil,88.89,16.71,16.71,45,1,Tier 5,FALSE,18587,Tier 5
18719,Tier 1,NIL,Kimberley Barnett,Tier 5,Nil,86.39,16.67,16.67,11,2,Tier 5,FALSE,18719,Tier 5
15148,Tier 1,NIL,Cherwell Choral Society,Tier 5,Nil,88.96,16.63,16.63,19,1,Tier 5,FALSE,15148,Tier 5
15939,Tier 2,NIL,Leavenheath Village Hall,Tier 5,Nil,88.99,16.58,16.58,42,1,Tier 5,FALSE,15939,Tier 5
16791,Tier 2,NIL,Paul Salt,Tier 5,Nil,86.47,16.57,16.57,53,2,Tier 5,FALSE,16791,Tier 5
18508,Tier 1,NIL,library duck,Tier 5,Nil,89.05,16.54,16.54,13,1,Tier 5,FALSE,18508,Tier 5
266,Tier 4,Tier 4,Bishop Auckland Theatre Society,Tier 5,Tier 4,53.12,16.54,1633.47,51,9,Tier 3,TRUE,266,Tier 5
13060,Tier 2,Tier 2,Hallam Choral Society,Tier 5,Tier 5,78.31,16.5,77.17,22,2,Tier 5,FALSE,13060,Tier 5
13213,Tier 2,Tier 3,Waltham Chase Pre-School,Tier 5,Tier 5,72.04,16.5,137.13,20,3,Tier 5,FALSE,13213,Tier 5
15556,Tier 2,NIL,Chords of Chaos,Tier 5,Nil,86.58,16.5,16.5,58,2,Tier 5,FALSE,15556,Tier 5
19324,Tier 1,NIL,Ryecroft Rare Breeds,Tier 5,Nil,89.12,16.5,16.5,28,1,Tier 5,FALSE,19324,Tier 5
19146,Tier 1,NIL,Pangbourne Music,Tier 5,Nil,89.19,16.46,16.46,29,1,Tier 5,FALSE,19146,Tier 5
257,Tier 2,Tier 2,Sight Advice South Lakes,Tier 5,Tier 5,66.76,16.46,176.68,69,7,Tier 5,FALSE,257,Tier 5
16595,Tier 1,NIL,Kiera,Tier 5,Nil,89.24,16.4,16.4,28,1,Tier 5,FALSE,16595,Tier 5
7967,NIL,Tier 3,Rothwell Arts Dance Academy,Nil,Tier 4,,16.37,339.62,0,4,Nil,FALSE,7967,Nil
16613,Tier 1,NIL,Loddington Farm,Tier 5,Nil,89.26,16.37,16.37,30,1,Tier 5,FALSE,16613,Tier 5
12383,Tier 2,Tier 3,Rhodesian Ridgeback Welfare Trust (RRWT),Tier 5,Tier 5,77.67,16.33,86.62,50,2,Tier 5,FALSE,12383,Tier 5
18381,Tier 1,NIL,Bilibala 大三爸 音樂會,Tier 5,Nil,86.78,16.33,16.33,14,2,Tier 5,FALSE,18381,Tier 5
4366,Tier 3,Tier 3,The Sussex Heart Charity,Tier 5,Tier 5,76.48,16.33,48.42,254,6,Tier 4,TRUE,4366,Tier 5
17663,Tier 1,NIL,Maria Yugina,Tier 5,Nil,89.41,16.29,16.29,21,1,Tier 5,FALSE,17663,Tier 5
17672,Tier 3,NIL,CACN events,Tier 5,Nil,86.86,16.29,16.29,184,2,Tier 4,TRUE,17672,Tier 5
19135,Tier 1,NIL,WeToastHK,Tier 5,Nil,89.41,16.29,16.29,37,1,Tier 5,FALSE,19135,Tier 5
20132,Tier 1,NIL,Camden Peoples Alliance,Tier 5,Nil,89.41,16.29,16.29,17,1,Tier 5,FALSE,20132,Tier 5
14983,Tier 2,Tier 1,colinreamusic,Tier 5,Tier 5,88.12,16.25,22.62,44,1,Tier 5,FALSE,14983,Tier 5
12427,Tier 2,NIL,Retro Rendezvous Festival Ltd,Tier 5,Nil,86.52,16.17,17.42,39,2,Tier 5,FALSE,12427,Tier 5
15399,Tier 1,NIL,Hormones Headspace &amp; Hustle,Tier 5,Nil,89.54,16.08,16.08,10,1,Tier 5,FALSE,15399,Tier 5
16552,Tier 2,NIL,The Safe Woman,Tier 5,Nil,89.54,16.08,16.08,42,1,Tier 5,FALSE,16552,Tier 5
19192,NIL,NIL,Kes Ward,Nil,Nil,,16.04,16.04,8,1,Nil,FALSE,19192,Nil
15050,NIL,Tier 2,Den-Tech Charity,Nil,Tier 5,,16,42.08,8,1,Nil,FALSE,15050,Nil
19788,Tier 2,NIL,Patrick Duffy,Tier 5,Nil,89.58,16,16,48,1,Tier 5,FALSE,19788,Tier 5
19147,Tier 2,NIL,Promoting Economic Pluralism,Tier 5,Nil,89.61,15.94,15.94,45,1,Tier 5,FALSE,19147,Tier 5
14305,Tier 2,Tier 1,Perranwell Choir,Tier 5,Tier 5,87.76,15.87,24.54,44,1,Tier 5,FALSE,14305,Tier 5
19488,Tier 1,NIL,Rhapsody,Tier 5,Nil,89.65,15.83,15.83,29,1,Tier 5,FALSE,19488,Tier 5
17782,Tier 1,NIL,Friends of Clevedon School,Tier 5,Nil,89.68,15.79,15.79,19,1,Tier 5,FALSE,17782,Tier 5
11261,Tier 2,Tier 2,Friends of Hellingly Church,Tier 5,Tier 5,77.15,15.75,97.29,21,2,Tier 5,FALSE,11261,Tier 5
14077,Tier 1,Tier 2,Caroline Roberts-Gunn,Tier 5,Tier 5,81.55,15.75,73.5,18,1,Tier 5,FALSE,14077,Tier 5
19456,Tier 1,NIL,Lev Echad Glasgow,Tier 5,Nil,89.74,15.75,15.75,21,1,Tier 5,FALSE,19456,Tier 5
19483,Tier 2,NIL,Scot Club Bletchley,Tier 5,Nil,89.74,15.75,15.75,41,1,Tier 5,FALSE,19483,Tier 5
11222,Tier 1,NIL,Helen Tebay,Tier 5,Nil,89.83,15.71,15.71,29,1,Tier 5,FALSE,11222,Tier 5
12023,Tier 2,Tier 1,Barry Community Choir,Tier 5,Tier 5,83.18,15.71,25.67,50,3,Tier 5,FALSE,12023,Tier 5
17969,Tier 1,NIL,Ashley Teer Intuitive Mentor,Tier 5,Nil,89.83,15.71,15.71,29,1,Tier 5,FALSE,17969,Tier 5
751,Tier 1,NIL,Ben Salter,Tier 5,Nil,85.78,15.71,22.83,29,2,Tier 5,FALSE,751,Tier 5
15831,Tier 2,NIL,Whisper,Tier 5,Nil,87.36,15.62,15.62,38,2,Tier 5,FALSE,15831,Tier 5
19799,Tier 1,NIL,Southend Choral Society,Tier 5,Nil,89.9,15.62,15.62,27,1,Tier 5,FALSE,19799,Tier 5
15927,Tier 1,NIL,St Johns Clevedon,Tier 5,Nil,89.94,15.5,15.5,30,1,Tier 5,FALSE,15927,Tier 5
11233,Tier 4,Tier 4,Peace of Green CIC,Tier 5,Tier 5,81.2,15.48,39.65,628,3,Tier 3,TRUE,11233,Tier 5
7370,Tier 1,Tier 1,Rawstorne Singers,Tier 5,Tier 5,78.03,15.46,53.46,17,4,Tier 5,FALSE,7370,Tier 5
14910,Tier 2,NIL,Ulverston Boogie Nights,Tier 5,Nil,87.21,15.42,16.42,40,2,Tier 5,FALSE,14910,Tier 5
13321,Tier 3,Tier 2,Full Cup Coaching,Tier 5,Tier 5,84.9,15.38,28.25,132,2,Tier 4,TRUE,13321,Tier 5
15541,Tier 1,NIL,COMMERCIAL,Tier 5,Nil,90.05,15.38,15.38,32,1,Tier 5,FALSE,15541,Tier 5
18678,Tier 2,NIL,a dumb production company,Tier 5,Nil,90.05,15.38,15.38,43,1,Tier 5,FALSE,18678,Tier 5
15547,Tier 2,NIL,PTFA St Mary&#39;s School Bideford,Tier 5,Nil,90.11,15.33,15.33,104,1,Tier 5,FALSE,15547,Tier 5
2531,Tier 2,Tier 3,CVE Scotland,Tier 5,Tier 5,77.01,15.33,54.83,88,5,Tier 5,FALSE,2531,Tier 5
15944,NIL,NIL,The Mainly Mental Health Company Ltd,Nil,Nil,,15.25,15.25,2,1,Nil,FALSE,15944,Nil
15151,Tier 1,NIL,Ukrainian hearts,Tier 5,Nil,90.15,15.21,15.21,25,1,Tier 5,FALSE,15151,Tier 5
16170,Tier 1,NIL,gregsymonds201,Tier 5,Nil,90.19,15.17,15.17,13,1,Tier 5,FALSE,16170,Tier 5
17628,Tier 2,NIL,Yuka,Tier 5,Nil,90.19,15.17,15.17,91,1,Tier 5,FALSE,17628,Tier 5
17009,Tier 1,NIL,Crusaders Rugby Club,Tier 5,Nil,90.23,15.05,15.05,12,1,Tier 5,FALSE,17009,Tier 5
5447,Tier 1,Tier 1,All Saints Singers,Tier 5,Tier 5,78.97,15.04,47,22,4,Tier 5,FALSE,5447,Tier 5
18490,Tier 1,NIL,Daniel Wijngaarden,Tier 5,Nil,90.29,15,15,20,1,Tier 5,FALSE,18490,Tier 5
16843,Tier 1,NIL,Heversham8396,Tier 5,Nil,90.34,14.88,14.88,17,1,Tier 5,FALSE,16843,Tier 5
19590,Tier 2,NIL,Greater Manchester Dance Collective,Tier 5,Nil,90.34,14.88,14.88,61,1,Tier 5,FALSE,19590,Tier 5
13526,NIL,NIL,Excel Coaching,Nil,Nil,,14.75,23.5,3,2,Nil,FALSE,13526,Nil
17547,NIL,NIL,Purplemoon Supervision and Coaching Ltd,Nil,Nil,,14.75,14.75,7,1,Nil,FALSE,17547,Nil
16114,Tier 2,NIL,Nature Over Natter,Tier 5,Nil,90.39,14.75,14.75,40,1,Tier 5,FALSE,16114,Tier 5
7785,Tier 2,Tier 3,CVMS Development Office,Tier 5,Tier 4,68.93,14.71,195.18,11,4,Tier 5,FALSE,7785,Tier 5
10159,Tier 3,Tier 4,Lancashire Music Schools Pay Fees,Tier 5,Tier 4,63.83,14.62,532,26,3,Tier 4,TRUE,10159,Tier 5
10270,Tier 1,Tier 2,Northern Praeclassica,Tier 5,Tier 5,80.49,14.62,46.88,21,3,Tier 5,FALSE,10270,Tier 5
1430,Tier 4,Tier 4,Channing School,Tier 5,Free,82.55,14.62,14.62,1188,7,Tier 3,TRUE,1430,Tier 5
14858,Tier 1,NIL,Forza Sports Marketing Ltd,Tier 5,Nil,90.47,14.62,14.62,26,1,Tier 5,FALSE,14858,Tier 5
16538,Tier 1,NIL,True Nature,Tier 5,Nil,87.99,14.58,14.58,25,2,Tier 5,FALSE,16538,Tier 5
19400,Tier 1,NIL,Jack Charlton Disabled Anglers Association,Tier 5,Nil,90.56,14.38,14.38,24,1,Tier 5,FALSE,19400,Tier 5
12957,Tier 2,Tier 1,Willingham Action Group,Tier 5,Tier 5,84.58,14.33,33.08,40,2,Tier 5,FALSE,12957,Tier 5
15651,Tier 2,NIL,Adi Naamati,Tier 5,Nil,90.62,14.33,14.33,43,1,Tier 5,FALSE,15651,Tier 5
18500,Tier 2,NIL,Quartz,Tier 5,Nil,90.62,14.33,14.33,43,1,Tier 5,FALSE,18500,Tier 5
16174,Tier 1,NIL,Kingkarine,Tier 5,Nil,88.13,14.29,14.29,31,2,Tier 5,FALSE,16174,Tier 5
10438,Tier 1,Tier 1,Rotary Club of Eynsham & District,Tier 5,Tier 5,82.57,14.25,33.67,29,3,Tier 5,FALSE,10438,Tier 5
15242,Tier 1,NIL,Lancing with Coombes PCC,Tier 5,Nil,90.72,14.25,14.25,19,1,Tier 5,FALSE,15242,Tier 5
19107,Tier 2,NIL,Friends of Matching,Tier 5,Nil,90.72,14.25,14.25,39,1,Tier 5,FALSE,19107,Tier 5
18138,Tier 1,NIL,William Oliver,Tier 5,Nil,90.77,14.21,14.21,31,1,Tier 5,FALSE,18138,Tier 5
8534,NIL,NIL,PriorParkCollege,Nil,Nil,,14.07,87.98,5,2,Nil,FALSE,8534,Nil
15419,Tier 4,NIL,Sennybridge Show,Tier 5,Nil,90.86,14,14,738,1,Tier 3,TRUE,15419,Tier 5
15424,Tier 1,NIL,Ely’s Puzzle Hustle,Tier 5,Nil,90.86,14,14,16,1,Tier 5,FALSE,15424,Tier 5
16429,Tier 1,NIL,Tania Murray,Tier 5,Nil,90.86,14,14,37,1,Tier 5,FALSE,16429,Tier 5
16851,Tier 2,NIL,Susie Tracey,Tier 5,Nil,88.32,14,14,42,2,Tier 5,FALSE,16851,Tier 5
993,Tier 3,Tier 3,Blue Skies Hospitals Fund,Tier 5,Tier 4,58.58,14,776.28,42,7,Tier 4,TRUE,993,Tier 5
16901,Tier 1,NIL,Tandridge Photographic Society,Tier 5,Nil,88.4,13.93,13.93,32,2,Tier 5,FALSE,16901,Tier 5
4358,Tier 1,Tier 1,Kendal Concert Band,Tier 5,Tier 5,73.59,13.87,89.15,27,6,Tier 5,FALSE,4358,Tier 5
6372,Tier 2,Tier 2,Cheadle Arts Festival,Tier 5,Tier 5,75.28,13.87,88.58,32,4,Tier 5,FALSE,6372,Tier 5
11961,Tier 1,Tier 1,RADCaT Ltd,Tier 5,Tier 5,86.83,13.83,21.13,29,2,Tier 5,FALSE,11961,Tier 5
15997,Tier 1,NIL,Gather In Song,Tier 5,Nil,91.05,13.75,13.75,26,1,Tier 5,FALSE,15997,Tier 5
16062,Tier 1,NIL,Oswestry School Development,Tier 5,Nil,88.51,13.75,13.75,31,2,Tier 5,FALSE,16062,Tier 5
8000,Tier 2,Tier 2,Henry Allen Trust,Tier 5,Tier 5,79.42,13.75,59.38,22,3,Tier 5,FALSE,8000,Tier 5
8263,Tier 4,Tier 2,Jeannette Magee,Tier 5,Tier 5,69.51,13.75,190,570,4,Tier 3,TRUE,8263,Tier 5
18612,Tier 2,NIL,Finley Vaughan,Tier 5,Nil,88.57,13.71,13.71,47,2,Tier 5,FALSE,18612,Tier 5
18765,Tier 2,NIL,Keswick Museum,Tier 5,Nil,91.14,13.67,13.67,124,1,Tier 5,FALSE,18765,Tier 5
15620,Tier 1,NIL,The Farmers Arms,Tier 5,Nil,91.18,13.58,13.58,29,1,Tier 5,FALSE,15620,Tier 5
5884,Tier 3,Tier 3,Eden Valley Artistic Network,Tier 5,Tier 4,69.19,13.58,203.63,21,4,Tier 4,TRUE,5884,Tier 5
6153,Tier 1,Tier 2,Surrey singles,Tier 5,Tier 5,77.76,13.58,63.02,24,4,Tier 5,FALSE,6153,Tier 5
15901,Tier 1,NIL,Findon Swimming Club,Tier 5,Nil,91.23,13.54,13.54,25,1,Tier 5,FALSE,15901,Tier 5
11370,Tier 1,NIL,Clare Taylor,Tier 5,Nil,91.29,13.5,13.5,18,1,Tier 5,FALSE,11370,Tier 5
16464,Tier 1,NIL,Mind and Motion Therapy,Tier 5,Nil,91.29,13.5,13.5,18,1,Tier 5,FALSE,16464,Tier 5
19474,Tier 1,NIL,Discover Wight,Tier 5,Nil,91.29,13.5,13.5,18,1,Tier 5,FALSE,19474,Tier 5
18906,Tier 1,NIL,North West Tourist Guides Association,Tier 5,Nil,91.37,13.42,13.42,19,1,Tier 5,FALSE,18906,Tier 5
9760,Tier 3,Tier 3,Headway Arts,Tier 5,Tier 5,81.03,13.42,47.17,150,3,Tier 4,TRUE,9760,Tier 5
13963,Tier 3,Tier 4,ACN Scotland Office,Tier 5,Tier 4,68.22,13.33,404.13,152,2,Tier 4,TRUE,13963,Tier 5
19494,Tier 2,NIL,Sasha Davies,Tier 5,Nil,91.42,13.33,13.33,40,1,Tier 5,FALSE,19494,Tier 5
4923,Tier 2,Tier 3,Playful Nature,Tier 5,Tier 5,67.59,13.33,230.87,33,5,Tier 5,FALSE,4923,Tier 5
13781,Tier 1,NIL,Frederic Pettigrew,Tier 5,Nil,91.48,13.29,13.29,23,1,Tier 5,FALSE,13781,Tier 5
19528,Tier 1,NIL,Sihan Sun,Tier 5,Nil,91.48,13.29,13.29,32,1,Tier 5,FALSE,19528,Tier 5
11114,Tier 1,Tier 1,Stirling University Choir,Tier 5,Tier 5,83.22,13.17,33.08,29,3,Tier 5,FALSE,11114,Tier 5
13484,Tier 1,Tier 1,swingshift,Tier 5,Tier 5,87.31,13.12,20.62,21,2,Tier 5,FALSE,13484,Tier 5
18700,Tier 1,NIL,Southside Chamber Music,Tier 5,Nil,91.55,13.12,13.12,14,1,Tier 5,FALSE,18700,Tier 5
16126,Tier 1,NIL,Dacre Designs UK,Tier 5,Nil,89.04,13.05,13.05,12,2,Tier 5,FALSE,16126,Tier 5
19064,NIL,NIL,Wadhurst Castle,Nil,Nil,,13,13,4,1,Nil,FALSE,19064,Nil
10243,Tier 3,Tier 3,Coach House Pianos,Tier 5,Tier 5,80.49,13,54.08,162,3,Tier 4,TRUE,10243,Tier 5
14860,Tier 1,NIL,Eastbourne Salsa,Tier 5,Nil,91.68,13,13,24,1,Tier 5,FALSE,14860,Tier 5
15167,Tier 1,NIL,Kimcote Church,Tier 5,Nil,91.68,13,13,17,1,Tier 5,FALSE,15167,Tier 5
19452,Tier 2,NIL,Slaithwaite J&amp;I,Tier 5,Nil,91.68,13,13,39,1,Tier 5,FALSE,19452,Tier 5
19584,Tier 2,NIL,Footsteps To Theatre,Tier 5,Nil,91.68,13,13,39,1,Tier 5,FALSE,19584,Tier 5
9869,Tier 2,Tier 1,Donhead St Mary Village Hall,Tier 5,Tier 5,81.92,13,33.14,39,4,Tier 5,FALSE,9869,Tier 5
18526,Tier 2,NIL,Firefly Hub Ltd,Tier 5,Nil,89.24,12.83,12.83,101,2,Tier 5,FALSE,18526,Tier 5
10759,Tier 1,NIL,The Valley Parish,Tier 5,Nil,88.75,12.75,15,17,2,Tier 5,FALSE,10759,Tier 5
18622,NIL,NIL,Bunatati Romanesti,Nil,Nil,,12.71,12.71,6,1,Nil,FALSE,18622,Nil
14158,Tier 3,Tier 1,Gallipoli Association,Tier 5,Tier 5,88.8,12.71,14.88,175,2,Tier 4,TRUE,14158,Tier 5
20042,NIL,NIL,My Time To Write London Screenwriting Course,Nil,Nil,,12.62,12.62,1,1,Nil,FALSE,20042,Nil
19134,Tier 1,NIL,The Creative Edit Events,Tier 5,Nil,91.84,12.58,12.58,21,1,Tier 5,FALSE,19134,Tier 5
14324,Tier 2,Tier 2,Mill Field Forest Gardeners,Tier 5,Tier 5,86.42,12.54,26.29,63,2,Tier 5,FALSE,14324,Tier 5
15948,Tier 1,NIL,M L Bates,Tier 5,Nil,91.92,12.5,12.5,20,1,Tier 5,FALSE,15948,Tier 5
19578,Tier 1,NIL,DFA Training,Tier 5,Nil,91.92,12.5,12.5,16,1,Tier 5,FALSE,19578,Tier 5
3464,Tier 2,Tier 2,Winning Edges Consultancy Limited,Tier 5,Tier 5,72.48,12.5,122.58,20,5,Tier 5,FALSE,3464,Tier 5
7881,Tier 1,Tier 1,Absolute Specialists Ltd,Tier 5,Tier 5,81.39,12.5,38.12,20,4,Tier 5,FALSE,7881,Tier 5
13349,Tier 1,Tier 1,Sleaford Concert Band,Tier 5,Tier 5,87.7,12.46,20.04,23,2,Tier 5,FALSE,13349,Tier 5
14261,Tier 2,Tier 2,East Midlands Deaf Badminton Club,Tier 5,Tier 5,88.6,12.46,29.38,45,1,Tier 5,FALSE,14261,Tier 5
17856,Tier 1,NIL,Yanwath,Tier 5,Nil,92.01,12.46,12.46,13,1,Tier 5,FALSE,17856,Tier 5
19969,Tier 1,NIL,Longwick Events,Tier 5,Nil,92.01,12.46,12.46,23,1,Tier 5,FALSE,19969,Tier 5
14990,Tier 2,Tier 1,Wiltshire College Music,Tier 5,Tier 5,91.19,12.44,16.35,54,1,Tier 5,FALSE,14990,Tier 5
15986,Tier 1,NIL,Electric Alchemy,Tier 5,Nil,92.09,12.4,12.4,18,1,Tier 5,FALSE,15986,Tier 5
16319,NIL,NIL,Harika Mogudampally,Nil,Nil,,12.38,12.38,9,1,Nil,FALSE,16319,Nil
14467,Tier 1,NIL,Phoebe Partridge,Tier 5,Nil,89.31,12.38,13.52,34,2,Tier 5,FALSE,14467,Tier 5
10973,Tier 1,Tier 1,Holistic Events,Tier 5,Tier 5,84.47,12.21,27.5,11,3,Tier 5,FALSE,10973,Tier 5
13009,Tier 2,Tier 3,The Nigel Prosser Foundation,Tier 5,Tier 5,76.76,12.21,99.17,17,3,Tier 5,FALSE,13009,Tier 5
16696,Tier 2,NIL,Gracie,Tier 5,Nil,92.15,12.21,12.21,41,1,Tier 5,FALSE,16696,Tier 5
18974,Tier 2,NIL,HannahM,Tier 5,Nil,92.19,12.17,12.17,65,1,Tier 5,FALSE,18974,Tier 5
18714,Tier 1,NIL,Ashburton Arts,Tier 5,Nil,92.23,12.04,12.04,20,1,Tier 5,FALSE,18714,Tier 5
8065,Tier 2,Tier 1,Magpie Performers,Tier 5,Tier 5,85.91,12.04,19.96,43,3,Tier 5,FALSE,8065,Tier 5
16102,Tier 1,NIL,Lionsgate Soul Night 8th August,Tier 5,Nil,92.27,12.03,12.03,25,1,Tier 5,FALSE,16102,Tier 5
5586,Tier 1,Tier 2,YAB Chorley,Tier 5,Tier 5,79.29,12.03,47.34,24,5,Tier 5,FALSE,5586,Tier 5
15150,NIL,NIL,Be That Woman,Nil,Nil,,12,12,7,2,Nil,FALSE,15150,Nil
15241,NIL,NIL,41st Ormskirk (1st Halsall) Scouts,Nil,Nil,,12,12,6,1,Nil,FALSE,15241,Nil
15623,NIL,NIL,Jannah Legacy,Nil,Nil,,12,12,6,1,Nil,FALSE,15623,Nil
17863,NIL,NIL,Hats By Sherry,Nil,Nil,,12,12,8,1,Nil,FALSE,17863,Nil
5211,Tier 2,Tier 2,Aberdeenshire Saxophone Orchestra,Tier 5,Tier 5,80.1,12,61.9,25,3,Tier 5,FALSE,5211,Tier 5
7011,Tier 3,Tier 2,Little Common school,Tier 5,Tier 5,67.55,12,370.37,49,3,Tier 4,TRUE,7011,Tier 5
17632,Tier 1,NIL,St Peter's Church  North Tawton,Tier 5,Nil,92.35,11.78,11.78,20,1,Tier 5,FALSE,17632,Tier 5
18412,Tier 2,NIL,Kingston Museum,Tier 5,Nil,92.39,11.67,11.67,102,1,Tier 5,FALSE,18412,Tier 5
16602,Tier 1,NIL,Emma Capstick,Tier 5,Nil,92.42,11.58,11.58,19,1,Tier 5,FALSE,16602,Tier 5
7268,NIL,NIL,Penelope Silver - The Reiki One,Nil,Nil,,11.5,11.5,4,1,Nil,FALSE,7268,Nil
17298,Tier 1,NIL,Cheriton Primary School PTFA,Tier 5,Nil,92.47,11.5,11.5,37,1,Tier 5,FALSE,17298,Tier 5
18676,Tier 1,NIL,Scriptwriting Workshop,Tier 5,Nil,92.47,11.5,11.5,17,1,Tier 5,FALSE,18676,Tier 5
19601,NIL,NIL,Rotary Club of Loughborough Beacon,Nil,Nil,,11.46,11.46,9,1,Nil,FALSE,19601,Nil
8659,Tier 1,Tier 1,chance2dance4charity,Tier 5,Tier 5,84.67,11.46,20.44,25,4,Tier 5,FALSE,8659,Tier 5
12755,Tier 1,Tier 2,Claire Sophia,Tier 5,Tier 5,85.38,11.45,23.95,30,3,Tier 5,FALSE,12755,Tier 5
19058,Tier 1,NIL,The Armitt General Admission,Tier 5,Nil,92.54,11.39,11.39,29,1,Tier 5,FALSE,19058,Tier 5
10363,Tier 2,Tier 2,Midlands Sales Squad,Tier 5,Tier 5,79.98,11.33,86.17,34,2,Tier 5,FALSE,10363,Tier 5
18038,Tier 1,NIL,Liverpool Phoenix Voices,Tier 5,Nil,90.05,11.33,11.33,28,2,Tier 5,FALSE,18038,Tier 5
3441,Tier 3,Tier 3,Wegooutsidetoo,Tier 5,Tier 5,64.62,11.33,409.5,18,5,Tier 4,TRUE,3441,Tier 5
8716,Tier 1,Tier 2,Hugh Morris,Tier 5,Tier 5,85.09,11.33,25.67,34,3,Tier 5,FALSE,8716,Tier 5
18264,Tier 1,NIL,Wiggly Charity,Tier 5,Nil,92.66,11.29,11.29,17,1,Tier 5,FALSE,18264,Tier 5
7539,Tier 2,Tier 2,Frances Day,Tier 5,Tier 5,83.58,11.25,26.79,93,4,Tier 5,FALSE,7539,Tier 5
16628,Tier 2,NIL,Taviskate - Community skatepark project,Tier 5,Nil,92.71,11.22,11.22,43,1,Tier 5,FALSE,16628,Tier 5
3743,Tier 3,Tier 3,Willow Woods - Forest School,Tier 5,Tier 5,63.49,11.19,451.7,24,6,Tier 4,TRUE,3743,Tier 5
18553,NIL,NIL,rachelrewrites,Nil,Nil,,11.17,11.17,6,2,Nil,FALSE,18553,Nil
15016,Tier 1,Tier 1,Kimon Parry,Tier 5,Tier 5,90.45,11.17,22.21,16,1,Tier 5,FALSE,15016,Tier 5
17220,Tier 1,NIL,Gigs At The Common,Tier 5,Nil,92.78,11.13,11.13,23,1,Tier 5,FALSE,17220,Tier 5
342,Tier 3,Tier 3,Farms for City Children,Tier 5,Tier 5,65.5,11.13,429.08,65,4,Tier 4,TRUE,342,Tier 5
5441,Tier 3,NIL,Sherborne School (Trading) Ltd,Tier 5,Nil,72.53,11.08,133.23,242,5,Tier 4,TRUE,5441,Tier 5
14,Tier 4,Tier 4,Institute of Medical Illustrators,Tier 5,Tier 4,52.06,11,5719.6,254,12,Tier 3,TRUE,14,Tier 5
19002,Tier 1,NIL,Pershore Town Choir,Tier 5,Nil,92.87,10.96,10.96,16,1,Tier 5,FALSE,19002,Tier 5
16723,Tier 1,NIL,Grange Soroptimists,Tier 5,Nil,90.36,10.88,10.88,18,2,Tier 5,FALSE,16723,Tier 5
237,Tier 3,Tier 3,God for All Team,Tier 5,Tier 4,57.74,10.88,1074.79,32,9,Tier 4,TRUE,237,Tier 5
14894,Tier 1,Tier 1,Drama Academy,Tier 5,Tier 5,91.89,10.83,16.25,20,1,Tier 5,FALSE,14894,Tier 5
19941,Tier 1,NIL,Gajanan Maharaj UK Parivar Trust,Tier 5,Nil,92.96,10.83,10.83,15,1,Tier 5,FALSE,19941,Tier 5
12932,NIL,Tier 2,Break,Nil,Tier 5,,10.75,73.67,6,2,Nil,FALSE,12932,Nil
16922,Tier 1,NIL,Torriano Meeting House,Tier 5,Nil,93,10.71,10.71,14,1,Tier 5,FALSE,16922,Tier 5
19098,Tier 1,NIL,Celebrate Recovery UK,Tier 5,Nil,93.04,10.62,10.62,15,1,Tier 5,FALSE,19098,Tier 5
4732,Tier 1,NIL,Jigsaw (South East) Stripe,Tier 5,Nil,77.71,10.62,67.5,14,5,Tier 5,FALSE,4732,Tier 5
13646,Tier 1,Tier 2,moved by my soular,Tier 5,Tier 5,86.74,10.54,30.17,22,2,Tier 5,FALSE,13646,Tier 5
18914,Tier 1,NIL,Tropic With Annie,Tier 5,Nil,93.11,10.54,10.54,11,1,Tier 5,FALSE,18914,Tier 5
19562,Tier 1,NIL,Jude Surr,Tier 5,Nil,93.11,10.54,10.54,23,1,Tier 5,FALSE,19562,Tier 5
5312,Tier 3,Tier 3,KidsOut UK,Tier 5,Tier 4,58.05,10.54,1817.42,11,4,Tier 4,TRUE,5312,Tier 5
19566,NIL,NIL,Libby Bateman,Nil,Nil,,10.5,10.5,9,1,Nil,FALSE,19566,Nil
17306,Tier 2,NIL,Fetcham Event,Tier 5,Nil,93.17,10.43,10.43,45,1,Tier 5,FALSE,17306,Tier 5
11422,Tier 2,NIL,TDC,Tier 5,Nil,90.53,10.37,11.13,91,2,Tier 5,FALSE,11422,Tier 5
14512,Tier 1,Tier 1,Naomi Gay,Tier 5,Tier 5,91,10.37,20.92,12,1,Tier 5,FALSE,14512,Tier 5
14826,Tier 1,Tier 1,Tabor Rocks Events,Tier 5,Tier 5,91.58,10.33,18,31,1,Tier 5,FALSE,14826,Tier 5
18784,Tier 1,NIL,Beth Gray Events,Tier 5,Nil,93.24,10.33,10.33,31,1,Tier 5,FALSE,18784,Tier 5
15147,Tier 3,NIL,Frodsham and Helsby Rotary,Tier 5,Nil,90.75,10.3,10.3,314,2,Tier 4,TRUE,15147,Tier 5
18178,NIL,NIL,St Mary & St Eanswythe,Nil,Nil,,10.29,10.29,9,1,Nil,FALSE,18178,Nil
2600,Tier 1,Tier 1,Wigan Networking,Tier 5,Tier 5,76.47,10.29,70,19,7,Tier 5,FALSE,2600,Tier 5
19367,NIL,NIL,Alice Evans,Nil,Nil,,10.25,10.25,2,1,Nil,FALSE,19367,Nil
12465,Tier 2,Tier 2,The Gaffer,Tier 5,Tier 5,83.95,10.21,51.21,19,2,Tier 5,FALSE,12465,Tier 5
15380,Tier 2,NIL,HPS2025,Tier 5,Nil,93.36,10.21,10.21,49,1,Tier 5,FALSE,15380,Tier 5
17381,Tier 1,NIL,EYFS Prep items,Tier 5,Nil,90.81,10.21,10.21,13,2,Tier 5,FALSE,17381,Tier 5
16960,Tier 2,NIL,Nav Durga Utsav Basingstoke,Tier 5,Nil,93.42,10.17,10.17,77,1,Tier 5,FALSE,16960,Tier 5
2762,Tier 2,NIL,Shoreham FC,Tier 5,Nil,69.86,10.17,183.17,28,6,Tier 5,FALSE,2762,Tier 5
16733,Tier 2,NIL,Friends of Lancaster Cemetery,Tier 5,Nil,90.91,10.12,10.12,79,2,Tier 5,FALSE,16733,Tier 5
14198,NIL,Tier 1,Thwaites Mountaineering,Nil,Tier 5,,10.08,28.99,7,2,Nil,FALSE,14198,Nil
14999,Tier 1,NIL,Christian Aid,Tier 5,Nil,93.15,10.08,11.71,20,1,Tier 5,FALSE,14999,Tier 5
19385,Tier 1,NIL,Inspire Yourself Happy,Tier 5,Nil,93.49,10.08,10.08,22,1,Tier 5,FALSE,19385,Tier 5
12215,NIL,Tier 3,Black Mountains Chapter Oak tree Rally,Nil,Tier 5,,10.04,124.21,6,2,Nil,FALSE,12215,Nil
5252,Tier 1,NIL,Choir Leader Meet-Up,Tier 5,Nil,88.38,10.04,13.46,12,3,Tier 5,FALSE,5252,Tier 5
9443,Tier 2,Tier 2,Left Horizons,Tier 5,Tier 5,82.39,10.01,48.97,45,3,Tier 5,FALSE,9443,Tier 5
5476,NIL,Tier 2,PTA - The Nicholson Academy,Nil,Tier 5,,10,144.35,7,4,Nil,FALSE,5476,Nil
14091,Tier 4,Tier 3,Open Farm Sunday Gaddesden Home Farm,Tier 5,Tier 5,89.78,10,28.96,588,1,Tier 3,TRUE,14091,Tier 5
18797,Tier 2,NIL,Community Wellbeing Events,Tier 5,Nil,93.57,10,10,47,1,Tier 5,FALSE,18797,Tier 5
6128,Tier 2,Tier 2,Grimsdell,Tier 5,Free,86.72,9.92,9.92,64,5,Tier 5,FALSE,6128,Tier 5
16732,Tier 1,NIL,Swap &amp; Style,Tier 5,Nil,93.65,9.88,9.88,31,1,Tier 5,FALSE,16732,Tier 5
18542,Tier 1,NIL,Celestial Sound Healing,Tier 5,Nil,91.1,9.88,9.88,11,2,Tier 5,FALSE,18542,Tier 5
13932,Tier 1,Tier 1,Good Grief Dear CIC,Tier 5,Tier 5,90.18,9.83,14.75,28,2,Tier 5,FALSE,13932,Tier 5
14924,Tier 2,NIL,Friends of Lancaster City Museum,Tier 5,Nil,93.7,9.83,9.83,48,1,Tier 5,FALSE,14924,Tier 5
10334,Tier 1,Tier 1,Dominic Downs Piano,Tier 5,Tier 5,89.04,9.76,19.57,21,2,Tier 5,FALSE,10334,Tier 5
10104,Tier 3,Tier 3,Dulwich College Staff Socials,Tier 5,Tier 4,70.88,9.75,207.87,13,4,Tier 4,TRUE,10104,Tier 5
13943,Tier 1,Tier 1,Carla Kronfli,Tier 5,Tier 5,90.49,9.75,25.5,13,1,Tier 5,FALSE,13943,Tier 5
16814,Tier 1,NIL,Lancs Road Club,Tier 5,Nil,91.24,9.75,9.75,29,2,Tier 5,FALSE,16814,Tier 5
16862,Tier 1,NIL,Evenjobb Village Hall,Tier 5,Nil,93.78,9.75,9.75,18,1,Tier 5,FALSE,16862,Tier 5
19406,Tier 1,NIL,Wellnessevents,Tier 5,Nil,93.85,9.71,9.71,10,1,Tier 5,FALSE,19406,Tier 5
2655,Tier 3,Tier 1,St Peter & St Paul  Rustington,Tier 5,Tier 5,81.07,9.71,38.96,287,6,Tier 4,TRUE,2655,Tier 5
15454,Tier 1,NIL,Masonic Centre Ticketing,Tier 5,Nil,93.89,9.67,9.67,29,1,Tier 5,FALSE,15454,Tier 5
11369,Tier 4,Tier 3,Willow Grove Primary School,Tier 5,Free,89.4,9.63,9.63,507,3,Tier 3,TRUE,11369,Tier 5
2111,Tier 3,Tier 3,Still Crazy,Tier 5,Tier 5,64.33,9.63,495.87,11,5,Tier 4,TRUE,2111,Tier 5
13467,Tier 1,Tier 1,ScriptoriumArts,Tier 5,Tier 5,89.26,9.58,19.42,10,2,Tier 5,FALSE,13467,Tier 5
1884,Tier 2,Tier 3,Cumbria Curtain Call,Tier 5,Tier 4,67.76,9.54,265.87,29,6,Tier 5,FALSE,1884,Tier 5
14811,Tier 1,NIL,Torchlight Wellbeing,Tier 5,Nil,90.85,9.5,12.87,31,2,Tier 5,FALSE,14811,Tier 5
15905,NIL,NIL,Mei Wine,Nil,Nil,,9.42,9.42,2,1,Nil,FALSE,15905,Nil
11055,Tier 3,Tier 3,Lower Plumpton Farm,Tier 5,Free,91.5,9.38,9.38,240,2,Tier 4,TRUE,11055,Tier 5
18741,Tier 1,NIL,Nottingham Young Musician of the Year,Tier 5,Nil,94.07,9.33,9.33,23,1,Tier 5,FALSE,18741,Tier 5
16676,Tier 1,NIL,Get Active Ston Easton,Tier 5,Nil,91.56,9.25,9.25,19,2,Tier 5,FALSE,16676,Tier 5
15843,Tier 2,NIL,Light-Bearer Theatre Perfomance,Tier 5,Nil,94.13,9.18,9.18,40,1,Tier 5,FALSE,15843,Tier 5
18277,NIL,NIL,Entrust Outdoor Education,Nil,Nil,,9.12,9.12,3,2,Nil,FALSE,18277,Nil
17184,NIL,NIL,Packington Recreation Ground,Nil,Nil,,9.04,9.04,3,1,Nil,FALSE,17184,Nil
6812,NIL,NIL,marlena kotzknecht,Nil,Nil,,9,109.92,3,3,Nil,FALSE,6812,Nil
11899,Tier 2,Tier 2,Ellis Shepherd,Tier 5,Tier 5,85.64,9,42.67,24,2,Tier 5,FALSE,11899,Tier 5
17389,Tier 1,NIL,Trafford Music Service,Tier 5,Nil,91.64,9,9,26,2,Tier 5,FALSE,17389,Tier 5
20067,Tier 1,NIL,The Salvation Army Derby Central,Tier 5,Nil,94.18,9,9,24,1,Tier 5,FALSE,20067,Tier 5
19372,NIL,NIL,Iris Training &amp; Consulting,Nil,Nil,,8.96,8.96,5,1,Nil,FALSE,19372,Nil
10540,Tier 2,Tier 2,YAB Ribble Valley,Tier 5,Tier 5,89.24,8.93,11.33,50,3,Tier 5,FALSE,10540,Tier 5
16621,Tier 1,NIL,NEWSA,Tier 5,Nil,94.24,8.87,8.87,26,1,Tier 5,FALSE,16621,Tier 5
17530,NIL,NIL,Orange Frog,Nil,Nil,,8.83,8.83,4,1,Nil,FALSE,17530,Nil
13529,Tier 1,NIL,Sales Geek Milton Keynes,Tier 5,Nil,88.69,8.75,14.38,17,3,Tier 5,FALSE,13529,Tier 5
16721,Tier 1,NIL,Green Man Medical,Tier 5,Nil,91.78,8.75,8.75,10,2,Tier 5,FALSE,16721,Tier 5
17873,Tier 1,NIL,Sales Geek Winchester,Tier 5,Nil,91.78,8.75,8.75,14,2,Tier 5,FALSE,17873,Tier 5
19023,Tier 1,NIL,Barney stripe,Tier 5,Nil,94.32,8.75,8.75,14,1,Tier 5,FALSE,19023,Tier 5
2543,Tier 1,Tier 2,EventWell Ltd,Tier 5,Tier 5,78.74,8.75,66.08,22,5,Tier 5,FALSE,2543,Tier 5
15175,Tier 1,NIL,Sheffield Clarinet Ensemble,Tier 5,Nil,94.39,8.71,8.71,15,1,Tier 5,FALSE,15175,Tier 5
12799,NIL,NIL,ADRIAN BECKINGHAM,Nil,Nil,,8.67,10.17,7,3,Nil,FALSE,12799,Nil
15122,Tier 1,NIL,Halton Gardening Group,Tier 5,Nil,94.45,8.67,8.67,26,1,Tier 5,FALSE,15122,Tier 5
15413,Tier 1,NIL,Dufton Agricultural Show,Tier 5,Nil,94.45,8.67,8.67,17,1,Tier 5,FALSE,15413,Tier 5
19834,Tier 1,NIL,Anne Durward-Brown,Tier 5,Nil,94.45,8.67,8.67,16,1,Tier 5,FALSE,19834,Tier 5
19531,Tier 1,NIL,SCE Jamboree,Tier 5,Nil,94.5,8.46,8.46,25,1,Tier 5,FALSE,19531,Tier 5
10840,Tier 1,Tier 1,Rock N Soul Singers,Tier 5,Tier 5,87.85,8.42,18.96,17,3,Tier 5,FALSE,10840,Tier 5
17661,Tier 1,NIL,FOSS events,Tier 5,Nil,94.55,8.38,8.38,28,1,Tier 5,FALSE,17661,Tier 5
14179,Tier 1,Tier 1,Syne Community,Tier 5,Tier 5,91.41,8.33,23.83,20,1,Tier 5,FALSE,14179,Tier 5
11255,Tier 4,Tier 2,T. Knight,Tier 5,Tier 5,83.77,8.25,44.71,515,3,Tier 3,TRUE,11255,Tier 5
11304,Tier 1,NIL,Lancaster Walks,Tier 5,Nil,90.09,8.25,8.25,12,3,Tier 5,FALSE,11304,Tier 5
14071,Tier 1,NIL,Herefordshire Composers' Workshop,Tier 5,Nil,93.97,8.25,11.6,11,1,Tier 5,FALSE,14071,Tier 5
19588,NIL,NIL,Women Winning,Nil,Nil,,8.17,8.17,7,1,Nil,FALSE,19588,Nil
15213,Tier 1,NIL,Parent Support Link,Tier 5,Nil,94.67,8.17,8.17,14,1,Tier 5,FALSE,15213,Tier 5
15312,Tier 1,NIL,Wendy Smith,Tier 5,Nil,94.67,8.17,8.17,21,1,Tier 5,FALSE,15312,Tier 5
13747,Tier 1,NIL,Sales Geek South & West Herts,Tier 5,Nil,91.69,8.12,10.62,13,2,Tier 5,FALSE,13747,Tier 5
18685,Tier 1,NIL,From a Lancashire Lass,Tier 5,Nil,92.21,8.08,8.08,13,2,Tier 5,FALSE,18685,Tier 5
9518,Tier 2,Tier 4,Wellies-On CIC,Tier 5,Free,90.23,8.08,8.08,92,3,Tier 5,FALSE,9518,Tier 5
18544,Tier 1,NIL,Mini Monsters soft play hire,Tier 5,Nil,92.25,8.04,8.04,17,2,Tier 5,FALSE,18544,Tier 5
18046,NIL,NIL,What&#39;s A Foot Reflexology,Nil,Nil,,8,8,4,1,Nil,FALSE,18046,Nil
14186,Tier 1,Tier 1,Mr D M Leadsom,Tier 5,Tier 5,92.95,7.92,16.92,14,1,Tier 5,FALSE,14186,Tier 5
19484,Tier 2,NIL,Caro,Tier 5,Nil,94.85,7.92,7.92,60,1,Tier 5,FALSE,19484,Tier 5
19768,Tier 1,NIL,Calderwood Shuk 2026,Tier 5,Nil,94.85,7.92,7.92,24,1,Tier 5,FALSE,19768,Tier 5
20113,NIL,NIL,Worrall Workshops,Nil,Nil,,7.83,7.83,1,1,Nil,FALSE,20113,Nil
20041,Tier 1,NIL,Sian Sculpts - Mat pilates event,Tier 5,Nil,94.9,7.79,7.79,11,1,Tier 5,FALSE,20041,Tier 5
15733,NIL,NIL,6 Fest,Nil,Nil,,7.75,7.75,2,1,Nil,FALSE,15733,Nil
19794,Tier 1,NIL,Calm Aura Healing,Tier 5,Nil,94.92,7.68,7.68,17,1,Tier 5,FALSE,19794,Tier 5
19097,Tier 2,NIL,Friends of Tedder,Tier 5,Nil,94.95,7.67,7.67,47,1,Tier 5,FALSE,19097,Tier 5
7154,NIL,Tier 2,Mountain Services,Nil,Tier 5,,7.62,152,1,3,Nil,FALSE,7154,Nil
16670,Tier 1,NIL,Arlington Museum,Tier 5,Nil,94.99,7.58,7.58,14,1,Tier 5,FALSE,16670,Tier 5
8112,Tier 1,Tier 1,New Sheringham Singers,Tier 5,Tier 5,87.02,7.58,24.38,14,3,Tier 5,FALSE,8112,Tier 5
18476,NIL,NIL,Pocket &amp; Wonder,Nil,Nil,,7.54,7.54,7,1,Nil,FALSE,18476,Nil
13801,Tier 1,Tier 1,Andrea Clare Art,Tier 5,Free,95.04,7.54,7.54,14,1,Tier 5,FALSE,13801,Tier 5
19341,Tier 1,NIL,The Lancasstrian,Tier 5,Nil,95.04,7.54,7.54,26,1,Tier 5,FALSE,19341,Tier 5
15410,Tier 1,NIL,South Northampton Music Fund,Tier 5,Nil,95.09,7.5,7.5,12,1,Tier 5,FALSE,15410,Tier 5
5128,Tier 2,Tier 2,Barrachou Paddle,Tier 5,Tier 5,76.02,7.5,105,13,5,Tier 5,FALSE,5128,Tier 5
18337,Tier 1,NIL,Tarik Frimpong,Tier 5,Nil,95.14,7.35,7.35,12,1,Tier 5,FALSE,18337,Tier 5
13657,Tier 1,Tier 1,AK Daniel,Tier 5,Tier 5,89.11,7.33,15.33,22,3,Tier 5,FALSE,13657,Tier 5
15268,Tier 1,NIL,H2 Photographic Society,Tier 5,Nil,95.2,7.33,7.33,22,1,Tier 5,FALSE,15268,Tier 5
19722,Tier 1,NIL,Chipstead Residents Association,Tier 5,Nil,95.2,7.33,7.33,22,1,Tier 5,FALSE,19722,Tier 5
20165,Tier 1,NIL,Pelham Structures Ltd,Tier 5,Nil,95.2,7.33,7.33,22,1,Tier 5,FALSE,20165,Tier 5
19898,Tier 2,NIL,1st Barnt Green Scouts,Tier 5,Nil,95.28,7.27,7.27,55,1,Tier 5,FALSE,19898,Tier 5
8082,Tier 3,Tier 3,Association of Business Leaders in Education (ABLE),Tier 5,Tier 5,83.44,7.25,40.21,240,4,Tier 4,TRUE,8082,Tier 5
14681,Tier 1,NIL,paul wilkinson,Tier 5,Nil,92.78,7.23,7.23,12,2,Tier 5,FALSE,14681,Tier 5
17815,NIL,NIL,Connection Health and Fitness,Nil,Nil,,7.17,7.17,4,1,Nil,FALSE,17815,Nil
16325,NIL,NIL,Women Unfiltered,Nil,Nil,,7.13,7.13,8,1,Nil,FALSE,16325,Nil
15678,Tier 1,NIL,SuzyBlyth,Tier 5,Nil,95.36,7.08,7.08,20,1,Tier 5,FALSE,15678,Tier 5
17504,NIL,NIL,Rachel Hucker,Nil,Nil,,7,7,6,1,Nil,FALSE,17504,Nil
17723,NIL,NIL,Kelly &amp; Gabriela,Nil,Nil,,7,7,6,1,Nil,FALSE,17723,Nil
18634,NIL,NIL,BFREPA,Nil,Nil,,7,7,4,2,Nil,FALSE,18634,Nil
12881,Tier 1,Tier 1,Sally Walker,Tier 5,Tier 5,88.75,7,17,21,3,Tier 5,FALSE,12881,Tier 5
16286,Tier 1,NIL,The Family Magic Show,Tier 5,Nil,95.4,7,7,19,1,Tier 5,FALSE,16286,Tier 5
12492,Tier 2,Tier 3,Families Of Auchinairn Coming Together,Tier 5,Tier 5,83.59,6.88,68.38,31,2,Tier 5,FALSE,12492,Tier 5
14830,NIL,Tier 1,Selfcare With LJ,Nil,Tier 5,,6.83,21.63,8,1,Nil,FALSE,14830,Nil
18147,NIL,NIL,Synergy Health Kendal,Nil,Nil,,6.79,6.79,3,1,Nil,FALSE,18147,Nil
19333,Tier 2,NIL,Sidedoor Social,Tier 5,Nil,95.45,6.79,6.79,80,1,Tier 5,FALSE,19333,Tier 5
12309,NIL,Tier 2,That Yorkshire Yoga Girl,Nil,Tier 5,,6.71,39.14,9,2,Nil,FALSE,12309,Nil
4476,Tier 2,NIL,Malpas Cricket Club,Tier 5,Nil,80.12,6.67,69.3,20,4,Tier 5,FALSE,4476,Tier 5
8369,Tier 4,Tier 4,Woodoaks Farm,Tier 5,Tier 5,81.69,6.67,68.33,1220,3,Tier 3,TRUE,8369,Tier 5
13969,Tier 1,NIL,Lancaster Photographic Society,Tier 5,Nil,92.48,6.58,9.58,19,2,Tier 5,FALSE,13969,Tier 5
14094,Tier 1,NIL,SSAFA East Midlands,Tier 5,Nil,92.94,6.58,7.08,14,2,Tier 5,FALSE,14094,Tier 5
13270,NIL,Tier 2,Emma Goodwin-Jones,Nil,Tier 5,,6.5,50.13,8,2,Nil,FALSE,13270,Nil
16580,Tier 1,NIL,Doddington SMBC,Tier 5,Nil,95.59,6.5,6.5,12,1,Tier 5,FALSE,16580,Tier 5
16677,Tier 1,NIL,Rattle and Rhyme,Tier 5,Nil,95.59,6.5,6.5,24,1,Tier 5,FALSE,16677,Tier 5
16981,Tier 1,NIL,personality disorders cic,Tier 5,Nil,95.59,6.5,6.5,12,1,Tier 5,FALSE,16981,Tier 5
18609,Tier 1,NIL,Chameleon On An Iceberg Ltd,Tier 5,Nil,93.05,6.5,6.5,12,2,Tier 5,FALSE,18609,Tier 5
12154,Tier 2,Tier 1,The Sand House Charity,Tier 5,Tier 5,91.69,6.46,14.04,80,2,Tier 5,FALSE,12154,Tier 5
1513,Tier 3,Tier 2,Newark & Sherwood Concert Band,Tier 5,Tier 5,69.31,6.46,251.35,134,6,Tier 4,TRUE,1513,Tier 5
16859,Tier 3,NIL,Drive 4UR Community,Tier 5,Nil,95.7,6.46,6.46,136,1,Tier 4,TRUE,16859,Tier 5
18983,Tier 2,NIL,Leicestershire Adopters and Foster Carers Support,Tier 5,Nil,95.7,6.46,6.46,44,1,Tier 5,FALSE,18983,Tier 5
205,Tier 3,Tier 2,St.Leonards Music School,Tier 5,Tier 5,81.57,6.46,39.38,128,8,Tier 4,TRUE,205,Tier 5
18991,NIL,NIL,Blooma Florals,Nil,Nil,,6.38,6.38,3,1,Nil,FALSE,18991,Nil
17393,Tier 1,NIL,Christmas Drag &amp; Drive,Tier 5,Nil,95.77,6.38,6.38,17,1,Tier 5,FALSE,17393,Tier 5
16107,NIL,NIL,Beverley Foy,Nil,Nil,,6.33,6.33,4,1,Nil,FALSE,16107,Nil
17028,NIL,NIL,Poonam Batra,Nil,Nil,,6.33,6.33,4,1,Nil,FALSE,17028,Nil
16614,Tier 2,NIL,Ad-Options Ltd,Tier 5,Nil,95.79,6.33,6.33,65,1,Tier 5,FALSE,16614,Tier 5
10447,NIL,Tier 3,Natwest,Nil,Tier 4,,6.25,212.25,7,2,Nil,FALSE,10447,Nil
17992,NIL,NIL,Young and Corporate Events,Nil,Nil,,6.25,6.25,3,1,Nil,FALSE,17992,Nil
7425,Tier 3,Tier 2,Connected,Tier 5,Tier 5,70.2,6.25,359.61,10,3,Tier 4,TRUE,7425,Tier 5
15250,Tier 1,NIL,Kidderminster Male Choir CIO,Tier 5,Nil,93.3,6.21,6.21,11,2,Tier 5,FALSE,15250,Tier 5
19338,Tier 1,NIL,Lucy Drewery,Tier 5,Nil,95.87,6.17,6.17,16,1,Tier 5,FALSE,19338,Tier 5
16632,Tier 1,NIL,Kerry Events &amp; Defib Group,Tier 5,Nil,95.89,6.09,6.09,11,1,Tier 5,FALSE,16632,Tier 5
19026,Tier 1,NIL,Powerhouse Ballet,Tier 5,Nil,95.93,6.08,6.08,10,1,Tier 5,FALSE,19026,Tier 5
5224,Tier 3,Tier 3,Revival School,Tier 5,Tier 5,72.12,6.08,215.08,11,4,Tier 4,TRUE,5224,Tier 5
17574,Tier 1,NIL,Around the world in 60 minutes🌏,Tier 5,Nil,95.97,6.07,6.07,27,1,Tier 5,FALSE,17574,Tier 5
14383,Tier 2,Tier 1,Leila Platt Events,Tier 5,Tier 5,90.75,6,19.13,72,2,Tier 5,FALSE,14383,Tier 5
6687,Tier 1,Tier 2,Porthtowan Village  hall,Tier 5,Tier 5,82.62,6,50.13,18,4,Tier 5,FALSE,6687,Tier 5
8259,Tier 3,Tier 4,Winlaton Community FC Juniors,Tier 5,Tier 5,74.57,6,184.88,49,3,Tier 4,TRUE,8259,Tier 5
10459,Tier 2,NIL,Cumbrian Children's Holiday,Tier 5,Nil,85.88,5.96,51,11,2,Tier 5,FALSE,10459,Tier 5
14779,Tier 1,NIL,Saltburn House,Tier 5,Nil,96.07,5.96,5.96,11,1,Tier 5,FALSE,14779,Tier 5
2647,Tier 1,NIL,St Nicolas  Old Shoreham,Tier 5,Nil,79.92,5.96,66.36,11,5,Tier 5,FALSE,2647,Tier 5
8565,Tier 2,Tier 2,Newtown Male Voice Choir,Tier 5,Tier 5,79.67,5.96,95.47,11,3,Tier 5,FALSE,8565,Tier 5
16468,NIL,NIL,Nigel Clarke,Nil,Nil,,5.88,5.88,3,1,Nil,FALSE,16468,Nil
15266,Tier 3,NIL,Simone Olagoke,Tier 5,Nil,96.13,5.88,5.88,234,1,Tier 4,TRUE,15266,Tier 5
9287,Tier 1,Tier 3,1st Yate Scouts,Tier 5,Tier 5,84.45,5.83,47,35,3,Tier 5,FALSE,9287,Tier 5
8309,Tier 2,Tier 2,Stainton Village Hall,Tier 5,Tier 5,79.31,5.79,84.5,17,4,Tier 5,FALSE,8309,Tier 5
19855,Tier 1,NIL,Newport &amp; District History Society,Tier 5,Nil,96.19,5.7,5.7,13,1,Tier 5,FALSE,19855,Tier 5
13492,NIL,Tier 1,Sales Geek C&N Hertfordshire,Nil,Tier 5,,5.62,11.88,9,3,Nil,FALSE,13492,Nil
14842,NIL,NIL,CHIME Consultancy,Nil,Nil,,5.62,5.62,9,1,Nil,FALSE,14842,Nil
12335,Tier 2,Tier 1,Kendal Rotary Club,Tier 5,Tier 5,88.94,5.62,19.13,71,3,Tier 5,FALSE,12335,Tier 5
18618,Tier 2,NIL,Northampton Bengali Hindu Association,Tier 5,Nil,93.69,5.54,5.54,55,2,Tier 5,FALSE,18618,Tier 5
19900,Tier 1,NIL,Inner Ambition,Tier 5,Nil,96.26,5.51,5.51,14,1,Tier 5,FALSE,19900,Tier 5
19995,NIL,NIL,The Queenager Club,Nil,Nil,,5.42,5.42,5,1,Nil,FALSE,19995,Nil
10494,Tier 1,Tier 1,The Heath Band,Tier 5,Tier 5,89.12,5.42,18.96,13,3,Tier 5,FALSE,10494,Tier 5
15488,Tier 1,NIL,The Friends of Capel Church  Kent,Tier 5,Nil,96.31,5.42,5.42,10,1,Tier 5,FALSE,15488,Tier 5
18079,Tier 1,NIL,Rice,Tier 5,Nil,96.31,5.42,5.42,10,1,Tier 5,FALSE,18079,Tier 5
17700,NIL,NIL,St Thomas of Canterbury Cathedral Centre Ltd,Nil,Nil,,5.41,5.41,7,1,Nil,FALSE,17700,Nil
13818,NIL,Tier 3,Windsor Boys School Sport Department,Nil,Tier 5,,5.37,130.96,3,1,Nil,FALSE,13818,Nil
16493,Tier 1,NIL,Grace Black Vocalist,Tier 5,Nil,96.37,5.33,5.33,16,1,Tier 5,FALSE,16493,Tier 5
17963,NIL,NIL,Wandering to Wonder Coaching,Nil,Nil,,5.17,5.17,5,1,Nil,FALSE,17963,Nil
149,Tier 3,Tier 3,Carer Support South Lakes,Tier 5,Tier 5,59.52,5.17,1215.71,13,9,Tier 4,TRUE,149,Tier 5
19837,NIL,NIL,Tallie Maughan,Nil,Nil,,5.13,5.13,9,1,Nil,FALSE,19837,Nil
6906,NIL,Tier 3,North East VA Conference,Nil,Tier 4,,5.13,256,1,4,Nil,FALSE,6906,Nil
19096,Tier 1,NIL,Wildflowers Outdoor Stay and Play,Tier 5,Nil,96.43,5.13,5.13,20,1,Tier 5,FALSE,19096,Tier 5
19599,NIL,NIL,Stephen Leslie Productions,Nil,Nil,,5,5,8,1,Nil,FALSE,19599,Nil
20103,NIL,NIL,Natalie Going,Nil,Nil,,5,5,8,1,Nil,FALSE,20103,Nil
2023,NIL,Tier 3,Surrey Scouts,Nil,Tier 5,,5,303.67,3,5,Nil,FALSE,2023,Nil
13138,Tier 2,Tier 2,Lets Market Ltd,Tier 5,Tier 5,85.19,5,59.63,118,2,Tier 5,FALSE,13138,Tier 5
14487,Tier 1,Tier 1,Grace Thomas,Tier 5,Tier 5,95.07,5,13,15,1,Tier 5,FALSE,14487,Tier 5
19611,Tier 1,NIL,HEMAT,Tier 5,Nil,96.47,5,5,15,1,Tier 5,FALSE,19611,Tier 5
20232,NIL,NIL,Fairytale Faces &amp; Events,Nil,Nil,,4.98,4.98,8,1,Nil,FALSE,20232,Nil
17771,Tier 2,NIL,HH ICU Wellness Group,Tier 5,Nil,96.52,4.96,4.96,50,1,Tier 5,FALSE,17771,Tier 5
18977,Tier 2,NIL,Carlisle One World Centre,Tier 5,Nil,96.55,4.9,4.9,73,1,Tier 5,FALSE,18977,Tier 5
12407,NIL,NIL,Vital Serenity,Nil,Nil,,4.87,5.83,9,2,Nil,FALSE,12407,Nil
15296,NIL,NIL,North Notts Chamber Choir,Nil,Nil,,4.87,4.87,9,1,Nil,FALSE,15296,Nil
18356,NIL,NIL,make it flourish,Nil,Nil,,4.83,4.83,2,1,Nil,FALSE,18356,Nil
18069,Tier 1,NIL,Amanda Ross Coaching  Consultancy &amp; Conducting,Tier 5,Nil,96.58,4.83,4.83,36,1,Tier 5,FALSE,18069,Tier 5
17251,NIL,NIL,Skyblupinkcreative,Nil,Nil,,4.79,4.79,5,1,Nil,FALSE,17251,Nil
19780,Tier 1,NIL,Clare Pritchard Somatic Stress &amp; Breathwork,Tier 5,Nil,96.6,4.79,4.79,16,1,Tier 5,FALSE,19780,Tier 5
4032,Tier 2,Tier 2,myceliumthinking,Tier 5,Tier 5,78.16,4.75,89.79,40,5,Tier 5,FALSE,4032,Tier 5
20237,NIL,NIL,Steppasix,Nil,Nil,,4.7,4.7,6,1,Nil,FALSE,20237,Nil
17351,NIL,NIL,Dr Morgan Maths Tutor,Nil,Nil,,4.67,4.67,4,1,Nil,FALSE,17351,Nil
19222,NIL,NIL,Make with Lee,Nil,Nil,,4.67,4.67,4,1,Nil,FALSE,19222,Nil
19436,NIL,NIL,BJA Midland Area Judo,Nil,Nil,,4.67,4.67,8,1,Nil,FALSE,19436,Nil
15112,Tier 1,NIL,Sound HER Out,Tier 5,Nil,96.65,4.67,4.67,14,1,Tier 5,FALSE,15112,Tier 5
19264,Tier 1,NIL,Katie Taylor,Tier 5,Nil,96.68,4.58,4.58,14,1,Tier 5,FALSE,19264,Tier 5
14617,Tier 1,NIL,N Moulden,Tier 5,Nil,96.29,4.53,7.3,10,1,Tier 5,FALSE,14617,Tier 5
20052,NIL,NIL,Michelle Clegg,Nil,Nil,,4.5,4.5,3,1,Nil,FALSE,20052,Nil
12028,Tier 1,Tier 1,Mango Meadow ,Tier 5,Tier 5,91.62,4.5,17.29,12,2,Tier 5,FALSE,12028,Tier 5
15314,NIL,NIL,Gwastad Bach,Nil,Nil,,4.38,4.38,7,1,Nil,FALSE,15314,Nil
16812,Tier 1,NIL,JRC Jewish Events,Tier 5,Nil,96.75,4.38,4.38,30,1,Tier 5,FALSE,16812,Tier 5
8168,Tier 3,Tier 3,Ways Around The Bay,Tier 5,Tier 5,85.36,4.38,34.17,192,4,Tier 4,TRUE,8168,Tier 5
19491,NIL,NIL,FantasySocial,Nil,Nil,,4.33,4.33,8,1,Nil,FALSE,19491,Nil
20085,NIL,NIL,Eildon Singers,Nil,Nil,,4.33,4.33,8,1,Nil,FALSE,20085,Nil
5664,NIL,NIL,Millfield School,Nil,Nil,,4.33,4.33,8,1,Nil,FALSE,5664,Nil
12732,Tier 1,Tier 1,Press Gangers,Tier 5,Tier 5,91.15,4.33,10.83,10,3,Tier 5,FALSE,12732,Tier 5
13316,Tier 1,Tier 1,FLARE,Tier 5,Free,94.28,4.33,4.33,13,2,Tier 5,FALSE,13316,Tier 5
17111,Tier 1,NIL,Sarah Hartley,Tier 5,Nil,96.82,4.33,4.33,13,1,Tier 5,FALSE,17111,Tier 5
17694,Tier 1,NIL,The Limes,Tier 5,Nil,96.82,4.33,4.33,13,1,Tier 5,FALSE,17694,Tier 5
16084,NIL,NIL,Katana Squadron,Nil,Nil,,4.29,4.29,7,1,Nil,FALSE,16084,Nil
9844,Tier 3,Tier 3,Coach Core Foundation,Tier 5,Free,91,4.29,4.29,244,4,Tier 4,TRUE,9844,Tier 5
13135,Tier 2,Tier 1,Shire Brook Valley,Tier 5,Tier 5,93.48,4.17,9.58,114,2,Tier 5,FALSE,13135,Tier 5
14140,NIL,NIL,Helen Bailey,Nil,Nil,,4.12,19.73,3,1,Nil,FALSE,14140,Nil
16550,NIL,NIL,Nick Bagnall,Nil,Nil,,4.12,4.12,3,1,Nil,FALSE,16550,Nil
8276,NIL,Tier 1,Roughley Speaking,Nil,Tier 5,,4.12,8.04,9,1,Nil,FALSE,8276,Nil
6256,Tier 2,Tier 2,St Stephen-by-Saltash Parish Church,Tier 5,Tier 5,77.82,4.12,132.63,15,3,Tier 5,FALSE,6256,Tier 5
12416,NIL,Tier 1,Knaresborough Town AFC,Nil,Tier 5,,4.08,18.79,3,2,Nil,FALSE,12416,Nil
17884,NIL,NIL,Prick Up Your Ears CIC,Nil,Nil,,4.08,4.08,1,1,Nil,FALSE,17884,Nil
10316,NIL,Tier 2,The History Bureau,Nil,Tier 5,,4.04,35.07,9,2,Nil,FALSE,10316,Nil
19279,NIL,NIL,Cathy Ballard,Nil,Nil,,4.04,4.04,4,1,Nil,FALSE,19279,Nil
11042,Tier 4,Tier 3,Northern Information Goveranance Forum,Tier 5,Tier 5,91.34,4.04,10.31,482,3,Tier 3,TRUE,11042,Tier 5
14156,NIL,Tier 2,St Barnabas Ealing PCC,Nil,Tier 5,,4,34.29,6,2,Nil,FALSE,14156,Nil
5507,NIL,NIL,St Thomas' PTA,Nil,Nil,,4,143.63,0,4,Nil,FALSE,5507,Nil
15350,Tier 1,NIL,Danielle Lowri,Tier 5,Nil,96.97,4,4,12,1,Tier 5,FALSE,15350,Tier 5
18745,Tier 2,NIL,Insightful Life,Tier 5,Nil,97,3.97,3.97,41,1,Tier 5,FALSE,18745,Tier 5
3546,Tier 4,Tier 4,Road Farm Countryways CIC,Tier 5,Tier 5,75.4,3.96,123.87,582,6,Tier 3,TRUE,3546,Tier 5
9406,Tier 3,Tier 3,The Rock,Tier 5,Tier 5,88.16,3.96,25.87,141,3,Tier 4,TRUE,9406,Tier 5
15158,NIL,NIL,Voice Work,Nil,Nil,,3.88,3.88,1,1,Nil,FALSE,15158,Nil
16612,NIL,NIL,Bolton Deaf Society,Nil,Nil,,3.83,3.83,4,1,Nil,FALSE,16612,Nil
19314,NIL,NIL,The Foundation Studio,Nil,Nil,,3.83,3.83,4,1,Nil,FALSE,19314,Nil
17521,NIL,NIL,PNC HR LTD,Nil,Nil,,3.79,3.79,7,1,Nil,FALSE,17521,Nil
14067,NIL,Tier 2,SHSK 2025 Year 11 Prom,Nil,Tier 5,,3.75,60,6,1,Nil,FALSE,14067,Nil
19175,NIL,NIL,Naomi Louise Rae,Nil,Nil,,3.75,3.75,5,1,Nil,FALSE,19175,Nil
7473,NIL,Tier 1,Dinner at the Roundhouse,Nil,Tier 5,,3.75,21.88,6,3,Nil,FALSE,7473,Nil
12403,Tier 1,Tier 2,Integrating Health,Tier 5,Tier 5,91.86,3.75,8.12,28,3,Tier 5,FALSE,12403,Tier 5
20018,Tier 1,NIL,Chloe Madden,Tier 5,Nil,97.08,3.75,3.75,18,1,Tier 5,FALSE,20018,Tier 5
10342,Tier 2,Tier 1,Deep Cabaret,Tier 5,Tier 5,87,3.71,47.67,11,2,Tier 5,FALSE,10342,Tier 5
16643,Tier 1,NIL,Gor,Tier 5,Nil,97.15,3.67,3.67,11,1,Tier 5,FALSE,16643,Tier 5
6000,Tier 1,Tier 1,EFCW,Tier 5,Tier 5,86.67,3.67,27.29,13,4,Tier 5,FALSE,6000,Tier 5
14248,NIL,Tier 3,The Puzzle Guzzle,Nil,Tier 5,,3.62,115.61,4,1,Nil,FALSE,14248,Nil
18692,NIL,NIL,Ethereal Essence,Nil,Nil,,3.54,3.54,5,1,Nil,FALSE,18692,Nil
17730,NIL,NIL,Purpose Bakery,Nil,Nil,,3.5,3.5,3,1,Nil,FALSE,17730,Nil
18487,NIL,NIL,The Mrs Sunderland Music Festival,Nil,Nil,,3.5,3.5,3,1,Nil,FALSE,18487,Nil
17030,Tier 1,NIL,ANTONIA KLEOPA,Tier 5,Nil,97.18,3.5,3.5,11,1,Tier 5,FALSE,17030,Tier 5
10053,Tier 2,Tier 3,Morpeth School,Tier 5,Free,92.69,3.46,3.46,91,3,Tier 5,FALSE,10053,Tier 5
13457,NIL,NIL,Sarah Moody,Nil,Nil,,3.44,4.94,5,2,Nil,FALSE,13457,Nil
11445,NIL,NIL,Arty Pants,Nil,Nil,,3.42,20.83,2,2,Nil,FALSE,11445,Nil
4,Tier 3,Tier 3,Trybooking Marketing and Sales,Tier 5,Tier 5,81.81,3.42,41.74,166,13,Tier 4,TRUE,4,Tier 5
19041,Tier 2,NIL,Stiwdio 37,Tier 5,Nil,97.27,3.38,3.38,58,1,Tier 5,FALSE,19041,Tier 5
2959,Tier 4,Tier 3,Return to Work  Animal Sponsorship  Items for Sale,Tier 5,Free,90.39,3.38,3.38,514,5,Tier 3,TRUE,2959,Tier 5
19242,Tier 2,NIL,1st Overslade Guides &amp; Rangers,Tier 5,Nil,97.31,3.33,3.33,61,1,Tier 5,FALSE,19242,Tier 5
8115,NIL,Tier 1,Nicky Hossack,Nil,Tier 5,,3.29,20.83,2,2,Nil,FALSE,8115,Nil
16434,Tier 1,NIL,Lancaster Park WI,Tier 5,Nil,97.34,3.29,3.29,11,1,Tier 5,FALSE,16434,Tier 5
18066,NIL,NIL,Borders Additional Needs Group SCIO,Nil,Nil,,3.25,3.25,6,1,Nil,FALSE,18066,Nil
19445,NIL,NIL,Blood on the Clocktower Chelmsford,Nil,Nil,,3.25,3.25,6,1,Nil,FALSE,19445,Nil
19992,NIL,NIL,Miss Jacqueline Robinson,Nil,Nil,,3.25,3.25,6,1,Nil,FALSE,19992,Nil
20063,NIL,NIL,Arianne Rebekah Yoga,Nil,Nil,,3.25,3.25,6,1,Nil,FALSE,20063,Nil
4127,NIL,NIL,Members who lunch (test),Nil,Nil,,3.25,5.21,6,2,Nil,FALSE,4127,Nil
8221,NIL,NIL,Mistress Victoria dolly,Nil,Nil,,3.25,167.08,6,3,Nil,FALSE,8221,Nil
8938,NIL,NIL,The Vault,Nil,Nil,,3.25,11.17,6,2,Nil,FALSE,8938,Nil
18347,Tier 2,NIL,West End Project,Tier 5,Nil,94.83,3.25,3.25,43,2,Tier 5,FALSE,18347,Tier 5
13520,NIL,Tier 2,Mostly Music Events,Nil,Tier 5,,3.21,26.25,7,1,Nil,FALSE,13520,Nil
15931,NIL,NIL,Lodela Hidalgo,Nil,Nil,,3.17,3.17,2,1,Nil,FALSE,15931,Nil
10381,NIL,NIL,MindSpark CIC,Nil,Nil,,3.12,45.46,5,3,Nil,FALSE,10381,Nil
14221,NIL,Tier 2,Harrogate Neighbours,Nil,Tier 5,,3.12,23.63,3,1,Nil,FALSE,14221,Nil
14266,NIL,Tier 3,The Cardinal Wiseman PTA,Nil,Tier 5,,3.12,109,0,2,Nil,FALSE,14266,Nil
15416,NIL,NIL,Sales Geek East Lancashire,Nil,Nil,,3.12,3.12,5,1,Nil,FALSE,15416,Nil
16636,NIL,NIL,Coachieve coaching services   Rosemary Haynes,Nil,Nil,,3.12,3.12,3,2,Nil,FALSE,16636,Nil
10038,Tier 2,Tier 2,Bratton History Association,Tier 5,Tier 5,84.88,3.12,50.83,13,3,Tier 5,FALSE,10038,Tier 5
13534,Tier 1,Tier 2,Sales Geek Glasgow East,Tier 5,Tier 5,96.76,3.12,7.5,18,1,Tier 5,FALSE,13534,Tier 5
15682,Tier 2,NIL,Friends of St Anne&#39;s church,Tier 5,Nil,97.44,3.12,3.12,85,1,Tier 5,FALSE,15682,Tier 5
18577,Tier 1,NIL,Wellbeing Way,Tier 5,Nil,94.89,3.12,3.12,26,2,Tier 5,FALSE,18577,Tier 5
5833,Tier 3,Tier 4,Matterley Estate,Tier 5,Tier 5,91.44,3.12,3.83,377,4,Tier 4,TRUE,5833,Tier 5
19681,NIL,NIL,SGS Peeblesshire,Nil,Nil,,3.08,3.08,7,1,Nil,FALSE,19681,Nil
15276,Tier 2,NIL,4 Queens,Tier 5,Nil,97.5,3.08,3.08,55,1,Tier 5,FALSE,15276,Tier 5
14431,NIL,NIL,Kincaidston community  centre,Nil,Nil,,3,6.75,4,1,Nil,FALSE,14431,Nil
16968,NIL,NIL,Adelle Selkie Art,Nil,Nil,,3,3,4,1,Nil,FALSE,16968,Nil
14005,NIL,Tier 1,The Confident You by Drama Jo,Nil,Tier 5,,2.9,17.61,3,1,Nil,FALSE,14005,Nil
11578,Tier 2,Tier 3,YAB NW Yorkshire,Tier 5,Tier 5,92.69,2.88,5.27,61,3,Tier 5,FALSE,11578,Tier 5
13119,Tier 1,NIL,Sophie Paluch,Tier 5,Nil,95,2.88,2.88,15,2,Tier 5,FALSE,13119,Tier 5
1559,NIL,Tier 2,Kentdale Scouts Watersports,Nil,Tier 5,,2.83,194.77,5,7,Nil,FALSE,1559,Nil
19276,NIL,NIL,Becoming TreeWise,Nil,Nil,,2.83,2.83,6,1,Nil,FALSE,19276,Nil
19213,Tier 1,NIL,Selena Mara Music,Tier 5,Nil,97.58,2.79,2.79,24,1,Tier 5,FALSE,19213,Tier 5
15452,NIL,NIL,Abertillery Orpheus Male Choir,Nil,Nil,,2.75,2.75,6,1,Nil,FALSE,15452,Nil
19612,NIL,NIL,X-Press Legal Services (Bolton & Lancashire),Nil,Nil,,2.75,2.75,2,1,Nil,FALSE,19612,Nil
16648,Tier 1,NIL,YAB Greater Manchester,Tier 5,Nil,95.06,2.75,2.75,37,2,Tier 5,FALSE,16648,Tier 5
15288,NIL,NIL,Debbie Rimmer,Nil,Nil,,2.71,2.71,5,1,Nil,FALSE,15288,Nil
19195,NIL,NIL,Herne Bay Away,Nil,Nil,,2.71,2.71,5,1,Nil,FALSE,19195,Nil
19833,NIL,NIL,OttoVoce,Nil,Nil,,2.71,2.71,5,1,Nil,FALSE,19833,Nil
19760,Tier 1,NIL,Ivy,Tier 5,Nil,97.63,2.71,2.71,13,1,Tier 5,FALSE,19760,Tier 5
13366,NIL,Tier 1,Alexandra Saffer,Nil,Tier 5,,2.67,10,8,2,Nil,FALSE,13366,Nil
19389,NIL,NIL,C-section Coffee Club,Nil,Nil,,2.67,2.67,9,1,Nil,FALSE,19389,Nil
16869,NIL,NIL,SSAFA West Midlands North,Nil,Nil,,2.63,2.63,1,2,Nil,FALSE,16869,Nil
17121,NIL,NIL,LMC Training Solutions,Nil,Nil,,2.63,2.63,1,1,Nil,FALSE,17121,Nil
20077,NIL,NIL,The Physio Doula,Nil,Nil,,2.63,2.63,7,1,Nil,FALSE,20077,Nil
9563,Tier 1,Tier 2,RSC Central Yorkshire local section,Tier 5,Tier 5,91.99,2.63,19,14,2,Tier 5,FALSE,9563,Tier 5
14532,NIL,Tier 1,Honey Hill Tearooms,Nil,Tier 5,,2.5,13.12,0,1,Nil,FALSE,14532,Nil
16046,NIL,NIL,Igor Entertainer,Nil,Nil,,2.5,2.5,4,1,Nil,FALSE,16046,Nil
19534,NIL,NIL,Hollingbury Table Tennis Club,Nil,Nil,,2.5,2.5,4,1,Nil,FALSE,19534,Nil
19675,NIL,NIL,Kat&#39;s Print Shop,Nil,Nil,,2.5,2.5,6,1,Nil,FALSE,19675,Nil
5645,NIL,NIL,Squash Event Organising Corporation,Nil,Nil,,2.5,2.5,6,1,Nil,FALSE,5645,Nil
5823,NIL,Tier 3,Rossall School,Nil,Tier 4,,2.5,266.25,4,4,Nil,FALSE,5823,Nil
13955,Tier 3,Tier 3,Garjana UK,Tier 5,Free,95.14,2.5,2.5,298,2,Tier 4,TRUE,13955,Tier 5
13684,NIL,NIL,Bay Search and Rescue,Nil,Nil,,2.46,2.46,0,2,Nil,FALSE,13684,Nil
16784,NIL,NIL,Nylah Gigi&#39;s Memorial Tournament,Nil,Nil,,2.42,2.42,6,1,Nil,FALSE,16784,Nil
18975,NIL,NIL,Reflections Tarot with Nicola,Nil,Nil,,2.42,2.42,1,1,Nil,FALSE,18975,Nil
17187,NIL,NIL,Social Prosper,Nil,Nil,,2.33,2.33,7,1,Nil,FALSE,17187,Nil
18262,NIL,NIL,Awesome Chat,Nil,Nil,,2.33,2.33,7,1,Nil,FALSE,18262,Nil
18341,NIL,NIL,TEKK-MOUTH,Nil,Nil,,2.33,2.33,4,2,Nil,FALSE,18341,Nil
19387,NIL,NIL,CERI MASON,Nil,Nil,,2.33,2.33,7,1,Nil,FALSE,19387,Nil
19702,NIL,NIL,Bournemouth Positive Living Group,Nil,Nil,,2.33,2.33,7,1,Nil,FALSE,19702,Nil
5687,NIL,Tier 2,North West Community Stars FC,Nil,Tier 5,,2.33,105.13,7,3,Nil,FALSE,5687,Nil
4089,NIL,Tier 1,RHSA Merchandise,Nil,Tier 5,,2.32,34.97,5,4,Nil,FALSE,4089,Nil
15614,NIL,NIL,THE SPOT FOR TOTS,Nil,Nil,,2.29,2.29,8,1,Nil,FALSE,15614,Nil
18828,NIL,NIL,Autism Workshops,Nil,Nil,,2.27,2.27,4,1,Nil,FALSE,18828,Nil
5028,NIL,Tier 2,BIRMINGHAM SPEEDWAY Season Passes 2024,Nil,Tier 5,,2.25,87.25,6,5,Nil,FALSE,5028,Nil
14329,NIL,NIL,J. Mazzone,Nil,Nil,,2.17,2.17,4,1,Nil,FALSE,14329,Nil
19071,NIL,NIL,Heart Healer,Nil,Nil,,2.17,2.17,4,1,Nil,FALSE,19071,Nil
20192,NIL,NIL,Sourdown Farm,Nil,Nil,,2.17,2.17,4,1,Nil,FALSE,20192,Nil
17349,Tier 1,NIL,The Geordieland Experience,Tier 5,Nil,95.16,2.12,2.12,21,2,Tier 5,FALSE,17349,Tier 5
6059,NIL,NIL,JHampshire,Nil,Nil,,2.08,59.08,3,5,Nil,FALSE,6059,Nil
19029,Tier 1,NIL,Sheffield Trans Film Club,Tier 5,Nil,97.73,2.08,2.08,18,1,Tier 5,FALSE,19029,Tier 5
11164,NIL,Tier 1,Lee Dancy,Nil,Tier 5,,2,15.5,6,2,Nil,FALSE,11164,Nil
14679,NIL,Tier 1,MREvents,Nil,Tier 5,,2,19.96,2,1,Nil,FALSE,14679,Nil
20008,NIL,NIL,Top Women,Nil,Nil,,2,2,1,1,Nil,FALSE,20008,Nil
19287,Tier 1,NIL,Fressingfield Sports &amp; Social,Tier 5,Nil,97.76,2,2,11,1,Tier 5,FALSE,19287,Tier 5
10566,NIL,Tier 3,Bolton Priory Concert Series,Nil,Tier 4,,1.92,221.08,2,2,Nil,FALSE,10566,Nil
12298,NIL,NIL,Nicole Bartos,Nil,Nil,,1.92,1.92,2,1,Nil,FALSE,12298,Nil
16180,NIL,NIL,Playwriter,Nil,Nil,,1.88,1.88,5,1,Nil,FALSE,16180,Nil
16454,NIL,NIL,Sales Geek Glasgow West,Nil,Nil,,1.88,1.88,3,1,Nil,FALSE,16454,Nil
17715,NIL,NIL,Vocals With Eve,Nil,Nil,,1.88,1.88,3,1,Nil,FALSE,17715,Nil
19501,NIL,NIL,Mini Memories,Nil,Nil,,1.88,1.88,3,1,Nil,FALSE,19501,Nil
19854,NIL,NIL,Castle Hill High School,Nil,Nil,,1.88,1.88,3,1,Nil,FALSE,19854,Nil
20059,NIL,NIL,York House Hotel,Nil,Nil,,1.88,1.88,3,1,Nil,FALSE,20059,Nil
11449,NIL,Tier 2,La Piece,Nil,Tier 5,,1.79,23.17,6,3,Nil,FALSE,11449,Nil
16495,NIL,NIL,Friends of Kent College Canterbury,Nil,Nil,,1.79,1.79,1,1,Nil,FALSE,16495,Nil
12292,Tier 2,Tier 3,Friends of Hillfields Library,Tier 5,Free,95.25,1.79,1.79,45,2,Tier 5,FALSE,12292,Tier 5
14247,NIL,Tier 2,IBIS Fundraising,Nil,Tier 5,,1.67,21.29,2,1,Nil,FALSE,14247,Nil
19867,NIL,NIL,Amnesty Monmouthshire,Nil,Nil,,1.67,1.67,5,1,Nil,FALSE,19867,Nil
10741,NIL,NIL,Strata Brass,Nil,Nil,,1.63,7.58,3,2,Nil,FALSE,10741,Nil
13388,NIL,Tier 1,Toni Taylor-Munn: Meeting Minds,Nil,Tier 5,,1.63,20.04,2,2,Nil,FALSE,13388,Nil
16858,NIL,NIL,Adisa Extrawdinaire,Nil,Nil,,1.63,1.63,3,1,Nil,FALSE,16858,Nil
15653,Tier 2,NIL,Carnatic Vocal Academy,Tier 5,Nil,97.83,1.63,1.63,86,1,Tier 5,FALSE,15653,Tier 5
19637,NIL,NIL,Chinese Original Scents Workshop,Nil,Nil,,1.55,1.55,8,1,Nil,FALSE,19637,Nil
16313,NIL,NIL,Whirlwind Sports Community Interest Company,Nil,Nil,,1.5,1.5,2,1,Nil,FALSE,16313,Nil
19635,NIL,NIL,Ben Williams,Nil,Nil,,1.5,1.5,2,1,Nil,FALSE,19635,Nil
19964,NIL,NIL,JK Performance,Nil,Nil,,1.5,1.5,2,1,Nil,FALSE,19964,Nil
19987,NIL,NIL,Grace Devine,Nil,Nil,,1.5,1.5,2,1,Nil,FALSE,19987,Nil
20160,NIL,NIL,CazHProductions,Nil,Nil,,1.5,1.5,2,1,Nil,FALSE,20160,Nil
7468,NIL,NIL,Guilden Morden PTA,Nil,Nil,,1.5,46,0,3,Nil,FALSE,7468,Nil
19548,Tier 1,NIL,Friends of the Storey Gardens,Tier 5,Nil,97.88,1.5,1.5,22,1,Tier 5,FALSE,19548,Tier 5
5197,Tier 3,Tier 3,Barnhill Community High School Music Department,Tier 5,Tier 5,89.48,1.5,11.08,209,5,Tier 4,TRUE,5197,Tier 5
5563,Tier 1,Tier 1,John Baker,Tier 5,Free,91,1.5,1.5,37,5,Tier 5,FALSE,5563,Tier 5
13855,Tier 1,Tier 1,East NSPCC,Tier 5,Free,97.93,1.46,1.46,32,1,Tier 5,FALSE,13855,Tier 5
10896,NIL,Tier 1,Liss Athletic FC,Nil,Tier 5,,1.42,22.88,3,2,Nil,FALSE,10896,Nil
19638,NIL,NIL,Stroud Symphony Orchestra,Nil,Nil,,1.42,1.42,2,1,Nil,FALSE,19638,Nil
19835,NIL,NIL,Buxton Garden Trail Community Group,Nil,Nil,,1.42,1.42,6,1,Nil,FALSE,19835,Nil
18163,NIL,NIL,SEANWILLISPRINTS,Nil,Nil,,1.37,1.37,1,1,Nil,FALSE,18163,Nil
19647,NIL,NIL,Laura Chatterton,Nil,Nil,,1.37,1.37,1,1,Nil,FALSE,19647,Nil
843,NIL,NIL,TryBooking School Listing Demo,Nil,Nil,,1.37,2.23,8,6,Nil,FALSE,843,Nil
14343,Tier 2,Tier 2,YAB Calderdale,Tier 5,Free,95.42,1.37,1.37,60,2,Tier 5,FALSE,14343,Tier 5
8828,Tier 2,Tier 2,YAB Lancaster,Tier 5,Tier 5,91.76,1.37,4.12,39,4,Tier 5,FALSE,8828,Tier 5
14640,NIL,NIL,Cumbria Clothing Collective,Nil,Nil,,1.33,4.33,3,1,Nil,FALSE,14640,Nil
17371,NIL,NIL,Appleton Players,Nil,Nil,,1.33,1.33,4,1,Nil,FALSE,17371,Nil
19362,NIL,NIL,1 Compass,Nil,Nil,,1.33,1.33,1,1,Nil,FALSE,19362,Nil
20194,NIL,NIL,HSE Advice UK,Nil,Nil,,1.33,1.33,4,1,Nil,FALSE,20194,Nil
20049,NIL,NIL,Rhapsody Chorus,Nil,Nil,,1.32,1.32,3,1,Nil,FALSE,20049,Nil
17159,NIL,NIL,ADLER FC,Nil,Nil,,1.29,1.29,1,1,Nil,FALSE,17159,Nil
15563,NIL,NIL,Windermere School Development,Nil,Nil,,1.25,1.25,1,1,Nil,FALSE,15563,Nil
17022,NIL,NIL,Oswestry Rheumatology Association,Nil,Nil,,1.25,1.25,2,1,Nil,FALSE,17022,Nil
3782,NIL,Tier 3,International Arts Centre Ltd,Nil,Tier 5,,1.25,280,0,5,Nil,FALSE,3782,Nil
16564,Tier 2,NIL,Friends of St Annes,Tier 5,Nil,95.47,1.25,1.25,60,2,Tier 5,FALSE,16564,Tier 5
19744,Tier 2,NIL,Barnes FC,Tier 5,Nil,98.02,1.25,1.25,54,1,Tier 5,FALSE,19744,Tier 5
15291,NIL,NIL,The Hive Crafts,Nil,Nil,,1.21,1.21,2,1,Nil,FALSE,15291,Nil
12919,Tier 1,Tier 1,Hive Huddersfield CIC,Tier 5,Tier 5,94.27,1.21,9.58,12,2,Tier 5,FALSE,12919,Tier 5
15640,NIL,NIL,Simply Be,Nil,Nil,,1.17,1.17,1,1,Nil,FALSE,15640,Nil
288,NIL,Tier 3,Equine Behaviour Courses,Nil,Tier 5,,1.17,600,1,10,Nil,FALSE,288,Nil
18909,NIL,NIL,Kailzie Gardens,Nil,Nil,,1.15,1.15,5,1,Nil,FALSE,18909,Nil
8778,NIL,Tier 2,Yorkshire Pug Welfare and our furry friends,Nil,Tier 5,,1.15,43.57,9,3,Nil,FALSE,8778,Nil
10697,NIL,Tier 3,Nomadic Pastry,Nil,Tier 4,,1.13,173.71,0,2,Nil,FALSE,10697,Nil
17590,NIL,NIL,Edwinstree Theatre Productions,Nil,Nil,,1.13,1.13,4,1,Nil,FALSE,17590,Nil
19014,NIL,NIL,Hagstone Arts,Nil,Nil,,1.13,1.13,3,1,Nil,FALSE,19014,Nil
20098,NIL,NIL,Beth Lilley-Draper,Nil,Nil,,1.13,1.13,4,1,Nil,FALSE,20098,Nil
14070,Tier 4,Tier 4,Rugby School,Tier 5,Free,95.54,1.13,1.13,801,2,Tier 3,TRUE,14070,Tier 5
5900,Tier 1,Tier 1,Iskcon Lancaster,Tier 5,Tier 5,90.67,1.13,5.33,24,5,Tier 5,FALSE,5900,Tier 5
11668,NIL,Tier 2,East Bridgford Open Gardens,Nil,Tier 5,,1.09,15.38,4,2,Nil,FALSE,11668,Nil
17295,NIL,NIL,The Meadow Barns Centre 4 Climate Hope,Nil,Nil,,1.08,1.08,7,2,Nil,FALSE,17295,Nil
9809,NIL,NIL,Elizabethan Hall (seca),Nil,Nil,,1.08,1.83,2,3,Nil,FALSE,9809,Nil
14798,NIL,NIL,Beacon of Light,Nil,Nil,,1.05,3.15,7,1,Nil,FALSE,14798,Nil
15098,NIL,NIL,SJH Therapies,Nil,Nil,,1,1,1,1,Nil,FALSE,15098,Nil
16796,NIL,NIL,Jumping Generations,Nil,Nil,,1,1,3,1,Nil,FALSE,16796,Nil
5295,NIL,NIL,Wigan Pier Promotions Ltd,Nil,Nil,,1,115.94,0,2,Nil,FALSE,5295,Nil
6527,NIL,Tier 3,New Friends of Ashville,Nil,Tier 5,,1,440.87,6,4,Nil,FALSE,6527,Nil
19642,NIL,NIL,Emerging Fern,Nil,Nil,,0.96,0.96,1,1,Nil,FALSE,19642,Nil
19408,NIL,NIL,Sue Wilson,Nil,Nil,,0.92,0.92,2,1,Nil,FALSE,19408,Nil
20104,NIL,NIL,Bubwith Leisure &amp; Sports Centre,Nil,Nil,,0.92,0.92,2,1,Nil,FALSE,20104,Nil
14354,NIL,Tier 1,Red Rose Radio,Nil,Tier 5,,0.87,7.54,0,1,Nil,FALSE,14354,Nil
20040,NIL,NIL,Connection First,Nil,Nil,,0.83,0.83,2,1,Nil,FALSE,20040,Nil
12539,Tier 1,NIL,Ready Aim Succeed Coaching,Tier 5,Nil,95.61,0.83,0.83,13,2,Tier 5,FALSE,12539,Tier 5
14035,Tier 3,Tier 3,Reform UK,Tier 5,Free,95.61,0.83,0.83,170,2,Tier 4,TRUE,14035,Tier 5
19364,Tier 1,NIL,St Peter&#39;s Church  Sompting,Tier 5,Nil,98.15,0.83,0.83,19,1,Tier 5,FALSE,19364,Tier 5
1996,Tier 3,Tier 3,St Michael and All Angels Church,Tier 5,Tier 5,79.65,0.83,72.74,146,7,Tier 4,TRUE,1996,Tier 5
17031,Tier 1,NIL,Central Association of Agricultural Valuers,Tier 5,Nil,95.68,0.79,0.79,13,2,Tier 5,FALSE,17031,Tier 5
12006,NIL,NIL,Sunshine Festival,Nil,Nil,,0.75,2,6,2,Nil,FALSE,12006,Nil
15237,NIL,NIL,Off the Scale UK,Nil,Nil,,0.75,0.75,1,1,Nil,FALSE,15237,Nil
17208,NIL,NIL,NHNN Therapy and Rehab,Nil,Nil,,0.75,0.75,1,1,Nil,FALSE,17208,Nil
19911,NIL,NIL,Lara,Nil,Nil,,0.75,0.75,1,1,Nil,FALSE,19911,Nil
5406,NIL,NIL,Woodlands Farm Holbrook,Nil,Nil,,0.75,142,3,3,Nil,FALSE,5406,Nil
6184,NIL,Tier 2,Warminster Action Group,Nil,Tier 5,,0.75,112.67,4,4,Nil,FALSE,6184,Nil
19865,NIL,NIL,Paddy&#39;s Events,Nil,Nil,,0.67,0.67,2,1,Nil,FALSE,19865,Nil
19808,NIL,NIL,Sound Therapy By Susan Cain,Nil,Nil,,0.65,0.65,1,1,Nil,FALSE,19808,Nil
12213,NIL,Tier 2,English Martyrs Catholic Primary School,Nil,Tier 5,,0.62,24.29,0,2,Nil,FALSE,12213,Nil
12938,NIL,NIL,Sales Geek Limited,Nil,Nil,,0.62,1.88,1,2,Nil,FALSE,12938,Nil
16109,NIL,NIL,Bolt-On Business Services,Nil,Nil,,0.62,0.62,1,1,Nil,FALSE,16109,Nil
16501,NIL,NIL,2MFEST,Nil,Nil,,0.62,0.62,1,1,Nil,FALSE,16501,Nil
18131,NIL,NIL,Granite City Wanderers Hockey Club,Nil,Nil,,0.62,0.62,1,1,Nil,FALSE,18131,Nil
19318,NIL,NIL,St Michael's PTA,Nil,Nil,,0.62,0.62,1,1,Nil,FALSE,19318,Nil
6053,NIL,NIL,Club 124,Nil,Nil,,0.62,46.54,0,2,Nil,FALSE,6053,Nil
9750,NIL,Tier 2,Stageskool Theatre Arts,Nil,Tier 5,,0.62,148.87,2,3,Nil,FALSE,9750,Nil
14503,Tier 3,NIL,Sales Geek Essex,Tier 5,Nil,95.73,0.62,0.62,155,2,Tier 4,TRUE,14503,Tier 5
15396,Tier 2,NIL,Growing2gether,Tier 5,Nil,98.28,0.62,0.62,39,1,Tier 5,FALSE,15396,Tier 5
9116,Tier 3,Tier 3,King's Worcester Parent Social Group,Tier 5,Tier 4,67.74,0.62,547.33,35,4,Tier 4,TRUE,9116,Tier 5
10161,NIL,NIL,The Friends of St Mary's Church Wreay,Nil,Nil,,0.54,17.29,1,3,Nil,FALSE,10161,Nil
14237,NIL,NIL,laurascreativeworkshop,Nil,Nil,,0.54,0.54,1,1,Nil,FALSE,14237,Nil
15026,NIL,NIL,Finley&#39;s Farm and Friends,Nil,Nil,,0.54,0.54,1,1,Nil,FALSE,15026,Nil
15729,NIL,NIL,Secret Society - The Car Club,Nil,Nil,,0.54,0.54,1,1,Nil,FALSE,15729,Nil
15883,NIL,NIL,Stocksfield Church of England,Nil,Nil,,0.54,0.54,1,1,Nil,FALSE,15883,Nil
16016,NIL,NIL,Cumbrian Rambler Ltd,Nil,Nil,,0.54,0.54,1,1,Nil,FALSE,16016,Nil
16026,NIL,NIL,The Natural Health Hub,Nil,Nil,,0.54,0.54,1,1,Nil,FALSE,16026,Nil
11534,NIL,Tier 3,Heaton PTA,Nil,Tier 5,,0.5,101.5,0,2,Nil,FALSE,11534,Nil
19191,NIL,NIL,Burnham and Highbridge Band,Nil,Nil,,0.5,0.5,1,1,Nil,FALSE,19191,Nil
19561,NIL,NIL,SaudiClub in Edinburgh,Nil,Nil,,0.46,0.46,1,1,Nil,FALSE,19561,Nil
19777,NIL,NIL,Kaia China-Sawyer,Nil,Nil,,0.46,0.46,1,1,Nil,FALSE,19777,Nil
19435,NIL,NIL,Christopher Sullivan,Nil,Nil,,0.44,0.44,1,1,Nil,FALSE,19435,Nil
3461,NIL,Tier 2,Not Cool DIY,Nil,Tier 5,,0.42,107.87,1,4,Nil,FALSE,3461,Nil
3554,NIL,NIL,Musip Adventure Safaris & Tours,Nil,Nil,,0.42,0.42,2,1,Nil,FALSE,3554,Nil
13109,Tier 3,Tier 2,PCAN,Tier 5,Free,93.83,0.42,0.42,134,3,Tier 4,TRUE,13109,Tier 5
19386,Tier 1,NIL,Carlisle One World Centre,Tier 5,Nil,98.35,0.42,0.42,31,1,Tier 5,FALSE,19386,Tier 5
20218,NIL,NIL,Little Beats,Nil,Nil,,0.4,0.4,1,1,Nil,FALSE,20218,Nil
1,NIL,NIL,Trybooking Box Office Terminal Hire,Nil,Nil,,0.37,1.46,0,6,Nil,FALSE,1,Nil
19670,NIL,NIL,Rotary Club of Sherborne Castles,Nil,Nil,,0.37,0.37,1,1,Nil,FALSE,19670,Nil
14216,Tier 4,Tier 4,Newport Girls&#39; High School,Tier 5,Free,95.86,0.37,0.37,1358,2,Tier 3,TRUE,14216,Tier 5
3212,Tier 3,Tier 4,Cumbria Woodlands,Tier 5,Tier 4,71.09,0.37,283.38,197,5,Tier 4,TRUE,3212,Tier 5
13485,NIL,NIL,Travis Pola-Carter,Nil,Nil,,0.33,0.67,0,3,Nil,FALSE,13485,Nil
14152,NIL,Tier 2,Edinburgh Hebrew Congregation,Nil,Tier 5,,0.33,23.67,1,1,Nil,FALSE,14152,Nil
15043,NIL,Tier 1,RPM,Nil,Tier 5,,0.33,23.21,2,1,Nil,FALSE,15043,Nil
16143,NIL,NIL,Radiance Reiki,Nil,Nil,,0.33,0.33,1,1,Nil,FALSE,16143,Nil
17244,NIL,NIL,Friends of Great Bentley Primary School,Nil,Nil,,0.33,0.33,2,1,Nil,FALSE,17244,Nil
18141,NIL,NIL,TKerr,Nil,Nil,,0.33,0.33,1,1,Nil,FALSE,18141,Nil
20145,NIL,NIL,Westport Music Studio,Nil,Nil,,0.33,0.33,2,1,Nil,FALSE,20145,Nil
18365,Tier 2,NIL,Rainbow Families,Tier 5,Nil,98.43,0.33,0.33,93,1,Tier 5,FALSE,18365,Tier 5
19944,NIL,NIL,Active Gymnastics,Nil,Nil,,0.25,0.25,1,1,Nil,FALSE,19944,Nil
4912,NIL,Tier 3,Age UK Lancashire,Nil,Tier 4,,0.25,275.29,0,6,Nil,FALSE,4912,Nil
5919,NIL,Tier 2,SAPA,Nil,Tier 5,,0.25,65.29,0,3,Nil,FALSE,5919,Nil
8897,NIL,NIL,Your Fairy Podmother,Nil,Nil,,0.25,25.83,0,2,Nil,FALSE,8897,Nil
10745,Tier 2,Tier 3,Restore (York),Tier 5,Tier 5,80.18,0.25,145.42,48,2,Tier 5,FALSE,10745,Tier 5
19781,Tier 1,NIL,TALKHUB CIC,Tier 5,Nil,98.48,0.25,0.25,31,1,Tier 5,FALSE,19781,Tier 5
2621,Tier 1,NIL,Jules Postlethwaite TEST,Tier 5,Nil,90.49,0.25,0.62,10,7,Tier 5,FALSE,2621,Tier 5
20196,NIL,NIL,Skegness Show 2026,Nil,Nil,,0.21,0.21,1,1,Nil,FALSE,20196,Nil
16847,Tier 1,NIL,June Tobin,Tier 5,Nil,98.52,0.21,0.21,12,1,Tier 5,FALSE,16847,Tier 5
17056,NIL,NIL,AlexAlex,Nil,Nil,,0.17,0.17,1,1,Nil,FALSE,17056,Nil
17170,NIL,NIL,TABUK,Nil,Nil,,0.17,0.17,1,1,Nil,FALSE,17170,Nil
18326,NIL,NIL,Padd2Kings,Nil,Nil,,0.17,0.17,4,1,Nil,FALSE,18326,Nil
19953,NIL,NIL,WCB,Nil,Nil,,0.17,0.17,1,1,Nil,FALSE,19953,Nil
7849,NIL,NIL,alexander.turkovic,Nil,Nil,,0.17,0.17,3,3,Nil,FALSE,7849,Nil
492,Tier 1,Tier 1,Millsy9,Tier 5,Tier 5,91.43,0.17,1.75,16,5,Tier 5,FALSE,492,Tier 5
12901,NIL,Tier 1,Lamphey Community Association,Nil,Tier 5,,0.13,4.5,0,2,Nil,FALSE,12901,Nil
1438,NIL,NIL,Surrey Activities,Nil,Nil,,0.13,19.96,0,3,Nil,FALSE,1438,Nil
17358,NIL,NIL,Business Confidence Club,Nil,Nil,,0.13,0.13,2,1,Nil,FALSE,17358,Nil
17938,NIL,NIL,Norfolk Box Office,Nil,Nil,,0.13,0.13,1,1,Nil,FALSE,17938,Nil
18310,NIL,NIL,ITU,Nil,Nil,,0.13,0.13,1,1,Nil,FALSE,18310,Nil
4779,NIL,NIL,For Mobile App Testing,Nil,Nil,,0.13,0.75,3,4,Nil,FALSE,4779,Nil
9599,NIL,Tier 4,Edmonton Islamic Centre,Nil,Tier 3,,0.13,741.17,0,3,Nil,FALSE,9599,Nil
15462,Tier 2,NIL,YAB North Manchester,Tier 5,Nil,98.61,0.13,0.13,46,1,Tier 5,FALSE,15462,Tier 5
18756,Tier 1,NIL,TGAs Got Talent,Tier 5,Nil,98.61,0.13,0.13,16,1,Tier 5,FALSE,18756,Tier 5
19011,Tier 1,NIL,Beckley School Association,Tier 5,Nil,98.61,0.13,0.13,11,1,Tier 5,FALSE,19011,Tier 5
3127,Tier 4,High Value,Grizedale Arts,Tier 5,Tier 2,58.08,0.13,5183.69,17,5,Tier 3,TRUE,3127,Tier 5
10003,Tier 3,Tier 4,Kings Norton Girls' School & Sixth Form,Free,Free,,0,0,293,2,Tier 4,TRUE,10003,Free
10006,Tier 3,Tier 4,Sheffield Council – Children and Family Services,Free,Free,,0,0,404,4,Tier 4,TRUE,10006,Free
10039,Tier 3,Tier 2,Ian Mullens,Free,Free,,0,0,146,4,Tier 4,TRUE,10039,Free
10046,Tier 2,Tier 4,Institute for Policy and Engagement,Free,Free,,0,0,64,3,Tier 5,TRUE,10046,Free
10055,Tier 3,NIL,Energy Futures Lab & Fuellers,Free,Nil,,0,0,311,3,Tier 4,TRUE,10055,Free
10149,Tier 3,NIL,The Dionysus Ensemble,Free,Nil,,0,0,230,3,Tier 4,TRUE,10149,Free
10155,Tier 1,Tier 3,Wiltshire College & University Centre,Free,Free,,0,0,22,3,Tier 5,TRUE,10155,Free
10168,Tier 3,Tier 2,University of Nottingham / MariNH3,Free,Free,,0,0,170,3,Tier 4,TRUE,10168,Free
10234,Tier 3,Tier 3,Cockermouth Rotary Club,Free,Free,,0,0,379,3,Tier 4,TRUE,10234,Free
10273,High Value,High Value,Langdale Estate Activities,Free,Free,,0,0,3324,3,Tier 2,TRUE,10273,Free
10283,Tier 2,Tier 4,Choose Chorley for Business,Free,Free,,0,0,44,2,Tier 5,TRUE,10283,Free
10290,Tier 4,Tier 4,The Young Women's Movement,Free,Free,,0,0,436,3,Tier 3,TRUE,10290,Free
10293,Tier 3,Tier 3,Pierce,Free,Free,,0,0,355,3,Tier 4,TRUE,10293,Free
10304,Tier 2,Tier 2,Practice Development,Free,Free,,0,0,42,2,Tier 5,TRUE,10304,Free
10307,Tier 3,Tier 3,Elliot Lever,Free,Free,,0,0,186,3,Tier 4,TRUE,10307,Free
10314,Tier 2,Tier 3,Carlisle Youth Zone,Free,Tier 5,,0,31,76,2,Tier 5,TRUE,10314,Free
10318,Tier 4,Tier 4,RRDN Y&amp;H Admin,Free,Free,,0,0,438,3,Tier 3,TRUE,10318,Free
10340,Tier 3,NIL,AskMrsWatson,Free,Nil,,0,5.9,127,3,Tier 4,TRUE,10340,Free
10347,Tier 1,Tier 1,Property Apprenticeship Manager,Free,Free,,0,0,18,2,Tier 5,TRUE,10347,Free
10370,Tier 2,Tier 2,MTSN MedCen,Free,Free,,0,0,56,3,Tier 5,TRUE,10370,Free
10372,Tier 3,Tier 2,Bharat Samra,Free,Free,,0,0,129,3,Tier 4,TRUE,10372,Free
10383,Tier 2,NIL,St Leonards School Marketing,Free,Nil,,0,0,107,2,Tier 5,TRUE,10383,Free
10422,Tier 3,Tier 2,EY Training,Free,Free,,0,0,150,3,Tier 4,TRUE,10422,Free
1044,Tier 4,Tier 4,Castle Hill Primary School,Free,Free,,0,0,1436,8,Tier 3,TRUE,1044,Free
10466,Tier 4,Tier 2,Advance@1%,Free,Free,,0,0,502,3,Tier 3,TRUE,10466,Free
10469,Tier 3,Tier 3,LACVS - LOCAL Project,Free,Free,,0,0,275,2,Tier 4,TRUE,10469,Free
10493,Tier 2,Tier 1,Mill Hill,Free,Free,,0,0,77,2,Tier 5,TRUE,10493,Free
10505,Tier 2,Tier 3,YH PSRC,Free,Free,,0,0,65,2,Tier 5,TRUE,10505,Free
10532,Tier 4,Tier 4,A J Nowak,Free,Free,,0,0,606,3,Tier 3,TRUE,10532,Free
10549,Tier 2,Tier 3,Women In Chemistry,Free,Free,,0,0,120,3,Tier 5,TRUE,10549,Free
10584,Tier 4,Tier 4,Spencer Academies Trust,Free,Free,,0,0,577,3,Tier 3,TRUE,10584,Free
10590,Tier 3,Tier 2,Racial Equity in Policy Network,Free,Free,,0,0,125,3,Tier 4,TRUE,10590,Free
10604,Tier 4,Tier 4,Southgate School,Free,Free,,0,0,1368,2,Tier 3,TRUE,10604,Free
10621,Tier 2,Tier 1,Lancaster City Council,Free,Free,,0,0,114,2,Tier 5,TRUE,10621,Free
10640,Tier 2,Tier 3,Greater Manchester Combined Authority,Free,Free,,0,0,82,3,Tier 5,TRUE,10640,Free
10654,Tier 3,Tier 3,Croydon Property Chats,Free,Free,,0,0,165,3,Tier 4,TRUE,10654,Free
10656,Tier 2,Tier 3,Worcs Property Chat,Free,Free,,0,0,49,2,Tier 5,TRUE,10656,Free
10661,Tier 2,Tier 2,Exeter Property Chats,Free,Free,,0,0,109,3,Tier 5,TRUE,10661,Free
10662,Tier 2,Tier 2,Chiswick Property Chat,Free,Free,,0,0,68,2,Tier 5,TRUE,10662,Free
10674,Tier 2,Tier 2,Hitchin Property Chat,Free,Free,,0,0,77,3,Tier 5,TRUE,10674,Free
10675,Tier 2,NIL,St Michaels Church Stanwix,Free,Nil,,0,0,52,2,Tier 5,TRUE,10675,Free
10676,Tier 2,Tier 3,Sutton Property Chat,Free,Free,,0,0,78,3,Tier 5,TRUE,10676,Free
10679,Tier 3,Tier 2,Stratford-upon-Avon Property Chats,Free,Free,,0,0,146,3,Tier 4,TRUE,10679,Free
10680,Tier 1,Tier 3,Property chats. Horsham,Free,Free,,0,0,10,2,Tier 5,TRUE,10680,Free
10683,Tier 3,Tier 2,Ipswich Property Chat,Free,Free,,0,0,139,3,Tier 4,TRUE,10683,Free
10693,Tier 3,Tier 3,Westmorland and Furness Council,Free,Free,,0,0,200,3,Tier 4,TRUE,10693,Free
10699,Tier 1,Tier 2,Leo Shum,Free,Tier 5,,0,0.42,19,2,Tier 5,TRUE,10699,Free
107,Tier 3,Tier 3,Goxhill Primary School,Free,Free,,0,0,327,11,Tier 4,TRUE,107,Free
10702,Tier 2,Tier 2,Lancaster City Council Food Team,Free,Free,,0,0,109,3,Tier 5,TRUE,10702,Free
10704,Tier 3,Tier 2,UHNM Respiratory,Free,Free,,0,0,167,3,Tier 4,TRUE,10704,Free
10705,Tier 2,Tier 2,Lincoln Property Chat,Free,Free,,0,0,86,3,Tier 5,TRUE,10705,Free
10730,Tier 1,Tier 1,Reading Property Chat,Free,Free,,0,0,11,3,Tier 5,TRUE,10730,Free
10754,Tier 1,Tier 3,Tiffin Choirs,Free,Free,,0,0,21,2,Tier 5,TRUE,10754,Free
10790,Tier 3,Tier 3,Morecambe Bay Curriculum,Free,Free,,0,0,210,3,Tier 4,TRUE,10790,Free
10793,High Value,High Value,Haberdashers' Boys' School,Free,Free,,0,0,3872,3,Tier 2,TRUE,10793,Free
10811,High Value,High Value,Turner Schools,Free,Free,,0,0,4738,3,Tier 2,TRUE,10811,Free
10813,Tier 3,Tier 4,The Perse School Cambridge,Free,Free,,0,0,245,2,Tier 4,TRUE,10813,Free
10836,Tier 2,Tier 1,Evolve Somatics,Free,Free,,0,0,124,3,Tier 5,TRUE,10836,Free
10858,Tier 4,Tier 4,Archdeacon Events,Free,Free,,0,0,550,2,Tier 3,TRUE,10858,Free
10863,Tier 3,Key Account,Buckt,Free,Free,,0,0,147,2,Tier 4,TRUE,10863,Free
10911,Tier 3,Tier 3,Lancaster University Economics Department,Free,Free,,0,0,200,3,Tier 4,TRUE,10911,Free
10912,Tier 2,Tier 4,Culture and Inclusion team,Free,Free,,0,0,39,2,Tier 5,TRUE,10912,Free
10933,Tier 3,Tier 3,University of Nottingham,Free,Free,,0,0,356,2,Tier 4,TRUE,10933,Free
10948,Tier 3,Tier 4,King Edward VI Handsworth School for Girls,Free,Tier 4,,0,206.27,400,2,Tier 4,TRUE,10948,Free
10952,Tier 3,Tier 3,NAA coaching,Free,Free,,0,0,141,3,Tier 4,TRUE,10952,Free
10957,Tier 1,Tier 2,Be Me Project,Free,Tier 5,,0,4.12,15,3,Tier 5,TRUE,10957,Free
10979,Tier 2,Tier 2,Elliot Taylor,Free,Free,,0,0,68,3,Tier 5,TRUE,10979,Free
110,Tier 1,NIL,Kathryn Hulse,Free,Nil,,0,2.63,14,6,Tier 5,TRUE,110,Free
11019,Tier 3,NIL,Newcastle Preparatory School,Free,Nil,,0,0,127,3,Tier 4,TRUE,11019,Free
11045,Tier 2,Tier 3,Padworth College,Free,Free,,0,0,80,2,Tier 5,TRUE,11045,Free
11067,Tier 1,Tier 3,Clenchwarton Community Foundation Trust,Free,Tier 5,,0,18.11,20,2,Tier 5,TRUE,11067,Free
11098,Tier 2,Tier 3,Brambletye School,Free,Free,,0,0,60,3,Tier 5,TRUE,11098,Free
11192,Tier 3,Tier 3,Cumberland Farms,Free,Free,,0,0,296,2,Tier 4,TRUE,11192,Free
11196,Tier 4,NIL,W&amp;F Events,Free,Nil,,0,0,1329,3,Tier 3,TRUE,11196,Free
11237,Tier 4,Tier 4,David Mitchell,Free,Free,,0,0,927,2,Tier 3,TRUE,11237,Free
11246,Tier 3,Tier 2,Irvine Burns Club,Free,Free,,0,0,175,3,Tier 4,TRUE,11246,Free
11268,Tier 1,NIL,Cambridgeafrica,Free,Nil,,0,0,16,2,Tier 5,TRUE,11268,Free
11281,Tier 1,NIL,Chorley Communities,Free,Nil,,0,0,15,1,Tier 5,TRUE,11281,Free
11284,Tier 3,Tier 4,University of Bristol Alumni Events,Free,Free,,0,0,301,3,Tier 4,TRUE,11284,Free
11322,Tier 3,Tier 4,Ashcombe School,Free,Free,,0,0,198,2,Tier 4,TRUE,11322,Free
11328,Tier 4,Tier 3,Crystal Care Solutions,Free,Free,,0,0,558,3,Tier 3,TRUE,11328,Free
11337,Tier 2,Tier 3,Tarbreoch Dairy,Free,Free,,0,0,113,2,Tier 5,TRUE,11337,Free
11348,Tier 4,Tier 4,St Francis RC,Free,Free,,0,0,556,2,Tier 3,TRUE,11348,Free
11394,Tier 4,Tier 4,Bolder Academy,Free,Free,,0,0,1112,3,Tier 3,TRUE,11394,Free
11402,Tier 2,Tier 2,Trembothick farm,Free,Tier 5,,0,0.5,60,2,Tier 5,TRUE,11402,Free
11419,Tier 4,Tier 3,NCL Apprenticeship Team,Free,Free,,0,0,704,3,Tier 3,TRUE,11419,Free
11438,Tier 2,Tier 2,Langmead Herbs Ltd,Free,Free,,0,0,51,2,Tier 5,TRUE,11438,Free
11455,Tier 4,Tier 4,Arun2AdurFarmersGroup,Free,Free,,0,0,966,2,Tier 3,TRUE,11455,Free
11463,Tier 4,Tier 4,Glossop Triathlon Club,Free,Free,,0,0,2109,3,Tier 3,TRUE,11463,Free
11473,Tier 4,Tier 4,Haygrove,Free,Free,,0,0,554,2,Tier 3,TRUE,11473,Free
11475,Tier 2,Tier 4,Parks and Countryside Team,Free,Free,,0,0,79,2,Tier 5,TRUE,11475,Free
11479,Tier 3,Tier 2,PostDoc Forum,Free,Free,,0,0,189,3,Tier 4,TRUE,11479,Free
11496,Tier 2,Tier 2,Adoption Cumbria,Free,Free,,0,0,92,3,Tier 5,TRUE,11496,Free
11510,Tier 2,Tier 3,Basingstoke Hindu Society,Free,Tier 5,,0,54.71,51,2,Tier 5,TRUE,11510,Free
11515,Tier 2,Tier 2,Food and Fun,Free,Free,,0,0,84,3,Tier 5,TRUE,11515,Free
11517,Tier 2,Tier 2,Tonbridge School,Free,Free,,0,0,63,2,Tier 5,TRUE,11517,Free
11519,Tier 4,Tier 3,Blakeley farm open farm,Free,Free,,0,0,487,3,Tier 3,TRUE,11519,Free
11569,Tier 2,Tier 2,Ampthill Town Council ,Free,Tier 5,,0,30.38,80,2,Tier 5,TRUE,11569,Free
11574,Tier 3,Tier 3,Endeavour Project,Free,Free,,0,0,324,3,Tier 4,TRUE,11574,Free
11579,Tier 1,Tier 1,County Durham and Darlington NHS Foundation Trust,Free,Free,,0,0,28,2,Tier 5,TRUE,11579,Free
11592,Tier 4,High Value,Kingshott School,Free,Tier 5,,0,2.97,1529,2,Tier 3,TRUE,11592,Free
11612,Tier 3,Tier 1,Nick Pilkington,Free,Free,,0,0,245,3,Tier 4,TRUE,11612,Free
11622,Tier 3,Tier 3,Parish Support,Free,Free,,0,0,158,3,Tier 4,TRUE,11622,Free
11625,Tier 1,Tier 2,Ana Rute Costa,Free,Free,,0,0,11,2,Tier 5,TRUE,11625,Free
11628,Tier 2,Tier 2,Butler Interiors,Free,Free,,0,0,38,3,Tier 5,TRUE,11628,Free
11632,Tier 4,Tier 4,Morgan,Free,Free,,0,0,587,3,Tier 3,TRUE,11632,Free
11641,Tier 3,Tier 2,Daisy&#39;s Dairy OFS,Free,Free,,0,0,156,2,Tier 4,TRUE,11641,Free
11642,Tier 4,Tier 4,Downsend School,Free,Free,,0,0,1545,3,Tier 3,TRUE,11642,Free
11645,Tier 2,Tier 2,Hendwr Farm,Free,Free,,0,0,87,2,Tier 5,TRUE,11645,Free
11660,Tier 2,Tier 1,Westhills Farm,Free,Free,,0,0,50,2,Tier 5,TRUE,11660,Free
11674,Tier 2,Tier 2,Kingsplay Farming Company Limited,Free,Free,,0,0,91,2,Tier 5,TRUE,11674,Free
11691,Tier 3,Tier 1,Community Catalysts,Free,Free,,0,0,153,2,Tier 4,TRUE,11691,Free
11733,Tier 3,Tier 3,Student Inclusion,Free,Free,,0,0,264,2,Tier 4,TRUE,11733,Free
11736,Tier 4,Tier 4,Ursuline High School Wimbledon,Free,Free,,0,0,2078,3,Tier 3,TRUE,11736,Free
11762,Tier 3,Tier 2,Wicton Farm,Free,Free,,0,0,230,2,Tier 4,TRUE,11762,Free
11784,High Value,High Value,TWGSB,Free,Free,,0,0,3717,2,Tier 2,TRUE,11784,Free
11799,Tier 2,Tier 2,Co-location Lancaster University,Free,Free,,0,0,80,2,Tier 5,TRUE,11799,Free
11806,Tier 3,Tier 2,LDNPP,Free,Free,,0,0,129,3,Tier 4,TRUE,11806,Free
11826,Tier 4,Tier 4,Kings College Guildford,Free,Free,,0,0,1101,2,Tier 3,TRUE,11826,Free
1184,High Value,High Value,Surbiton High School,Free,Tier 5,,0,1036.56,3655,8,Tier 2,TRUE,1184,Free
11878,Tier 3,Tier 4,The Event Organisers,Free,Tier 5,,0,41.97,260,2,Tier 4,TRUE,11878,Free
11962,Tier 3,Tier 3,Community Catalysts CIC,Free,Free,,0,0,289,3,Tier 4,TRUE,11962,Free
11964,Tier 2,Tier 1,CIOF Scotland,Free,Free,,0,0,78,2,Tier 5,TRUE,11964,Free
12037,Tier 4,Tier 4,Sara Dibley,Free,Free,,0,0,957,2,Tier 3,TRUE,12037,Free
12038,Tier 2,Tier 3,Piknik,Free,Free,,0,0,108,2,Tier 5,TRUE,12038,Free
12051,Tier 3,Tier 3,Gm2lf Big local Big feed,Free,Free,,0,0,159,2,Tier 4,TRUE,12051,Free
12078,Tier 2,Tier 2,Wiltshire North Explorer Young Leader Unit,Free,Free,,0,0,59,3,Tier 5,TRUE,12078,Free
12175,Tier 3,Tier 3,Guisborough Bridge Association,Free,Free,,0,0,234,3,Tier 4,TRUE,12175,Free
12229,Tier 4,Tier 3,Nothing About Us Without Us,Free,Free,,0,0,412,3,Tier 3,TRUE,12229,Free
12266,Tier 2,Tier 2,Linlithgow Church Forum,Free,Free,,0,0,120,2,Tier 5,TRUE,12266,Free
12285,Tier 4,Tier 4,WandF Council Children & Adults,Free,Free,,0,0,773,3,Tier 3,TRUE,12285,Free
12315,Tier 4,Tier 3,Virtual School Northamptonshire,Free,Free,,0,0,491,3,Tier 3,TRUE,12315,Free
12338,Tier 1,Tier 2,Brighton Property Chat,Free,Free,,0,0,34,3,Tier 5,TRUE,12338,Free
12342,Tier 4,Tier 4,R&D Team HW Health & Care NHS Trust,Free,Free,,0,0,440,2,Tier 3,TRUE,12342,Free
12343,Tier 2,Tier 2,Musical Village,Free,Free,,0,0,66,2,Tier 5,TRUE,12343,Free
12349,Tier 2,Tier 3,Centre for Biostatistics,Free,Free,,0,0,94,2,Tier 5,TRUE,12349,Free
12355,Tier 4,Tier 3,Bishop's Events,Free,Free,,0,0,462,3,Tier 3,TRUE,12355,Free
12362,Tier 2,Tier 2,PQBH &amp; PoPM,Free,Free,,0,0,119,2,Tier 5,TRUE,12362,Free
12376,Tier 3,Tier 3,Adam Stewardson,Free,Free,,0,0,255,2,Tier 4,TRUE,12376,Free
124,Tier 4,Tier 4,Ampleforth College Theatre,Free,Free,,0,0,827,11,Tier 3,TRUE,124,Free
12445,Tier 4,Tier 4,South Yorkshire Teaching Partnership,Free,Free,,0,0,1035,3,Tier 3,TRUE,12445,Free
12448,Tier 2,Tier 3,Church Buildings,Free,Free,,0,0,93,2,Tier 5,TRUE,12448,Free
12460,Tier 3,Tier 3,Alliance Learning,Free,Free,,0,0,172,3,Tier 4,TRUE,12460,Free
12478,Tier 3,Tier 3,SPPS,Free,Free,,0,0,231,3,Tier 4,TRUE,12478,Free
12482,Tier 3,Tier 3,Network Ryde Youth Service,Free,Free,,0,0,289,3,Tier 4,TRUE,12482,Free
12498,Tier 3,Tier 3,Bequeathed Limited,Free,Free,,0,0,172,2,Tier 4,TRUE,12498,Free
12511,Tier 2,Tier 2,UHNM Neurosciences,Free,Free,,0,0,86,2,Tier 5,TRUE,12511,Free
12519,Tier 3,Tier 2,King Edward's School  Bath,Free,Tier 5,,0,16.88,165,2,Tier 4,TRUE,12519,Free
12520,Tier 1,Tier 1,Katia Fernandes,Free,Free,,0,0,35,2,Tier 5,TRUE,12520,Free
12522,Key Account,High Value,Winchester College,Free,Tier 5,,0,0.87,8673,3,Tier 1,TRUE,12522,Free
12523,Tier 4,NIL,Winchester College Music Department,Free,Nil,,0,0,1088,2,Tier 3,TRUE,12523,Free
12563,Tier 3,Tier 3,North East Employers Network,Free,Free,,0,0,299,3,Tier 4,TRUE,12563,Free
12614,Tier 2,Tier 2,All Seasons Cropquet CLub,Free,Free,,0,0,98,3,Tier 5,TRUE,12614,Free
12665,Tier 4,Tier 4,Well-Being Training Academy &amp; Events,Free,Free,,0,0,1050,3,Tier 3,TRUE,12665,Free
12702,Tier 3,Tier 4,Namahatta Nottingham,Free,Free,,0,0,288,2,Tier 4,TRUE,12702,Free
12771,Tier 2,Tier 4,Our Lady Immaculate Catholic Academies Trust,Free,Free,,0,0,58,2,Tier 5,TRUE,12771,Free
12823,Tier 2,Tier 3,Andrew Key,Free,Free,,0,0,40,2,Tier 5,TRUE,12823,Free
12825,Tier 4,Tier 2,Safeguarding,Free,Free,,0,0,434,2,Tier 3,TRUE,12825,Free
12866,Tier 3,Tier 3,St Paul&#39;s School Admin,Free,Free,,0,0,233,3,Tier 4,TRUE,12866,Free
12918,Tier 2,Tier 2,Nene Valley Primary School,Free,Free,,0,0,100,2,Tier 5,TRUE,12918,Free
12925,Tier 2,Tier 2,BrightspaceEvents,Free,Free,,0,0,60,2,Tier 5,TRUE,12925,Free
12936,Tier 2,Tier 2,Orton Wistow Primary School,Free,Free,,0,0,88,3,Tier 5,TRUE,12936,Free
12998,Tier 2,Tier 2,Church events,Free,Tier 5,,0,8,68,2,Tier 5,TRUE,12998,Free
13004,Tier 3,Tier 3,Carers Link East Dunbartonshire,Free,Free,,0,0,194,3,Tier 4,TRUE,13004,Free
13029,Tier 4,Tier 4,Bhagavad-gita,Free,Free,,0,0,1749,3,Tier 3,TRUE,13029,Free
13050,Tier 1,Tier 3,Woodston Primary School,Free,Free,,0,0,24,2,Tier 5,TRUE,13050,Free
13056,Tier 2,Tier 2,The Caldy Society,Free,Tier 5,,0,66.83,21,2,Tier 5,TRUE,13056,Free
13057,Tier 3,Tier 3,GHS Admissions,Free,Free,,0,0,317,2,Tier 4,TRUE,13057,Free
13111,Tier 3,Tier 2,BryonyB,Free,Free,,0,0,304,3,Tier 4,TRUE,13111,Free
13115,Tier 3,Tier 1,LICA,Free,Free,,0,0,214,3,Tier 4,TRUE,13115,Free
13146,Tier 1,Tier 1,Ledbury Allotment Association,Free,Free,,0,0,10,2,Tier 5,TRUE,13146,Free
13189,Tier 2,Tier 2,Equin Limited,Free,Free,,0,0,39,2,Tier 5,TRUE,13189,Free
13191,Tier 3,Tier 2,Armathwaite School,Free,Free,,0,0,269,3,Tier 4,TRUE,13191,Free
13289,Tier 2,Tier 2,LYPFT_Research,Free,Free,,0,0,70,2,Tier 5,TRUE,13289,Free
13295,Tier 3,Tier 2,Love Holway,Free,Free,,0,0,376,3,Tier 4,TRUE,13295,Free
13302,Tier 3,Tier 3,North Worcester Primary Academy,Free,Free,,0,0,282,2,Tier 4,TRUE,13302,Free
13322,Tier 3,Tier 3,One Adoption South Yorkshire,Free,Free,,0,0,189,2,Tier 4,TRUE,13322,Free
13330,Tier 3,Tier 2,University Hospital North Midlands,Free,Free,,0,0,176,3,Tier 4,TRUE,13330,Free
13376,Tier 2,Tier 2,Public Health Westmorland and Furness Council,Free,Free,,0,0,75,3,Tier 5,TRUE,13376,Free
13399,Tier 3,Tier 3,Magda,Free,Free,,0,0,226,3,Tier 4,TRUE,13399,Free
13431,Tier 3,Tier 2,Nature Rich Miterdale,Free,Free,,0,0,166,3,Tier 4,TRUE,13431,Free
13454,Tier 3,Tier 2,Catherine Bowman,Free,Free,,0,0,164,3,Tier 4,TRUE,13454,Free
13491,Tier 2,Tier 3,Fullbrook,Free,Free,,0,0,124,2,Tier 5,TRUE,13491,Free
13515,Tier 1,Tier 3,PACE Team,Free,Free,,0,0,29,2,Tier 5,TRUE,13515,Free
13533,Tier 3,Tier 3,Funding Futures,Free,Free,,0,0,395,3,Tier 4,TRUE,13533,Free
13535,Tier 3,Tier 3,Moulsham High School,Free,Free,,0,0,172,2,Tier 4,TRUE,13535,Free
13547,Tier 4,Tier 4,Mrs Simone Paterson-Fay,Free,Free,,0,0,872,3,Tier 3,TRUE,13547,Free
13557,Tier 2,Tier 2,Liphook Apple Regional Training Centre,Free,Free,,0,0,98,3,Tier 5,TRUE,13557,Free
13632,Tier 3,Tier 3,Christopher Wray,Free,Free,,0,0,231,3,Tier 4,TRUE,13632,Free
1364,Tier 4,Tier 3,St Herbert's School,Free,Free,,0,0,453,6,Tier 3,TRUE,1364,Free
13650,Tier 1,Tier 1,The Salvation Army,Free,Free,,0,0,12,2,Tier 5,TRUE,13650,Free
13687,Tier 2,Tier 2,Towpath Trail,Free,Free,,0,0,40,1,Tier 5,TRUE,13687,Free
13688,Tier 4,NIL,Upton House School,Free,Nil,,0,0,508,2,Tier 3,TRUE,13688,Free
1372,Tier 4,Tier 3,Banstead Prep School,Free,Tier 5,,0,180.12,769,8,Tier 3,TRUE,1372,Free
13744,Tier 2,Tier 1,Gedling CLP,Free,Tier 5,,0,18,38,2,Tier 5,TRUE,13744,Free
13751,Tier 4,Tier 3,Great Walstead School,Free,Free,,0,0,914,3,Tier 3,TRUE,13751,Free
13795,Tier 2,Tier 1,PACT,Free,Free,,0,0,87,3,Tier 5,TRUE,13795,Free
13886,Tier 3,Tier 2,Avington Park,Free,Free,,0,0,204,3,Tier 4,TRUE,13886,Free
13902,Tier 2,Tier 2,Eltham Kutchenhaus,Free,Free,,0,0,98,2,Tier 5,TRUE,13902,Free
13922,Tier 2,Tier 2,Hannah Woodhouse,Free,Free,,0,0,42,1,Tier 5,TRUE,13922,Free
13934,Tier 3,Tier 1,Cumbria Careers Hub,Free,Free,,0,0,315,2,Tier 4,TRUE,13934,Free
13966,Tier 2,NIL,Lancing College,Free,Nil,,0,5.25,51,2,Tier 5,TRUE,13966,Free
14025,Tier 1,Tier 2,Love Black Country Mental Health Forum,Free,Free,,0,0,12,1,Tier 5,TRUE,14025,Free
14059,Tier 2,Tier 2,CELP research Group,Free,Free,,0,0,49,1,Tier 5,TRUE,14059,Free
1407,Tier 3,NIL,Marie Curie Fundraising Volunteer Team,Free,Nil,,0,0,141,6,Tier 4,TRUE,1407,Free
14111,Tier 2,NIL,Artlune,Free,Nil,,0,0,99,2,Tier 5,TRUE,14111,Free
14132,Tier 3,Tier 3,POINT,Free,Free,,0,0,178,2,Tier 4,TRUE,14132,Free
14136,Tier 3,Tier 2,3060 Festival,Free,Free,,0,0,309,1,Tier 4,TRUE,14136,Free
14155,Tier 1,NIL,Colin Adamson,Free,Nil,,0,0.25,35,2,Tier 5,TRUE,14155,Free
14160,Tier 4,Tier 3,Bishop Wordsworth&#39;s School - Admissions,Free,Free,,0,0,840,2,Tier 3,TRUE,14160,Free
14177,Tier 1,Tier 1,Performance For Sales Limited,Free,Free,,0,0,30,2,Tier 5,TRUE,14177,Free
14227,Tier 3,Tier 3,Merchant Taylors&#39; Prep School,Free,Free,,0,0,372,2,Tier 4,TRUE,14227,Free
14229,Tier 1,Tier 2,Ilos New Energy UK Ltd,Free,Free,,0,0,16,1,Tier 5,TRUE,14229,Free
14257,Tier 1,Tier 2,St Leonards,Free,Free,,0,0,12,1,Tier 5,TRUE,14257,Free
14265,Tier 3,Tier 1,David Tyfield,Free,Free,,0,0,151,2,Tier 4,TRUE,14265,Free
14286,Tier 1,Tier 1,Lancaster Medical School,Free,Free,,0,0,30,2,Tier 5,TRUE,14286,Free
14322,Tier 4,Tier 1,Future Farm,Free,Free,,0,0,1348,2,Tier 3,TRUE,14322,Free
14338,Tier 3,Tier 3,Trinity Boys Choir,Free,Tier 4,,0,228.21,146,1,Tier 4,TRUE,14338,Free
14361,Tier 4,Tier 4,TWGGS,Free,Free,,0,0,609,2,Tier 3,TRUE,14361,Free
14408,Tier 2,Tier 2,Emma @ Action,Free,Free,,0,0,100,1,Tier 5,TRUE,14408,Free
14410,Tier 2,Tier 1,Delphine Grass,Free,Free,,0,0,41,1,Tier 5,TRUE,14410,Free
14445,Tier 2,NIL,Worcestershire Family Hubs - Barnados,Free,Nil,,0,0,117,2,Tier 5,TRUE,14445,Free
14483,Tier 4,NIL,Simon Langton Girls&#39; Grammar School,Free,Nil,,0,0,770,1,Tier 3,TRUE,14483,Free
14539,Tier 1,Tier 1,South London Careers Hub,Free,Free,,0,0,15,2,Tier 5,TRUE,14539,Free
14557,Tier 1,NIL,Amanda Callaghan,Free,Nil,,0,0,10,1,Tier 5,TRUE,14557,Free
14597,Tier 2,Tier 2,Lancaster City Council Housing Standards,Free,Free,,0,0,70,2,Tier 5,TRUE,14597,Free
14604,Tier 1,NIL,Luke Milligan,Free,Nil,,0,0,34,1,Tier 5,TRUE,14604,Free
14622,Tier 4,Tier 1,St Teresa&#39;s Prep School,Free,Free,,0,0,924,2,Tier 3,TRUE,14622,Free
14635,Tier 1,NIL,AVON AND TRIBUTARIES ANGLING ASSOCIATION,Free,Nil,,0,0,10,1,Tier 5,TRUE,14635,Free
14638,Tier 3,Tier 2,Paediatric Occupational Therapy,Free,Free,,0,0,203,2,Tier 4,TRUE,14638,Free
14646,Tier 3,NIL,Girlguiding Scotland,Free,Nil,,0,0,173,1,Tier 4,TRUE,14646,Free
14650,Tier 2,Tier 2,Academic Primary Care Education Team,Free,Free,,0,0,54,1,Tier 5,TRUE,14650,Free
14695,Tier 3,NIL,OSG Colchester - SLT,Free,Nil,,0,0,275,1,Tier 4,TRUE,14695,Free
14699,Tier 4,Tier 2,Greenwich leisure limited,Free,Free,,0,0,700,2,Tier 3,TRUE,14699,Free
14706,Tier 4,Tier 2,St Peter&#39;s Tots  Carlisle,Free,Free,,0,0,599,2,Tier 3,TRUE,14706,Free
14721,Tier 2,NIL,Moorlands and Rural PCN,Free,Nil,,0,0,58,2,Tier 5,TRUE,14721,Free
14732,Tier 3,Tier 1,St. Francis&#39; College,Free,Free,,0,0,185,1,Tier 4,TRUE,14732,Free
14733,Tier 3,Tier 2,Kinship Activities,Free,Free,,0,0,339,1,Tier 4,TRUE,14733,Free
14773,Tier 2,NIL,langfieldfarm,Free,Nil,,0,0,81,1,Tier 5,TRUE,14773,Free
14790,Tier 4,Tier 2,Sir Richard Sutton Ltd,Free,Free,,0,0,1268,2,Tier 3,TRUE,14790,Free
14791,Tier 3,Tier 2,Seven Stars Primary School &amp; Nursery,Free,Free,,0,0,308,2,Tier 4,TRUE,14791,Free
14793,Tier 2,NIL,Diana,Free,Nil,,0,0,106,1,Tier 5,TRUE,14793,Free
14795,Tier 2,Tier 3,St Teresa&#39;s Careers Department,Free,Free,,0,0,91,2,Tier 5,TRUE,14795,Free
14796,Tier 1,NIL,Groundswell,Free,Nil,,0,0,35,1,Tier 5,TRUE,14796,Free
14814,Tier 1,Tier 2,Carlisle and Border Tourism Group,Free,Free,,0,0,20,1,Tier 5,TRUE,14814,Free
14856,Tier 2,NIL,Llwynderw Woodland Limited,Free,Nil,,0,0,70,1,Tier 5,TRUE,14856,Free
14857,Tier 3,NIL,FOEC,Free,Nil,,0,0,141,1,Tier 4,TRUE,14857,Free
14890,Tier 1,NIL,Cambridge and District MG Owners Club,Free,Nil,,0,0,19,1,Tier 5,TRUE,14890,Free
14909,Tier 2,NIL,FRW Farrington &amp; Son,Free,Nil,,0,0,56,1,Tier 5,TRUE,14909,Free
14915,Tier 4,NIL,Rix Farms,Free,Nil,,0,0,857,1,Tier 3,TRUE,14915,Free
14917,Tier 4,NIL,Sustain Farm Shop,Free,Nil,,0,0,685,1,Tier 3,TRUE,14917,Free
14920,Tier 2,Tier 1,Sheffield Fostering Service,Free,Free,,0,0,58,1,Tier 5,TRUE,14920,Free
14921,Tier 3,Tier 3,Belsay Hall Croquet Club,Free,Free,,0,0,364,2,Tier 4,TRUE,14921,Free
14931,Tier 2,NIL,Aysgarth School,Free,Nil,,0,0,75,1,Tier 5,TRUE,14931,Free
14938,Tier 1,NIL,Miranda Ellis,Free,Nil,,0,0,12,1,Tier 5,TRUE,14938,Free
14954,Tier 1,Tier 1,Platinum Facilities and Maintenance Services Ltd,Free,Free,,0,0,13,1,Tier 5,TRUE,14954,Free
15013,Tier 4,Tier 2,PP Broad,Free,Free,,0,0,950,2,Tier 3,TRUE,15013,Free
15019,Tier 3,NIL,Tech District Cumbria,Free,Nil,,0,0,157,2,Tier 4,TRUE,15019,Free
15035,Tier 2,NIL,Lancashire &amp; South Cumbria ICB,Free,Nil,,0,0,50,1,Tier 5,TRUE,15035,Free
15036,Tier 2,NIL,Huntapac Produce Ltd Woodside Farm,Free,Nil,,0,0,69,1,Tier 5,TRUE,15036,Free
15042,Tier 2,Tier 3,Michelmersh Manor Farm,Free,Free,,0,0,53,1,Tier 5,TRUE,15042,Free
15053,Tier 1,NIL,Morecambe Bay Curriculum,Free,Nil,,0,0,13,1,Tier 5,TRUE,15053,Free
15055,Tier 1,Tier 1,Sameer nagaonkar,Free,Free,,0,0,36,1,Tier 5,TRUE,15055,Free
15114,Tier 1,Tier 1,Friends of Thornford School,Free,Free,,0,0,19,1,Tier 5,TRUE,15114,Free
15128,Tier 4,NIL,Antenatal Education by the Infant Feeding Team,Free,Nil,,0,0,516,2,Tier 3,TRUE,15128,Free
15133,Tier 4,NIL,Kirkton Farm,Free,Nil,,0,0,1401,1,Tier 3,TRUE,15133,Free
15134,Tier 2,NIL,Georgia Owen,Free,Nil,,0,0,115,2,Tier 5,TRUE,15134,Free
15144,Tier 1,Tier 1,Go-Forward Youth,Free,Free,,0,0,14,1,Tier 5,TRUE,15144,Free
1517,Tier 3,Tier 3,Old Farm,Free,Free,,0,0,131,4,Tier 4,TRUE,1517,Free
15172,Tier 3,NIL,Ml&amp;Ri Loder,Free,Nil,,0,0,376,1,Tier 4,TRUE,15172,Free
15196,Tier 2,NIL,Quy Hall Estate,Free,Nil,,0,0,80,1,Tier 5,TRUE,15196,Free
15202,Tier 3,NIL,Paediatric,Free,Nil,,0,0,197,2,Tier 4,TRUE,15202,Free
15203,Tier 2,NIL,VMC,Free,Nil,,0,0,59,1,Tier 5,TRUE,15203,Free
15208,Tier 1,NIL,Scottish Jewish Heritage Centre,Free,Nil,,0,0,20,1,Tier 5,TRUE,15208,Free
15235,Tier 1,NIL,Chris Sheppard,Free,Nil,,0,0,32,1,Tier 5,TRUE,15235,Free
15238,Tier 3,NIL,MEDIC PPIE,Free,Nil,,0,0,160,1,Tier 4,TRUE,15238,Free
15251,Tier 4,NIL,Worcestershire Family Hubs - Action for Children,Free,Nil,,0,0,639,2,Tier 3,TRUE,15251,Free
15252,Tier 2,NIL,Worcestershire Family Hubs - Redditch &amp; Bromsgrove,Free,Nil,,0,0,93,2,Tier 5,TRUE,15252,Free
15255,Tier 3,NIL,Sandy Secondary School,Free,Nil,,0,0,136,2,Tier 4,TRUE,15255,Free
15270,Tier 2,NIL,Wirral Filling Station,Free,Nil,,0,0,70,1,Tier 5,TRUE,15270,Free
15278,Tier 2,NIL,OLCC Year 5 taster day,Free,Nil,,0,0,114,1,Tier 5,TRUE,15278,Free
15280,Tier 4,NIL,St Paul&#39;s Juniors,Free,Nil,,0,0,458,1,Tier 3,TRUE,15280,Free
15281,Tier 2,NIL,Centre for Dementia Studies,Free,Nil,,0,0,62,1,Tier 5,TRUE,15281,Free
15294,Tier 3,NIL,DollarDramaDep,Free,Nil,,0,0,334,1,Tier 4,TRUE,15294,Free
15303,Tier 2,NIL,Catherine Bewick,Free,Nil,,0,0,64,1,Tier 5,TRUE,15303,Free
15324,Tier 2,NIL,Kingston and Elmbridge Sub Aqua Club,Free,Nil,,0,0,58,1,Tier 5,TRUE,15324,Free
15342,Tier 1,NIL,Don&#39;t Quit,Free,Nil,,0,0,23,1,Tier 5,TRUE,15342,Free
15345,Tier 1,NIL,LHPC2025,Free,Nil,,0,0,35,1,Tier 5,TRUE,15345,Free
15346,Tier 1,NIL,DiceAndBolter,Free,Nil,,0,0,36,1,Tier 5,TRUE,15346,Free
15351,Tier 2,NIL,Square farm shop,Free,Nil,,0,0,102,1,Tier 5,TRUE,15351,Free
15371,Tier 1,NIL,Stephanie Wells,Free,Nil,,0,0,14,1,Tier 5,TRUE,15371,Free
15372,Tier 4,NIL,Cholmondeley Farms Ltd,Free,Nil,,0,0,539,1,Tier 3,TRUE,15372,Free
15373,Tier 3,NIL,Yarra Services LTD,Free,Nil,,0,0,216,1,Tier 4,TRUE,15373,Free
15383,Tier 1,NIL,Low Stanger Farm,Free,Nil,,0,0,25,1,Tier 5,TRUE,15383,Free
15395,Tier 1,NIL,Mowden Hall School,Free,Nil,,0,0,14,1,Tier 5,TRUE,15395,Free
15412,Tier 3,NIL,Upton Hall School,Free,Nil,,0,0,157,1,Tier 4,TRUE,15412,Free
15417,Tier 3,NIL,Lower Hope Fruit Ltd,Free,Nil,,0,0,179,1,Tier 4,TRUE,15417,Free
15445,Tier 3,NIL,Lower Treginnis Farm,Free,Nil,,0,0,132,1,Tier 4,TRUE,15445,Free
15468,Tier 3,NIL,St Helens Council,Free,Nil,,0,0,211,1,Tier 4,TRUE,15468,Free
15469,Tier 2,NIL,YAB Merseyside,Free,Nil,,0,0,60,2,Tier 5,TRUE,15469,Free
1547,Tier 3,NIL,Lurgan Farm,Free,Nil,,0,0,162,2,Tier 4,TRUE,1547,Free
15486,Tier 2,NIL,Cambridge University Press,Free,Nil,,0,0,61,1,Tier 5,TRUE,15486,Free
15490,Tier 2,NIL,Groaten Farm,Free,Nil,,0,0,100,1,Tier 5,TRUE,15490,Free
15505,Tier 2,NIL,R N &amp; M Lawton,Free,Nil,,0,0,97,1,Tier 5,TRUE,15505,Free
15508,Tier 3,NIL,ICS,Free,Nil,,0,0,170,2,Tier 4,TRUE,15508,Free
15519,Tier 1,NIL,Music in the Harptrees,Free,Nil,,0,0,11,1,Tier 5,TRUE,15519,Free
15544,Tier 1,NIL,DeerFest Team,Free,Nil,,0,0,31,1,Tier 5,TRUE,15544,Free
15567,Tier 2,NIL,Gunaraja Nitai Dasa,Free,Nil,,0,0,99,2,Tier 5,TRUE,15567,Free
15568,Tier 3,NIL,Penrith Action for Community Transition,Free,Nil,,0,0,145,1,Tier 4,TRUE,15568,Free
15573,Tier 2,NIL,Haye-Farm-On-River-Tamar,Free,Nil,,0,0,55,1,Tier 5,TRUE,15573,Free
15576,Tier 2,NIL,BCU Wellbeing,Free,Nil,,0,0,40,1,Tier 5,TRUE,15576,Free
15577,Tier 3,NIL,Down on the Farm,Free,Nil,,0,0,245,1,Tier 4,TRUE,15577,Free
15578,Tier 2,NIL,Faculty of Science and Technology,Free,Nil,,0,0,55,1,Tier 5,TRUE,15578,Free
15593,Tier 3,NIL,Glo i Natur CIC,Free,Nil,,0,0,239,2,Tier 4,TRUE,15593,Free
15637,Tier 2,NIL,Zillah Cope,Free,Nil,,0,0,47,1,Tier 5,TRUE,15637,Free
15647,Tier 2,NIL,Kilted Farming Partnership,Free,Nil,,0,0,70,1,Tier 5,TRUE,15647,Free
15648,Tier 3,NIL,Queen Elizabeth Grammar School - Penrith,Free,Nil,,0,0,192,1,Tier 4,TRUE,15648,Free
15668,Tier 3,NIL,A E Banks,Free,Nil,,0,0,150,1,Tier 4,TRUE,15668,Free
15677,Tier 3,NIL,OW Wortley &amp; Sons Ltd,Free,Nil,,0,0,137,1,Tier 4,TRUE,15677,Free
15720,Tier 1,NIL,SJD Careers,Free,Nil,,0,0,16,1,Tier 5,TRUE,15720,Free
15725,Tier 2,NIL,ARC Events,Free,Nil,,0,0,99,1,Tier 5,TRUE,15725,Free
15741,Tier 2,NIL,Cumberland Geological Society,Free,Nil,,0,0,43,2,Tier 5,TRUE,15741,Free
15742,Tier 2,NIL,Inkpot Farm,Free,Nil,,0,0,67,1,Tier 5,TRUE,15742,Free
15767,Tier 4,NIL,Rose Hill School,Free,Nil,,0,0,619,2,Tier 3,TRUE,15767,Free
15774,Tier 1,NIL,Home Instead South Lakes,Free,Nil,,0,0,33,1,Tier 5,TRUE,15774,Free
15783,Tier 2,NIL,Heywood Prep Deputy Head,Free,Nil,,0,0,100,2,Tier 5,TRUE,15783,Free
1581,Tier 2,NIL,Action for Carers Oxfordshire,Free,Nil,,0,0,75,6,Tier 5,TRUE,1581,Free
15815,Tier 1,NIL,Martin Wheeler Fields,Free,Nil,,0,0,27,1,Tier 5,TRUE,15815,Free
15832,Tier 3,NIL,Caroline Wiggins,Free,Nil,,0,0,207,1,Tier 4,TRUE,15832,Free
15849,Tier 2,NIL,Humber Teaching NHS Foundation Trust,Free,Nil,,0,0,105,1,Tier 5,TRUE,15849,Free
15866,Tier 4,NIL,White Bridge Primary School,Free,Nil,,0,0,1174,2,Tier 3,TRUE,15866,Free
15868,Tier 2,NIL,Chacewater Community Energy Group,Free,Nil,,0,0,82,2,Tier 5,TRUE,15868,Free
15881,Tier 2,NIL,New AU Media,Free,Nil,,0,0,89,1,Tier 5,TRUE,15881,Free
15900,Tier 1,NIL,The Odyssey Media House,Free,Nil,,0,0,28,1,Tier 5,TRUE,15900,Free
15919,Tier 1,NIL,James Crosthwaite,Free,Nil,,0,0,20,1,Tier 5,TRUE,15919,Free
15925,Tier 1,NIL,Mark Burstow,Free,Nil,,0,0,20,1,Tier 5,TRUE,15925,Free
15942,Tier 3,NIL,Seddon,Free,Nil,,0,0,179,1,Tier 4,TRUE,15942,Free
15964,Tier 4,NIL,Dorchester Middle School,Free,Nil,,0,0,1485,2,Tier 3,TRUE,15964,Free
15965,Tier 3,NIL,STHN House Arts,Free,Nil,,0,0,210,1,Tier 4,TRUE,15965,Free
15995,Tier 2,NIL,Glasgow Reform Synagogue,Free,Nil,,0,0,49,1,Tier 5,TRUE,15995,Free
16028,Tier 3,NIL,Trull CE VA Primary School,Free,Nil,,0,0,157,1,Tier 4,TRUE,16028,Free
16032,Tier 1,NIL,Amy,Free,Nil,,0,0,33,1,Tier 5,TRUE,16032,Free
16036,Tier 2,NIL,Silverporth,Free,Nil,,0,0,82,1,Tier 5,TRUE,16036,Free
16037,Tier 3,NIL,Bury Music,Free,Nil,,0,0,154,1,Tier 4,TRUE,16037,Free
16040,Tier 2,NIL,LSE Estates Division,Free,Nil,,0,0,102,1,Tier 5,TRUE,16040,Free
16047,Tier 3,NIL,HTFT Patient and Carer Experience,Free,Nil,,0,0,134,2,Tier 4,TRUE,16047,Free
16060,Tier 2,NIL,Lisa Ross,Free,Nil,,0,0,69,2,Tier 5,TRUE,16060,Free
16074,Tier 2,NIL,Lancaster University Medical School,Free,Nil,,0,0,72,2,Tier 5,TRUE,16074,Free
16089,Tier 1,NIL,Warks Police Word Cafe Event,Free,Nil,,0,0,36,1,Tier 5,TRUE,16089,Free
1610,High Value,High Value,Entradas Colegio Valle del Miro,Free,Free,,0,0,3122,7,Tier 2,TRUE,1610,Free
16152,Tier 3,NIL,GROW North Staffs,Free,Nil,,0,0,249,1,Tier 4,TRUE,16152,Free
16162,Tier 1,NIL,Youth Adventure Trust,Free,Nil,,0,0,10,2,Tier 5,TRUE,16162,Free
16167,Tier 4,NIL,Torbay Family Hub,Free,Nil,,0,0,501,2,Tier 3,TRUE,16167,Free
16186,Tier 2,NIL,University of Nottingham Business Network,Free,Nil,,0,0,108,1,Tier 5,TRUE,16186,Free
16189,Tier 4,NIL,Thames Valley and South Central EY SPH,Free,Nil,,0,0,2125,2,Tier 3,TRUE,16189,Free
16323,Tier 2,NIL,Uttlesford Schools Consortium,Free,Nil,,0,0,62,2,Tier 5,TRUE,16323,Free
16340,Tier 1,NIL,Fit 2 Learn CIC,Free,Nil,,0,0,14,1,Tier 5,TRUE,16340,Free
16345,Tier 2,NIL,Westmorland and Furness Council,Free,Nil,,0,0,113,1,Tier 5,TRUE,16345,Free
16346,High Value,NIL,St Martins School,Free,Nil,,0,0,3132,1,Tier 2,TRUE,16346,Free
16403,Tier 2,NIL,Claire Fraser-Lim Stakeholder Engagement Advisor,Free,Nil,,0,0,70,1,Tier 5,TRUE,16403,Free
16450,Tier 3,NIL,EmStMartins,Free,Nil,,0,0,373,2,Tier 4,TRUE,16450,Free
16453,Tier 2,NIL,Property Chats - Yorkshire,Free,Nil,,0,0,80,2,Tier 5,TRUE,16453,Free
16473,Tier 1,NIL,Boston Wellbeing Hub,Free,Nil,,0,0,19,1,Tier 5,TRUE,16473,Free
16476,Tier 4,NIL,The Ashcombe School,Free,Nil,,0,0,414,2,Tier 3,TRUE,16476,Free
16477,Tier 3,NIL,Second Chance,Free,Nil,,0,0,197,1,Tier 4,TRUE,16477,Free
16486,Tier 3,NIL,Barnet VirtualSchool,Free,Nil,,0,0,179,2,Tier 4,TRUE,16486,Free
16514,Tier 4,NIL,City of London Freemen's School,Free,Nil,,0,0,1269,2,Tier 3,TRUE,16514,Free
16521,Tier 4,NIL,Lancashire Teaching Hospitals,Free,Nil,,0,0,506,2,Tier 3,TRUE,16521,Free
16523,Tier 3,NIL,Volvo Motherwell,Free,Nil,,0,0,311,1,Tier 4,TRUE,16523,Free
16526,Tier 2,NIL,Cranial Flow,Free,Nil,,0,0,50,1,Tier 5,TRUE,16526,Free
16531,Tier 1,NIL,Bandicoot,Free,Nil,,0,0,18,1,Tier 5,TRUE,16531,Free
16541,High Value,NIL,Marham Families Day,Free,Nil,,0,0,2196,1,Tier 2,TRUE,16541,Free
16543,Tier 1,NIL,Clarion Hotel Charlecote Pheasant,Free,Nil,,0,0,19,2,Tier 5,TRUE,16543,Free
16557,Tier 1,NIL,Shanks Trybooking,Free,Nil,,0,0,18,1,Tier 5,TRUE,16557,Free
16561,Tier 2,NIL,Lucigenic,Free,Nil,,0,0,116,1,Tier 5,TRUE,16561,Free
16578,Tier 2,NIL,Lucy Woodham,Free,Nil,,0,0,45,2,Tier 5,TRUE,16578,Free
16589,Tier 2,NIL,Chester-Le-Street District Scouts,Free,Nil,,0,0,46,2,Tier 5,TRUE,16589,Free
16598,Tier 3,NIL,RAF Marham,Free,Nil,,0,0,283,1,Tier 4,TRUE,16598,Free
16626,Tier 1,NIL,Caroline Nield,Free,Nil,,0,0,23,1,Tier 5,TRUE,16626,Free
16629,Tier 2,NIL,Be the Business,Free,Nil,,0,0,74,1,Tier 5,TRUE,16629,Free
1664,Tier 1,NIL,The Cumbria Proms,Free,Nil,,0,0,19,1,Tier 5,TRUE,1664,Free
16641,Tier 1,NIL,Frankie Turner,Free,Nil,,0,0,18,1,Tier 5,TRUE,16641,Free
16654,Tier 1,NIL,County Durham &amp; Darlington NHS Foundation Trust,Free,Nil,,0,0,35,1,Tier 5,TRUE,16654,Free
16662,Tier 4,NIL,Godstowe,Free,Nil,,0,0,717,1,Tier 3,TRUE,16662,Free
16663,Tier 4,NIL,Northbrook Park,Free,Nil,,0,0,1088,2,Tier 3,TRUE,16663,Free
16671,Tier 3,NIL,Testway Youth Football League,Free,Nil,,0,0,280,2,Tier 4,TRUE,16671,Free
16683,Tier 2,NIL,Comrie Community Woodland,Free,Nil,,0,0,108,1,Tier 5,TRUE,16683,Free
16686,Tier 2,NIL,Essex Property Chats,Free,Nil,,0,0,75,2,Tier 5,TRUE,16686,Free
16690,Tier 3,NIL,Staff Experience &amp; Engagement Team,Free,Nil,,0,0,369,1,Tier 4,TRUE,16690,Free
16698,Tier 1,NIL,LFF TEENS AND TWEENS,Free,Nil,,0,0,15,1,Tier 5,TRUE,16698,Free
16702,Tier 1,NIL,DYW,Free,Nil,,0,0,19,1,Tier 5,TRUE,16702,Free
16714,Tier 3,NIL,Avington,Free,Nil,,0,0,150,1,Tier 4,TRUE,16714,Free
16737,Tier 1,NIL,Open Water Swim Coaching,Free,Nil,,0,0,28,1,Tier 5,TRUE,16737,Free
16738,Tier 1,NIL,Lowered Tones,Free,Nil,,0,0,28,1,Tier 5,TRUE,16738,Free
16740,Tier 3,NIL,Arts for Health at Alder Hey,Free,Nil,,0,0,323,2,Tier 4,TRUE,16740,Free
16742,Tier 1,NIL,Community Catalysts CIC,Free,Nil,,0,0,18,1,Tier 5,TRUE,16742,Free
16745,Tier 2,NIL,Project Joy,Free,Nil,,0,0,119,1,Tier 5,TRUE,16745,Free
16756,Tier 3,NIL,Honorary Consul for Israel in Scotland,Free,Nil,,0,0,213,1,Tier 4,TRUE,16756,Free
16758,Tier 2,NIL,KatieLee,Free,Nil,,0,0,40,1,Tier 5,TRUE,16758,Free
16767,Tier 2,NIL,merseymindproject,Free,Nil,,0,0,46,1,Tier 5,TRUE,16767,Free
16801,Tier 3,NIL,Cities Embracing Jewish Heritage,Free,Nil,,0,0,245,1,Tier 4,TRUE,16801,Free
16804,Tier 2,NIL,Kinship activities,Free,Nil,,0,0,58,1,Tier 5,TRUE,16804,Free
16805,Tier 2,NIL,Northaw Transition CIC,Free,Nil,,0,0,51,1,Tier 5,TRUE,16805,Free
16809,Tier 4,NIL,Wellacre Academy,Free,Nil,,0,0,412,1,Tier 3,TRUE,16809,Free
16830,Tier 2,NIL,Pentland Centre,Free,Nil,,0,0,118,2,Tier 5,TRUE,16830,Free
16834,Tier 2,NIL,TrustonTap,Free,Nil,,0,0,78,1,Tier 5,TRUE,16834,Free
16839,Tier 2,NIL,Lisa McCormick,Free,Nil,,0,0,47,1,Tier 5,TRUE,16839,Free
16854,Tier 3,NIL,Work and Health Team,Free,Nil,,0,0,275,2,Tier 4,TRUE,16854,Free
16863,Tier 3,NIL,Bridge &amp; Patrixbourne CEP School,Free,Nil,,0,0,177,2,Tier 4,TRUE,16863,Free
16871,Tier 4,NIL,The King&#39;s School in Macclesfield,Free,Nil,,0,0,665,1,Tier 3,TRUE,16871,Free
16902,Tier 3,NIL,Barham CE Primary School,Free,Nil,,0,0,145,2,Tier 4,TRUE,16902,Free
16906,Tier 2,NIL,MESSY CHURCH,Free,Nil,,0,0,64,2,Tier 5,TRUE,16906,Free
16913,Tier 3,NIL,Linden Bridge School,Free,Nil,,0,0,136,2,Tier 4,TRUE,16913,Free
16924,Tier 2,NIL,St Paul&#39;s Girls School Environmental Action Committee,Free,Nil,,0,0,50,1,Tier 5,TRUE,16924,Free
16926,Tier 1,NIL,Health Inequalities Events,Free,Nil,,0,0,23,1,Tier 5,TRUE,16926,Free
16930,Tier 2,NIL,The Hillery Family Foundation,Free,Nil,,0,0,79,2,Tier 5,TRUE,16930,Free
16961,Tier 2,NIL,Pond Meadow,Free,Nil,,0,0,56,2,Tier 5,TRUE,16961,Free
16963,Tier 2,NIL,Whinless Down Academy Trust,Free,Nil,,0,0,112,1,Tier 5,TRUE,16963,Free
16984,Tier 4,NIL,SLIS,Free,Nil,,0,0,569,1,Tier 3,TRUE,16984,Free
16988,Tier 1,NIL,Devonshire Secondhand Uniform,Free,Nil,,0,0,14,1,Tier 5,TRUE,16988,Free
17006,Tier 3,NIL,Wellacre Careers Fair,Free,Nil,,0,0,257,1,Tier 4,TRUE,17006,Free
17012,Tier 1,NIL,Property Chats - Crawley,Free,Nil,,0,0,12,2,Tier 5,TRUE,17012,Free
17021,Tier 3,NIL,University of Nottingham Innovation Park,Free,Nil,,0,0,157,2,Tier 4,TRUE,17021,Free
17036,Tier 2,NIL,A Bridge Apart,Free,Nil,,0,0,96,1,Tier 5,TRUE,17036,Free
17044,Tier 3,NIL,Parks and Countryside team,Free,Nil,,0,0,257,2,Tier 4,TRUE,17044,Free
17046,Tier 4,NIL,The Judd School,Free,Nil,,0,0,600,1,Tier 3,TRUE,17046,Free
17047,Tier 2,NIL,Tintinhull Drama Group,Free,Nil,,0,0,96,1,Tier 5,TRUE,17047,Free
17059,Tier 1,NIL,Lancaster City Council,Free,Nil,,0,0,23,1,Tier 5,TRUE,17059,Free
17074,Tier 1,NIL,Stephen Poleon,Free,Nil,,0,0,15,1,Tier 5,TRUE,17074,Free
17098,Tier 1,NIL,AOUP,Free,Nil,,0,0,13,1,Tier 5,TRUE,17098,Free
17117,Tier 1,NIL,Hyndburn &amp; Ribble Valley CVS,Free,Nil,,0,0,36,1,Tier 5,TRUE,17117,Free
17186,Tier 1,NIL,Bender UK,Free,Nil,,0,0,37,1,Tier 5,TRUE,17186,Free
17226,Tier 1,NIL,Anord Mardix,Free,Nil,,0,0,19,1,Tier 5,TRUE,17226,Free
17231,Tier 3,NIL,Brett Speed,Free,Nil,,0,0,328,2,Tier 4,TRUE,17231,Free
17281,Tier 3,NIL,St Gildas,Free,Nil,,0,0,319,2,Tier 4,TRUE,17281,Free
17289,Tier 2,NIL,Polish Family Association,Free,Nil,,0,0,51,2,Tier 5,TRUE,17289,Free
17307,Tier 2,NIL,New Holland Primary School,Free,Nil,,0,0,39,2,Tier 5,TRUE,17307,Free
17318,Tier 2,NIL,Josephine Davis,Free,Nil,,0,0,83,1,Tier 5,TRUE,17318,Free
17323,Tier 1,NIL,Chorley Council - Housing Options,Free,Nil,,0,0,25,1,Tier 5,TRUE,17323,Free
17330,Tier 2,NIL,Penrith Quaker Meeting,Free,Nil,,0,0,42,1,Tier 5,TRUE,17330,Free
17343,Tier 3,NIL,Culford School - Music Department,Free,Nil,,0,0,283,2,Tier 4,TRUE,17343,Free
17344,Tier 3,NIL,Jack WIlkinson,Free,Nil,,0,0,284,2,Tier 4,TRUE,17344,Free
17382,Tier 3,NIL,Badminton School,Free,Nil,,0,0,167,1,Tier 4,TRUE,17382,Free
17388,Tier 1,NIL,Carlisle Diocese Renewal Retreat,Free,Nil,,0,0,30,1,Tier 5,TRUE,17388,Free
17408,Tier 2,NIL,Armitstead events,Free,Nil,,0,0,56,2,Tier 5,TRUE,17408,Free
17472,Tier 2,NIL,CLIP community led inclusion partnership,Free,Nil,,0,0,114,2,Tier 5,TRUE,17472,Free
17473,Tier 3,NIL,Bressingham Primary School,Free,Nil,,0,0,165,1,Tier 4,TRUE,17473,Free
17493,Tier 2,NIL,LSE Estates Division,Free,Nil,,0,0,99,1,Tier 5,TRUE,17493,Free
17496,Tier 2,NIL,JezSFCIC,Free,Nil,,0,0,38,2,Tier 5,TRUE,17496,Free
17517,Tier 1,NIL,Ceremonies by Fleur,Free,Nil,,0,0,13,1,Tier 5,TRUE,17517,Free
17524,Tier 3,NIL,The Granville School,Free,Nil,,0,0,386,1,Tier 4,TRUE,17524,Free
17544,Tier 2,NIL,Abby Wilson,Free,Nil,,0,0,60,2,Tier 5,TRUE,17544,Free
17631,Tier 3,NIL,West Horndon Primary School,Free,Nil,,0,0,176,1,Tier 4,TRUE,17631,Free
17636,Tier 3,NIL,lanah,Free,Nil,,0,0,128,1,Tier 4,TRUE,17636,Free
17637,Tier 2,NIL,Prestwich Ju-Jitsu Club,Free,Nil,,0,0,39,1,Tier 5,TRUE,17637,Free
17640,Tier 1,NIL,Wyre Forest Youth for Christ,Free,Nil,,0,0,19,2,Tier 5,TRUE,17640,Free
17679,Tier 4,NIL,Home-Start Omagh District HOOP,Free,Nil,,0,0,499,2,Tier 3,TRUE,17679,Free
17680,Tier 1,NIL,Fram Creativity,Free,Nil,,0,0,19,1,Tier 5,TRUE,17680,Free
17682,Tier 3,NIL,Capgemini UK,Free,Nil,,0,0,246,1,Tier 4,TRUE,17682,Free
17687,Tier 1,NIL,Obsessive Recessive Roots CIC,Free,Nil,,0,0,26,1,Tier 5,TRUE,17687,Free
17696,Tier 4,NIL,Medway NHS Foundation Trust,Free,Nil,,0,0,709,2,Tier 3,TRUE,17696,Free
17719,Tier 4,NIL,Essentially Medical,Free,Nil,,0,0,445,2,Tier 3,TRUE,17719,Free
17745,Tier 2,NIL,UOM Film,Free,Nil,,0,0,124,1,Tier 5,TRUE,17745,Free
17755,Tier 3,NIL,Up Up &amp; Away,Free,Nil,,0,0,363,2,Tier 4,TRUE,17755,Free
17776,Tier 1,NIL,Flight of the Dragonfly,Free,Nil,,0,0,27,1,Tier 5,TRUE,17776,Free
17780,Tier 1,NIL,South Devon Herd Book Society,Free,Nil,,0,0,12,1,Tier 5,TRUE,17780,Free
17823,Tier 2,NIL,St Michaels PTFA,Free,Nil,,0,0,114,1,Tier 5,TRUE,17823,Free
17851,Tier 2,NIL,Sheffield Socials,Free,Nil,,0,0,109,2,Tier 5,TRUE,17851,Free
17875,Tier 3,NIL,1hart1mind1future,Free,Nil,,0,0,218,2,Tier 4,TRUE,17875,Free
17885,Tier 3,NIL,The HCPC,Free,Nil,,0,0,340,1,Tier 4,TRUE,17885,Free
17892,Tier 2,NIL,Friends of Longridge Library,Free,Nil,,0,0,43,1,Tier 5,TRUE,17892,Free
17893,Tier 4,NIL,Chislehurst &amp; Sidcup Grammar School,Free,Nil,,0,0,550,2,Tier 3,TRUE,17893,Free
17904,Tier 4,NIL,Work,Free,Nil,,0,0,425,1,Tier 3,TRUE,17904,Free
17905,Tier 2,NIL,Banstead Prep,Free,Nil,,0,0,99,2,Tier 5,TRUE,17905,Free
17922,Tier 3,NIL,Helping Hands PTA,Free,Nil,,0,0,240,1,Tier 4,TRUE,17922,Free
17941,Tier 3,NIL,Leominster Wassail,Free,Nil,,0,0,323,2,Tier 4,TRUE,17941,Free
17943,Tier 1,NIL,The George Community Pub,Free,Nil,,0,0,15,1,Tier 5,TRUE,17943,Free
17959,Tier 1,NIL,Arts &amp; Heritage at Horizon Youth Zone,Free,Nil,,0,0,30,1,Tier 5,TRUE,17959,Free
17982,Tier 3,NIL,JAGS Prep Ticket Bookings,Free,Nil,,0,0,160,1,Tier 4,TRUE,17982,Free
17990,Tier 3,NIL,Dedworth Middle School,Free,Nil,,0,0,280,1,Tier 4,TRUE,17990,Free
17996,Tier 1,NIL,Rainbow Turtle,Free,Nil,,0,0,16,1,Tier 5,TRUE,17996,Free
18001,Tier 2,NIL,Denise Community CVS,Free,Nil,,0,0,124,1,Tier 5,TRUE,18001,Free
18015,Tier 1,NIL,RSPCA Woodside,Free,Nil,,0,0,17,2,Tier 5,TRUE,18015,Free
18019,Tier 3,NIL,Wetherby Pembridge Performing Arts,Free,Nil,,0,0,178,1,Tier 4,TRUE,18019,Free
18026,Tier 2,NIL,WAF123,Free,Nil,,0,0,117,2,Tier 5,TRUE,18026,Free
18029,Tier 1,NIL,The Old Rectory - Handsworth,Free,Nil,,0,0,29,1,Tier 5,TRUE,18029,Free
18039,Tier 2,NIL,Arkholme CofE Priamry School PTFA,Free,Nil,,0,0,63,1,Tier 5,TRUE,18039,Free
18052,Tier 3,NIL,Aghalee Village Hall,Free,Nil,,0,0,137,1,Tier 4,TRUE,18052,Free
18091,Tier 2,NIL,JessJames13,Free,Nil,,0,0,104,1,Tier 5,TRUE,18091,Free
18127,Tier 3,NIL,Thorns Community Infant School,Free,Nil,,0,0,330,1,Tier 4,TRUE,18127,Free
18130,Tier 4,NIL,Newbarns Primary School,Free,Nil,,0,0,426,1,Tier 3,TRUE,18130,Free
18160,Tier 3,NIL,Collegiate School,Free,Nil,,0,0,206,2,Tier 4,TRUE,18160,Free
18188,Tier 2,NIL,Great Walstead School,Free,Nil,,0,0,41,2,Tier 5,TRUE,18188,Free
18191,Key Account,NIL,Channel Talent,Free,Nil,,0,0,6626,2,Tier 1,TRUE,18191,Free
18199,Tier 3,NIL,Wellstead Primary,Free,Nil,,0,0,188,1,Tier 4,TRUE,18199,Free
18204,Tier 2,NIL,Pedaltastic,Free,Nil,,0,0,40,2,Tier 5,TRUE,18204,Free
18232,Tier 3,NIL,St Mary&#39;s CE First School,Free,Nil,,0,0,300,1,Tier 4,TRUE,18232,Free
18233,Tier 3,NIL,Ripley St Thomas KPO,Free,Nil,,0,0,397,1,Tier 4,TRUE,18233,Free
18275,Tier 3,NIL,Mill Hill School Christmas Concert,Free,Nil,,0,0,335,1,Tier 4,TRUE,18275,Free
18278,Tier 3,NIL,Miss Earle,Free,Nil,,0,0,172,1,Tier 4,TRUE,18278,Free
18279,Tier 2,NIL,GuildfordFAS,Free,Nil,,0,0,47,2,Tier 5,TRUE,18279,Free
18281,Tier 3,NIL,The Topsham School,Free,Nil,,0,0,266,1,Tier 4,TRUE,18281,Free
18283,Tier 3,NIL,ssaalkhobar,Free,Nil,,0,0,326,2,Tier 4,TRUE,18283,Free
18290,Tier 2,NIL,London Churchill College,Free,Nil,,0,0,95,2,Tier 5,TRUE,18290,Free
18292,Tier 3,NIL,SciTech Graduate School,Free,Nil,,0,0,165,1,Tier 4,TRUE,18292,Free
18329,Tier 4,NIL,Stanwix,Free,Nil,,0,0,633,2,Tier 3,TRUE,18329,Free
18342,Tier 1,NIL,Lowick & District Agricultural Show,Free,Nil,,0,0,29,2,Tier 5,TRUE,18342,Free
18353,Tier 2,NIL,University of Nottingham,Free,Nil,,0,0,104,2,Tier 5,TRUE,18353,Free
18359,Tier 1,NIL,The Baby Bank,Free,Nil,,0,0,14,2,Tier 5,TRUE,18359,Free
18361,Tier 3,NIL,Cwmffrwdoer,Free,Nil,,0,0,274,1,Tier 4,TRUE,18361,Free
18384,Tier 2,NIL,HamerConcert,Free,Nil,,0,0,91,1,Tier 5,TRUE,18384,Free
18485,Tier 3,NIL,Kinship Activites,Free,Nil,,0,0,143,1,Tier 4,TRUE,18485,Free
18494,Tier 4,NIL,Colai Events,Free,Nil,,0,0,685,2,Tier 3,TRUE,18494,Free
18506,Tier 3,NIL,Olive Clothing Limited,Free,Nil,,0,0,193,2,Tier 4,TRUE,18506,Free
18545,Tier 3,NIL,St Patrick’s PS,Free,Nil,,0,0,139,1,Tier 4,TRUE,18545,Free
18548,Tier 2,NIL,Aurora Kvízy,Free,Nil,,0,0,121,2,Tier 5,TRUE,18548,Free
18555,Tier 3,NIL,BBSRC DTP Team,Free,Nil,,0,0,188,2,Tier 4,TRUE,18555,Free
18569,Tier 1,NIL,St Neot&#39;s Prep School,Free,Nil,,0,0,13,2,Tier 5,TRUE,18569,Free
1857,Tier 2,Tier 2,Ashwell Primary School,Free,Tier 5,,0,114.02,87,8,Tier 5,TRUE,1857,Free
18591,Tier 1,NIL,Biz mates,Free,Nil,,0,0,30,2,Tier 5,TRUE,18591,Free
18605,Key Account,NIL,Babcock International - Devonport,Free,Nil,,0,0,10391,1,Tier 1,TRUE,18605,Free
18607,Tier 2,NIL,Lancaster Faculty of Science and Technology,Free,Nil,,0,0,121,2,Tier 5,TRUE,18607,Free
18696,Tier 1,NIL,St Albans High School for Girls Admissions,Free,Nil,,0,0,31,1,Tier 5,TRUE,18696,Free
18702,Tier 1,NIL,Delta: Poetry  Prose and Performance,Free,Nil,,0,0,10,2,Tier 5,TRUE,18702,Free
18751,Tier 4,NIL,Bay Youth Project,Free,Nil,,0,0,456,1,Tier 3,TRUE,18751,Free
18792,Tier 2,NIL,Elizabeth’s Tuition Centre,Free,Nil,,0,0,44,1,Tier 5,TRUE,18792,Free
18796,Tier 2,NIL,Blundells SFC/PAPAYA,Free,Nil,,0,0,65,1,Tier 5,TRUE,18796,Free
18823,Tier 4,NIL,Coventry School Foundation,Free,Nil,,0,0,628,1,Tier 3,TRUE,18823,Free
18842,Tier 4,NIL,Orpington Chinese Language School,Free,Nil,,0,0,448,1,Tier 3,TRUE,18842,Free
18869,Tier 3,NIL,Yarm School,Free,Nil,,0,0,128,1,Tier 4,TRUE,18869,Free
18885,Tier 3,NIL,Old Vicarage School,Free,Nil,,0,0,146,1,Tier 4,TRUE,18885,Free
18897,Tier 1,NIL,Miss Griffiths,Free,Nil,,0,0,20,1,Tier 5,TRUE,18897,Free
18902,Tier 3,NIL,Free HCS,Free,Nil,,0,0,131,1,Tier 4,TRUE,18902,Free
18970,Tier 3,NIL,AnjanaSamajUK,Free,Nil,,0,0,195,1,Tier 4,TRUE,18970,Free
18986,Tier 1,NIL,Clean Slate Clinic,Free,Nil,,0,0,20,1,Tier 5,TRUE,18986,Free
18989,Tier 2,NIL,Ellie Barrett,Free,Nil,,0,0,40,1,Tier 5,TRUE,18989,Free
1900,Tier 4,Tier 3,Three Left Feet,Free,Tier 4,,0,174.25,486,3,Tier 3,TRUE,1900,Free
19006,Tier 2,NIL,Friends of Kingsfold Library,Free,Nil,,0,0,62,1,Tier 5,TRUE,19006,Free
19036,Tier 2,NIL,SMUS-GCSE,Free,Nil,,0,0,60,1,Tier 5,TRUE,19036,Free
19045,Tier 3,NIL,ACMMovement,Free,Nil,,0,0,182,1,Tier 4,TRUE,19045,Free
19066,Tier 1,NIL,Swim England,Free,Nil,,0,0,23,1,Tier 5,TRUE,19066,Free
19114,Tier 1,NIL,Better Travel Photography,Free,Nil,,0,0,23,1,Tier 5,TRUE,19114,Free
19118,Tier 3,NIL,TEDxDulwich College Youth,Free,Nil,,0,0,154,1,Tier 4,TRUE,19118,Free
19122,Tier 3,NIL,Salusbury Primary School,Free,Nil,,0,0,211,1,Tier 4,TRUE,19122,Free
19125,Tier 1,NIL,Brentor Events,Free,Nil,,0,0,22,1,Tier 5,TRUE,19125,Free
19127,Tier 3,NIL,Music of Life,Free,Nil,,0,0,161,1,Tier 4,TRUE,19127,Free
19166,Tier 1,NIL,St Annes PSA,Free,Nil,,0,0,19,1,Tier 5,TRUE,19166,Free
19200,Tier 1,NIL,Brimena Creatives Ltd,Free,Nil,,0,0,12,1,Tier 5,TRUE,19200,Free
19223,Tier 1,NIL,New Road,Free,Nil,,0,0,28,1,Tier 5,TRUE,19223,Free
19258,Tier 1,NIL,Steyning Parish Church Children&#39;s &amp; Families Events,Free,Nil,,0,0,21,1,Tier 5,TRUE,19258,Free
19266,Tier 2,NIL,Guernsey Youth Housing,Free,Nil,,0,0,38,1,Tier 5,TRUE,19266,Free
19289,Tier 1,NIL,Bhagwati Shakti Peeth,Free,Nil,,0,0,18,1,Tier 5,TRUE,19289,Free
19294,Tier 2,NIL,Tiffin Music Department,Free,Nil,,0,0,108,1,Tier 5,TRUE,19294,Free
19296,Tier 3,NIL,Sunninghill and Ascot Parish Council,Free,Nil,,0,0,215,1,Tier 4,TRUE,19296,Free
19310,Tier 2,NIL,Volunteer Recruitment at Alder Hey,Free,Nil,,0,0,54,1,Tier 5,TRUE,19310,Free
19336,Tier 3,NIL,St Philomena&#39;s School,Free,Nil,,0,0,150,1,Tier 4,TRUE,19336,Free
19344,Tier 2,NIL,40 Plus Cycling Club,Free,Nil,,0,0,73,1,Tier 5,TRUE,19344,Free
19374,Tier 3,NIL,Moulsford School,Free,Nil,,0,0,382,1,Tier 4,TRUE,19374,Free
19395,Tier 2,NIL,Oral Health,Free,Nil,,0,0,46,1,Tier 5,TRUE,19395,Free
19412,Tier 3,NIL,Canterbury Desi Residence,Free,Nil,,0,0,147,1,Tier 4,TRUE,19412,Free
19417,Tier 3,NIL,Judd Sixth Form,Free,Nil,,0,0,214,1,Tier 4,TRUE,19417,Free
19420,Tier 1,NIL,ASHW T1 Log Book/Training day 5th July,Free,Nil,,0,0,16,1,Tier 5,TRUE,19420,Free
19426,Tier 1,NIL,West Sussex Music,Free,Nil,,0,0,13,1,Tier 5,TRUE,19426,Free
19438,Tier 2,NIL,Desi Gradinarova,Free,Nil,,0,0,78,1,Tier 5,TRUE,19438,Free
19472,Tier 1,NIL,Jo Wells,Free,Nil,,0,0,30,1,Tier 5,TRUE,19472,Free
19478,Tier 2,NIL,The Snow Queen,Free,Nil,,0,0,60,1,Tier 5,TRUE,19478,Free
19509,Tier 2,NIL,Ness Castle Primary,Free,Nil,,0,0,65,1,Tier 5,TRUE,19509,Free
19520,Tier 1,NIL,Fraser House Hub,Free,Nil,,0,0,30,1,Tier 5,TRUE,19520,Free
1954,Tier 4,Tier 4,King's School Worcester,Free,Tier 5,,0,768.61,422,6,Tier 3,TRUE,1954,Free
19569,Tier 3,NIL,OCLS,Free,Nil,,0,0,140,1,Tier 4,TRUE,19569,Free
19574,Tier 1,NIL,MaitreyaSutton,Free,Nil,,0,0,26,1,Tier 5,TRUE,19574,Free
19580,Tier 1,NIL,Rossendale Community First Responders,Free,Nil,,0,0,30,1,Tier 5,TRUE,19580,Free
19583,Tier 1,NIL,Beiter Hit Miss,Free,Nil,,0,0,23,1,Tier 5,TRUE,19583,Free
19587,Tier 2,NIL,Gareth Hanson - Director of Musical Performance,Free,Nil,,0,0,85,1,Tier 5,TRUE,19587,Free
19597,Tier 2,NIL,St Edmunds School,Free,Nil,,0,0,49,1,Tier 5,TRUE,19597,Free
19620,Tier 2,NIL,NAS Lancaster and Morecambe,Free,Nil,,0,0,60,1,Tier 5,TRUE,19620,Free
19633,Tier 1,NIL,lucascunha24,Free,Nil,,0,0,21,1,Tier 5,TRUE,19633,Free
19657,Tier 2,NIL,Limestone Pavement Partnership,Free,Nil,,0,0,41,1,Tier 5,TRUE,19657,Free
19674,Tier 2,NIL,Serendipity Brides,Free,Nil,,0,0,88,1,Tier 5,TRUE,19674,Free
19699,Tier 1,NIL,Garstang Walking Football CLub,Free,Nil,,0,0,26,1,Tier 5,TRUE,19699,Free
19719,Tier 3,NIL,Moulsham High School - AK,Free,Nil,,0,0,323,1,Tier 4,TRUE,19719,Free
19724,Tier 1,NIL,Joseph Earl,Free,Nil,,0,0,30,1,Tier 5,TRUE,19724,Free
19754,Tier 1,NIL,Bloom Digitally,Free,Nil,,0,0,17,1,Tier 5,TRUE,19754,Free
19792,Tier 2,NIL,The Elms PSA,Free,Nil,,0,0,100,1,Tier 5,TRUE,19792,Free
19796,Tier 2,NIL,The Salvation Army Public Affairs,Free,Nil,,0,0,72,1,Tier 5,TRUE,19796,Free
19840,Tier 1,NIL,Anthony Sayer Lodge,Free,Nil,,0,0,11,1,Tier 5,TRUE,19840,Free
19847,Tier 1,NIL,Grace,Free,Nil,,0,0,16,1,Tier 5,TRUE,19847,Free
19851,Tier 1,NIL,Ulverston Resilience Group CIC,Free,Nil,,0,0,24,1,Tier 5,TRUE,19851,Free
19853,Tier 1,NIL,Evie,Free,Nil,,0,0,14,1,Tier 5,TRUE,19853,Free
19859,Tier 1,NIL,Northern Lights Early Years Stronger Practice Hub,Free,Nil,,0,0,21,1,Tier 5,TRUE,19859,Free
19861,Tier 2,NIL,Villa &amp; Proud,Free,Nil,,0,0,42,1,Tier 5,TRUE,19861,Free
19879,Tier 2,NIL,ElizabethAllisonmarplehallschool,Free,Nil,,0,0,89,1,Tier 5,TRUE,19879,Free
19886,Tier 1,NIL,Property Chat Rugby,Free,Nil,,0,0,23,1,Tier 5,TRUE,19886,Free
19934,Tier 1,NIL,University of Nottingham Technical Sustainable Working Group,Free,Nil,,0,0,34,1,Tier 5,TRUE,19934,Free
19936,Tier 2,NIL,REACHout EYSPH,Free,Nil,,0,0,98,1,Tier 5,TRUE,19936,Free
19938,Tier 3,NIL,Dunottar School Events,Free,Nil,,0,0,130,1,Tier 4,TRUE,19938,Free
19988,Tier 2,NIL,Economic Development,Free,Nil,,0,0,98,1,Tier 5,TRUE,19988,Free
200,Tier 4,Tier 4,Nottingham High School Drama Department,Free,Free,,0,0,1087,11,Tier 3,TRUE,200,Free
20004,Tier 3,NIL,The EYSWSPH,Free,Nil,,0,0,163,1,Tier 4,TRUE,20004,Free
20005,Tier 1,NIL,The Barn Nursery School,Free,Nil,,0,0,32,1,Tier 5,TRUE,20005,Free
20027,Tier 1,NIL,Stardust Banchory,Free,Nil,,0,0,13,1,Tier 5,TRUE,20027,Free
20037,Tier 1,NIL,Vicki and Joes Strictly Fundraising,Free,Nil,,0,0,24,1,Tier 5,TRUE,20037,Free
20038,Tier 1,NIL,East Midlands Early Years Stronger Practice Hub,Free,Nil,,0,0,31,1,Tier 5,TRUE,20038,Free
20045,Tier 1,NIL,Just4FunBouncyCastles,Free,Nil,,0,0,26,1,Tier 5,TRUE,20045,Free
20115,Tier 1,NIL,Etal Village Show,Free,Nil,,0,0,10,1,Tier 5,TRUE,20115,Free
20166,Tier 1,NIL,Knight Farming Ltd,Free,Nil,,0,0,11,1,Tier 5,TRUE,20166,Free
20188,Tier 1,NIL,Sustainable Carlisle,Free,Nil,,0,0,11,1,Tier 5,TRUE,20188,Free
20241,Tier 1,NIL,TheLongRest,Free,Nil,,0,0,14,1,Tier 5,TRUE,20241,Free
206,Tier 3,Tier 3,Nottingham High School Admissions,Free,Free,,0,0,345,7,Tier 4,TRUE,206,Free
2202,Tier 2,Tier 2,Heywood Prep,Free,Free,,0,0,52,4,Tier 5,TRUE,2202,Free
2446,Tier 4,Tier 4,Portsmouth High School,Free,Tier 2,,0,6824.96,13,6,Tier 3,TRUE,2446,Free
2485,Tier 1,Tier 3,Beaconside - Mr Glynn,Free,Free,,0,0,11,6,Tier 5,TRUE,2485,Free
2563,Tier 1,NIL,Lancashire Business Growth Ltd,Free,Nil,,0,8.75,10,5,Tier 5,TRUE,2563,Free
2585,Tier 3,Tier 3,The New Beacon,Free,Free,,0,0,407,7,Tier 4,TRUE,2585,Free
2643,Tier 3,Tier 3,Konsortia,Free,Tier 5,,0,0.5,127,6,Tier 4,TRUE,2643,Free
2691,Tier 3,Tier 2,Environment Agency CEMR Team,Free,Free,,0,0,207,6,Tier 4,TRUE,2691,Free
2713,Tier 3,Tier 3,Wood Street Mission,Free,Tier 5,,0,29.58,183,3,Tier 4,TRUE,2713,Free
2758,High Value,High Value,Bute House Preparatory School,Free,Free,,0,0,3856,7,Tier 2,TRUE,2758,Free
2765,Tier 2,Tier 3,Grow Traffic,Free,Tier 5,,0,12.62,119,5,Tier 5,TRUE,2765,Free
2770,Tier 3,Tier 3,Anti Racist Cumbria,Free,Tier 5,,0,735.01,179,7,Tier 4,TRUE,2770,Free
2789,Tier 1,Tier 3,Environment Agency Kent and South London,Free,Free,,0,0,21,6,Tier 5,TRUE,2789,Free
2824,Tier 4,Tier 3,St James Senior Boys' School,Free,Free,,0,0,491,6,Tier 3,TRUE,2824,Free
2846,Tier 3,Tier 3,Environment Agency Wessex Area,Free,Free,,0,0,402,5,Tier 4,TRUE,2846,Free
2872,Tier 3,Tier 3,Caritas Care,Free,Tier 5,,0,4.87,204,7,Tier 4,TRUE,2872,Free
2912,Tier 1,Tier 2,LUMS EiR,Free,Tier 5,,0,37.46,29,4,Tier 5,TRUE,2912,Free
2962,Tier 2,NIL,OKHC,Free,Nil,,0,0,44,2,Tier 5,TRUE,2962,Free
2971,Tier 2,Tier 3,EA Yorkshire,Free,Free,,0,0,106,5,Tier 5,TRUE,2971,Free
2972,Tier 2,Tier 1,EA East Anglia,Free,Free,,0,0,74,4,Tier 5,TRUE,2972,Free
3124,Tier 4,Tier 4,Dartmoor National Park Authority,Free,Free,,0,0,917,6,Tier 3,TRUE,3124,Free
3134,Tier 3,Tier 3,St Mary's Calne,Free,Free,,0,0,238,5,Tier 4,TRUE,3134,Free
3191,Tier 3,Tier 3,Sompting Community Church,Free,Free,,0,0,273,6,Tier 4,TRUE,3191,Free
3203,Tier 2,Tier 3,IEF,Free,Free,,0,0,116,6,Tier 5,TRUE,3203,Free
3257,Tier 3,Tier 4,CRT,Free,Free,,0,0,326,6,Tier 4,TRUE,3257,Free
3266,Tier 4,Tier 4,Lancaster University - Stakeholder Relations and Events,Free,Free,,0,0,978,5,Tier 3,TRUE,3266,Free
3271,Tier 3,Tier 2,Trinity Church Everton,Free,Free,,0,0,210,6,Tier 4,TRUE,3271,Free
3304,Tier 3,Tier 4,Mill Hill Open Morning,Free,Free,,0,0,173,5,Tier 4,TRUE,3304,Free
3475,Tier 3,Tier 2,Meads Farm,Free,Free,,0,0,131,5,Tier 4,TRUE,3475,Free
3533,Tier 4,Tier 4,Cornhill Farm,Free,Free,,0,0,1486,5,Tier 3,TRUE,3533,Free
3570,Tier 1,NIL,Ardo Christmas Trees,Free,Nil,,0,0,17,3,Tier 5,TRUE,3570,Free
3628,Tier 3,Tier 3,Rock House Farm,Free,Free,,0,0,180,5,Tier 4,TRUE,3628,Free
3629,Tier 3,Tier 4,Chase farm,Free,Free,,0,0,237,4,Tier 4,TRUE,3629,Free
3632,Tier 2,Tier 2,Greenhills Farming,Free,Free,,0,0,68,5,Tier 5,TRUE,3632,Free
3720,High Value,Tier 4,Newhouse Farm,Free,Free,,0,0,2342,6,Tier 2,TRUE,3720,Free
3749,Tier 1,NIL,Argae Cottage,Free,Nil,,0,0,28,3,Tier 5,TRUE,3749,Free
375,Tier 4,Tier 4,Hazelwood School,Free,Free,,0,0,807,10,Tier 3,TRUE,375,Free
3753,Tier 2,Tier 2,Awnells Farm,Free,Free,,0,0,48,3,Tier 5,TRUE,3753,Free
3778,Tier 1,NIL,The Bromborough Estate,Free,Nil,,0,0,22,2,Tier 5,TRUE,3778,Free
3787,Tier 3,NIL,Hatton Manor Farm,Free,Nil,,0,0,223,2,Tier 4,TRUE,3787,Free
3795,Tier 3,Tier 3,Kypie Farm,Free,Free,,0,0,256,5,Tier 4,TRUE,3795,Free
3808,Tier 3,Tier 3,Fresh Futures,Free,Tier 5,,0,7.08,173,4,Tier 4,TRUE,3808,Free
4067,Tier 4,Tier 3,Diocese of Carlisle - Ministry Development,Free,Tier 5,,0,58.92,482,6,Tier 3,TRUE,4067,Free
4125,Tier 4,Tier 4,ActionCOACH UK,Free,Tier 5,,0,1683.75,111,6,Tier 3,TRUE,4125,Free
4328,Tier 2,NIL,Six Connections,Free,Nil,,0,0.62,75,4,Tier 5,TRUE,4328,Free
4333,Tier 3,Tier 3,Members Who Lunch,Free,Free,,0,0,205,5,Tier 4,TRUE,4333,Free
434,Tier 4,Tier 4,Trent Repertory Company  Trent College,Free,Free,,0,0,1039,10,Tier 3,TRUE,434,Free
4403,Key Account,Key Account,Berkshire College of Agriculture,Free,Free,,0,0,9420,6,Tier 1,TRUE,4403,Free
4451,Tier 1,Tier 1,Sound Bridge Concert Series,Free,Tier 5,,0,73.05,14,5,Tier 5,TRUE,4451,Free
4485,Tier 4,Tier 3,NET Academies Trust,Free,Tier 5,,0,295.75,512,5,Tier 3,TRUE,4485,Free
4516,Tier 3,Tier 3,SSA London & Gatwick,Free,Free,,0,0,250,6,Tier 4,TRUE,4516,Free
4517,Tier 3,Tier 3,Lady Eleanor Holles Junior School,Free,Tier 5,,0,35.71,293,6,Tier 4,TRUE,4517,Free
4571,Tier 1,Tier 2,Sandy Secondary School,Free,Free,,0,0,17,2,Tier 5,TRUE,4571,Free
4723,Tier 4,Tier 4,Whitmore High School,Free,Tier 4,,0,575.2,1148,5,Tier 3,TRUE,4723,Free
4773,Tier 3,Tier 3,Belmont,Free,Free,,0,0,306,5,Tier 4,TRUE,4773,Free
478,Tier 2,Tier 2,Warminster School,Free,Free,,0,0,119,6,Tier 5,TRUE,478,Free
4795,Tier 1,NIL,Rowan Preparatory School,Free,Nil,,0,0,25,4,Tier 5,TRUE,4795,Free
4887,Tier 4,Tier 4,NHIJS,Free,Free,,0,0,1694,6,Tier 3,TRUE,4887,Free
4918,Tier 4,Tier 4,Edge Grove School,Free,Tier 4,,0,5286.77,823,5,Tier 3,TRUE,4918,Free
4980,Tier 1,Tier 3,Durston House School,Free,Free,,0,0,18,5,Tier 5,TRUE,4980,Free
5067,Tier 1,Tier 2,Space and Clarity Coaching Ltd,Free,Free,,0,0,37,4,Tier 5,TRUE,5067,Free
5100,Tier 3,Tier 3,Freemantles Prospective Parent Visits,Free,Free,,0,0,230,5,Tier 4,TRUE,5100,Free
5171,Tier 2,Tier 3,Lauren Brennan,Free,Free,,0,0,44,4,Tier 5,TRUE,5171,Free
520,Tier 4,Tier 4,Trent College Music Department,Free,Free,,0,0,1648,9,Tier 3,TRUE,520,Free
5344,Tier 3,Tier 2,Raven Creative,Free,Free,,0,0,209,2,Tier 4,TRUE,5344,Free
5346,Tier 3,Tier 2,Woodard Schools,Free,Free,,0,0,185,5,Tier 4,TRUE,5346,Free
5479,Tier 2,Tier 2,Penrith Industrial BID,Free,Tier 5,,0,2.96,55,5,Tier 5,TRUE,5479,Free
5590,High Value,High Value,St Helen's School,Free,Free,,0,0,2268,5,Tier 2,TRUE,5590,Free
5600,High Value,High Value,Habs' Music School,Free,Free,,0,0,4509,5,Tier 2,TRUE,5600,Free
5640,Tier 4,Tier 4,Gresham's Prep School Account,Free,Free,,0,0,1256,5,Tier 3,TRUE,5640,Free
5673,Tier 3,Tier 3,Cambridge IVF,Free,Free,,0,0,396,5,Tier 4,TRUE,5673,Free
5689,Tier 4,Tier 3,Southend High School for Girls,Free,Free,,0,0,894,4,Tier 3,TRUE,5689,Free
5719,Tier 4,NIL,Farmeco Community Care,Free,Nil,,0,0,517,2,Tier 3,TRUE,5719,Free
5723,High Value,High Value,Whitgift School,Free,Free,,0,0,2464,5,Tier 2,TRUE,5723,Free
5733,Tier 4,Tier 3,Overton Farm Shop,Free,Free,,0,0,1062,4,Tier 3,TRUE,5733,Free
5742,Tier 4,Tier 4,Peacock Farm,Free,Free,,0,0,1104,5,Tier 3,TRUE,5742,Free
5747,Tier 3,NIL,Endfield Farm,Free,Nil,,0,0,172,2,Tier 4,TRUE,5747,Free
5815,Tier 4,Tier 4,Marlborough House Vinehall School Toddler Groups,Free,Free,,0,0,792,5,Tier 3,TRUE,5815,Free
5841,Tier 3,Tier 2,Visit Northumberland,Free,Free,,0,0,145,5,Tier 4,TRUE,5841,Free
5869,Tier 2,Tier 3,Events Together Ltd,Free,Tier 5,,0,130.62,47,5,Tier 5,TRUE,5869,Free
5881,Tier 3,NIL,New Hall Farm Ltd,Free,Nil,,0,0,171,2,Tier 4,TRUE,5881,Free
6010,Tier 1,Tier 2,Samantha Gargett,Free,Free,,0,0,35,4,Tier 5,TRUE,6010,Free
6017,Tier 3,Tier 4,Starting Well Partnership,Free,Free,,0,0,225,5,Tier 4,TRUE,6017,Free
6071,Tier 3,Tier 3,Grayrigg School,Free,Tier 5,,0,6.96,275,3,Tier 4,TRUE,6071,Free
6075,Tier 4,Tier 4,Academia Allegro,Free,Free,,0,0,827,4,Tier 3,TRUE,6075,Free
6129,Tier 2,Tier 3,Belmont,Free,Free,,0,0,44,4,Tier 5,TRUE,6129,Free
6182,Tier 4,Tier 4,Burlington House School,Free,Free,,0,0,1164,5,Tier 3,TRUE,6182,Free
6235,Tier 3,NIL,Anglican Mission in England,Free,Nil,,0,0,172,2,Tier 4,TRUE,6235,Free
6253,Tier 2,Tier 2,Lindsey Hickson,Free,Free,,0,0,74,5,Tier 5,TRUE,6253,Free
6355,Tier 3,Tier 2,Environment Agency - National Navigation Team,Free,Free,,0,0,155,5,Tier 4,TRUE,6355,Free
6391,Tier 4,Tier 4,Dame Allan's Schools,Free,Free,,0,0,649,5,Tier 3,TRUE,6391,Free
6425,Tier 3,Tier 1,Buildwas Holy Trinity,Free,Tier 5,,0,20.96,191,5,Tier 4,TRUE,6425,Free
6484,Tier 1,Tier 1,Catechism team Holy Ghost Balham,Free,Free,,0,0,23,5,Tier 5,TRUE,6484,Free
653,Tier 3,Tier 3,Business @ Rovers,Free,Tier 5,,0,9.63,308,6,Tier 4,TRUE,653,Free
6637,Tier 3,Tier 4,Music Department  Ripley St Thomas,Free,Tier 4,,0,423.46,94,4,Tier 4,TRUE,6637,Free
6968,Tier 3,Tier 3,King's House Nursery,Free,Free,,0,0,218,5,Tier 4,TRUE,6968,Free
6972,Tier 3,Tier 3,Hexham Holiday Club,Free,Free,,0,0,130,5,Tier 4,TRUE,6972,Free
7008,Tier 2,Tier 2,Laura Gibson,Free,Tier 5,,0,22.38,122,3,Tier 5,TRUE,7008,Free
703,Tier 4,NIL,Felcourt Farm,Free,Nil,,0,0,449,3,Tier 3,TRUE,703,Free
7055,Tier 4,Tier 4,Eastwick Schools,Free,Free,,0,0,1963,5,Tier 3,TRUE,7055,Free
7064,Tier 3,Tier 4,Mill Hill School - Tom's Tours and Talks,Free,Free,,0,0,293,4,Tier 4,TRUE,7064,Free
7101,Tier 1,Tier 3,Vinehall Boarding,Free,Free,,0,0,20,4,Tier 5,TRUE,7101,Free
7111,Tier 4,Tier 4,Royal Russell School,Free,Free,,0,0,1275,5,Tier 3,TRUE,7111,Free
7159,Tier 2,Tier 2,Gosford Hill School,Free,Free,,0,0,100,4,Tier 5,TRUE,7159,Free
7189,Tier 4,Tier 4,North Devon Homes,Free,Free,,0,0,1013,4,Tier 3,TRUE,7189,Free
7286,Tier 3,Tier 3,Thames Valley HOG,Free,Tier 4,,0,414.75,303,4,Tier 4,TRUE,7286,Free
7305,Tier 2,Tier 4,Girlguiding,Free,Free,,0,0,79,3,Tier 5,TRUE,7305,Free
7398,Tier 1,NIL,Experience Guildford,Free,Nil,,0,0,18,3,Tier 5,TRUE,7398,Free
7443,Tier 4,Tier 4,RGSW Careers,Free,Free,,0,0,661,3,Tier 3,TRUE,7443,Free
7474,Tier 3,Tier 2,Marie Curie,Free,Free,,0,0,238,4,Tier 4,TRUE,7474,Free
7479,Tier 4,NIL,Hartpury Open Farm Sunday,Free,Nil,,0,0,1702,2,Tier 3,TRUE,7479,Free
7508,Tier 1,Tier 1,Lancaster City Council,Free,Free,,0,0,31,2,Tier 5,TRUE,7508,Free
7519,Tier 4,Tier 4,Willowdene Farm,Free,Free,,0,0,833,4,Tier 3,TRUE,7519,Free
7610,Tier 3,Tier 3,Broxtowe Womens Project,Free,Free,,0,0,370,4,Tier 4,TRUE,7610,Free
7674,Tier 4,Tier 3,Lancaster University Management School,Free,Free,,0,0,1058,3,Tier 3,TRUE,7674,Free
7721,Tier 2,Tier 2,Wimbledon High Junior School,Free,Free,,0,0,84,4,Tier 5,TRUE,7721,Free
7725,Tier 2,Tier 3,J & J Clark and sons,Free,Free,,0,0,113,4,Tier 5,TRUE,7725,Free
7770,Tier 4,Tier 4,Woking High School,Free,Free,,0,0,1054,4,Tier 3,TRUE,7770,Free
7815,Tier 1,Tier 2,Jane Lambert Powerhouse Ballet,Free,Free,,0,0,35,3,Tier 5,TRUE,7815,Free
7839,Tier 1,Tier 1,UKSE - No2W,Free,Free,,0,0,37,4,Tier 5,TRUE,7839,Free
7870,Tier 3,Tier 4,The Uspire Group,Free,Tier 5,,0,7.58,273,3,Tier 4,TRUE,7870,Free
791,Tier 3,Tier 3,Trent College,Free,Tier 5,,0,726.42,195,8,Tier 4,TRUE,791,Free
7910,Tier 3,Tier 2,LOCALiQ,Free,Free,,0,0,196,4,Tier 4,TRUE,7910,Free
7918,High Value,High Value,Hall Hunter Partnership (Farming),Free,Free,,0,0,3559,3,Tier 2,TRUE,7918,Free
7965,Tier 1,Tier 1,Churches Together in Cumbria,Free,Free,,0,0,11,3,Tier 5,TRUE,7965,Free
7982,Tier 4,Tier 4,Rydes Hill School,Free,Tier 5,,0,221.37,1264,4,Tier 3,TRUE,7982,Free
8010,Tier 3,Tier 3,St. Piran's School,Free,Free,,0,0,348,4,Tier 4,TRUE,8010,Free
8027,Tier 3,Tier 3,Lodge Farm,Free,Tier 5,,0,0.38,312,3,Tier 4,TRUE,8027,Free
8044,Tier 2,Tier 2,The BTRC,Free,Tier 5,,0,0.37,114,3,Tier 5,TRUE,8044,Free
8061,Tier 3,Tier 3,Monkton Events,Free,Tier 5,,0,158.59,30,3,Tier 4,TRUE,8061,Free
8096,Tier 1,Tier 4,Warwick School,Free,Free,,0,0,17,3,Tier 5,TRUE,8096,Free
8103,Tier 3,Tier 3,Lyonsdown School,Free,Free,,0,0,206,3,Tier 4,TRUE,8103,Free
8120,Tier 3,Tier 3,Thornington Farm,Free,Free,,0,0,150,3,Tier 4,TRUE,8120,Free
8130,Tier 4,Tier 4,Costow Farm Produce,Free,Tier 5,,0,12.5,498,3,Tier 3,TRUE,8130,Free
8183,Tier 1,NIL,NMC,Free,Nil,,0,0,17,3,Tier 5,TRUE,8183,Free
8204,Tier 2,Tier 2,Stack Field Farm,Free,Free,,0,0,50,3,Tier 5,TRUE,8204,Free
8242,Tier 3,Tier 3,Hardenclough Farm,Free,Free,,0,0,218,4,Tier 4,TRUE,8242,Free
8245,High Value,High Value,Reading Blue Coat School Admissions,Free,Free,,0,0,3755,4,Tier 2,TRUE,8245,Free
8419,Tier 4,Tier 4,Lower Wangfield Farm,Free,Tier 5,,0,17.5,1838,3,Tier 3,TRUE,8419,Free
8487,Tier 2,NIL,SPS Christian Union,Free,Nil,,0,0,68,3,Tier 5,TRUE,8487,Free
8504,Tier 2,Tier 2,Darussalam Youth,Free,Tier 5,,0,68.58,115,3,Tier 5,TRUE,8504,Free
8555,Tier 3,Tier 3,Sir John Talbot's School,Free,Tier 5,,0,196.46,170,3,Tier 4,TRUE,8555,Free
8572,Tier 4,Tier 4,St Peter & St Paul's RC Primary School,Free,Free,,0,0,524,4,Tier 3,TRUE,8572,Free
8579,Tier 1,NIL,Jacquelyn Frith-crofts,Free,Nil,,0,0,23,1,Tier 5,TRUE,8579,Free
8596,Tier 4,Tier 4,Enterprising Cumbria,Free,Free,,0,0,667,4,Tier 3,TRUE,8596,Free
8670,Tier 4,Tier 4,George Heriot's,Free,Free,,0,0,733,4,Tier 3,TRUE,8670,Free
8695,Tier 3,Tier 3,Review Meetings - Freemantles School,Free,Free,,0,0,288,4,Tier 4,TRUE,8695,Free
8729,Tier 2,Tier 2,Thirsty Thursday,Free,Free,,0,0,115,4,Tier 5,TRUE,8729,Free
8779,Tier 4,Tier 4,Gerald Group,Free,Free,,0,0,572,3,Tier 3,TRUE,8779,Free
8839,Tier 3,Tier 3,Baby Massage,Free,Free,,0,0,369,4,Tier 4,TRUE,8839,Free
886,Tier 3,Tier 3,Inspire  Youth Zone Chorley,Free,Tier 5,,0,11.25,155,8,Tier 4,TRUE,886,Free
8888,Tier 3,Tier 3,Lancaster City Council-Climate Emergency,Free,Free,,0,0,243,4,Tier 4,TRUE,8888,Free
8909,Tier 4,Tier 4,Lancaster City Council,Free,Free,,0,0,900,2,Tier 3,TRUE,8909,Free
8914,Tier 3,Tier 4,Members' Pathway Working Party,Free,Free,,0,0,396,3,Tier 4,TRUE,8914,Free
8946,Tier 3,Tier 2,Humber Teaching NHS Foundation Trust,Free,Free,,0,0,151,4,Tier 4,TRUE,8946,Free
8957,Tier 3,Tier 3,Highfields Primary School,Free,Free,,0,0,209,3,Tier 4,TRUE,8957,Free
8969,Tier 4,Tier 3,1decision Ltd,Free,Free,,0,0,446,4,Tier 3,TRUE,8969,Free
8973,Tier 2,Tier 3,FASS KE and Engagement Team Events,Free,Free,,0,0,109,4,Tier 5,TRUE,8973,Free
8975,Tier 2,Tier 4,1 HART 1 MIND 1 FUTURE,Free,Tier 5,,0,78.23,83,3,Tier 5,TRUE,8975,Free
8984,Tier 4,Tier 4,Egerton CP School,Free,Free,,0,0,476,4,Tier 3,TRUE,8984,Free
9025,Tier 3,Tier 2,Humber Teaching NHS FT,Free,Free,,0,0,363,3,Tier 4,TRUE,9025,Free
9037,High Value,High Value,Ryan Theatre  Harrow School,Free,Free,,0,0,2832,4,Tier 2,TRUE,9037,Free
9061,Tier 3,Tier 2,Kendal Parish Church,Free,Free,,0,0,145,4,Tier 4,TRUE,9061,Free
9157,Tier 4,Tier 4,Bloxham School presents,Free,Free,,0,0,711,4,Tier 3,TRUE,9157,Free
9177,Tier 3,Tier 3,The Salvation Army South East Division,Free,Free,,0,0,258,4,Tier 4,TRUE,9177,Free
9245,Tier 3,Tier 3,Broughton Hall Sixth Form,Free,Free,,0,0,353,3,Tier 4,TRUE,9245,Free
9252,Tier 3,NIL,NHSCT,Free,Nil,,0,0,130,2,Tier 4,TRUE,9252,Free
9261,Tier 4,Tier 4,School of Medicine Engagement,Free,Free,,0,0,600,4,Tier 3,TRUE,9261,Free
9262,Tier 2,NIL,Visit Eden team  Westmorland and Furness Council,Free,Nil,,0,0,45,2,Tier 5,TRUE,9262,Free
9275,Tier 1,Tier 2,The Criminology Team,Free,Free,,0,0,21,3,Tier 5,TRUE,9275,Free
9282,Tier 1,Tier 3,Iskcon Milton Keynes,Free,Free,,0,0,15,3,Tier 5,TRUE,9282,Free
9303,Tier 2,Tier 2,Dundee City Centre Management,Free,Free,,0,0,73,3,Tier 5,TRUE,9303,Free
9313,Tier 3,Tier 3,Health Innovation Campus  Lancaster University,Free,Free,,0,0,140,4,Tier 4,TRUE,9313,Free
9319,High Value,High Value,St George's Weybridge,Free,Free,,0,0,2559,4,Tier 2,TRUE,9319,Free
9339,Tier 4,High Value,Safeguarding & Chidren in Care Team,Free,Free,,0,0,798,4,Tier 3,TRUE,9339,Free
9364,Tier 1,NIL,Paint and Rejuvenate,Free,Nil,,0,0,19,3,Tier 5,TRUE,9364,Free
9368,Tier 1,Tier 2,RHUL Maths,Free,Free,,0,0,36,4,Tier 5,TRUE,9368,Free
9369,High Value,High Value,St Andrew's CE Primary School,Free,Free,,0,0,3043,4,Tier 2,TRUE,9369,Free
9388,High Value,High Value,Bradford Grammar School,Free,Free,,0,0,3493,4,Tier 2,TRUE,9388,Free
9392,Tier 2,Tier 4,Student Services (Sixth Form),Free,Free,,0,0,104,4,Tier 5,TRUE,9392,Free
9417,Tier 4,Tier 4,UON Corporate Events,Free,Free,,0,0,1019,4,Tier 3,TRUE,9417,Free
9419,Tier 2,Tier 3,EsmorieMiller,Free,Free,,0,0,119,4,Tier 5,TRUE,9419,Free
9423,High Value,High Value,ISKCON Birmingham,Free,Free,,0,0,2999,4,Tier 2,TRUE,9423,Free
9428,Tier 3,Tier 4,Lancaster University Confucius Institute,Free,Free,,0,0,147,4,Tier 4,TRUE,9428,Free
9471,Tier 4,Tier 4,Oakgrove Sixth Form,Free,Free,,0,0,1564,3,Tier 3,TRUE,9471,Free
9477,High Value,High Value,Guildford County School,Free,Free,,0,0,3400,4,Tier 2,TRUE,9477,Free
9479,Tier 2,Tier 3,Himz Boutique,Free,Free,,0,0,75,3,Tier 5,TRUE,9479,Free
9499,Tier 2,Tier 2,Daniel Skinner,Free,Free,,0,0,73,3,Tier 5,TRUE,9499,Free
9501,Tier 3,Tier 4,Kent Music,Free,Free,,0,0,368,4,Tier 4,TRUE,9501,Free
9503,Tier 4,Tier 4,CDPG,Free,Free,,0,0,1776,4,Tier 3,TRUE,9503,Free
9521,Tier 4,Tier 2,Lancaster City Council,Free,Free,,0,0,861,4,Tier 3,TRUE,9521,Free
9528,Tier 4,Tier 3,Bennett,Free,Free,,0,0,601,3,Tier 3,TRUE,9528,Free
9548,Tier 3,Tier 3,First Mortgage,Free,Free,,0,0,283,4,Tier 4,TRUE,9548,Free
955,Tier 1,Tier 2,Alleyns Upper School Games,Free,Free,,0,0,21,8,Tier 5,TRUE,955,Free
9569,Tier 4,Tier 4,St James the Greater Church  Leicester,Free,Free,,0,0,539,4,Tier 3,TRUE,9569,Free
9591,Tier 1,Tier 2,MH LDA Collaborative Programme,Free,Free,,0,0,15,3,Tier 5,TRUE,9591,Free
9631,Tier 4,Tier 4,HNYHCP Mental Health  Learning Disabilities & Autism Collab,Free,Free,,0,0,753,4,Tier 3,TRUE,9631,Free
9654,Tier 4,Tier 3,RKE Hartpury,Free,Free,,0,0,591,4,Tier 3,TRUE,9654,Free
9655,Tier 3,Tier 4,RFDance,Free,Free,,0,0,333,3,Tier 4,TRUE,9655,Free
9658,Tier 3,NIL,RFDance Atherton Academy,Free,Nil,,0,0,145,3,Tier 4,TRUE,9658,Free
9691,Tier 3,Tier 4,Windsor  Eton and Ascot Town Partnership,Free,Free,,0,0,198,3,Tier 4,TRUE,9691,Free
9736,Tier 2,Tier 3,Great Bookham Belles WI,Free,Tier 4,,0,153.5,35,2,Tier 5,TRUE,9736,Free
9789,Tier 2,Tier 2,Paul Nichols,Free,Free,,0,0,82,4,Tier 5,TRUE,9789,Free
9790,Tier 4,Tier 4,UHNM,Free,Free,,0,0,439,4,Tier 3,TRUE,9790,Free
9817,Tier 4,Tier 4,Barfield Prep School,Free,Free,,0,0,874,3,Tier 3,TRUE,9817,Free
9865,Tier 2,NIL,Aravinda,Free,Nil,,0,0,57,2,Tier 5,TRUE,9865,Free
9880,Tier 1,Tier 1,Lindsay Frew BwD,Free,Free,,0,0,23,3,Tier 5,TRUE,9880,Free
9919,Tier 1,Tier 3,Pendle Social Cinema,Free,Free,,0,0,14,3,Tier 5,TRUE,9919,Free
10,NIL,NIL,St Aloysius College  Sydney.,Nil,Nil,,0,72,0,1,Nil,FALSE,10,Nil
100,NIL,NIL,Account Deleted,Nil,Nil,,0,1.5,0,2,Nil,FALSE,100,Nil
10008,NIL,NIL,Hinckley conservatives,Nil,Nil,,0,0,0,2,Nil,FALSE,10008,Nil
10014,NIL,NIL,FI Glasgow,Nil,Nil,,0,0,0,1,Nil,FALSE,10014,Nil
10019,NIL,NIL,Ashcroft 94,Nil,Nil,,0,41.25,0,1,Nil,FALSE,10019,Nil
1002,NIL,NIL,Deekabout Ceramics,Nil,Nil,,0,4.67,0,1,Nil,FALSE,1002,Nil
10026,NIL,NIL,Cradley CE Primary School,Nil,Nil,,0,0,0,1,Nil,FALSE,10026,Nil
10037,NIL,NIL,Directors Hour,Nil,Nil,,0,30,0,2,Nil,FALSE,10037,Nil
10040,NIL,NIL,FOPPS,Nil,Nil,,0,0,0,1,Nil,FALSE,10040,Nil
10042,NIL,NIL,Pilgrim Pastor,Nil,Nil,,0,0,0,2,Nil,FALSE,10042,Nil
10057,NIL,NIL,ADOR@BLE,Nil,Nil,,0,1768.87,0,1,Nil,FALSE,10057,Nil
10059,NIL,Tier 1,Norreys Church,Nil,Free,,0,0,0,2,Nil,FALSE,10059,Nil
10072,NIL,Tier 4,Greenlands' Arenas,Nil,Tier 3,,0,1649.29,0,2,Nil,FALSE,10072,Nil
1008,NIL,NIL,Free Rangers Forest School Holiday Club,Nil,Nil,,0,307.83,0,2,Nil,FALSE,1008,Nil
10081,NIL,NIL,The Security Institute,Nil,Nil,,0,127.75,0,1,Nil,FALSE,10081,Nil
10084,NIL,NIL,MSJ Yr13 celebration,Nil,Nil,,0,149.63,0,2,Nil,FALSE,10084,Nil
10088,NIL,NIL,Film London,Nil,Nil,,0,0,0,1,Nil,FALSE,10088,Nil
1009,NIL,NIL,FannyHyde Productions,Nil,Nil,,0,20.42,0,1,Nil,FALSE,1009,Nil
10092,NIL,NIL,Asher Steenhoff,Nil,Nil,,0,141.25,0,2,Nil,FALSE,10092,Nil
10098,NIL,NIL,Ysgol Gymraeg Bro Morgannwg,Nil,Nil,,0,0,0,1,Nil,FALSE,10098,Nil
101,NIL,NIL,Merchant Taylors' Old Girls' Association,Nil,Nil,,0,24.75,0,2,Nil,FALSE,101,Nil
1010,NIL,NIL,Reading School Class of 98,Nil,Nil,,0,23,0,2,Nil,FALSE,1010,Nil
10106,NIL,Tier 1,Project40Seven,Nil,Tier 5,,0,16.29,0,2,Nil,FALSE,10106,Nil
10107,NIL,NIL,Morecambe and Lunesdale Labour,Nil,Nil,,0,44.42,0,2,Nil,FALSE,10107,Nil
1011,NIL,NIL,5th Generation,Nil,Nil,,0,0,0,1,Nil,FALSE,1011,Nil
10125,NIL,NIL,Account Deleted,Nil,Nil,,0,0,0,1,Nil,FALSE,10125,Nil
10128,NIL,NIL,Long Service Awards,Nil,Nil,,0,0,0,2,Nil,FALSE,10128,Nil
10129,NIL,NIL,BNI Cumbria,Nil,Nil,,0,23.96,0,2,Nil,FALSE,10129,Nil
1014,NIL,Tier 3,We do HR Limited,Nil,Tier 4,,0,687.42,0,7,Nil,FALSE,1014,Nil
10146,NIL,Tier 3,London Filming Partnership,Nil,Free,,0,0,0,2,Nil,FALSE,10146,Nil
10148,NIL,NIL,Nicole Neolove,Nil,Nil,,0,1,0,1,Nil,FALSE,10148,Nil
10152,NIL,NIL,JJ,Nil,Nil,,0,0,0,1,Nil,FALSE,10152,Nil
10158,NIL,NIL,OPUS 48 CHOIR,Nil,Nil,,0,0,0,1,Nil,FALSE,10158,Nil
1016,NIL,NIL,Faith in Business,Nil,Nil,,0,615.8,0,3,Nil,FALSE,1016,Nil
10160,NIL,NIL,Lydd Town Football Club,Nil,Nil,,0,0.62,0,1,Nil,FALSE,10160,Nil
10163,NIL,Tier 1,Lancaster University,Nil,Free,,0,0,0,1,Nil,FALSE,10163,Nil
10172,NIL,NIL,Stuart,Nil,Nil,,0,0,0,1,Nil,FALSE,10172,Nil
10173,NIL,NIL,Clinical Research Network Yorkshire &amp; Humber,Nil,Nil,,0,0,0,2,Nil,FALSE,10173,Nil
10175,NIL,NIL,University of York,Nil,Nil,,0,0,0,1,Nil,FALSE,10175,Nil
10177,NIL,Tier 3,Jam Crack,Nil,Tier 5,,0,168.71,0,3,Nil,FALSE,10177,Nil
10180,NIL,Tier 3,Camp Bereka,Nil,Tier 5,,0,100.25,0,1,Nil,FALSE,10180,Nil
10181,NIL,NIL,Barlborough Primary School PTA,Nil,Nil,,0,0,0,1,Nil,FALSE,10181,Nil
10195,NIL,Tier 3,Forsyth Bros Ltd,Nil,Free,,0,0,0,1,Nil,FALSE,10195,Nil
1020,NIL,Tier 1,The Kings Trust  Yorkshire and The Humber,Nil,Free,,0,0,5,8,Nil,FALSE,1020,Nil
10206,NIL,NIL,Christie &amp; Ben Wedding,Nil,Nil,,0,111.71,0,1,Nil,FALSE,10206,Nil
10213,NIL,NIL,UHD Bank,Nil,Nil,,0,0,0,1,Nil,FALSE,10213,Nil
10214,NIL,Tier 1,Birchall,Nil,Tier 5,,0,49.13,0,1,Nil,FALSE,10214,Nil
10216,NIL,NIL,Stacy Procter,Nil,Nil,,0,0,0,1,Nil,FALSE,10216,Nil
1022,NIL,NIL,Acrimony  Hoax and Grody,Nil,Nil,,0,0.96,0,1,Nil,FALSE,1022,Nil
10222,NIL,NIL,VidiGo,Nil,Nil,,0,9.51,0,1,Nil,FALSE,10222,Nil
10224,NIL,Tier 1,Wendover Friends of Guiding,Nil,Tier 5,,0,15,0,2,Nil,FALSE,10224,Nil
10229,NIL,NIL,Hartlepool Carers,Nil,Nil,,0,0,0,1,Nil,FALSE,10229,Nil
1023,NIL,NIL,Burgundys Wine Bar,Nil,Nil,,0,12.46,0,2,Nil,FALSE,1023,Nil
10232,NIL,NIL,Dementia team,Nil,Nil,,0,0,0,1,Nil,FALSE,10232,Nil
10239,NIL,NIL,Centre for People-Led Digitalisation,Nil,Nil,,0,0,0,1,Nil,FALSE,10239,Nil
10240,NIL,Tier 1,Miss Molly,Nil,Tier 5,,0,46.67,0,1,Nil,FALSE,10240,Nil
10255,NIL,NIL,Glitter and Groove,Nil,Nil,,0,115.5,0,1,Nil,FALSE,10255,Nil
10258,NIL,NIL,Llamas in Pyjamas at The Three Cups,Nil,Nil,,0,35.38,0,1,Nil,FALSE,10258,Nil
1026,NIL,NIL,Lancaster Millennium Choir,Nil,Nil,,0,80.42,0,3,Nil,FALSE,1026,Nil
10264,NIL,NIL,Library Teaching,Nil,Nil,,0,0,0,1,Nil,FALSE,10264,Nil
10265,NIL,Tier 2,Fantasia Orchestra,Nil,Tier 5,,0,240.33,0,1,Nil,FALSE,10265,Nil
10266,NIL,Tier 1,Rose Harvey,Nil,Free,,0,0,0,1,Nil,FALSE,10266,Nil
10267,NIL,NIL,Think Before You Post Session,Nil,Nil,,0,0,0,1,Nil,FALSE,10267,Nil
10274,NIL,NIL,kentdale Programme Team,Nil,Nil,,0,6.62,0,1,Nil,FALSE,10274,Nil
10275,NIL,Tier 2,Frodsham Highfield Male Voice Choir,Nil,Tier 5,,0,31.04,0,1,Nil,FALSE,10275,Nil
10282,NIL,Tier 3,Holy Trinity Kendal Parish Church,Nil,Free,,0,0,0,2,Nil,FALSE,10282,Nil
10285,NIL,NIL,Account Deleted,Nil,Nil,,0,0,0,1,Nil,FALSE,10285,Nil
1029,NIL,NIL,Enhanced Facial,Nil,Nil,,0,0,0,1,Nil,FALSE,1029,Nil
10291,NIL,Tier 4,Lancaster City Council,Nil,Free,,0,0,0,2,Nil,FALSE,10291,Nil
10292,NIL,NIL,RSCM,Nil,Nil,,0,0,0,1,Nil,FALSE,10292,Nil
1030,NIL,NIL,Ron Campbell Photography,Nil,Nil,,0,43.59,0,1,Nil,FALSE,1030,Nil
10308,NIL,NIL,Caton and Brookhouse Community Hub,Nil,Nil,,0,0,0,1,Nil,FALSE,10308,Nil
1032,NIL,NIL,PERRY,Nil,Nil,,0,0,0,2,Nil,FALSE,1032,Nil
10320,NIL,Tier 2,events,Nil,Tier 5,,0,57.83,0,1,Nil,FALSE,10320,Nil
10322,NIL,NIL,Lisa Forshaw PR,Nil,Nil,,0,110,0,1,Nil,FALSE,10322,Nil
10327,NIL,NIL,iron59,Nil,Nil,,0,0,0,1,Nil,FALSE,10327,Nil
1033,NIL,NIL,Kendrick Parents' Society,Nil,Nil,,0,207.75,0,4,Nil,FALSE,1033,Nil
10333,NIL,NIL,Tiffin School - Yr 7 Admissions Tours,Nil,Nil,,0,0,0,1,Nil,FALSE,10333,Nil
10335,NIL,High Value,Tiffin School,Nil,Tier 5,,0,35.5,0,1,Nil,FALSE,10335,Nil
10341,NIL,Tier 3,Events and Partnerships  University of Bradford,Nil,Free,,0,0,0,1,Nil,FALSE,10341,Nil
10349,NIL,Tier 2,NHS Humber Teaching,Nil,Free,,0,0,0,1,Nil,FALSE,10349,Nil
10353,NIL,NIL,Wiltshire Council,Nil,Nil,,0,0,0,1,Nil,FALSE,10353,Nil
10362,NIL,Tier 1,Craig Sutton,Nil,Tier 5,,0,17.54,0,1,Nil,FALSE,10362,Nil
10364,NIL,Tier 1,Kaleidoscopes LGBTQ,Nil,Free,,0,0,0,1,Nil,FALSE,10364,Nil
1037,NIL,NIL,Account Deleted,Nil,Nil,,0,105.25,0,3,Nil,FALSE,1037,Nil
10373,NIL,Tier 4,Inspire Youth Zone,Nil,Tier 5,,0,31.02,0,1,Nil,FALSE,10373,Nil
1038,NIL,NIL,Parafest,Nil,Nil,,0,982.27,0,2,Nil,FALSE,1038,Nil
10380,NIL,NIL,Hilary Newhall,Nil,Nil,,0,3.54,0,1,Nil,FALSE,10380,Nil
10384,NIL,Tier 3,St Margaret&#39;s  Putney,Nil,Tier 5,,0,0.42,0,1,Nil,FALSE,10384,Nil
10392,NIL,Tier 2,Moulton Fun Run,Nil,Tier 5,,0,38.09,0,1,Nil,FALSE,10392,Nil
104,NIL,NIL,Laura Doran,Nil,Nil,,0,71.75,0,1,Nil,FALSE,104,Nil
10400,NIL,NIL,Hilton Party on the Park,Nil,Nil,,0,22.83,0,1,Nil,FALSE,10400,Nil
10403,NIL,Tier 1,10th Chippenham Scout Group,Nil,Tier 5,,0,20.33,0,1,Nil,FALSE,10403,Nil
10404,NIL,Tier 3,Millys Jolly Jacobs Farm,Nil,Tier 5,,0,247.46,0,1,Nil,FALSE,10404,Nil
10405,NIL,Tier 1,Tao Digital Marketing,Nil,Tier 5,,0,34.13,0,1,Nil,FALSE,10405,Nil
10408,NIL,NIL,Eye Film,Nil,Nil,,0,29.54,0,1,Nil,FALSE,10408,Nil
1041,NIL,NIL,KlezNorth,Nil,Nil,,0,68.62,0,2,Nil,FALSE,1041,Nil
10411,NIL,NIL,Rich Brake,Nil,Nil,,0,0,0,1,Nil,FALSE,10411,Nil
10415,NIL,NIL,The Ainsdale Club,Nil,Nil,,0,17.54,0,1,Nil,FALSE,10415,Nil
10419,NIL,Tier 2,RBL Freshford &amp; WPR,Nil,Tier 5,,0,35,0,2,Nil,FALSE,10419,Nil
1042,NIL,NIL,BNI Vanguard,Nil,Nil,,0,89.23,0,3,Nil,FALSE,1042,Nil
10420,NIL,NIL,Successful Events Limited,Nil,Nil,,0,0,0,1,Nil,FALSE,10420,Nil
10424,NIL,NIL,Early Years - Brighton &amp; Hove,Nil,Nil,,0,0,0,1,Nil,FALSE,10424,Nil
10426,NIL,NIL,Dance to School,Nil,Nil,,0,0,0,1,Nil,FALSE,10426,Nil
10427,NIL,NIL,Southport Hockey Club,Nil,Nil,,0,76,0,1,Nil,FALSE,10427,Nil
10429,NIL,NIL,BCProjects,Nil,Nil,,0,12.29,0,1,Nil,FALSE,10429,Nil
1043,NIL,NIL,Lancaster,Nil,Nil,,0,0,0,1,Nil,FALSE,1043,Nil
10430,NIL,NIL,SINAPSE,Nil,Nil,,0,0,0,1,Nil,FALSE,10430,Nil
10439,NIL,Tier 1,La Zona Tropical,Nil,Tier 5,,0,25.33,2,3,Nil,FALSE,10439,Nil
10444,NIL,NIL,Arnold House School,Nil,Nil,,0,14,0,1,Nil,FALSE,10444,Nil
1045,NIL,NIL,Putney High School Careers Department,Nil,Nil,,0,0,0,1,Nil,FALSE,1045,Nil
10451,NIL,NIL,Active Health Chiropractic Clinic,Nil,Nil,,0,0,0,1,Nil,FALSE,10451,Nil
10455,NIL,Tier 2,JSWP,Nil,Free,,0,0,0,1,Nil,FALSE,10455,Nil
10457,NIL,NIL,Rotary Abingdon,Nil,Nil,,0,26.83,0,1,Nil,FALSE,10457,Nil
10458,NIL,NIL,Leamington Music,Nil,Nil,,0,11.67,0,1,Nil,FALSE,10458,Nil
1046,NIL,NIL,Fir Ends School,Nil,Nil,,0,0,0,3,Nil,FALSE,1046,Nil
10461,NIL,NIL,Flash Fringe Festival,Nil,Nil,,0,0,0,1,Nil,FALSE,10461,Nil
10464,NIL,NIL,StorySoc Drama Department,Nil,Nil,,0,0,0,1,Nil,FALSE,10464,Nil
10471,NIL,Tier 3,Mollys Little Minnows,Nil,Tier 5,,0,68.17,0,1,Nil,FALSE,10471,Nil
10478,NIL,Tier 1,North Worcester Primary Academy,Nil,Free,,0,0,0,1,Nil,FALSE,10478,Nil
1048,NIL,Tier 3,Soul Against Cancer,Nil,Tier 3,,0,715.52,0,8,Nil,FALSE,1048,Nil
10480,NIL,NIL,Simon Knight,Nil,Nil,,0,0,0,1,Nil,FALSE,10480,Nil
10482,NIL,Tier 2,Kamala&amp;Mark,Nil,Free,,0,0,0,1,Nil,FALSE,10482,Nil
10483,NIL,NIL,Sophie Campbell,Nil,Nil,,0,20.71,0,1,Nil,FALSE,10483,Nil
10485,NIL,Tier 3,Westmorland and Furness Council,Nil,Free,,0,0,0,2,Nil,FALSE,10485,Nil
10486,NIL,Tier 3,Thomas Ashton Institute for Risk and Regulatory Research,Nil,Free,,0,0,0,1,Nil,FALSE,10486,Nil
10487,NIL,Tier 2,Berkshire Chamber Music Festival,Nil,Tier 5,,0,33.96,0,1,Nil,FALSE,10487,Nil
10490,NIL,NIL,Account Deleted,Nil,Nil,,0,0,0,1,Nil,FALSE,10490,Nil
10491,NIL,Tier 2,RSCM Enterprises,Nil,Tier 5,,0,43.75,0,1,Nil,FALSE,10491,Nil
10495,NIL,Tier 2,The Universe Cafe,Nil,Tier 5,,0,42.29,0,1,Nil,FALSE,10495,Nil
10498,NIL,NIL,Lisa Darling,Nil,Nil,,0,23.85,0,1,Nil,FALSE,10498,Nil
105,NIL,NIL,Royal Masonic School Music Dept,Nil,Nil,,0,149.52,0,1,Nil,FALSE,105,Nil
1050,NIL,NIL,Hardy Soft Play Hire,Nil,Nil,,0,1212.63,0,2,Nil,FALSE,1050,Nil
10506,NIL,NIL,Wilberforce Sixth From College,Nil,Nil,,0,0,0,1,Nil,FALSE,10506,Nil
10510,NIL,Tier 2,DM Events,Nil,Free,,0,0,0,1,Nil,FALSE,10510,Nil
10512,NIL,Tier 1,YAB Devon,Nil,Free,,0,0,0,1,Nil,FALSE,10512,Nil
10513,NIL,NIL,Community Foundations of Lancashire and Merseyside,Nil,Nil,,0,26.29,0,1,Nil,FALSE,10513,Nil
10514,NIL,NIL,Juliet Rufford Holistic Healer,Nil,Nil,,0,1.79,0,1,Nil,FALSE,10514,Nil
10518,NIL,NIL,Christians in Sport,Nil,Nil,,0,0,0,1,Nil,FALSE,10518,Nil
1052,NIL,NIL,Dalton Square Florist,Nil,Nil,,0,14.5,0,2,Nil,FALSE,1052,Nil
10521,NIL,NIL,Juliana Silveira,Nil,Nil,,0,31.92,0,1,Nil,FALSE,10521,Nil
10524,NIL,NIL,Prince&#39;s Trust,Nil,Nil,,0,0,0,1,Nil,FALSE,10524,Nil
10529,NIL,NIL,VIP Team Travel Events,Nil,Nil,,0,30.08,0,1,Nil,FALSE,10529,Nil
10530,NIL,NIL,Swindon Property Chat,Nil,Nil,,0,0,0,1,Nil,FALSE,10530,Nil
10533,NIL,NIL,Lancaster University - Cyber Works,Nil,Nil,,0,0,0,1,Nil,FALSE,10533,Nil
10535,NIL,NIL,Barnsley CVS,Nil,Nil,,0,0,0,1,Nil,FALSE,10535,Nil
10541,NIL,NIL,Nelson Trust 21 March event,Nil,Nil,,0,299.13,0,1,Nil,FALSE,10541,Nil
10546,NIL,Tier 2,Westmorland &amp; Furness Commissioning,Nil,Free,,0,0,0,1,Nil,FALSE,10546,Nil
10548,NIL,NIL,SusHy CDT,Nil,Nil,,0,0,0,1,Nil,FALSE,10548,Nil
10554,NIL,NIL,Korean Supper Club,Nil,Nil,,0,18.12,0,1,Nil,FALSE,10554,Nil
10557,NIL,Tier 3,Office of Government Property,Nil,Free,,0,0,0,1,Nil,FALSE,10557,Nil
10558,NIL,Tier 2,True Funny Limited,Nil,Tier 5,,0,33.75,0,1,Nil,FALSE,10558,Nil
10561,NIL,Tier 2,Parrenthorn High School 50th,Nil,Tier 5,,0,148.92,0,1,Nil,FALSE,10561,Nil
10562,NIL,Tier 3,NHS HNY ICB Hull,Nil,Free,,0,0,0,2,Nil,FALSE,10562,Nil
1057,NIL,NIL,St Michael's C of E Primary School,Nil,Nil,,0,7.42,0,1,Nil,FALSE,1057,Nil
10573,NIL,Tier 2,MCR Connect Does…,Nil,Tier 5,,0,138.58,0,1,Nil,FALSE,10573,Nil
10575,NIL,Tier 2,Jubilee Hall,Nil,Tier 5,,0,39.75,0,1,Nil,FALSE,10575,Nil
10579,NIL,Tier 3,Childrens Homes Quality,Nil,Tier 5,,0,4.42,3,3,Nil,FALSE,10579,Nil
10585,NIL,NIL,Humber Teaching NHS Foundation Trust,Nil,Nil,,0,0,0,1,Nil,FALSE,10585,Nil
10586,NIL,NIL,Royal Alexandra and Albert School,Nil,Nil,,0,248.46,0,1,Nil,FALSE,10586,Nil
1059,NIL,NIL,UCS JB Parents Guild,Nil,Nil,,0,737.73,0,5,Nil,FALSE,1059,Nil
10591,NIL,Tier 4,St Benedict's Catholic School,Nil,Free,,0,0,0,2,Nil,FALSE,10591,Nil
10592,NIL,NIL,34th Nottingham Scouts,Nil,Nil,,0,60.59,0,1,Nil,FALSE,10592,Nil
10593,NIL,NIL,Joshua Hearson,Nil,Nil,,0,24.41,0,1,Nil,FALSE,10593,Nil
10600,NIL,Tier 4,Ewell Castle School,Nil,Tier 4,,0,219.83,0,1,Nil,FALSE,10600,Nil
10601,NIL,NIL,Friends of Kettlewell,Nil,Nil,,0,18.12,0,1,Nil,FALSE,10601,Nil
10608,NIL,NIL,Location Routes Management Ltd,Nil,Nil,,0,8.25,0,1,Nil,FALSE,10608,Nil
1061,NIL,NIL,All Saints' Singers,Nil,Nil,,0,20.87,0,3,Nil,FALSE,1061,Nil
10611,NIL,NIL,Sarah,Nil,Nil,,0,24,0,1,Nil,FALSE,10611,Nil
10612,NIL,NIL,Lpark,Nil,Nil,,0,0,0,1,Nil,FALSE,10612,Nil
10614,NIL,Tier 2,DonnellyBentley,Nil,Free,,0,0,0,1,Nil,FALSE,10614,Nil
10616,NIL,Tier 1,Kevin MacCallum,Nil,Free,,0,0,0,1,Nil,FALSE,10616,Nil
10617,NIL,Tier 3,The Longhouse,Nil,Tier 4,,0,411.67,0,2,Nil,FALSE,10617,Nil
10618,NIL,NIL,Account Deleted,Nil,Nil,,0,0,0,1,Nil,FALSE,10618,Nil
10625,NIL,Tier 3,Pitstone Memorial Hall,Nil,Tier 5,,0,145.22,0,2,Nil,FALSE,10625,Nil
10628,NIL,Tier 1,Vice-Chancellor&#39;s Office,Nil,Free,,0,0,0,1,Nil,FALSE,10628,Nil
1063,NIL,NIL,Lancaster and Fleetwood CLP,Nil,Nil,,0,58.25,0,2,Nil,FALSE,1063,Nil
10631,NIL,Tier 1,Rotary Club of Dunbar,Nil,Tier 5,,0,49.09,0,1,Nil,FALSE,10631,Nil
10632,NIL,NIL,Ian Procter,Nil,Nil,,0,29.25,0,1,Nil,FALSE,10632,Nil
10639,NIL,NIL,Children and Young People,Nil,Nil,,0,0,0,1,Nil,FALSE,10639,Nil
1064,NIL,NIL,Dentons Deli Limited,Nil,Nil,,0,3321.2,0,5,Nil,FALSE,1064,Nil
10649,NIL,Tier 1,Account Deleted,Nil,Free,,0,0,0,1,Nil,FALSE,10649,Nil
10658,NIL,Tier 1,Saltash RFC,Nil,Free,,0,0,0,1,Nil,FALSE,10658,Nil
10659,NIL,NIL,Factory,Nil,Nil,,0,22.71,0,1,Nil,FALSE,10659,Nil
10663,NIL,NIL,UoD Anime Society,Nil,Nil,,0,45.42,0,1,Nil,FALSE,10663,Nil
10664,NIL,Tier 2,BCUK NW Regional Group,Nil,Free,,0,0,6,2,Nil,FALSE,10664,Nil
10665,NIL,NIL,Florence Drouvin  University of Nottingham,Nil,Nil,,0,0,0,1,Nil,FALSE,10665,Nil
10666,NIL,NIL,Anneliese TryBooking Product,Nil,Nil,,0,0,2,2,Nil,FALSE,10666,Nil
10667,NIL,NIL,Padraic Monaghan,Nil,Nil,,0,0,0,1,Nil,FALSE,10667,Nil
10668,NIL,Tier 2,Bristol Property Chat,Nil,Free,,0,0,2,2,Nil,FALSE,10668,Nil
10669,NIL,NIL,HW4P Bristol,Nil,Nil,,0,0,0,1,Nil,FALSE,10669,Nil
10671,NIL,NIL,Account Deleted,Nil,Nil,,0,0,0,1,Nil,FALSE,10671,Nil
10672,NIL,NIL,Moore Enterprising Ltd,Nil,Nil,,0,64,0,1,Nil,FALSE,10672,Nil
10677,NIL,NIL,Iskcon Milton Keynes,Nil,Nil,,0,0,0,1,Nil,FALSE,10677,Nil
10681,NIL,Tier 1,Rachelle Poyntz,Nil,Free,,0,0,0,1,Nil,FALSE,10681,Nil
10685,NIL,Tier 3,Ruth Berkoff,Nil,Tier 5,,0,112.92,0,1,Nil,FALSE,10685,Nil
10686,NIL,NIL,Meophams,Nil,Nil,,0,0,0,1,Nil,FALSE,10686,Nil
10689,NIL,NIL,Croydon Youth Music Association,Nil,Nil,,0,42.33,0,1,Nil,FALSE,10689,Nil
1069,NIL,NIL,Belt 'N' Braces,Nil,Nil,,0,173.87,0,2,Nil,FALSE,1069,Nil
10698,NIL,NIL,Account Deleted,Nil,Nil,,0,0,0,1,Nil,FALSE,10698,Nil
1070,NIL,NIL,Lockhouse Productions,Nil,Nil,,0,21.46,0,2,Nil,FALSE,1070,Nil
10710,NIL,Tier 3,The Friends of LRGS,Nil,Tier 5,,0,221.42,0,2,Nil,FALSE,10710,Nil
10715,NIL,NIL,K Rosati,Nil,Nil,,0,0,0,1,Nil,FALSE,10715,Nil
10720,NIL,Tier 1,Cathy Oates,Nil,Tier 5,,0,6.38,0,1,Nil,FALSE,10720,Nil
10721,NIL,NIL,Nigeria Community Association in Bradford,Nil,Nil,,0,0,0,1,Nil,FALSE,10721,Nil
10722,NIL,Tier 1,TDRC,Nil,Tier 5,,0,7.65,0,1,Nil,FALSE,10722,Nil
10724,NIL,NIL,Gaitana Yantal,Nil,Nil,,0,0,0,1,Nil,FALSE,10724,Nil
10725,NIL,NIL,Account Deleted,Nil,Nil,,0,0,0,1,Nil,FALSE,10725,Nil
10728,NIL,NIL,Ultimate Health By Ellie,Nil,Nil,,0,9.88,0,1,Nil,FALSE,10728,Nil
10729,NIL,NIL,Account Deleted,Nil,Nil,,0,0,0,1,Nil,FALSE,10729,Nil
10731,NIL,Tier 3,Huddersfield Town Foundation,Nil,Free,,0,0,0,2,Nil,FALSE,10731,Nil
10732,NIL,Tier 1,TACA,Nil,Free,,0,0,0,1,Nil,FALSE,10732,Nil
10738,NIL,NIL,SCC Lancaster,Nil,Nil,,0,0,0,1,Nil,FALSE,10738,Nil
1074,NIL,NIL,Account Deleted,Nil,Nil,,0,0,0,2,Nil,FALSE,1074,Nil
10746,NIL,NIL,Joe Prince Therapy,Nil,Nil,,0,25.87,0,1,Nil,FALSE,10746,Nil
10749,NIL,Tier 1,Manchester Property Chat,Nil,Free,,0,0,0,2,Nil,FALSE,10749,Nil
10758,NIL,NIL,Saltire Financial Ltd,Nil,Nil,,0,0,0,1,Nil,FALSE,10758,Nil
10760,NIL,NIL,Woodchats Coffee Shop,Nil,Nil,,0,2.83,0,1,Nil,FALSE,10760,Nil
10766,NIL,Tier 1,School of Humanities,Nil,Free,,0,0,0,1,Nil,FALSE,10766,Nil
10769,NIL,Tier 2,Jeanette Booth,Nil,Free,,0,0,0,1,Nil,FALSE,10769,Nil
10770,NIL,NIL,Move &amp; Flow Wellness,Nil,Nil,,0,1.5,0,1,Nil,FALSE,10770,Nil
10779,NIL,NIL,Karara foods,Nil,Nil,,0,67.21,0,1,Nil,FALSE,10779,Nil
10782,NIL,NIL,Humber NHS,Nil,Nil,,0,0,0,1,Nil,FALSE,10782,Nil
10787,NIL,Tier 2,Uncovering Roman Carlisle,Nil,Free,,0,0,0,1,Nil,FALSE,10787,Nil
10788,NIL,NIL,Furness Original Productions,Nil,Nil,,0,2.98,0,1,Nil,FALSE,10788,Nil
10789,NIL,NIL,East Lancashire Chamber Of Commerce,Nil,Nil,,0,13,0,1,Nil,FALSE,10789,Nil
10791,NIL,NIL,RHSCP,Nil,Nil,,0,0,0,1,Nil,FALSE,10791,Nil
10792,NIL,NIL,Willington Carnival,Nil,Nil,,0,23.33,0,1,Nil,FALSE,10792,Nil
10801,NIL,NIL,Pure Worship,Nil,Nil,,0,0,0,1,Nil,FALSE,10801,Nil
10808,NIL,NIL,Rotary Club of Wokingham,Nil,Nil,,0,24,0,2,Nil,FALSE,10808,Nil
10809,NIL,NIL,LancsUniTOPE,Nil,Nil,,0,0,0,1,Nil,FALSE,10809,Nil
1082,NIL,NIL,Dec04 Reunion Co-ordinators,Nil,Nil,,0,31.06,0,2,Nil,FALSE,1082,Nil
10820,NIL,NIL,Cherry Tree Primary School,Nil,Nil,,0,0,0,1,Nil,FALSE,10820,Nil
10823,NIL,NIL,TEDxReigate,Nil,Nil,,0,69.79,0,1,Nil,FALSE,10823,Nil
10824,NIL,NIL,Elle Edwards Foundation,Nil,Nil,,0,0.65,0,1,Nil,FALSE,10824,Nil
10828,NIL,Tier 3,Thebestofbolton,Nil,Tier 5,,0,2.79,0,1,Nil,FALSE,10828,Nil
10830,NIL,NIL,Stretton Gala,Nil,Nil,,0,37.25,0,1,Nil,FALSE,10830,Nil
10832,NIL,NIL,Verulam Community Radio Limited,Nil,Nil,,0,0,0,1,Nil,FALSE,10832,Nil
1084,NIL,NIL,Account Deleted,Nil,Nil,,0,0,0,1,Nil,FALSE,1084,Nil
1085,NIL,NIL,Bridekirk Dovenby School,Nil,Nil,,0,230.38,0,2,Nil,FALSE,1085,Nil
10850,NIL,NIL,West5,Nil,Nil,,0,0,0,1,Nil,FALSE,10850,Nil
10853,NIL,NIL,Australian Women in London &amp; the UK Over Forty,Nil,Nil,,0,2.63,0,1,Nil,FALSE,10853,Nil
10861,NIL,NIL,The Woad Farm Project,Nil,Nil,,0,0,1,2,Nil,FALSE,10861,Nil
10865,NIL,NIL,Valuation Office Agency,Nil,Nil,,0,0,0,1,Nil,FALSE,10865,Nil
10874,NIL,NIL,Dan Wyatt,Nil,Nil,,0,48.75,0,1,Nil,FALSE,10874,Nil
10876,NIL,Tier 2,Humber &amp; North Yorkshire ICS,Nil,Free,,0,0,0,1,Nil,FALSE,10876,Nil
10880,NIL,NIL,Sheffield City Council,Nil,Nil,,0,0,0,1,Nil,FALSE,10880,Nil
10884,NIL,NIL,UoN RKE,Nil,Nil,,0,0,0,1,Nil,FALSE,10884,Nil
10898,NIL,NIL,Lee Schofield Ltd,Nil,Nil,,0,4.12,0,1,Nil,FALSE,10898,Nil
109,NIL,NIL,Michael Mears,Nil,Nil,,0,118.29,0,3,Nil,FALSE,109,Nil
1090,NIL,NIL,Infinity Images,Nil,Nil,,0,17.75,0,3,Nil,FALSE,1090,Nil
10904,NIL,NIL,St Josephs PTA,Nil,Nil,,0,0.37,0,1,Nil,FALSE,10904,Nil
10918,NIL,NIL,Rachel Selby,Nil,Nil,,0,9.58,0,1,Nil,FALSE,10918,Nil
10922,NIL,Tier 3,Alliance of Leading Learning,Nil,Tier 4,,0,301.83,0,1,Nil,FALSE,10922,Nil
10927,NIL,Tier 2,Dunottarprom2024,Nil,Tier 5,,0,222.04,0,1,Nil,FALSE,10927,Nil
10929,NIL,Tier 3,X-Press Legal Services,Nil,Tier 5,,0,136.83,0,1,Nil,FALSE,10929,Nil
10930,NIL,NIL,Good Things Collective,Nil,Nil,,0,0,0,1,Nil,FALSE,10930,Nil
10935,NIL,NIL,Aarons Book Club,Nil,Nil,,0,29.28,0,1,Nil,FALSE,10935,Nil
1094,NIL,NIL,Bransty Primary School,Nil,Nil,,0,217.24,0,2,Nil,FALSE,1094,Nil
10944,NIL,NIL,Llanelli Photographic Society,Nil,Nil,,0,20.54,0,1,Nil,FALSE,10944,Nil
1095,NIL,NIL,UCS Pre-Prep,Nil,Nil,,0,200.92,0,2,Nil,FALSE,1095,Nil
10955,NIL,Tier 1,Markland Hill Wealth,Nil,Free,,0,0,0,1,Nil,FALSE,10955,Nil
10961,NIL,Tier 1,joanne cartledge,Nil,Free,,0,0,0,1,Nil,FALSE,10961,Nil
10963,NIL,NIL,Kay Bentley,Nil,Nil,,0,1.08,0,1,Nil,FALSE,10963,Nil
10964,NIL,Tier 2,Young Music Makers London Limited,Nil,Tier 5,,0,147.7,0,2,Nil,FALSE,10964,Nil
10969,NIL,Tier 3,6 Choirs,Nil,Tier 5,,0,147.29,0,1,Nil,FALSE,10969,Nil
10976,NIL,NIL,Test booking,Nil,Nil,,0,0,0,1,Nil,FALSE,10976,Nil
10977,NIL,NIL,Grace Richardson,Nil,Nil,,0,21.33,0,1,Nil,FALSE,10977,Nil
10987,NIL,Tier 2,Heathpatch Ltd,Nil,Tier 5,,0,105,0,1,Nil,FALSE,10987,Nil
10988,NIL,NIL,BIOREME,Nil,Nil,,0,0,0,1,Nil,FALSE,10988,Nil
10993,NIL,NIL,Coaching Untrained Leaders,Nil,Nil,,0,0,0,1,Nil,FALSE,10993,Nil
10998,NIL,Tier 1,Helen Woodruff,Nil,Tier 5,,0,15.04,0,2,Nil,FALSE,10998,Nil
10999,NIL,Tier 1,Edinburgh Capital Voices Choir,Nil,Tier 5,,0,42.54,0,1,Nil,FALSE,10999,Nil
1100,NIL,NIL,Yogific,Nil,Nil,,0,1.83,0,1,Nil,FALSE,1100,Nil
11000,NIL,NIL,Becci,Nil,Nil,,0,0,0,1,Nil,FALSE,11000,Nil
11005,NIL,NIL,Claire,Nil,Nil,,0,0,0,1,Nil,FALSE,11005,Nil
11007,NIL,Tier 2,Pallant Voices,Nil,Tier 5,,0,91.88,0,1,Nil,FALSE,11007,Nil
1101,NIL,NIL,The Beacon Project,Nil,Nil,,0,0,0,3,Nil,FALSE,1101,Nil
11010,NIL,NIL,Molly Jackson,Nil,Nil,,0,4.5,0,1,Nil,FALSE,11010,Nil
11018,NIL,Tier 2,London Welsh Rugby Club Choiir,Nil,Tier 5,,0,58,0,1,Nil,FALSE,11018,Nil
11021,NIL,NIL,NEC YOUTH DEPARTMENT,Nil,Nil,,0,0,0,1,Nil,FALSE,11021,Nil
11024,NIL,Tier 1,Ashby C of E Primary,Nil,Free,,0,0,0,1,Nil,FALSE,11024,Nil
11027,NIL,NIL,CREAT-ED Consulting,Nil,Nil,,0,0,0,1,Nil,FALSE,11027,Nil
11028,NIL,NIL,CHCS,Nil,Nil,,0,0,0,1,Nil,FALSE,11028,Nil
11035,NIL,Tier 4,Prescot and Odyssey CC,Nil,Tier 3,,0,537.17,0,1,Nil,FALSE,11035,Nil
11039,NIL,Tier 3,Spring Grove Junior  Infant and Nursery School,Nil,Tier 4,,0,194.04,0,1,Nil,FALSE,11039,Nil
11040,NIL,Tier 2,Talking to the Top,Nil,Tier 5,,0,25.25,0,1,Nil,FALSE,11040,Nil
11044,NIL,Tier 4,Shakespeare in the Square,Nil,Tier 4,,0,448.04,0,1,Nil,FALSE,11044,Nil
11046,NIL,NIL,Emma Campbell,Nil,Nil,,0,0,0,1,Nil,FALSE,11046,Nil
11048,NIL,NIL,ActionCOACH Poole,Nil,Nil,,0,1.88,0,1,Nil,FALSE,11048,Nil
11050,NIL,NIL,COACH BOOKINGS TO PERRY BARR,Nil,Nil,,0,9.21,0,1,Nil,FALSE,11050,Nil
11052,NIL,NIL,Anica Rashid Events,Nil,Nil,,0,0.75,0,1,Nil,FALSE,11052,Nil
11060,NIL,Tier 3,Laura Wallace Prints Ltd,Nil,Tier 5,,0,127.75,0,1,Nil,FALSE,11060,Nil
11075,NIL,NIL,Scott - fundraiser,Nil,Nil,,0,24,0,1,Nil,FALSE,11075,Nil
11081,NIL,NIL,PCC of Abbotts Ann,Nil,Nil,,0,4.38,0,1,Nil,FALSE,11081,Nil
11082,NIL,NIL,The Self Care Summit,Nil,Nil,,0,18.04,0,1,Nil,FALSE,11082,Nil
11083,NIL,NIL,Tracey H-J,Nil,Nil,,0,0,0,1,Nil,FALSE,11083,Nil
11085,NIL,NIL,Palace Thieves,Nil,Nil,,0,7,0,1,Nil,FALSE,11085,Nil
1109,NIL,NIL,Coopers Edge School,Nil,Nil,,0,0,0,1,Nil,FALSE,1109,Nil
11092,NIL,NIL,Kitty A,Nil,Nil,,0,10.5,0,1,Nil,FALSE,11092,Nil
11118,NIL,NIL,Fun Village Funfair,Nil,Nil,,0,2.25,0,1,Nil,FALSE,11118,Nil
11122,NIL,NIL,Colden Common School Association,Nil,Nil,,0,0,0,1,Nil,FALSE,11122,Nil
11131,NIL,NIL,Syeda Nudrat,Nil,Nil,,0,0,0,1,Nil,FALSE,11131,Nil
11134,NIL,NIL,Preston Root Connections Networking,Nil,Nil,,0,2.5,0,1,Nil,FALSE,11134,Nil
11136,NIL,Tier 1,Trinity Church Scarborough,Nil,Tier 5,,0,7.97,0,1,Nil,FALSE,11136,Nil
11137,NIL,Tier 4,Kidanza Dance School,Nil,Tier 3,,0,719.13,0,1,Nil,FALSE,11137,Nil
1115,NIL,NIL,All Things Being Equal,Nil,Nil,,0,24.42,0,3,Nil,FALSE,1115,Nil
11151,NIL,NIL,Habs Art Dept,Nil,Nil,,0,0,0,1,Nil,FALSE,11151,Nil
11156,NIL,NIL,Kellie Dobson,Nil,Nil,,0,0.65,0,1,Nil,FALSE,11156,Nil
11158,NIL,Tier 4,Bisterne Farms,Nil,Free,,0,0,0,1,Nil,FALSE,11158,Nil
1116,NIL,NIL,intSchools,Nil,Nil,,0,0,0,2,Nil,FALSE,1116,Nil
11166,NIL,NIL,Bradford Theatre,Nil,Nil,,0,0,0,1,Nil,FALSE,11166,Nil
11172,NIL,NIL,ILH,Nil,Nil,,0,0,0,1,Nil,FALSE,11172,Nil
11178,NIL,Tier 2,Eccleshall Tennis Club,Nil,Tier 5,,0,25,0,1,Nil,FALSE,11178,Nil
11179,NIL,NIL,Suffolk Home Ed Trips,Nil,Nil,,0,0,0,1,Nil,FALSE,11179,Nil
1118,NIL,NIL,UW Team Events,Nil,Nil,,0,339.72,0,2,Nil,FALSE,1118,Nil
11181,NIL,Tier 1,Winterfields,Nil,Free,,0,0,0,1,Nil,FALSE,11181,Nil
11184,NIL,NIL,MyaMorgan,Nil,Nil,,0,1.88,0,1,Nil,FALSE,11184,Nil
1119,NIL,NIL,GLSW Booking,Nil,Nil,,0,454.54,0,3,Nil,FALSE,1119,Nil
11191,NIL,NIL,PTFA OAP,Nil,Nil,,0,11.67,0,1,Nil,FALSE,11191,Nil
11193,NIL,NIL,Kieran,Nil,Nil,,0,0,0,1,Nil,FALSE,11193,Nil
11194,NIL,Tier 3,Clinical Education,Nil,Free,,0,0,0,1,Nil,FALSE,11194,Nil
11198,NIL,NIL,Account Deleted,Nil,Nil,,0,0,0,1,Nil,FALSE,11198,Nil
112,NIL,NIL,Nick Mills,Nil,Nil,,0,105.42,0,4,Nil,FALSE,112,Nil
11202,NIL,Tier 3,Young Art Oxford,Nil,Free,,0,0,0,1,Nil,FALSE,11202,Nil
11209,NIL,Tier 4,Aerial Festival,Nil,Tier 4,,0,302.54,0,1,Nil,FALSE,11209,Nil
11212,NIL,High Value,Concert Theatre Works,Nil,Tier 3,,0,1347.44,0,1,Nil,FALSE,11212,Nil
11218,NIL,Tier 1,RSPSoc,Nil,Tier 5,,0,3.33,0,1,Nil,FALSE,11218,Nil
11219,NIL,NIL,The Taureans,Nil,Nil,,0,8.67,0,1,Nil,FALSE,11219,Nil
11224,NIL,NIL,Ambleside AC Juniors,Nil,Nil,,0,0,0,1,Nil,FALSE,11224,Nil
1123,NIL,NIL,LHM Fundraiser,Nil,Nil,,0,6.5,0,2,Nil,FALSE,1123,Nil
11232,NIL,Tier 4,Kelvinside Academy,Nil,Tier 3,,0,750.46,0,1,Nil,FALSE,11232,Nil
11238,NIL,Tier 2,MAP Abergavenny,Nil,Tier 5,,0,26,0,1,Nil,FALSE,11238,Nil
11242,NIL,Tier 2,Natural Kendal,Nil,Free,,0,0,0,1,Nil,FALSE,11242,Nil
11251,NIL,Tier 2,Prom2k24,Nil,Tier 5,,0,73.62,0,1,Nil,FALSE,11251,Nil
11259,NIL,Tier 1,Customer Love,Nil,Free,,0,0,0,1,Nil,FALSE,11259,Nil
11263,NIL,NIL,Careers Ideas Ltd,Nil,Nil,,0,0,0,1,Nil,FALSE,11263,Nil
11265,NIL,Tier 1,Kate Armstrong,Nil,Free,,0,0,0,1,Nil,FALSE,11265,Nil
11266,NIL,NIL,Chloe Doherty,Nil,Nil,,0,0,0,1,Nil,FALSE,11266,Nil
11272,NIL,Tier 2,HBCyouth,Nil,Free,,0,0,0,1,Nil,FALSE,11272,Nil
11279,NIL,NIL,University of Bristol Alumni Events,Nil,Nil,,0,0,0,1,Nil,FALSE,11279,Nil
1128,NIL,NIL,Note Weavers,Nil,Nil,,0,0.79,0,3,Nil,FALSE,1128,Nil
1129,NIL,NIL,Sedbergh Hart Lupton Ball,Nil,Nil,,0,243.67,0,1,Nil,FALSE,1129,Nil
11291,NIL,Tier 2,Tiso Group Ltd,Nil,Tier 5,,0,20.33,0,1,Nil,FALSE,11291,Nil
11294,NIL,NIL,Michal Kaznowski Memorial Concert,Nil,Nil,,0,0,0,1,Nil,FALSE,11294,Nil
11297,NIL,Tier 1,ActionCOACH Basingstoke,Nil,Free,,0,0,0,1,Nil,FALSE,11297,Nil
113,NIL,NIL,Alan Frank,Nil,Nil,,0,13.75,0,1,Nil,FALSE,113,Nil
1130,NIL,NIL,Donacloney Events Team,Nil,Nil,,0,3.78,0,1,Nil,FALSE,1130,Nil
11300,NIL,Tier 4,VWCUK,Nil,Tier 5,,0,75.21,0,1,Nil,FALSE,11300,Nil
11305,NIL,NIL,George Lewis Tickets,Nil,Nil,,0,22.56,0,1,Nil,FALSE,11305,Nil
11309,NIL,Tier 1,Accrington Root Connections Networking,Nil,Tier 5,,0,8.83,0,1,Nil,FALSE,11309,Nil
11311,NIL,NIL,Chaophraya Newcastle,Nil,Nil,,0,0,0,1,Nil,FALSE,11311,Nil
11314,NIL,NIL,Jukebox Band,Nil,Nil,,0,0,0,1,Nil,FALSE,11314,Nil
11315,NIL,Tier 2,Eben Hartley,Nil,Free,,0,0,0,2,Nil,FALSE,11315,Nil
11316,NIL,NIL,Jasleen Kaur,Nil,Nil,,0,0,0,1,Nil,FALSE,11316,Nil
1132,NIL,NIL,Tracy Heatley Limited,Nil,Nil,,0,124.17,0,3,Nil,FALSE,1132,Nil
11323,NIL,Tier 1,University of Strathclyde Law Clinic,Nil,Free,,0,0,0,1,Nil,FALSE,11323,Nil
11324,NIL,Tier 1,Samuel Aiyelaagbe,Nil,Free,,0,0,0,1,Nil,FALSE,11324,Nil
11326,NIL,NIL,The View Bar and Bistro,Nil,Nil,,0,4.92,0,1,Nil,FALSE,11326,Nil
11327,NIL,High Value,Vedic Society Hindu Temple,Nil,Free,,0,0,0,2,Nil,FALSE,11327,Nil
11329,NIL,Tier 3,Ewen Estill,Nil,Tier 5,,0,144.83,0,1,Nil,FALSE,11329,Nil
1133,NIL,NIL,anitatestuk,Nil,Nil,,0,0,0,1,Nil,FALSE,1133,Nil
11331,NIL,Tier 1,Miss Harris,Nil,Free,,0,0,0,1,Nil,FALSE,11331,Nil
11334,NIL,Tier 1,Event Team,Nil,Tier 5,,0,6.25,0,1,Nil,FALSE,11334,Nil
11335,NIL,NIL,Susan Finklaire,Nil,Nil,,0,0,0,1,Nil,FALSE,11335,Nil
11347,NIL,Tier 1,PollyFergie,Nil,Free,,0,0,0,1,Nil,FALSE,11347,Nil
11349,NIL,Tier 4,Sutton Grammar School,Nil,Free,,0,0,0,1,Nil,FALSE,11349,Nil
1135,NIL,NIL,IBSZ,Nil,Nil,,0,0,0,1,Nil,FALSE,1135,Nil
11351,NIL,Tier 1,PartnersHealth,Nil,Free,,0,0,0,1,Nil,FALSE,11351,Nil
11355,NIL,Tier 1,StJohnsWorkington,Nil,Tier 5,,0,9.21,0,1,Nil,FALSE,11355,Nil
11358,NIL,NIL,Shenanigans Banned,Nil,Nil,,0,0,0,1,Nil,FALSE,11358,Nil
11359,NIL,Tier 1,Dr Philip Collins,Nil,Free,,0,0,0,1,Nil,FALSE,11359,Nil
11372,NIL,Tier 3,Ulverston Golf Club Services Ltd,Nil,Tier 5,,0,89.87,0,2,Nil,FALSE,11372,Nil
11373,NIL,NIL,Account Deleted,Nil,Nil,,0,0,0,1,Nil,FALSE,11373,Nil
11375,NIL,Tier 3,Friends of Bealings School,Nil,Tier 5,,0,49.43,0,1,Nil,FALSE,11375,Nil
11383,NIL,NIL,Helen Mee,Nil,Nil,,0,0,0,1,Nil,FALSE,11383,Nil
11385,NIL,Tier 2,Colchester Oyster Fishery,Nil,Free,,0,0,0,1,Nil,FALSE,11385,Nil
11388,NIL,Tier 3,Friends Of John Stainer PTA,Nil,Free,,0,0,0,1,Nil,FALSE,11388,Nil
11395,NIL,Tier 2,Northwood Ninjas,Nil,Tier 5,,0,30.87,0,1,Nil,FALSE,11395,Nil
11407,NIL,Tier 3,Home Farm Produce,Nil,Free,,0,0,0,1,Nil,FALSE,11407,Nil
11409,NIL,Tier 2,Charity Quiz for CHAS,Nil,Tier 5,,0,96,0,1,Nil,FALSE,11409,Nil
11411,NIL,NIL,Hannah Blythe,Nil,Nil,,0,1.17,0,1,Nil,FALSE,11411,Nil
11414,NIL,Tier 3,Account Deleted,Nil,Tier 5,,0,166.08,0,1,Nil,FALSE,11414,Nil
11420,NIL,Tier 3,Coalition for Personalised Care,Nil,Free,,0,0,0,1,Nil,FALSE,11420,Nil
11423,NIL,Tier 3,Pontypridd U16s Tour 2025,Nil,Tier 5,,0,99.67,0,1,Nil,FALSE,11423,Nil
11424,NIL,Tier 2,NCA,Nil,Free,,0,0,0,1,Nil,FALSE,11424,Nil
11427,NIL,Tier 2,Wiltshire Council,Nil,Free,,0,0,0,1,Nil,FALSE,11427,Nil
11430,NIL,Tier 2,Amnesty International Sheffield,Nil,Tier 5,,0,24.53,0,1,Nil,FALSE,11430,Nil
11434,NIL,NIL,The Invisible Hearing Clinic,Nil,Nil,,0,0,0,1,Nil,FALSE,11434,Nil
11437,NIL,NIL,FASS Engagement Charlotte Stuart,Nil,Nil,,0,0,0,1,Nil,FALSE,11437,Nil
1144,NIL,NIL,Friends of Priestlands School,Nil,Nil,,0,26.26,0,2,Nil,FALSE,1144,Nil
11440,NIL,Tier 3,All Saints Church  Clayton Le Moors,Nil,Free,,0,0,0,1,Nil,FALSE,11440,Nil
11442,NIL,Tier 2,Sundey Hill Summer Schools,Nil,Free,,0,0,0,1,Nil,FALSE,11442,Nil
11443,NIL,Tier 3,Holt Art Events,Nil,Tier 5,,0,68.47,0,1,Nil,FALSE,11443,Nil
11444,NIL,Tier 4,Woodhall Estate,Nil,Free,,0,0,0,1,Nil,FALSE,11444,Nil
11446,NIL,Tier 2,Wednesday Players,Nil,Tier 5,,0,71.17,0,1,Nil,FALSE,11446,Nil
11452,NIL,Tier 2,Dunmow United FC Event,Nil,Tier 5,,0,42.54,0,1,Nil,FALSE,11452,Nil
11454,NIL,Tier 1,Ishara Press CIC,Nil,Free,,0,0,0,1,Nil,FALSE,11454,Nil
11459,NIL,Tier 4,Men Matter Scotland,Nil,Tier 3,,0,693.04,0,1,Nil,FALSE,11459,Nil
11462,NIL,Tier 2,Gosport Museum of the Sea CIC,Nil,Tier 5,,0,49.83,0,1,Nil,FALSE,11462,Nil
11464,NIL,Tier 4,Willow Tree Club ,Nil,Tier 4,,0,484.96,0,1,Nil,FALSE,11464,Nil
11465,NIL,Tier 1,Capital Concert Band,Nil,Tier 5,,0,10.04,0,1,Nil,FALSE,11465,Nil
11469,NIL,NIL,Smart Money Cymru Community Bank,Nil,Nil,,0,0,0,1,Nil,FALSE,11469,Nil
11474,NIL,Tier 2,Unique Ladies - Stockport,Nil,Tier 5,,0,35.79,0,2,Nil,FALSE,11474,Nil
11481,NIL,Tier 2,Maddie,Nil,Free,,0,0,0,1,Nil,FALSE,11481,Nil
11483,NIL,Tier 2,Moneyfields FC,Nil,Tier 5,,0,50.46,0,2,Nil,FALSE,11483,Nil
11485,NIL,High Value,LOSSIEFEST,Nil,Free,,0,0,0,1,Nil,FALSE,11485,Nil
11486,NIL,NIL,Kate Beckinsale,Nil,Nil,,0,1.18,0,1,Nil,FALSE,11486,Nil
1149,NIL,NIL,God for All,Nil,Nil,,0,0,0,3,Nil,FALSE,1149,Nil
11491,NIL,Tier 1,Scottish Jewish Heritage Centre,Nil,Tier 5,,0,1.67,0,1,Nil,FALSE,11491,Nil
11492,NIL,NIL,Carnforth Root Connections Networking,Nil,Nil,,0,1.92,0,1,Nil,FALSE,11492,Nil
11493,NIL,Tier 4,Waddesdon Estate,Nil,Free,,0,0,0,1,Nil,FALSE,11493,Nil
11497,NIL,Tier 4,British Association for Modernist Studies,Nil,Tier 3,,0,954.87,0,1,Nil,FALSE,11497,Nil
11501,NIL,Tier 3,YomHazikaron,Nil,Free,,0,0,0,1,Nil,FALSE,11501,Nil
11504,NIL,Tier 2,Dalmeny and Queensferry Church,Nil,Tier 5,,0,36.59,0,1,Nil,FALSE,11504,Nil
11512,NIL,Tier 1,CPRE Bedfordshire,Nil,Free,,0,0,0,1,Nil,FALSE,11512,Nil
11513,NIL,NIL,TheBookSeekers,Nil,Nil,,0,0,0,1,Nil,FALSE,11513,Nil
1152,NIL,NIL,Reading School,Nil,Nil,,0,0,0,2,Nil,FALSE,1152,Nil
11525,NIL,NIL,Nelson,Nil,Nil,,0,0,0,1,Nil,FALSE,11525,Nil
11526,NIL,Tier 1,CommonGround,Nil,Free,,0,0,0,1,Nil,FALSE,11526,Nil
1153,NIL,NIL,Isle Fest,Nil,Nil,,0,599.92,0,2,Nil,FALSE,1153,Nil
11535,NIL,Tier 3,Syd Prom 2024,Nil,Tier 5,,0,92.46,0,1,Nil,FALSE,11535,Nil
11541,NIL,Tier 3,Helen Clarke t/a WIBN Lancashire,Nil,Tier 4,,0,202.29,0,2,Nil,FALSE,11541,Nil
11544,NIL,NIL,GOE Enterprise Limited,Nil,Nil,,0,0,0,1,Nil,FALSE,11544,Nil
11545,NIL,Tier 3,Partnering Seminars,Nil,Tier 4,,0,216.42,0,2,Nil,FALSE,11545,Nil
11546,NIL,NIL,YAB North Yorkshire,Nil,Nil,,0,0,0,1,Nil,FALSE,11546,Nil
11548,NIL,Tier 1,Ruth Webber,Nil,Free,,0,0,0,1,Nil,FALSE,11548,Nil
11551,NIL,NIL,Priestnall School (Laurus Trust),Nil,Nil,,0,3.33,0,1,Nil,FALSE,11551,Nil
11556,NIL,NIL,Maverick Event Promotions,Nil,Nil,,0,4.5,0,1,Nil,FALSE,11556,Nil
11558,NIL,NIL,Sustainable Angus,Nil,Nil,,0,0,0,1,Nil,FALSE,11558,Nil
1156,NIL,NIL,Colwyn Bay & Crewe,Nil,Nil,,0,357,0,1,Nil,FALSE,1156,Nil
11563,NIL,Tier 2,Caroline Tyson,Nil,Free,,0,0,0,1,Nil,FALSE,11563,Nil
11564,NIL,Tier 1,OliverHarrison,Nil,Free,,0,0,0,1,Nil,FALSE,11564,Nil
11565,NIL,Tier 1,Black Horse Farm Flowers,Nil,Tier 5,,0,5,0,1,Nil,FALSE,11565,Nil
11567,NIL,Tier 2,Respiratory Medicine,Nil,Free,,0,0,0,1,Nil,FALSE,11567,Nil
11570,NIL,Tier 1,Coad Micro Farm,Nil,Free,,0,0,0,1,Nil,FALSE,11570,Nil
11571,NIL,Tier 3,Fleet Phoenix,Nil,Tier 5,,0,104.91,0,2,Nil,FALSE,11571,Nil
11576,NIL,Tier 2,The Autism &amp; ADHD Advocates CIC,Nil,Tier 5,,0,27.58,0,2,Nil,FALSE,11576,Nil
1158,NIL,NIL,PSK Performance,Nil,Nil,,0,33.75,0,1,Nil,FALSE,1158,Nil
11584,NIL,Tier 2,LLARCS,Nil,Free,,0,0,0,1,Nil,FALSE,11584,Nil
11586,NIL,NIL,The Western Players,Nil,Nil,,0,0,0,1,Nil,FALSE,11586,Nil
11587,NIL,Tier 1,Ambleside AC,Nil,Free,,0,0,0,1,Nil,FALSE,11587,Nil
11597,NIL,Tier 1,Willard Carter,Nil,Tier 5,,0,14.58,0,1,Nil,FALSE,11597,Nil
11610,NIL,NIL,Isabelle Blodorn,Nil,Nil,,0,0,0,1,Nil,FALSE,11610,Nil
11611,NIL,Tier 1,Warminster Royal British Legion,Nil,Tier 5,,0,7.5,0,1,Nil,FALSE,11611,Nil
11613,NIL,Tier 3,Policy Leeds,Nil,Free,,0,0,0,1,Nil,FALSE,11613,Nil
11616,NIL,Tier 2,Groundwork Greater Manchester,Nil,Free,,0,0,0,1,Nil,FALSE,11616,Nil
11617,NIL,Tier 3,Westmorland and Furness Council,Nil,Free,,0,0,0,1,Nil,FALSE,11617,Nil
11618,NIL,Tier 1,Abi Mills,Nil,Free,,0,0,0,1,Nil,FALSE,11618,Nil
1162,NIL,NIL,York City Baths Club,Nil,Nil,,0,89.17,0,3,Nil,FALSE,1162,Nil
11621,NIL,Tier 3,Rupert Loder,Nil,Free,,0,0,0,1,Nil,FALSE,11621,Nil
11633,NIL,NIL,Plaza Latina UK,Nil,Nil,,0,0,0,1,Nil,FALSE,11633,Nil
11634,NIL,Tier 3,Oak Theatre and Studios,Nil,Tier 4,,0,249.75,0,1,Nil,FALSE,11634,Nil
11636,NIL,Tier 3,Two Of A Kind Events,Nil,Tier 4,,0,167.83,0,1,Nil,FALSE,11636,Nil
11637,NIL,Tier 2,Friends at Bevendean School,Nil,Tier 5,,0,5.08,0,1,Nil,FALSE,11637,Nil
11644,NIL,Tier 2,CUH Children&#39;s Haemotology and Oncology,Nil,Free,,0,0,0,1,Nil,FALSE,11644,Nil
11649,NIL,NIL,Rydal PEnrhos,Nil,Nil,,0,0,0,1,Nil,FALSE,11649,Nil
11650,NIL,Tier 2,FriendsofWestgate,Nil,Tier 5,,0,18.81,0,1,Nil,FALSE,11650,Nil
11656,NIL,NIL,Whiteparish Branch of the Conservative Association,Nil,Nil,,0,5.25,0,1,Nil,FALSE,11656,Nil
11657,NIL,NIL,illuviem,Nil,Nil,,0,0,0,1,Nil,FALSE,11657,Nil
11661,NIL,Tier 3,The New Forest Fruit Co.,Nil,Tier 5,,0,60.74,0,1,Nil,FALSE,11661,Nil
11662,NIL,Tier 2,Leverton Stomp,Nil,Tier 5,,0,18.28,0,1,Nil,FALSE,11662,Nil
11665,NIL,Tier 2,Pink Rooster Charity,Nil,Tier 5,,0,51.12,0,2,Nil,FALSE,11665,Nil
11672,NIL,NIL,adel,Nil,Nil,,0,0,0,1,Nil,FALSE,11672,Nil
11673,NIL,Tier 3,BDA,Nil,Tier 4,,0,234.54,0,1,Nil,FALSE,11673,Nil
11675,NIL,Tier 2,Debbie Jolliffe - Tack Sale,Nil,Tier 5,,0,44.96,0,1,Nil,FALSE,11675,Nil
1168,NIL,NIL,Love the Ball,Nil,Nil,,0,0,0,1,Nil,FALSE,1168,Nil
11686,NIL,Tier 4,Alcester Grammar School,Nil,Free,,0,0,0,1,Nil,FALSE,11686,Nil
11688,NIL,Tier 4,Decote Dance,Nil,Tier 3,,0,555.62,0,1,Nil,FALSE,11688,Nil
1169,NIL,NIL,SJ Tickets,Nil,Nil,,0,0,0,1,Nil,FALSE,1169,Nil
11690,NIL,Tier 2,Wincanton Camera Club,Nil,Tier 5,,0,51.88,0,1,Nil,FALSE,11690,Nil
11695,NIL,Tier 2,Daisy,Nil,Free,,0,0,0,1,Nil,FALSE,11695,Nil
11700,NIL,NIL,olia,Nil,Nil,,0,0,0,1,Nil,FALSE,11700,Nil
11706,NIL,Tier 1,CANAssess,Nil,Free,,0,0,0,1,Nil,FALSE,11706,Nil
11708,NIL,Tier 2,Orbis,Nil,Free,,0,0,0,1,Nil,FALSE,11708,Nil
1171,NIL,NIL,Be. Modern Meditation,Nil,Nil,,0,21.5,0,1,Nil,FALSE,1171,Nil
11710,NIL,Tier 1,Sarah Wilkinson,Nil,Tier 5,,0,11.73,0,1,Nil,FALSE,11710,Nil
11716,NIL,Tier 2,NECIT Services,Nil,Free,,0,0,0,1,Nil,FALSE,11716,Nil
11718,NIL,Tier 2,Settle Amateur Operatic Society,Nil,Tier 5,,0,21.33,0,1,Nil,FALSE,11718,Nil
1172,NIL,NIL,Tom Sands Guitars,Nil,Nil,,0,4.58,0,1,Nil,FALSE,1172,Nil
11721,NIL,NIL,44feff1000@@,Nil,Nil,,0,0,0,1,Nil,FALSE,11721,Nil
11724,NIL,Tier 3,EcoCarriers Bury St Edmunds,Nil,Tier 5,,0,9.88,0,1,Nil,FALSE,11724,Nil
11727,NIL,Tier 1,Hutchesons&#39; Grammar Drama,Nil,Free,,0,0,0,1,Nil,FALSE,11727,Nil
11731,NIL,Tier 2,Forest School at The Old Library,Nil,Tier 5,,0,40.62,0,1,Nil,FALSE,11731,Nil
11732,NIL,Tier 3,PDET,Nil,Free,,0,0,0,1,Nil,FALSE,11732,Nil
11735,NIL,Tier 1,Hartlepool Carers,Nil,Tier 5,,0,6.25,0,1,Nil,FALSE,11735,Nil
11738,NIL,Tier 1,The Mall School,Nil,Free,,0,0,0,1,Nil,FALSE,11738,Nil
1174,NIL,NIL,Wirral Hospice St John's,Nil,Nil,,0,18.71,0,1,Nil,FALSE,1174,Nil
11742,NIL,Tier 2,Bogtown Farm,Nil,Free,,0,0,0,1,Nil,FALSE,11742,Nil
11746,NIL,Tier 3,WBSBC,Nil,Tier 4,,0,229.71,0,1,Nil,FALSE,11746,Nil
11756,NIL,Tier 1,Voices of Craven,Nil,Tier 5,,0,10.21,0,1,Nil,FALSE,11756,Nil
1176,NIL,NIL,Pregnancy Training,Nil,Nil,,0,0,0,1,Nil,FALSE,1176,Nil
11761,NIL,Tier 2,Shop Budleigh,Nil,Tier 5,,0,1.63,0,1,Nil,FALSE,11761,Nil
11768,NIL,Tier 2,Sale Sports Club,Nil,Free,,0,0,0,1,Nil,FALSE,11768,Nil
11769,NIL,Tier 3,K A Munoz Y6 Party,Nil,Tier 4,,0,159.08,0,1,Nil,FALSE,11769,Nil
11774,NIL,High Value,Fast Stream Base Camp Exhibition Day,Nil,Free,,0,0,0,1,Nil,FALSE,11774,Nil
11776,NIL,Tier 3,Linguistics and English Language  Lancaster University,Nil,Free,,0,0,0,1,Nil,FALSE,11776,Nil
11779,NIL,Tier 3,Friends of Offham School,Nil,Free,,0,0,0,1,Nil,FALSE,11779,Nil
11781,NIL,Tier 3,The Inkpot,Nil,Free,,0,0,0,1,Nil,FALSE,11781,Nil
11788,NIL,Tier 1,Maiden Heaven Pty Ltd,Nil,Tier 5,,0,13.75,0,1,Nil,FALSE,11788,Nil
1179,NIL,NIL,SCOBA UK,Nil,Nil,,0,0,0,1,Nil,FALSE,1179,Nil
11798,NIL,NIL,Sarah Stringfelllow Coaching,Nil,Nil,,0,6.67,0,1,Nil,FALSE,11798,Nil
118,NIL,NIL,OSH,Nil,Nil,,0,4.17,0,2,Nil,FALSE,118,Nil
11813,NIL,NIL,Sarah Jay Hawley Embodied Voice,Nil,Nil,,0,5.75,0,1,Nil,FALSE,11813,Nil
11814,NIL,Tier 3,Barlestone Primary School PTA,Nil,Tier 5,,0,99.42,0,1,Nil,FALSE,11814,Nil
11816,NIL,Tier 2,Worsley Civic Trust and Amenity Society,Nil,Free,,0,0,0,1,Nil,FALSE,11816,Nil
1182,NIL,NIL,CBA Events,Nil,Nil,,0,0,0,1,Nil,FALSE,1182,Nil
11820,NIL,Tier 3,Susan Smith,Nil,Tier 5,,0,92.25,0,1,Nil,FALSE,11820,Nil
1183,NIL,NIL,Southbank,Nil,Nil,,0,481.5,0,3,Nil,FALSE,1183,Nil
11834,NIL,Tier 2,HSDYF campaign,Nil,Free,,0,0,0,1,Nil,FALSE,11834,Nil
11837,NIL,Tier 4,Arnside Music Festival,Nil,Tier 4,,0,426.79,0,1,Nil,FALSE,11837,Nil
11838,NIL,NIL,M&M Business Support,Nil,Nil,,0,0,0,1,Nil,FALSE,11838,Nil
11839,NIL,Tier 2,University of Northampton,Nil,Free,,0,0,0,1,Nil,FALSE,11839,Nil
1185,NIL,NIL,Tread UK,Nil,Nil,,0,2000.2,0,4,Nil,FALSE,1185,Nil
11850,NIL,Tier 2,Vishv Umiya Foundation UK,Nil,Tier 5,,0,2.25,0,1,Nil,FALSE,11850,Nil
11855,NIL,NIL,2nd Walton-le-Dale Scout Group,Nil,Nil,,0,3.42,0,1,Nil,FALSE,11855,Nil
11856,NIL,NIL,Friends of Blennerhasset School,Nil,Nil,,0,2.67,0,1,Nil,FALSE,11856,Nil
11858,NIL,Tier 2,J Shaylor,Nil,Free,,0,0,0,1,Nil,FALSE,11858,Nil
11859,NIL,Tier 1,Maryan Muse,Nil,Tier 5,,0,20.83,0,1,Nil,FALSE,11859,Nil
1186,NIL,NIL,Account Deleted,Nil,Nil,,0,73.64,0,1,Nil,FALSE,1186,Nil
11865,NIL,Tier 2,Mia Richards,Nil,Free,,0,0,0,1,Nil,FALSE,11865,Nil
11868,NIL,Tier 1,Academy of Magic,Nil,Tier 5,,0,13.58,0,1,Nil,FALSE,11868,Nil
11869,NIL,Tier 1,Bromyard Pride CiC,Nil,Tier 5,,0,9.66,0,1,Nil,FALSE,11869,Nil
11871,NIL,Tier 2,Rebecca Muggleton,Nil,Tier 5,,0,50.17,0,1,Nil,FALSE,11871,Nil
11876,NIL,Tier 3,Kim Moore,Nil,Tier 5,,0,85.5,0,1,Nil,FALSE,11876,Nil
11879,NIL,Tier 2,Rising Musical Stars,Nil,Tier 5,,0,75.46,0,1,Nil,FALSE,11879,Nil
11880,NIL,Tier 3,CE Marketing Group Ltd,Nil,Tier 5,,0,8.33,0,1,Nil,FALSE,11880,Nil
11886,NIL,NIL,Abigail Mickleburgh,Nil,Nil,,0,1.17,0,1,Nil,FALSE,11886,Nil
11887,NIL,Tier 3,Nottingham Forest Football Club,Nil,Free,,0,0,0,1,Nil,FALSE,11887,Nil
1189,NIL,Tier 4,Friends of Parkside,Nil,Tier 3,,0,2191.37,0,6,Nil,FALSE,1189,Nil
11894,NIL,Tier 1,Down to Earth,Nil,Tier 5,,0,13.54,0,1,Nil,FALSE,11894,Nil
11897,NIL,Tier 3,Rowing Dinner,Nil,Tier 5,,0,132.21,0,1,Nil,FALSE,11897,Nil
1190,NIL,NIL,Equals Training,Nil,Nil,,0,0,0,1,Nil,FALSE,1190,Nil
11904,NIL,Tier 3,Helmshore Primary School,Nil,Tier 5,,0,42.52,0,1,Nil,FALSE,11904,Nil
11909,NIL,Tier 2,Pstrustees,Nil,Free,,0,0,0,1,Nil,FALSE,11909,Nil
11911,NIL,Tier 2,LJG Year 6,Nil,Free,,0,0,0,1,Nil,FALSE,11911,Nil
11912,NIL,Tier 2,Brasenose Chapel Choir,Nil,Free,,0,0,0,1,Nil,FALSE,11912,Nil
11913,NIL,Tier 2,Nottingham University,Nil,Free,,0,0,0,1,Nil,FALSE,11913,Nil
11916,NIL,Tier 2,Account Deleted,Nil,Tier 5,,0,71.88,0,1,Nil,FALSE,11916,Nil
11920,NIL,Tier 1,Sharn Kaur,Nil,Free,,0,0,0,1,Nil,FALSE,11920,Nil
11923,NIL,Tier 1,Norton Court farm,Nil,Free,,0,0,0,1,Nil,FALSE,11923,Nil
11934,NIL,Tier 3,MZC QEGS,Nil,Free,,0,0,0,1,Nil,FALSE,11934,Nil
11936,NIL,Tier 3,Warwick Prep School,Nil,Free,,0,0,0,2,Nil,FALSE,11936,Nil
11945,NIL,Tier 3,Dowdales School,Nil,Free,,0,0,0,1,Nil,FALSE,11945,Nil
11946,NIL,Tier 3,Abhay Thakkar,Nil,Free,,0,0,0,1,Nil,FALSE,11946,Nil
1195,NIL,NIL,The Churchmouse at Barbon,Nil,Nil,,0,3.88,0,1,Nil,FALSE,1195,Nil
11951,NIL,Tier 4,Nottingham University,Nil,Free,,0,0,0,1,Nil,FALSE,11951,Nil
11958,NIL,NIL,SheShines,Nil,Nil,,0,0.13,0,1,Nil,FALSE,11958,Nil
11963,NIL,Tier 2,South Cumbria Musical Theatre Choir,Nil,Tier 5,,0,57.54,0,1,Nil,FALSE,11963,Nil
11966,NIL,Tier 3,PostgradForum,Nil,Tier 5,,0,131.75,0,1,Nil,FALSE,11966,Nil
11967,NIL,NIL,UWS Alumni Association,Nil,Nil,,0,0,0,1,Nil,FALSE,11967,Nil
1197,NIL,NIL,Essex Pride,Nil,Nil,,0,3811.42,0,4,Nil,FALSE,1197,Nil
11971,NIL,Tier 1,Moat Farm,Nil,Free,,0,0,0,1,Nil,FALSE,11971,Nil
11973,NIL,Tier 1,Darran cherry,Nil,Tier 5,,0,8.67,0,1,Nil,FALSE,11973,Nil
11977,NIL,Tier 4,Mary’s Meals UK,Nil,Free,,0,0,0,1,Nil,FALSE,11977,Nil
11989,NIL,NIL,WILD OAK FARM IOW LTD,Nil,Nil,,0,0,0,1,Nil,FALSE,11989,Nil
11990,NIL,Tier 2,Old Pup House Team,Nil,Tier 5,,0,38.83,0,2,Nil,FALSE,11990,Nil
11992,NIL,Tier 2,Egremont Crab Fair,Nil,Tier 5,,0,47.75,0,1,Nil,FALSE,11992,Nil
12000,NIL,NIL,Account Deleted,Nil,Nil,,0,0,0,1,Nil,FALSE,12000,Nil
12007,NIL,Tier 1,Totterdown BC,Nil,Free,,0,0,0,1,Nil,FALSE,12007,Nil
1201,NIL,NIL,Nottingham East Labour,Nil,Nil,,0,14.38,0,2,Nil,FALSE,1201,Nil
12012,NIL,NIL,Trinity Methodist Church Kidderminster,Nil,Nil,,0,0.23,0,1,Nil,FALSE,12012,Nil
12013,NIL,Tier 2,Turnford NC,Nil,Tier 5,,0,24.79,0,1,Nil,FALSE,12013,Nil
12015,NIL,NIL,Derbyshire Institute of Sport,Nil,Nil,,0,0,0,1,Nil,FALSE,12015,Nil
12016,NIL,Tier 2,Mars,Nil,Free,,0,0,0,1,Nil,FALSE,12016,Nil
12021,NIL,Tier 1,South London Partnership,Nil,Free,,0,0,0,1,Nil,FALSE,12021,Nil
12026,NIL,Tier 2,Social Innovation Hub,Nil,Free,,0,0,0,1,Nil,FALSE,12026,Nil
1203,NIL,NIL,Belmont School,Nil,Nil,,0,0,0,1,Nil,FALSE,1203,Nil
12040,NIL,Tier 1,Girls' Division,Nil,Free,,0,0,0,1,Nil,FALSE,12040,Nil
12042,NIL,Tier 2,Cast of Art,Nil,Free,,0,0,0,1,Nil,FALSE,12042,Nil
12046,NIL,Tier 2,Level 2,Nil,Tier 5,,0,62,0,1,Nil,FALSE,12046,Nil
12049,NIL,Tier 2,Upperthong School Support Group,Nil,Tier 5,,0,59.21,0,1,Nil,FALSE,12049,Nil
12055,NIL,Tier 1,Open Web Advocacy,Nil,Free,,0,0,0,1,Nil,FALSE,12055,Nil
12068,NIL,NIL,Whitehaven Alive CIC,Nil,Nil,,0,21.88,0,2,Nil,FALSE,12068,Nil
12069,NIL,NIL,Moorland Immersion,Nil,Nil,,0,0.96,0,1,Nil,FALSE,12069,Nil
1207,NIL,NIL,PHS Quiz Night 2019,Nil,Nil,,0,157.04,0,1,Nil,FALSE,1207,Nil
12076,NIL,Tier 1,Foundation for Common Land,Nil,Free,,0,0,0,1,Nil,FALSE,12076,Nil
1208,NIL,NIL,Well Being Therapies & Yoga,Nil,Nil,,0,8.12,0,3,Nil,FALSE,1208,Nil
12080,NIL,Tier 3,Morag Brown,Nil,Tier 5,,0,124.54,0,2,Nil,FALSE,12080,Nil
12086,NIL,Tier 1,Bolton Arena,Nil,Free,,0,0,0,1,Nil,FALSE,12086,Nil
12089,NIL,Tier 3,Grainger (Aldershot) Plc,Nil,Free,,0,0,0,1,Nil,FALSE,12089,Nil
12093,NIL,Tier 1,Summertown Arts for Arts,Nil,Tier 5,,0,10.46,0,1,Nil,FALSE,12093,Nil
12095,NIL,NIL,GEORGETA VIOLETA MIRZA,Nil,Nil,,0,17,0,1,Nil,FALSE,12095,Nil
12101,NIL,Tier 1,FLEHS,Nil,Tier 5,,0,7.02,0,1,Nil,FALSE,12101,Nil
12109,NIL,NIL,Partnership for Young London,Nil,Nil,,0,0,0,1,Nil,FALSE,12109,Nil
1211,NIL,NIL,RAIS Lancaster,Nil,Nil,,0,33.92,0,1,Nil,FALSE,1211,Nil
12110,NIL,NIL,Nottingham City Early Help Partnership,Nil,Nil,,0,0,0,1,Nil,FALSE,12110,Nil
12111,NIL,NIL,Temple Spa,Nil,Nil,,0,1.79,0,1,Nil,FALSE,12111,Nil
12115,NIL,NIL,People Plant Trees,Nil,Nil,,0,0,0,1,Nil,FALSE,12115,Nil
1212,NIL,NIL,PatientSource,Nil,Nil,,0,0,0,1,Nil,FALSE,1212,Nil
12133,NIL,Tier 2,YAB West Lancashire,Nil,Free,,0,0,9,2,Nil,FALSE,12133,Nil
12137,NIL,NIL,Cheltenham Bournside School,Nil,Nil,,0,0,0,1,Nil,FALSE,12137,Nil
12143,NIL,Tier 1,RDKMMusic,Nil,Free,,0,0,0,1,Nil,FALSE,12143,Nil
12146,NIL,Tier 3,Styled By Susie,Nil,Tier 5,,0,121.67,0,1,Nil,FALSE,12146,Nil
12148,NIL,Tier 4,The Archer Academy,Nil,Free,,0,0,0,1,Nil,FALSE,12148,Nil
12158,NIL,Tier 1,Callington Rotary,Nil,Free,,0,0,0,1,Nil,FALSE,12158,Nil
12159,NIL,NIL,Taffs Well Community Singers,Nil,Nil,,0,2.25,0,1,Nil,FALSE,12159,Nil
12167,NIL,Tier 3,Energy Leeds,Nil,Free,,0,0,0,2,Nil,FALSE,12167,Nil
1217,NIL,NIL,Westminster School,Nil,Nil,,0,656.42,0,1,Nil,FALSE,1217,Nil
12177,NIL,Tier 1,All Saints Church Berkhamsted,Nil,Tier 5,,0,20.25,0,1,Nil,FALSE,12177,Nil
12178,NIL,Tier 3,Cumbria Music Hub,Nil,Free,,0,0,0,1,Nil,FALSE,12178,Nil
1218,NIL,NIL,Jaime,Nil,Nil,,0,0.32,0,1,Nil,FALSE,1218,Nil
12180,NIL,Tier 3,Viva Latina Forget me not Chorus,Nil,Tier 5,,0,109.79,0,1,Nil,FALSE,12180,Nil
12184,NIL,NIL,Healthwatch Westmorland and Furness,Nil,Nil,,0,0,0,1,Nil,FALSE,12184,Nil
1219,NIL,NIL,Jonathan Mathews,Nil,Nil,,0,4.67,0,1,Nil,FALSE,1219,Nil
12196,NIL,Tier 2,HR180,Nil,Tier 5,,0,0.13,0,2,Nil,FALSE,12196,Nil
12202,NIL,Tier 2,Dr Dedman,Nil,Free,,0,0,0,1,Nil,FALSE,12202,Nil
12204,NIL,Tier 3,Prospero Theatre,Nil,Tier 5,,0,52.32,0,1,Nil,FALSE,12204,Nil
1221,NIL,NIL,Junction Inn  Sutton,Nil,Nil,,0,421.32,0,2,Nil,FALSE,1221,Nil
12219,NIL,Tier 1,NidaaunNisaa,Nil,Tier 5,,0,13.54,0,1,Nil,FALSE,12219,Nil
12221,NIL,Tier 1,Tom Williams,Nil,Free,,0,0,0,1,Nil,FALSE,12221,Nil
12230,NIL,NIL,Children & Families at Wadhurst Churches,Nil,Nil,,0,0,7,2,Nil,FALSE,12230,Nil
12236,NIL,Tier 1,Music in the Round,Nil,Free,,0,0,0,1,Nil,FALSE,12236,Nil
12238,NIL,Tier 2,Food Security for Equitable Futures,Nil,Free,,0,0,0,1,Nil,FALSE,12238,Nil
12239,NIL,Tier 2,NECIT Services Ltd,Nil,Free,,0,0,0,1,Nil,FALSE,12239,Nil
12241,NIL,NIL,Alex T&amp;C Test,Nil,Nil,,0,0,0,1,Nil,FALSE,12241,Nil
12244,NIL,NIL,Books & Bobs by Paige,Nil,Nil,,0,2.63,0,1,Nil,FALSE,12244,Nil
12246,NIL,Tier 1,LMC Engagement Team,Nil,Free,,0,0,0,2,Nil,FALSE,12246,Nil
12247,NIL,Tier 1,CRFM Radio,Nil,Tier 5,,0,14.08,0,1,Nil,FALSE,12247,Nil
12249,NIL,NIL,Lvluptraining,Nil,Nil,,0,0.33,0,1,Nil,FALSE,12249,Nil
1225,NIL,NIL,Nidhi's Events,Nil,Nil,,0,0,0,1,Nil,FALSE,1225,Nil
1226,NIL,NIL,Rhythms at the Yurt,Nil,Nil,,0,435.39,0,5,Nil,FALSE,1226,Nil
12272,NIL,Tier 3,Friends of Buckley Theatre School,Nil,Tier 5,,0,117.17,0,1,Nil,FALSE,12272,Nil
12274,NIL,Tier 1,The Joy Tank,Nil,Tier 5,,0,14.25,0,2,Nil,FALSE,12274,Nil
12276,NIL,Tier 1,Sustead Village Hall,Nil,Tier 5,,0,13,0,1,Nil,FALSE,12276,Nil
12280,NIL,Tier 4,Tiffin Sixth Form,Nil,Free,,0,0,0,1,Nil,FALSE,12280,Nil
12284,NIL,Tier 3,BlackFest,Nil,Tier 5,,0,44.08,0,1,Nil,FALSE,12284,Nil
12289,NIL,NIL,Solfit ltd,Nil,Nil,,0,38,0,1,Nil,FALSE,12289,Nil
12296,NIL,Tier 3,Cartwheel Arts,Nil,Tier 5,,0,103.77,0,1,Nil,FALSE,12296,Nil
12297,NIL,Tier 1,Humber Bridge,Nil,Free,,0,0,0,1,Nil,FALSE,12297,Nil
123,NIL,NIL,Stanfield - Wraparound Care,Nil,Nil,,0,2.75,0,1,Nil,FALSE,123,Nil
12300,NIL,Tier 3,HNY MHLDA Collaborative,Nil,Free,,0,0,0,1,Nil,FALSE,12300,Nil
12304,NIL,Tier 3,Emma Hawksey,Nil,Tier 4,,0,169.63,0,1,Nil,FALSE,12304,Nil
12305,NIL,Tier 3,Neil Holloway,Nil,Free,,0,0,0,1,Nil,FALSE,12305,Nil
12310,NIL,Tier 2,ER Training Ltd,Nil,Tier 5,,0,28.12,0,2,Nil,FALSE,12310,Nil
1232,NIL,NIL,Events Northern Ltd,Nil,Nil,,0,0,0,1,Nil,FALSE,1232,Nil
12320,NIL,Tier 2,Aishahs Food Charity,Nil,Free,,0,0,0,1,Nil,FALSE,12320,Nil
12325,NIL,Tier 1,Vanbrugh Castle School Reunions,Nil,Tier 5,,0,12.67,0,1,Nil,FALSE,12325,Nil
12327,NIL,Tier 2,Families  Mental Health &amp; Disabilities,Nil,Free,,0,0,0,2,Nil,FALSE,12327,Nil
1233,NIL,NIL,Dipton Jubilee Centre,Nil,Nil,,0,10.43,0,2,Nil,FALSE,1233,Nil
12340,NIL,Tier 2,Voice and Influence Team,Nil,Free,,0,0,0,1,Nil,FALSE,12340,Nil
12351,NIL,Tier 2,Root Connections Lanarkshire,Nil,Tier 5,,0,32.42,0,2,Nil,FALSE,12351,Nil
1236,NIL,NIL,The Buttonhole,Nil,Nil,,0,0.87,0,1,Nil,FALSE,1236,Nil
12371,NIL,NIL,Account Deleted,Nil,Nil,,0,0,0,1,Nil,FALSE,12371,Nil
12372,NIL,Tier 1,Taste of Tibberton,Nil,Free,,0,0,0,1,Nil,FALSE,12372,Nil
1238,NIL,NIL,SurvivalSurgery4Sarah,Nil,Nil,,0,6.92,0,1,Nil,FALSE,1238,Nil
12387,NIL,Tier 2,Adelphi Dance Band,Nil,Tier 5,,0,34.25,0,2,Nil,FALSE,12387,Nil
12389,NIL,Tier 2,All Saints Church  Wick,Nil,Free,,0,0,0,1,Nil,FALSE,12389,Nil
1239,NIL,NIL,Nutford,Nil,Nil,,0,40.67,0,1,Nil,FALSE,1239,Nil
12392,NIL,NIL,Angharad Candlin,Nil,Nil,,0,1.52,0,1,Nil,FALSE,12392,Nil
1240,NIL,NIL,Shining stars,Nil,Nil,,0,7,0,1,Nil,FALSE,1240,Nil
12400,NIL,Tier 1,Cheshire West Rotary,Nil,Tier 5,,0,16.79,0,1,Nil,FALSE,12400,Nil
12402,NIL,Tier 1,Milburn Village Hall,Nil,Tier 5,,0,5.5,0,1,Nil,FALSE,12402,Nil
12404,NIL,NIL,EMChat Media,Nil,Nil,,0,0.58,0,1,Nil,FALSE,12404,Nil
1241,NIL,NIL,Bilborough Xtra,Nil,Nil,,0,0,0,1,Nil,FALSE,1241,Nil
12415,NIL,Tier 2,UCCL,Nil,Free,,0,0,0,1,Nil,FALSE,12415,Nil
12417,NIL,Tier 2,Femeia de la A la Infinit Event 2024,Nil,Tier 5,,0,75.17,0,1,Nil,FALSE,12417,Nil
1242,NIL,NIL,Poulner Baptist Chapel,Nil,Nil,,0,11.58,0,2,Nil,FALSE,1242,Nil
12422,NIL,Tier 3,Trinity Brew Co.,Nil,Tier 4,,0,171.07,0,2,Nil,FALSE,12422,Nil
12425,NIL,Tier 4,The Sanctified,Nil,Free,,0,0,0,1,Nil,FALSE,12425,Nil
12429,NIL,Tier 1,Tui Alice Palmer,Nil,Tier 5,,0,7.04,1,2,Nil,FALSE,12429,Nil
1243,NIL,NIL,FTH CLUB,Nil,Nil,,0,0,0,1,Nil,FALSE,1243,Nil
12434,NIL,Tier 3,KCA GLOUCESTER,Nil,Tier 4,,0,163.5,0,1,Nil,FALSE,12434,Nil
12442,NIL,Tier 2,Home Finding,Nil,Free,,0,0,0,1,Nil,FALSE,12442,Nil
12444,NIL,NIL,cpfsportstherapy,Nil,Nil,,0,11.62,0,1,Nil,FALSE,12444,Nil
12447,NIL,NIL,For Women Lancashire,Nil,Nil,,0,0,0,1,Nil,FALSE,12447,Nil
12451,NIL,Tier 3,Sophie Potkin,Nil,Tier 5,,0,96.67,0,1,Nil,FALSE,12451,Nil
12453,NIL,Tier 1,Manchester Alliance Church,Nil,Free,,0,0,0,1,Nil,FALSE,12453,Nil
12456,NIL,Tier 2,Corrin McKay,Nil,Free,,0,0,0,1,Nil,FALSE,12456,Nil
12458,NIL,Tier 2,UoN Energy Institute,Nil,Free,,0,0,1,2,Nil,FALSE,12458,Nil
12463,NIL,Tier 3,Wellness at Southlands,Nil,Tier 5,,0,100.54,0,1,Nil,FALSE,12463,Nil
12468,NIL,Tier 4,BSNL,Nil,Tier 3,,0,876.96,0,1,Nil,FALSE,12468,Nil
12470,NIL,Tier 3,HARD ON YA EARS! PRESENTS,Nil,Tier 5,,0,81.25,0,1,Nil,FALSE,12470,Nil
12477,NIL,Tier 2,West Coast Radio Blackpool,Nil,Free,,0,0,0,1,Nil,FALSE,12477,Nil
1248,NIL,NIL,Stonyhurst College,Nil,Nil,,0,1711.37,0,4,Nil,FALSE,1248,Nil
12487,NIL,Tier 3,Greenmount Projects,Nil,Tier 4,,0,240.33,0,1,Nil,FALSE,12487,Nil
12491,NIL,Tier 3,Spalding school of dance,Nil,Tier 5,,0,142.87,0,1,Nil,FALSE,12491,Nil
12496,NIL,NIL,Charley Test,Nil,Nil,,0,0,0,1,Nil,FALSE,12496,Nil
12508,NIL,Tier 2,Luca Dalton,Nil,Tier 5,,0,21.08,0,1,Nil,FALSE,12508,Nil
1251,NIL,NIL,Summit Training,Nil,Nil,,0,224.8,0,2,Nil,FALSE,1251,Nil
12526,NIL,Tier 1,Account Deleted,Nil,Free,,0,0,0,2,Nil,FALSE,12526,Nil
1253,NIL,NIL,One Woman at a Time,Nil,Nil,,0,715.96,0,1,Nil,FALSE,1253,Nil
12533,NIL,Tier 2,North East and East London Magistrates Association (NEELMA),Nil,Free,,0,0,0,1,Nil,FALSE,12533,Nil
12537,NIL,Tier 1,Community Solutions North West,Nil,Tier 5,,0,19.13,0,2,Nil,FALSE,12537,Nil
12550,NIL,Tier 2,Sandra El Gemayel,Nil,Free,,0,0,0,1,Nil,FALSE,12550,Nil
12552,NIL,Tier 1,Singing In... Ltd,Nil,Tier 5,,0,20.35,0,1,Nil,FALSE,12552,Nil
12557,NIL,Tier 1,St John&#39;s,Nil,Free,,0,0,0,1,Nil,FALSE,12557,Nil
12561,NIL,Tier 1,Lucy Francis,Nil,Free,,0,0,0,1,Nil,FALSE,12561,Nil
12567,NIL,Tier 4,Mure Memorial Church,Nil,Free,,0,0,0,2,Nil,FALSE,12567,Nil
12569,NIL,NIL,Tilly&#39;s Bloom Room,Nil,Nil,,0,19.33,0,1,Nil,FALSE,12569,Nil
12570,NIL,Tier 2,North Midlands MND Care and Research Network,Nil,Free,,0,0,0,1,Nil,FALSE,12570,Nil
12571,NIL,NIL,Sally Figgins,Nil,Nil,,0,2.92,0,1,Nil,FALSE,12571,Nil
12585,NIL,Tier 1,Design HOPES,Nil,Free,,0,0,0,2,Nil,FALSE,12585,Nil
12589,NIL,Tier 2,Sukany4 Podcast,Nil,Free,,0,0,0,1,Nil,FALSE,12589,Nil
12598,NIL,Tier 3,Emilia Marchitto,Nil,Free,,0,0,0,2,Nil,FALSE,12598,Nil
1260,NIL,NIL,catherinebetley,Nil,Nil,,0,24.04,0,1,Nil,FALSE,1260,Nil
12600,NIL,Tier 2,Santos Youth,Nil,Tier 5,,0,30.13,0,1,Nil,FALSE,12600,Nil
12615,NIL,Tier 3,Lewes HOMELINK,Nil,Tier 5,,0,133.75,0,1,Nil,FALSE,12615,Nil
12622,NIL,Tier 1,K Foley Event,Nil,Tier 5,,0,6.92,0,1,Nil,FALSE,12622,Nil
12624,NIL,Tier 3,Museum of Brands,Nil,Free,,0,0,0,2,Nil,FALSE,12624,Nil
12626,NIL,Tier 2,UEA Archery,Nil,Tier 5,,0,70.88,0,2,Nil,FALSE,12626,Nil
12631,NIL,Tier 4,SGGS,Nil,Free,,0,0,0,2,Nil,FALSE,12631,Nil
12632,NIL,Tier 3,St Michael’s PTA,Nil,Tier 5,,0,67.54,0,1,Nil,FALSE,12632,Nil
12635,NIL,Tier 2,Shardas Boys,Nil,Tier 5,,0,39.54,0,1,Nil,FALSE,12635,Nil
12637,NIL,Tier 3,Reducing Family Conflict,Nil,Free,,0,0,0,2,Nil,FALSE,12637,Nil
12639,NIL,Tier 1,Yorkshire Dales Rivers Trust,Nil,Free,,0,0,0,1,Nil,FALSE,12639,Nil
1265,NIL,NIL,Kindred Suppers/Sarah Corbridge,Nil,Nil,,0,3.12,0,1,Nil,FALSE,1265,Nil
12652,NIL,Tier 3,Rob Jackson Consulting Ltd,Nil,Tier 4,,0,214.28,0,2,Nil,FALSE,12652,Nil
12654,NIL,Tier 2,Julie steele,Nil,Free,,0,0,0,1,Nil,FALSE,12654,Nil
12662,NIL,Tier 2,Business Network,Nil,Free,,0,0,0,1,Nil,FALSE,12662,Nil
12666,NIL,Tier 1,inspiro kitchens ltd,Nil,Tier 5,,0,4.67,0,1,Nil,FALSE,12666,Nil
12667,NIL,NIL,James Lind Guitar,Nil,Nil,,0,2.42,0,1,Nil,FALSE,12667,Nil
12674,NIL,Tier 3,Plumpton Churches,Nil,Tier 5,,0,72.54,0,1,Nil,FALSE,12674,Nil
12678,NIL,Tier 1,Julie Tomkinson,Nil,Tier 5,,0,6.79,0,1,Nil,FALSE,12678,Nil
1268,NIL,NIL,Encore Opera,Nil,Nil,,0,20.08,0,2,Nil,FALSE,1268,Nil
12681,NIL,Tier 1,Emma Taylor,Nil,Tier 5,,0,10.83,0,1,Nil,FALSE,12681,Nil
1269,NIL,NIL,Lindfield Gin Festival,Nil,Nil,,0,98.54,0,1,Nil,FALSE,1269,Nil
12698,NIL,Tier 2,Home-Start Reading,Nil,Tier 5,,0,41.17,0,1,Nil,FALSE,12698,Nil
127,NIL,NIL,Admissions Team,Nil,Nil,,0,370.43,0,5,Nil,FALSE,127,Nil
1270,NIL,NIL,Surrey Music Box Office,Nil,Nil,,0,624.29,0,2,Nil,FALSE,1270,Nil
12700,NIL,Tier 1,Amol Jagtap,Nil,Free,,0,0,0,1,Nil,FALSE,12700,Nil
12706,NIL,Tier 2,Gather Eden,Nil,Tier 5,,0,40.46,0,2,Nil,FALSE,12706,Nil
1271,NIL,NIL,Megan O'Todd,Nil,Nil,,0,10,0,1,Nil,FALSE,1271,Nil
12711,NIL,Tier 2,Katy OHara,Nil,Tier 5,,0,13.67,0,1,Nil,FALSE,12711,Nil
12714,NIL,Tier 2,WBPS,Nil,Free,,0,0,0,1,Nil,FALSE,12714,Nil
12716,NIL,NIL,MTM Consulting,Nil,Nil,,0,5.33,0,1,Nil,FALSE,12716,Nil
12718,NIL,Tier 4,Clan Logan Society International  Inc.,Nil,Tier 4,,0,500.42,0,1,Nil,FALSE,12718,Nil
12719,NIL,Tier 1,Morecambe Bay Curriculum,Nil,Free,,0,0,0,1,Nil,FALSE,12719,Nil
12720,NIL,Tier 1,Economics Department  Lancaster University,Nil,Free,,0,0,0,1,Nil,FALSE,12720,Nil
12725,NIL,Tier 3,St Ben’s Friends PTA,Nil,Tier 5,,0,54.12,0,2,Nil,FALSE,12725,Nil
12726,NIL,High Value,Alloa Round Table,Nil,Tier 3,,0,1153.25,0,1,Nil,FALSE,12726,Nil
12728,NIL,Tier 3,Shillingford Organics,Nil,Tier 5,,0,45.06,0,2,Nil,FALSE,12728,Nil
12733,NIL,NIL,A S Pollitt,Nil,Nil,,0,0,0,1,Nil,FALSE,12733,Nil
12735,NIL,Tier 2,Burton Thistle FC,Nil,Tier 5,,0,33,0,1,Nil,FALSE,12735,Nil
1274,NIL,NIL,Northamptonshire Children's Book Group,Nil,Nil,,0,5.62,0,1,Nil,FALSE,1274,Nil
12745,NIL,Tier 2,Thrive Hub Haverhill,Nil,Tier 5,,0,56.25,0,2,Nil,FALSE,12745,Nil
12751,NIL,NIL,Clinical Educator Course,Nil,Nil,,0,0,0,1,Nil,FALSE,12751,Nil
1276,NIL,NIL,Action for Carers Oxfordshire,Nil,Nil,,0,175.65,0,1,Nil,FALSE,1276,Nil
12760,NIL,Tier 3,Barnet Education Arts Trust,Nil,Tier 5,,0,9.33,0,1,Nil,FALSE,12760,Nil
12768,NIL,Tier 1,Raj Fulchand,Nil,Free,,0,0,0,1,Nil,FALSE,12768,Nil
12769,NIL,Tier 1,Christchurch Singers,Nil,Tier 5,,0,9.75,0,1,Nil,FALSE,12769,Nil
12775,NIL,Tier 3,Sandy Lane Farm,Nil,Free,,0,0,0,1,Nil,FALSE,12775,Nil
12780,NIL,Tier 1,Sarah L Bradder,Nil,Free,,0,0,1,2,Nil,FALSE,12780,Nil
12784,NIL,Tier 3,Hemel Hempstead Band,Nil,Tier 5,,0,53.46,0,1,Nil,FALSE,12784,Nil
12789,NIL,Tier 3,The Kasios,Nil,Tier 5,,0,97.63,0,1,Nil,FALSE,12789,Nil
12795,NIL,Tier 1,Claire Booth Training Ltd,Nil,Tier 5,,0,22.92,0,2,Nil,FALSE,12795,Nil
12803,NIL,Tier 2,Susanna Scouller,Nil,Tier 5,,0,31.63,0,1,Nil,FALSE,12803,Nil
12805,NIL,NIL,NeurodivergentServicesUK,Nil,Nil,,0,2.33,0,1,Nil,FALSE,12805,Nil
12818,NIL,Tier 2,Ultimate Events,Nil,Tier 5,,0,26.17,0,1,Nil,FALSE,12818,Nil
1282,NIL,NIL,StageShock,Nil,Nil,,0,20.9,0,1,Nil,FALSE,1282,Nil
12821,NIL,Tier 3,Ila Biggin,Nil,Tier 4,,0,196.62,0,2,Nil,FALSE,12821,Nil
12822,NIL,Tier 2,UHNM,Nil,Free,,0,0,0,1,Nil,FALSE,12822,Nil
12826,NIL,Tier 1,BforB Chester,Nil,Tier 5,,0,7.38,0,1,Nil,FALSE,12826,Nil
12832,NIL,Tier 2,Sarah Bunt,Nil,Tier 5,,0,48.75,0,1,Nil,FALSE,12832,Nil
12833,NIL,Tier 1,The Rehearsal Project,Nil,Tier 5,,0,13.54,0,1,Nil,FALSE,12833,Nil
12837,NIL,High Value,Kala Utsav,Nil,Tier 3,,0,1233.04,0,1,Nil,FALSE,12837,Nil
1284,NIL,NIL,Every Brilliant Thing - Student Production,Nil,Nil,,0,0,0,1,Nil,FALSE,1284,Nil
12846,NIL,Tier 1,Owens Farm Shop,Nil,Tier 5,,0,10.42,0,1,Nil,FALSE,12846,Nil
12854,NIL,Tier 3,Our Bar,Nil,Tier 4,,0,195.26,0,2,Nil,FALSE,12854,Nil
1286,NIL,NIL,Benjamin Guilfoyle - Woolly Hat Poems,Nil,Nil,,0,15.33,0,1,Nil,FALSE,1286,Nil
12860,NIL,Tier 3,F&amp;CS Events,Nil,Free,,0,0,0,1,Nil,FALSE,12860,Nil
12864,NIL,Tier 1,Red Hot Chili Players UK Tribute Events,Nil,Tier 5,,0,7.04,0,1,Nil,FALSE,12864,Nil
12865,NIL,Tier 1,South London Careers Hub,Nil,Free,,0,0,4,2,Nil,FALSE,12865,Nil
1287,NIL,NIL,MindfullyU,Nil,Nil,,0,0,0,1,Nil,FALSE,1287,Nil
12876,NIL,NIL,Adam Bradley Business Growth Consultancy ltd,Nil,Nil,,0,2.88,0,1,Nil,FALSE,12876,Nil
12877,NIL,Tier 2,Milton Keynes Music Co-operative,Nil,Tier 5,,0,27.12,0,1,Nil,FALSE,12877,Nil
1288,NIL,NIL,Goring URC,Nil,Nil,,0,1.75,0,1,Nil,FALSE,1288,Nil
12880,NIL,Tier 2,Lower First Events,Nil,Tier 5,,0,51.58,0,1,Nil,FALSE,12880,Nil
12882,NIL,Tier 2,123rd Carlisle Scout Group,Nil,Tier 5,,0,21.08,0,1,Nil,FALSE,12882,Nil
12885,NIL,Tier 1,Cousland Village Hall Association,Nil,Tier 5,,0,20.21,0,1,Nil,FALSE,12885,Nil
12890,NIL,Tier 2,Josh Charnley Testimonial,Nil,Tier 5,,0,14.62,0,1,Nil,FALSE,12890,Nil
1290,NIL,NIL,#SASS,Nil,Nil,,0,62.29,0,2,Nil,FALSE,1290,Nil
12906,NIL,NIL,OWN Trust,Nil,Nil,,0,0,0,1,Nil,FALSE,12906,Nil
12912,NIL,NIL,Franklin John Limited,Nil,Nil,,0,45.25,0,1,Nil,FALSE,12912,Nil
12916,NIL,Tier 2,Debs Risbridger   The Elm Tree (for Victoria Johnstone),Nil,Tier 5,,0,40.96,0,1,Nil,FALSE,12916,Nil
12920,NIL,Tier 2,Chiari Fundraising,Nil,Tier 5,,0,25.33,0,1,Nil,FALSE,12920,Nil
12921,NIL,NIL,Megan Newhouse,Nil,Nil,,0,4.46,0,1,Nil,FALSE,12921,Nil
12926,NIL,NIL,Abbie Digweed Your Cotswold Florist,Nil,Nil,,0,21,0,1,Nil,FALSE,12926,Nil
12939,NIL,NIL,anne marie evans,Nil,Nil,,0,4.87,0,1,Nil,FALSE,12939,Nil
12941,NIL,Tier 2,Dalmeny and Queensferry Parish Church,Nil,Tier 5,,0,35.83,0,1,Nil,FALSE,12941,Nil
12951,NIL,Tier 1,Amina Habib,Nil,Free,,0,0,0,1,Nil,FALSE,12951,Nil
1296,NIL,NIL,Trust Music,Nil,Nil,,0,269.75,0,4,Nil,FALSE,1296,Nil
12964,NIL,Tier 2,Wildmoor Flowers,Nil,Tier 5,,0,35.75,0,1,Nil,FALSE,12964,Nil
1297,NIL,NIL,Devonshire House School,Nil,Nil,,0,1071.19,0,3,Nil,FALSE,1297,Nil
12974,NIL,Tier 1,Willow Grove PTA,Nil,Tier 5,,0,8.32,0,1,Nil,FALSE,12974,Nil
12979,NIL,NIL,Vocations,Nil,Nil,,0,0,1,1,Nil,FALSE,12979,Nil
12984,NIL,NIL,Radiant Roots Wellbeing,Nil,Nil,,0,0,0,1,Nil,FALSE,12984,Nil
12987,NIL,Tier 1,Community Kitchen Glos CIO,Nil,Free,,0,0,0,1,Nil,FALSE,12987,Nil
12995,NIL,Tier 2,New Voices in Island Studies,Nil,Free,,0,0,0,2,Nil,FALSE,12995,Nil
13,NIL,NIL,Hollywood Studio of Performing Arts,Nil,Nil,,0,286.73,0,7,Nil,FALSE,13,Nil
1300,NIL,NIL,Latin Vibe Dance Academy,Nil,Nil,,0,0,0,1,Nil,FALSE,1300,Nil
13001,NIL,Tier 3,Greater Manchester Combined Authority,Nil,Free,,0,0,0,1,Nil,FALSE,13001,Nil
13007,NIL,Tier 2,Gira Davda,Nil,Tier 5,,0,80.5,0,1,Nil,FALSE,13007,Nil
1301,NIL,NIL,Account Deleted,Nil,Nil,,0,0,0,1,Nil,FALSE,1301,Nil
13013,NIL,Tier 4,St Joseph's High School   Crossmaglen,Nil,Tier 3,,0,1037.67,0,1,Nil,FALSE,13013,Nil
13026,NIL,Tier 4,Intrum UK,Nil,Free,,0,0,1,2,Nil,FALSE,13026,Nil
13041,NIL,Tier 2,Neil Cradock,Nil,Tier 5,,0,39.21,0,1,Nil,FALSE,13041,Nil
13042,NIL,Tier 2,Northwood Youth FC,Nil,Tier 5,,0,29.21,0,1,Nil,FALSE,13042,Nil
13047,NIL,Tier 2,Clifton Upon Teme Primary,Nil,Free,,0,0,0,1,Nil,FALSE,13047,Nil
1305,NIL,NIL,Cheeki Monkeys Shrewsbury,Nil,Nil,,0,0.94,0,1,Nil,FALSE,1305,Nil
13059,NIL,Tier 2,I green,Nil,Tier 5,,0,25.54,0,1,Nil,FALSE,13059,Nil
13065,NIL,Tier 1,Friends of Holy Name,Nil,Tier 5,,0,3,0,1,Nil,FALSE,13065,Nil
13069,NIL,Tier 1,Curious Tales,Nil,Free,,0,0,0,1,Nil,FALSE,13069,Nil
13082,NIL,Tier 2,Nant Celyn Primary Parents Friends Staff Association,Nil,Tier 5,,0,20.87,0,1,Nil,FALSE,13082,Nil
13084,NIL,Tier 2,Account Deleted,Nil,Tier 5,,0,35.83,0,1,Nil,FALSE,13084,Nil
13086,NIL,Tier 3,Srinivasa Kalyanam,Nil,Free,,0,0,0,1,Nil,FALSE,13086,Nil
13092,NIL,Tier 3,Our Lady&#39;s Catholic Primary School,Nil,Free,,0,0,0,1,Nil,FALSE,13092,Nil
13097,NIL,NIL,Institute of Professional Development,Nil,Nil,,0,0,0,1,Nil,FALSE,13097,Nil
13099,NIL,NIL,Bilton Grange Admissions,Nil,Nil,,0,0,0,2,Nil,FALSE,13099,Nil
1310,NIL,NIL,Lets Do Business,Nil,Nil,,0,0,0,1,Nil,FALSE,1310,Nil
13104,NIL,Tier 2,Chorlton CofE PTA,Nil,Free,,0,0,0,1,Nil,FALSE,13104,Nil
13105,NIL,Tier 1,Lee Rawlinson,Nil,Tier 5,,0,2.33,0,2,Nil,FALSE,13105,Nil
13107,NIL,Tier 2,DEAL SAVOYARDS,Nil,Tier 5,,0,33.12,0,1,Nil,FALSE,13107,Nil
13108,NIL,Tier 2,Music in Action,Nil,Tier 5,,0,26.46,0,1,Nil,FALSE,13108,Nil
13110,NIL,Tier 4,Annabelles Day Nursery,Nil,Tier 5,,0,123,0,1,Nil,FALSE,13110,Nil
13116,NIL,Tier 1,TryBooking Councils,Nil,Tier 5,,0,3.62,0,2,Nil,FALSE,13116,Nil
13117,NIL,Tier 2,Adams Company Lakes Ltd,Nil,Tier 5,,0,16.25,0,1,Nil,FALSE,13117,Nil
13118,NIL,NIL,Friends of the Storey Gardens,Nil,Nil,,0,0.7,0,1,Nil,FALSE,13118,Nil
1312,NIL,NIL,Foodbank Fabaret,Nil,Nil,,0,20.46,0,1,Nil,FALSE,1312,Nil
13120,NIL,Tier 2,Cumbria Tourism Quiz,Nil,Tier 5,,0,25.83,0,1,Nil,FALSE,13120,Nil
13123,NIL,Tier 2,Chris Kerwin,Nil,Free,,0,0,0,1,Nil,FALSE,13123,Nil
13125,NIL,Tier 4,New Romney Youth FC,Nil,Tier 4,,0,326.81,0,1,Nil,FALSE,13125,Nil
13137,NIL,NIL,Gateshead Safeguarding Partnership,Nil,Nil,,0,0,0,1,Nil,FALSE,13137,Nil
13139,NIL,NIL,Cohort Creations,Nil,Nil,,0,3.12,0,1,Nil,FALSE,13139,Nil
13140,NIL,Tier 2,Eagles Head,Nil,Tier 5,,0,21.75,0,1,Nil,FALSE,13140,Nil
13153,NIL,Tier 2,Longfields School PTA,Nil,Tier 5,,0,24.69,0,1,Nil,FALSE,13153,Nil
13158,NIL,Tier 2,IUCN National Committee UK,Nil,Free,,0,0,0,1,Nil,FALSE,13158,Nil
13159,NIL,Tier 3,Sabrina Bhundoo,Nil,Free,,0,0,0,1,Nil,FALSE,13159,Nil
13175,NIL,Tier 1,Indira Weaver,Nil,Tier 5,,0,23.91,0,1,Nil,FALSE,13175,Nil
13176,NIL,Tier 1,Tijana Kozarcic,Nil,Tier 5,,0,12.42,0,1,Nil,FALSE,13176,Nil
13178,NIL,Tier 2,Claire's Yogacello,Nil,Tier 5,,0,31.25,0,2,Nil,FALSE,13178,Nil
13180,NIL,Tier 2,Europa School UK,Nil,Tier 5,,0,21.67,0,2,Nil,FALSE,13180,Nil
13181,NIL,NIL,P Diddy,Nil,Nil,,0,0,0,1,Nil,FALSE,13181,Nil
13183,NIL,Tier 1,Filipino British Community,Nil,Free,,0,0,8,2,Nil,FALSE,13183,Nil
13185,NIL,Tier 3,Your Business Showcase,Nil,Tier 4,,0,134.83,0,2,Nil,FALSE,13185,Nil
13187,NIL,Tier 4,SPJ Drama,Nil,Tier 4,,0,287.5,0,2,Nil,FALSE,13187,Nil
13192,NIL,Tier 2,Horndean Infant School PTA,Nil,Tier 5,,0,33.52,0,1,Nil,FALSE,13192,Nil
13193,NIL,Tier 1,Kinsella Business Solutions CIC,Nil,Free,,0,0,0,2,Nil,FALSE,13193,Nil
13196,NIL,Tier 2,Notre Dame School,Nil,Free,,0,0,0,1,Nil,FALSE,13196,Nil
1320,NIL,NIL,Poole and Parkstone Grammar School,Nil,Nil,,0,0,0,1,Nil,FALSE,1320,Nil
13200,NIL,Tier 1,Craignure Hogmanay Party,Nil,Tier 5,,0,20.04,0,1,Nil,FALSE,13200,Nil
1321,NIL,NIL,Horwich Music Festival,Nil,Nil,,0,200.29,0,1,Nil,FALSE,1321,Nil
13215,NIL,Tier 3,Walmsley CE School,Nil,Free,,0,0,0,1,Nil,FALSE,13215,Nil
1322,NIL,Tier 2,Men2sing,Nil,Tier 5,,0,175.46,0,4,Nil,FALSE,1322,Nil
13222,NIL,Tier 1,St John&#39;s Community Choir,Nil,Tier 5,,0,20.58,0,1,Nil,FALSE,13222,Nil
13226,NIL,NIL,Beauty With Sarah,Nil,Nil,,0,0.67,0,1,Nil,FALSE,13226,Nil
13227,NIL,NIL,St Mary&#39;s Music,Nil,Nil,,0,0,0,1,Nil,FALSE,13227,Nil
13231,NIL,NIL,University of Bristol Edinburgh Alumni Event,Nil,Nil,,0,0,0,1,Nil,FALSE,13231,Nil
13232,NIL,Tier 3,Winter Wonderland,Nil,Free,,0,0,0,1,Nil,FALSE,13232,Nil
1324,NIL,NIL,Cardinal Hume Centre,Nil,Nil,,0,480.72,0,2,Nil,FALSE,1324,Nil
13249,NIL,NIL,Action with Communities in Cumbria,Nil,Nil,,0,0,0,1,Nil,FALSE,13249,Nil
13250,NIL,Tier 1,Sales Geek Liverpool,Nil,Tier 5,,0,3.75,0,1,Nil,FALSE,13250,Nil
1326,NIL,NIL,DTFC,Nil,Nil,,0,67.33,0,2,Nil,FALSE,1326,Nil
13264,NIL,Tier 2,Selvarani Selvaraja,Nil,Tier 5,,0,36.21,0,1,Nil,FALSE,13264,Nil
1327,NIL,NIL,Kirklees 10K Challenge,Nil,Nil,,0,239,0,3,Nil,FALSE,1327,Nil
13275,NIL,Tier 2,KHS Reunion,Nil,Tier 5,,0,40.85,0,2,Nil,FALSE,13275,Nil
13279,NIL,Tier 3,WFnws,Nil,Tier 4,,0,144,0,1,Nil,FALSE,13279,Nil
13280,NIL,Tier 2,Brown Paper Packages,Nil,Tier 5,,0,41.38,0,1,Nil,FALSE,13280,Nil
13281,NIL,Tier 2,Gaer PTA,Nil,Tier 5,,0,13.37,0,1,Nil,FALSE,13281,Nil
13286,NIL,NIL,Guy UK,Nil,Nil,,0,0,0,1,Nil,FALSE,13286,Nil
13288,NIL,Tier 1,Viviane Barzyk,Nil,Tier 5,,0,14,0,1,Nil,FALSE,13288,Nil
1329,NIL,NIL,Ladies in Property - Lancashire,Nil,Nil,,0,0,0,3,Nil,FALSE,1329,Nil
13299,NIL,Tier 3,Marr Minis,Nil,Tier 4,,0,171.88,0,2,Nil,FALSE,13299,Nil
133,NIL,NIL,BassFACE,Nil,Nil,,0,1345.47,0,2,Nil,FALSE,133,Nil
13300,NIL,Tier 2,DrJoeBurton,Nil,Free,,0,0,0,1,Nil,FALSE,13300,Nil
13304,NIL,Tier 2,The Sinfonia Stellaris,Nil,Tier 5,,0,30.29,0,2,Nil,FALSE,13304,Nil
13308,NIL,Tier 1,Voices on the Wall,Nil,Free,,0,0,0,1,Nil,FALSE,13308,Nil
13310,NIL,NIL,Property Chat Staines upon Thames,Nil,Nil,,0,0,0,1,Nil,FALSE,13310,Nil
13313,NIL,Tier 2,Bicycle Mayor of Cumbria group,Nil,Tier 5,,0,16.87,0,1,Nil,FALSE,13313,Nil
1332,NIL,NIL,Illuminations A Cappella,Nil,Nil,,0,84.96,0,1,Nil,FALSE,1332,Nil
13328,NIL,NIL,Talal,Nil,Nil,,0,2.17,0,1,Nil,FALSE,13328,Nil
13329,NIL,Tier 1,Gloucester Property Chat,Nil,Free,,0,0,0,2,Nil,FALSE,13329,Nil
13334,NIL,Tier 1,liv&amp;freya,Nil,Tier 5,,0,10.21,0,1,Nil,FALSE,13334,Nil
1334,NIL,NIL,Sewing cafe Lancaster,Nil,Nil,,0,30.92,0,4,Nil,FALSE,1334,Nil
13342,NIL,Tier 1,Leandro Landolina,Nil,Free,,0,0,0,1,Nil,FALSE,13342,Nil
13352,NIL,Tier 1,D R Malcolm,Nil,Free,,0,0,0,1,Nil,FALSE,13352,Nil
1337,NIL,NIL,God for All,Nil,Nil,,0,0,0,1,Nil,FALSE,1337,Nil
13371,NIL,Tier 2,Rotary Club of Maidstone Riverside,Nil,Tier 5,,0,39,0,1,Nil,FALSE,13371,Nil
13372,NIL,NIL,Nicole Perez,Nil,Nil,,0,3.75,0,1,Nil,FALSE,13372,Nil
1338,NIL,NIL,Account Deleted,Nil,Nil,,0,104,0,1,Nil,FALSE,1338,Nil
13382,NIL,Tier 2,Moormead Community Sports Pavilion,Nil,Tier 5,,0,31.58,0,1,Nil,FALSE,13382,Nil
134,NIL,NIL,Element Dance UK - Empowerment Workshop,Nil,Nil,,0,28.58,0,3,Nil,FALSE,134,Nil
1340,NIL,NIL,BeesMAX,Nil,Nil,,0,0,0,1,Nil,FALSE,1340,Nil
13400,NIL,NIL,The Great Big Yawn,Nil,Nil,,0,0,0,1,Nil,FALSE,13400,Nil
13408,NIL,Tier 2,Christmas Concert for Families in Need,Nil,Tier 5,,0,24.75,0,1,Nil,FALSE,13408,Nil
1341,NIL,NIL,Sedbergh Easter & Summer Courses,Nil,Nil,,0,92.25,0,4,Nil,FALSE,1341,Nil
13413,NIL,Tier 2,PDCA,Nil,Tier 5,,0,37.42,0,2,Nil,FALSE,13413,Nil
13429,NIL,NIL,Bexley Grammar ACS,Nil,Nil,,0,1.46,0,1,Nil,FALSE,13429,Nil
1343,NIL,NIL,Jacksons of Preston Launch,Nil,Nil,,0,0,0,1,Nil,FALSE,1343,Nil
13437,NIL,Tier 2,D Willer,Nil,Free,,0,0,0,1,Nil,FALSE,13437,Nil
13438,NIL,Tier 2,Henry Marsh,Nil,Tier 5,,0,54.17,0,2,Nil,FALSE,13438,Nil
13439,NIL,Tier 1,GemsBookings,Nil,Free,,0,0,0,1,Nil,FALSE,13439,Nil
13441,NIL,Tier 3,StarRocker Studios,Nil,Tier 4,,0,152.83,0,1,Nil,FALSE,13441,Nil
13446,NIL,Tier 3,Irthlingborough Junior School PTA,Nil,Tier 5,,0,38.67,0,1,Nil,FALSE,13446,Nil
13449,NIL,Tier 1,Andrew&#39;s St Andrews,Nil,Tier 5,,0,20.46,0,1,Nil,FALSE,13449,Nil
13459,NIL,Tier 3,St Pauls PCC,Nil,Tier 5,,0,70.59,0,1,Nil,FALSE,13459,Nil
1347,NIL,NIL,RRWW1,Nil,Nil,,0,28.67,0,1,Nil,FALSE,1347,Nil
13476,NIL,Tier 3,Surrey FRS Grotto 2024,Nil,Tier 5,,0,98.25,0,1,Nil,FALSE,13476,Nil
1348,NIL,NIL,Sus4 Sessions,Nil,Nil,,0,316.88,0,1,Nil,FALSE,1348,Nil
13487,NIL,Tier 2,Gosden house PTA,Nil,Tier 5,,0,10.66,0,1,Nil,FALSE,13487,Nil
13494,NIL,NIL,Shropshire Horticultural Society,Nil,Nil,,0,0,0,1,Nil,FALSE,13494,Nil
13497,NIL,Tier 2,Mrs E L Graham,Nil,Tier 5,,0,66.75,0,2,Nil,FALSE,13497,Nil
135,NIL,NIL,Young Cumbria Training & Consultancy,Nil,Nil,,0,0,0,1,Nil,FALSE,135,Nil
13500,NIL,Tier 3,Autism All Stars UK,Nil,Free,,0,0,0,2,Nil,FALSE,13500,Nil
1351,NIL,NIL,The Mind Trainer ,Nil,Nil,,0,288.25,0,4,Nil,FALSE,1351,Nil
13513,NIL,NIL,MeCycle / Autism Ventures,Nil,Nil,,0,0,0,1,Nil,FALSE,13513,Nil
13517,NIL,Tier 4,Cherished Child Charity,Nil,Tier 4,,0,379.62,0,2,Nil,FALSE,13517,Nil
1352,NIL,NIL,Thank you for helping Mason,Nil,Nil,,0,28.37,0,1,Nil,FALSE,1352,Nil
1353,NIL,NIL,Leicester-Shire Schools Music Service,Nil,Nil,,0,0,0,1,Nil,FALSE,1353,Nil
13530,NIL,Tier 2,The Ferry,Nil,Tier 5,,0,43,0,1,Nil,FALSE,13530,Nil
13532,NIL,Tier 4,White Bridge Primary School,Nil,Free,,0,0,0,1,Nil,FALSE,13532,Nil
13554,NIL,NIL,Career Intelligence Academy,Nil,Nil,,0,0,0,1,Nil,FALSE,13554,Nil
13566,NIL,Tier 2,Pulborough Rugby Club,Nil,Tier 5,,0,23.12,0,1,Nil,FALSE,13566,Nil
13577,NIL,Tier 2,First Days Children's Charity,Nil,Tier 5,,0,0.75,0,1,Nil,FALSE,13577,Nil
13580,NIL,NIL,Birkbeck Primary School,Nil,Nil,,0,0,0,1,Nil,FALSE,13580,Nil
13581,NIL,Tier 1,Animal Concern Cumbria,Nil,Free,,0,0,0,2,Nil,FALSE,13581,Nil
13586,NIL,Tier 2,The soul dance tribe presents UNITY,Nil,Tier 5,,0,26.57,0,2,Nil,FALSE,13586,Nil
13587,NIL,NIL,Iona Fernandes,Nil,Nil,,0,1,0,1,Nil,FALSE,13587,Nil
1359,NIL,NIL,Singing with Style at Surbiton High,Nil,Nil,,0,0,0,1,Nil,FALSE,1359,Nil
13591,NIL,NIL,Third Knowsley Scout Group,Nil,Nil,,0,0.37,0,2,Nil,FALSE,13591,Nil
13597,NIL,Tier 2,Karltons Mixtape,Nil,Tier 5,,0,26,0,1,Nil,FALSE,13597,Nil
13599,NIL,Tier 2,Crossford Parent Council,Nil,Tier 5,,0,20,0,1,Nil,FALSE,13599,Nil
13602,NIL,Tier 3,SB 40 Year Reunion,Nil,Tier 4,,0,133.25,0,2,Nil,FALSE,13602,Nil
13610,NIL,Tier 2,Sharon Mail Book Launch,Nil,Free,,0,0,0,2,Nil,FALSE,13610,Nil
13612,NIL,NIL,Helen Beecroft Music,Nil,Nil,,0,2.25,0,1,Nil,FALSE,13612,Nil
13614,NIL,Tier 3,Mimic Stage School,Nil,Tier 5,,0,93.62,0,2,Nil,FALSE,13614,Nil
13618,NIL,Tier 2,Aghalee Village Hall,Nil,Free,,0,0,0,1,Nil,FALSE,13618,Nil
1362,NIL,NIL,Daniel Bye,Nil,Nil,,0,12.79,0,1,Nil,FALSE,1362,Nil
13624,NIL,Tier 2,Christ Church Orchard Park,Nil,Free,,0,0,0,1,Nil,FALSE,13624,Nil
13651,NIL,Tier 1,Jeremy Miles,Nil,Tier 5,,0,14.22,0,2,Nil,FALSE,13651,Nil
13667,NIL,Tier 1,Feyu,Nil,Free,,0,0,0,1,Nil,FALSE,13667,Nil
13669,NIL,Tier 3,Feyi,Nil,Free,,0,0,0,1,Nil,FALSE,13669,Nil
13675,NIL,Tier 1,REVEAL CENTRE BATH,Nil,Free,,0,0,0,1,Nil,FALSE,13675,Nil
13679,NIL,Tier 2,Brightstar,Nil,Free,,0,0,6,1,Nil,FALSE,13679,Nil
1369,NIL,NIL,WOTR Kendal Virtual Challenge,Nil,Nil,,0,38.12,0,1,Nil,FALSE,1369,Nil
13698,NIL,Tier 2,Epicurus Camden,Nil,Tier 5,,0,78.21,0,1,Nil,FALSE,13698,Nil
13699,NIL,Tier 2,Infant Feeding Team,Nil,Free,,0,0,1,2,Nil,FALSE,13699,Nil
137,NIL,NIL,equicultureuk,Nil,Nil,,0,717.37,0,6,Nil,FALSE,137,Nil
1370,NIL,NIL,Bolton Music Service (FF),Nil,Nil,,0,236.76,0,2,Nil,FALSE,1370,Nil
13705,NIL,Tier 3,Garboldisham Amateur Dramatic Society,Nil,Tier 5,,0,104.75,0,2,Nil,FALSE,13705,Nil
1371,NIL,NIL,TI Brands Ltd,Nil,Nil,,0,0,0,1,Nil,FALSE,1371,Nil
13724,NIL,Tier 2,Dissenters Players,Nil,Tier 5,,0,43.33,0,1,Nil,FALSE,13724,Nil
13727,NIL,Tier 2,Ilkley Gym Club,Nil,Tier 5,,0,25.33,0,2,Nil,FALSE,13727,Nil
1374,NIL,NIL,Balkanics,Nil,Nil,,0,16.88,0,1,Nil,FALSE,1374,Nil
1376,NIL,NIL,Marie Curie Scotland Katie Old Data,Nil,Nil,,0,210.42,0,4,Nil,FALSE,1376,Nil
13762,NIL,Tier 3,STMARKSCEPRIMARY,Nil,Free,,0,0,0,1,Nil,FALSE,13762,Nil
13771,NIL,Tier 2,George Davies,Nil,Tier 5,,0,52.12,0,2,Nil,FALSE,13771,Nil
13776,NIL,NIL,Annette Shaw Unstoppable You Coaching,Nil,Nil,,0,0,0,1,Nil,FALSE,13776,Nil
13784,NIL,Tier 2,Lesley Walker,Nil,Free,,0,0,0,2,Nil,FALSE,13784,Nil
1379,NIL,NIL,ASEAN Emerging Researchers Conference 2019 (UK),Nil,Nil,,0,60.51,0,2,Nil,FALSE,1379,Nil
13799,NIL,Tier 4,Kent &amp; Medway Looked after Children Team,Nil,Free,,0,0,0,1,Nil,FALSE,13799,Nil
1380,NIL,NIL,Marie Curie Yorkshire Old Data,Nil,Nil,,0,0,0,2,Nil,FALSE,1380,Nil
13822,NIL,Tier 2,Ilminster Cricket Club,Nil,Tier 5,,0,35.72,0,2,Nil,FALSE,13822,Nil
13830,NIL,Tier 2,Brazilian party,Nil,Tier 5,,0,44.92,0,2,Nil,FALSE,13830,Nil
13834,NIL,Tier 2,K Kennedy,Nil,Tier 5,,0,30,0,1,Nil,FALSE,13834,Nil
13835,NIL,NIL,Neuro North Forum,Nil,Nil,,0,2.33,0,1,Nil,FALSE,13835,Nil
13839,NIL,NIL,Network B2B,Nil,Nil,,0,0,1,1,Nil,FALSE,13839,Nil
13847,NIL,NIL,FOB test site,Nil,Nil,,0,0,0,1,Nil,FALSE,13847,Nil
13860,NIL,NIL,Maddison-Greenwell Equestrian,Nil,Nil,,0,36.75,0,1,Nil,FALSE,13860,Nil
1387,NIL,NIL,Habs Girls Admissions Team,Nil,Nil,,0,0,0,1,Nil,FALSE,1387,Nil
13874,NIL,Tier 1,Isabelle Betts,Nil,Tier 5,,0,8.33,0,1,Nil,FALSE,13874,Nil
13880,NIL,NIL,Grazity GV,Nil,Nil,,0,2,0,1,Nil,FALSE,13880,Nil
13889,NIL,Tier 3,Muslim Women Society,Nil,Tier 5,,0,113.15,0,1,Nil,FALSE,13889,Nil
139,NIL,NIL,King Edward's Witley,Nil,Nil,,0,0,0,2,Nil,FALSE,139,Nil
13910,NIL,Tier 2,Old School Weekender,Nil,Tier 5,,0,29.38,0,1,Nil,FALSE,13910,Nil
13913,NIL,Tier 1,Hannah Abdulhamid,Nil,Tier 5,,0,4.96,0,1,Nil,FALSE,13913,Nil
13915,NIL,Tier 2,ABM Skittles Club,Nil,Tier 5,,0,49.29,0,1,Nil,FALSE,13915,Nil
13918,NIL,Tier 1,South London Integration Hub,Nil,Free,,0,0,0,1,Nil,FALSE,13918,Nil
1392,NIL,NIL,Creative Theatre Arts,Nil,Nil,,0,25.75,0,1,Nil,FALSE,1392,Nil
13920,NIL,Tier 3,SheffieldCares,Nil,Free,,0,0,0,1,Nil,FALSE,13920,Nil
13923,NIL,Tier 2,Laura Coulthard,Nil,Tier 5,,0,40.62,0,1,Nil,FALSE,13923,Nil
13924,NIL,NIL,Dales Trailer Hire,Nil,Nil,,0,0,0,1,Nil,FALSE,13924,Nil
13926,NIL,NIL,Kenmore Primary School Parent Council,Nil,Nil,,0,5.04,0,1,Nil,FALSE,13926,Nil
13929,NIL,Tier 2,Panache Cheer Fundraising,Nil,Tier 5,,0,31.08,0,1,Nil,FALSE,13929,Nil
13930,NIL,Tier 2,Ffrindiau Ysgol Gynradd Llanrug,Nil,Tier 5,,0,28.5,0,1,Nil,FALSE,13930,Nil
13939,NIL,Tier 2,St Albans High School Music Department,Nil,Tier 5,,0,12.71,0,1,Nil,FALSE,13939,Nil
13947,NIL,Tier 3,A Durcan Kingston Grammar School,Nil,Free,,0,0,0,1,Nil,FALSE,13947,Nil
13952,NIL,Tier 1,GarjanaUK,Nil,Free,,0,0,0,1,Nil,FALSE,13952,Nil
13958,NIL,Tier 1,SDG Embedded Solutions CIC,Nil,Free,,0,0,0,1,Nil,FALSE,13958,Nil
1396,NIL,NIL,Nosewise,Nil,Nil,,0,5.5,0,1,Nil,FALSE,1396,Nil
1397,NIL,NIL,Bowjangles,Nil,Nil,,0,19.71,0,1,Nil,FALSE,1397,Nil
13971,NIL,Tier 2,Food in a Field,Nil,Tier 5,,0,82.92,0,1,Nil,FALSE,13971,Nil
13975,NIL,Tier 3,Red Squash Theatre,Nil,Tier 4,,0,144.78,0,1,Nil,FALSE,13975,Nil
13985,NIL,Tier 3,Reading Community Hub,Nil,Tier 5,,0,19,0,1,Nil,FALSE,13985,Nil
13990,NIL,Tier 2,Burntwood Swimming Club,Nil,Tier 5,,0,23.27,0,1,Nil,FALSE,13990,Nil
13998,NIL,NIL,Sales Geek C&S Bucks,Nil,Nil,,0,0.62,0,1,Nil,FALSE,13998,Nil
13999,NIL,NIL,Madeley Academy,Nil,Nil,,0,0,0,1,Nil,FALSE,13999,Nil
14013,NIL,Tier 4,Bob &amp; Blether,Nil,Tier 4,,0,312.62,0,1,Nil,FALSE,14013,Nil
14015,NIL,Tier 2,Rushgreen Bowmen,Nil,Tier 5,,0,50,0,1,Nil,FALSE,14015,Nil
14016,NIL,Tier 2,Chalk & Cheese The Stables,Nil,Tier 5,,0,21.67,0,1,Nil,FALSE,14016,Nil
1402,NIL,NIL,Crosscrake Hub,Nil,Nil,,0,34.29,0,1,Nil,FALSE,1402,Nil
14022,NIL,Tier 2,Network Youth Church,Nil,Tier 5,,0,25.29,0,1,Nil,FALSE,14022,Nil
14038,NIL,NIL,Sociology PS Team,Nil,Nil,,0,0,0,1,Nil,FALSE,14038,Nil
14039,NIL,Tier 3,Dilek Livaneli,Nil,Tier 5,,0,95.83,0,1,Nil,FALSE,14039,Nil
14058,NIL,Tier 1,Bromyard Road Methodist Church,Nil,Tier 5,,0,18.75,0,1,Nil,FALSE,14058,Nil
14062,NIL,Tier 2,Bellingham PTA,Nil,Tier 5,,0,35.4,0,1,Nil,FALSE,14062,Nil
14063,NIL,Tier 2,Bohunt Farnborough,Nil,Free,,0,0,0,1,Nil,FALSE,14063,Nil
1408,NIL,NIL,Coachwise Ltd,Nil,Nil,,0,78.75,0,1,Nil,FALSE,1408,Nil
14082,NIL,Tier 1,The Dorothy Dunnett Society,Nil,Free,,0,0,0,1,Nil,FALSE,14082,Nil
14086,NIL,Tier 3,HASLINGFIELD ENDOWED PRIMARY SCHOOL PTFA,Nil,Tier 5,,0,100.62,0,1,Nil,FALSE,14086,Nil
14089,NIL,Tier 1,GuildfordFAS,Nil,Free,,0,0,0,1,Nil,FALSE,14089,Nil
1409,NIL,NIL,FOPS,Nil,Nil,,0,302.68,0,3,Nil,FALSE,1409,Nil
14096,NIL,Tier 1,Kathryn Haycock,Nil,Tier 5,,0,23.96,0,1,Nil,FALSE,14096,Nil
14098,NIL,Tier 2,Lunesdale Hall,Nil,Tier 5,,0,29.79,7,1,Nil,FALSE,14098,Nil
141,NIL,NIL,Steele Saunders,Nil,Nil,,0,16.75,0,1,Nil,FALSE,141,Nil
14102,NIL,Tier 1,Aeolian MVC,Nil,Tier 5,,0,9.71,0,1,Nil,FALSE,14102,Nil
14104,NIL,NIL,Habs Mencap,Nil,Nil,,0,0.28,0,1,Nil,FALSE,14104,Nil
14107,NIL,Tier 1,TYQFLIX,Nil,Free,,0,0,0,1,Nil,FALSE,14107,Nil
1411,NIL,NIL,LRGS Rugby Tour Events,Nil,Nil,,0,158.5,0,1,Nil,FALSE,1411,Nil
14117,NIL,NIL,Fife Out and About Walking Group,Nil,Nil,,0,0,0,1,Nil,FALSE,14117,Nil
14121,NIL,NIL,Hexham Pride,Nil,Nil,,0,6.75,0,1,Nil,FALSE,14121,Nil
14124,NIL,NIL,North London Property Chat,Nil,Nil,,0,0,0,1,Nil,FALSE,14124,Nil
14130,NIL,Tier 2,Holy Cross Parents Friends Group,Nil,Tier 5,,0,20.51,0,1,Nil,FALSE,14130,Nil
1414,NIL,NIL,Data Collective,Nil,Nil,,0,0,0,1,Nil,FALSE,1414,Nil
14142,NIL,NIL,Synergy Health Kendal,Nil,Nil,,0,0,0,1,Nil,FALSE,14142,Nil
14144,NIL,Tier 1,Keyworth Women&#39;s Circle,Nil,Tier 5,,0,3.33,0,1,Nil,FALSE,14144,Nil
1415,NIL,NIL,Heathfield & Horam FC,Nil,Nil,,0,283.55,0,4,Nil,FALSE,1415,Nil
14150,NIL,Tier 1,Team SOAR,Nil,Tier 5,,0,2.29,0,1,Nil,FALSE,14150,Nil
14154,NIL,NIL,Bevanda &amp; Co.,Nil,Nil,,0,1.58,0,1,Nil,FALSE,14154,Nil
14163,NIL,NIL,Halcyon Therapies Ltd,Nil,Nil,,0,0.13,0,1,Nil,FALSE,14163,Nil
14188,NIL,Tier 1,Coffee &amp; Connections,Nil,Tier 5,,0,5.13,0,1,Nil,FALSE,14188,Nil
1419,NIL,NIL,Winter Night Shelter Milton Keynes,Nil,Nil,,0,148.58,0,1,Nil,FALSE,1419,Nil
14193,NIL,NIL,Account Deleted,Nil,Nil,,0,0,0,1,Nil,FALSE,14193,Nil
14204,NIL,Tier 1,Brampton Community Ceilidh,Nil,Tier 5,,0,14.84,0,1,Nil,FALSE,14204,Nil
1422,NIL,NIL,House Schools Trust,Nil,Nil,,0,100.37,0,1,Nil,FALSE,1422,Nil
14222,NIL,Tier 1,rickygopal,Nil,Free,,0,0,0,1,Nil,FALSE,14222,Nil
14224,NIL,Tier 2,St Patrick’s P.S. PTA,Nil,Tier 5,,0,33.73,0,1,Nil,FALSE,14224,Nil
14232,NIL,Tier 2,Animal Rescue Cumbria,Nil,Tier 5,,0,62.25,0,1,Nil,FALSE,14232,Nil
14233,NIL,Tier 2,Tenancy Support - Unipol,Nil,Tier 5,,0,37.75,0,1,Nil,FALSE,14233,Nil
14235,NIL,Tier 1,Waters &amp; Atkinson,Nil,Free,,0,0,0,1,Nil,FALSE,14235,Nil
14238,NIL,Tier 3,The Lanes Shopping Centre,Nil,Free,,0,0,0,1,Nil,FALSE,14238,Nil
1424,NIL,NIL,Low Sizergh Barn,Nil,Nil,,0,22.17,0,1,Nil,FALSE,1424,Nil
1425,NIL,NIL,Farmeco Community Care,Nil,Nil,,0,0,0,1,Nil,FALSE,1425,Nil
14251,NIL,NIL,Curious Owl,Nil,Nil,,0,2.63,0,1,Nil,FALSE,14251,Nil
14253,NIL,NIL,Sound of Iona Music Festival,Nil,Nil,,0,0,0,1,Nil,FALSE,14253,Nil
14258,NIL,Tier 1,Starlings,Nil,Tier 5,,0,13.75,0,1,Nil,FALSE,14258,Nil
1426,NIL,NIL,Year 6 party,Nil,Nil,,0,21.67,0,1,Nil,FALSE,1426,Nil
14272,NIL,Tier 2,Lucis Choir,Nil,Tier 5,,0,51.33,0,1,Nil,FALSE,14272,Nil
1428,NIL,NIL,Old Sydneians' Union UK Branch,Nil,Nil,,0,58,0,1,Nil,FALSE,1428,Nil
14281,NIL,Tier 3,Katherine Young,Nil,Free,,0,0,0,1,Nil,FALSE,14281,Nil
14287,NIL,Tier 1,Edinburgh Royal Warrant Holders Association,Nil,Tier 5,,0,5,0,1,Nil,FALSE,14287,Nil
14296,NIL,Tier 1,Philip Shakesheff,Nil,Free,,0,0,0,1,Nil,FALSE,14296,Nil
143,NIL,NIL,Old Redingensians Association,Nil,Nil,,0,51.83,0,1,Nil,FALSE,143,Nil
1431,NIL,NIL,Carter the Brave,Nil,Nil,,0,78.62,0,1,Nil,FALSE,1431,Nil
14316,NIL,NIL,Ingfield Friends,Nil,Nil,,0,0,0,1,Nil,FALSE,14316,Nil
14317,NIL,Tier 3,Hymers College,Nil,Tier 5,,0,92.42,0,1,Nil,FALSE,14317,Nil
14319,NIL,Tier 3,Stefan Peto,Nil,Free,,0,0,0,1,Nil,FALSE,14319,Nil
1433,NIL,NIL,Isomi,Nil,Nil,,0,0,0,1,Nil,FALSE,1433,Nil
1434,NIL,NIL,DLD College,Nil,Nil,,0,0,0,1,Nil,FALSE,1434,Nil
14342,NIL,NIL,KateEP@UoBath,Nil,Nil,,0,0,0,1,Nil,FALSE,14342,Nil
14344,NIL,NIL,Early Years Scotland Renfrewshire,Nil,Nil,,0,0,1,1,Nil,FALSE,14344,Nil
14345,NIL,Tier 1,Limestone Pavements Partnership,Nil,Free,,0,0,0,1,Nil,FALSE,14345,Nil
14349,NIL,Tier 2,Laughs with Luce,Nil,Tier 5,,0,16,0,1,Nil,FALSE,14349,Nil
1435,NIL,NIL,Lena Huda,Nil,Nil,,0,39.5,0,1,Nil,FALSE,1435,Nil
14353,NIL,NIL,EHS Laurels Association,Nil,Nil,,0,0,0,1,Nil,FALSE,14353,Nil
14359,NIL,Tier 1,White Horse WI (Rushall),Nil,Tier 5,,0,6,0,1,Nil,FALSE,14359,Nil
1436,NIL,Tier 2,Chloe North,Nil,Tier 5,,0,60.75,0,2,Nil,FALSE,1436,Nil
1437,NIL,NIL,scifilondon,Nil,Nil,,0,35.83,0,2,Nil,FALSE,1437,Nil
14371,NIL,NIL,Heather Collin - Sing & Sip,Nil,Nil,,0,2.67,0,1,Nil,FALSE,14371,Nil
1439,NIL,NIL,Marie Curie ICE Team,Nil,Nil,,0,0,0,1,Nil,FALSE,1439,Nil
14392,NIL,NIL,Hamsterley Trailblazers,Nil,Nil,,0,0,0,1,Nil,FALSE,14392,Nil
14396,NIL,Tier 4,Dance Fever,Nil,Tier 4,,0,334.88,0,1,Nil,FALSE,14396,Nil
14397,NIL,Tier 2,MPTS,Nil,Tier 5,,0,31.67,0,1,Nil,FALSE,14397,Nil
14404,NIL,NIL,Discovery Trust,Nil,Nil,,0,0,0,1,Nil,FALSE,14404,Nil
14413,NIL,NIL,DC Thomson,Nil,Nil,,0,0,0,1,Nil,FALSE,14413,Nil
1442,NIL,NIL,RTWScouts,Nil,Nil,,0,3.79,0,1,Nil,FALSE,1442,Nil
14422,NIL,NIL,CinemaFor2,Nil,Nil,,0,0,6,1,Nil,FALSE,14422,Nil
1443,NIL,NIL,FreeAgent,Nil,Nil,,0,0,0,1,Nil,FALSE,1443,Nil
1444,NIL,NIL,The Kindling Trust,Nil,Nil,,0,0,0,1,Nil,FALSE,1444,Nil
14443,NIL,Tier 2,Wholehearted Solutions,Nil,Tier 5,,0,11.92,0,1,Nil,FALSE,14443,Nil
14451,NIL,NIL,Mrs Sudworth,Nil,Nil,,0,0,0,1,Nil,FALSE,14451,Nil
14455,NIL,Tier 1,LV Fitness Studio,Nil,Tier 5,,0,9,0,1,Nil,FALSE,14455,Nil
1447,NIL,NIL,Fluffy Moos,Nil,Nil,,0,0,0,1,Nil,FALSE,1447,Nil
14476,NIL,NIL,Brede Primary School PTA,Nil,Nil,,0,12.67,0,1,Nil,FALSE,14476,Nil
14478,NIL,Tier 3,Fulneck School,Nil,Tier 5,,0,89.33,0,1,Nil,FALSE,14478,Nil
14481,NIL,Tier 1,TAB-UK,Nil,Tier 5,,0,8.51,0,1,Nil,FALSE,14481,Nil
14488,NIL,Tier 1,KH Events,Nil,Free,,0,0,0,1,Nil,FALSE,14488,Nil
1449,NIL,NIL,Downlands Partnership open farm Sunday 9th of June,Nil,Nil,,0,0,0,1,Nil,FALSE,1449,Nil
14492,NIL,Tier 2,Charliees fundraiser,Nil,Tier 5,,0,40.08,0,1,Nil,FALSE,14492,Nil
14497,NIL,Tier 3,Comedy Night,Nil,Tier 5,,0,66.46,0,1,Nil,FALSE,14497,Nil
145,NIL,NIL,Bookwana,Nil,Nil,,0,6.17,0,7,Nil,FALSE,145,Nil
14501,NIL,NIL,Sales Geek Manchester,Nil,Nil,,0,1.88,1,1,Nil,FALSE,14501,Nil
14502,NIL,NIL,Sales Geek North Wales,Nil,Nil,,0,0.62,0,1,Nil,FALSE,14502,Nil
1451,NIL,NIL,Reading Blue Coat School,Nil,Nil,,0,0,0,3,Nil,FALSE,1451,Nil
14517,NIL,Tier 1,Easy Street Theatre Company,Nil,Tier 5,,0,21.75,0,1,Nil,FALSE,14517,Nil
1452,NIL,NIL,Blyth Bobcats Cricket,Nil,Nil,,0,24.96,0,1,Nil,FALSE,1452,Nil
14523,NIL,Tier 4,Ryan at Sheffield City Council,Nil,Free,,0,0,0,1,Nil,FALSE,14523,Nil
14527,NIL,Tier 2,IzzyEvents,Nil,Free,,0,0,0,1,Nil,FALSE,14527,Nil
14529,NIL,NIL,Ogden Trust Stargazing,Nil,Nil,,0,0,0,1,Nil,FALSE,14529,Nil
1453,NIL,NIL,Scots College  Wellington,Nil,Nil,,0,18.22,0,1,Nil,FALSE,1453,Nil
14549,NIL,NIL,CMB SOLUTIONS TRAINING,Nil,Nil,,0,0,1,1,Nil,FALSE,14549,Nil
1455,NIL,NIL,Skills Shop Ltd,Nil,Nil,,0,6.25,0,1,Nil,FALSE,1455,Nil
1456,NIL,NIL,Highway Hill Ltd,Nil,Nil,,0,0,0,1,Nil,FALSE,1456,Nil
1457,NIL,NIL,Reiki Wellness Centre,Nil,Nil,,0,1.88,0,1,Nil,FALSE,1457,Nil
1459,NIL,NIL,Lancing Football Club,Nil,Nil,,0,531.25,0,5,Nil,FALSE,1459,Nil
14599,NIL,Tier 2,Thompsons Solicitors,Nil,Tier 5,,0,53.29,0,1,Nil,FALSE,14599,Nil
146,NIL,NIL,Grand Day Out,Nil,Nil,,0,77.04,0,1,Nil,FALSE,146,Nil
14618,NIL,Tier 1,Friends of TVA Events,Nil,Tier 5,,0,10,0,1,Nil,FALSE,14618,Nil
1462,NIL,NIL,Marie Curie Newcastle,Nil,Nil,,0,0.33,0,1,Nil,FALSE,1462,Nil
14628,NIL,Tier 4,Holmewood House,Nil,Free,,0,0,0,1,Nil,FALSE,14628,Nil
1463,NIL,NIL,Account Deleted,Nil,Nil,,0,349.26,0,2,Nil,FALSE,1463,Nil
14639,NIL,Tier 2,Habs Elstree Conferences,Nil,Tier 5,,0,4,0,1,Nil,FALSE,14639,Nil
1465,NIL,NIL,RJW Charity Coach Trips,Nil,Nil,,0,1.75,0,1,Nil,FALSE,1465,Nil
14651,NIL,NIL,Ysgol Maes Garmon,Nil,Nil,,0,0,0,1,Nil,FALSE,14651,Nil
14665,NIL,Tier 2,My Culture Club,Nil,Tier 5,,0,26.58,0,1,Nil,FALSE,14665,Nil
14683,NIL,NIL,Cultura HR Limited,Nil,Nil,,0,0,9,1,Nil,FALSE,14683,Nil
1469,NIL,NIL,Account Deleted,Nil,Nil,,0,0,0,1,Nil,FALSE,1469,Nil
1470,NIL,NIL,BNI Furness,Nil,Nil,,0,1.25,0,1,Nil,FALSE,1470,Nil
14703,NIL,NIL,Signature Creative Studio,Nil,Nil,,0,3.5,0,1,Nil,FALSE,14703,Nil
14713,NIL,Tier 4,The Plot Events,Nil,Free,,0,0,0,1,Nil,FALSE,14713,Nil
1473,NIL,NIL,Account Deleted,Nil,Nil,,0,0,0,1,Nil,FALSE,1473,Nil
14734,NIL,Tier 2,Littlella&#39;s childcare,Nil,Free,,0,0,0,1,Nil,FALSE,14734,Nil
14739,NIL,Tier 3,Leavers Ball 2025,Nil,Tier 5,,0,5.75,3,1,Nil,FALSE,14739,Nil
1474,NIL,NIL,Christleton High School Association,Nil,Nil,,0,154.27,0,1,Nil,FALSE,1474,Nil
14740,NIL,Tier 3,Cook with Owen,Nil,Tier 5,,0,98.42,0,1,Nil,FALSE,14740,Nil
14753,NIL,Tier 1,Bloodthread,Nil,Tier 5,,0,16.79,0,1,Nil,FALSE,14753,Nil
14776,NIL,Tier 1,Falmouth Uncovered,Nil,Tier 5,,0,12.58,0,1,Nil,FALSE,14776,Nil
14788,NIL,Tier 2,Shrewsbury Pals,Nil,Tier 5,,0,43.17,0,1,Nil,FALSE,14788,Nil
1480,NIL,NIL,Marie Curie South East OLD,Nil,Nil,,0,42.08,0,2,Nil,FALSE,1480,Nil
14810,NIL,NIL,Francine Evans,Nil,Nil,,0,7.67,0,1,Nil,FALSE,14810,Nil
14819,NIL,NIL,Little Miss Fox,Nil,Nil,,0,4.87,0,1,Nil,FALSE,14819,Nil
14828,NIL,NIL,Hayley’s MODS workshops and networking,Nil,Nil,,0,2.83,0,1,Nil,FALSE,14828,Nil
14835,NIL,Tier 1,Goring Residents Association,Nil,Free,,0,0,0,1,Nil,FALSE,14835,Nil
14837,NIL,NIL,NCT,Nil,Nil,,0,0,0,1,Nil,FALSE,14837,Nil
1485,NIL,NIL,POPLARS FARM OFS 2019,Nil,Nil,,0,0,0,1,Nil,FALSE,1485,Nil
14851,NIL,NIL,Wildboar Centurions Cricket Club,Nil,Nil,,0,0.75,0,1,Nil,FALSE,14851,Nil
14855,NIL,NIL,Anneliese TryBooking,Nil,Nil,,0,0,1,1,Nil,FALSE,14855,Nil
14867,NIL,NIL,Amy Purdie,Nil,Nil,,0,0,5,1,Nil,FALSE,14867,Nil
1488,NIL,NIL,Account Deleted,Nil,Nil,,0,0,0,1,Nil,FALSE,1488,Nil
1490,NIL,Tier 3,South Battisborough Farm & Surfing Cow Ice Cream,Nil,Tier 4,,0,271.66,0,3,Nil,FALSE,1490,Nil
14904,NIL,NIL,Eren &amp; Vas,Nil,Nil,,0,0.54,0,1,Nil,FALSE,14904,Nil
14913,NIL,Tier 2,North Stevenston Community Association,Nil,Free,,0,0,0,1,Nil,FALSE,14913,Nil
14919,NIL,NIL,MSC,Nil,Nil,,0,2.5,0,1,Nil,FALSE,14919,Nil
1494,NIL,NIL,Protospiel Nottingham,Nil,Nil,,0,64.55,0,2,Nil,FALSE,1494,Nil
14942,NIL,NIL,Girlguiding Milngavie &amp; Castlehill,Nil,Nil,,0,0,0,1,Nil,FALSE,14942,Nil
14944,NIL,Tier 3,Joseph Pratt,Nil,Tier 5,,0,46.23,0,1,Nil,FALSE,14944,Nil
1495,NIL,NIL,Poole Grammar School,Nil,Nil,,0,0,0,1,Nil,FALSE,1495,Nil
14955,NIL,Tier 1,Buswellsptfa,Nil,Tier 5,,0,7.29,0,1,Nil,FALSE,14955,Nil
1496,NIL,NIL,Sevenoaks School Foundation,Nil,Nil,,0,1.46,0,1,Nil,FALSE,1496,Nil
1497,NIL,NIL,Stocks Farm Open Farm Sunday,Nil,Nil,,0,0,0,1,Nil,FALSE,1497,Nil
14971,NIL,NIL,Flourish St Andrew&#39;s,Nil,Nil,,0,0,0,1,Nil,FALSE,14971,Nil
14987,NIL,NIL,R&amp;D Team,Nil,Nil,,0,0,0,1,Nil,FALSE,14987,Nil
14988,NIL,NIL,Try Booking Test,Nil,Nil,,0,0,0,1,Nil,FALSE,14988,Nil
14989,NIL,NIL,Samuel&#39;s Books,Nil,Nil,,0,0,0,1,Nil,FALSE,14989,Nil
14996,NIL,Tier 1,Price Club,Nil,Tier 5,,0,2.58,0,1,Nil,FALSE,14996,Nil
14997,NIL,NIL,Helen Jenkins personal,Nil,Nil,,0,0,2,1,Nil,FALSE,14997,Nil
15,NIL,NIL,Helen Barker,Nil,Nil,,0,18.75,0,1,Nil,FALSE,15,Nil
150,NIL,NIL,Cumbria Chamber of Commerce,Nil,Nil,,0,17358.5,0,10,Nil,FALSE,150,Nil
15001,NIL,NIL,In Good Company,Nil,Nil,,0,0,0,1,Nil,FALSE,15001,Nil
15005,NIL,NIL,NLR,Nil,Nil,,0,0,0,1,Nil,FALSE,15005,Nil
15017,NIL,Tier 1,NW Brick Community CIC,Nil,Free,,0,0,8,1,Nil,FALSE,15017,Nil
15029,NIL,NIL,Employability Services,Nil,Nil,,0,0,0,1,Nil,FALSE,15029,Nil
1505,NIL,NIL,Alison Atkinson Trading as Purple Bird Dance and Movement,Nil,Nil,,0,0,0,1,Nil,FALSE,1505,Nil
1507,NIL,NIL,Oversley Hill Farm,Nil,Nil,,0,4.12,0,1,Nil,FALSE,1507,Nil
15070,NIL,NIL,DSAT,Nil,Nil,,0,0,0,1,Nil,FALSE,15070,Nil
151,NIL,NIL,Bowness Bay Blues,Nil,Nil,,0,3132.58,0,10,Nil,FALSE,151,Nil
15124,NIL,NIL,E Co institute,Nil,Nil,,0,0,0,1,Nil,FALSE,15124,Nil
1514,NIL,NIL,Videalert Ltd,Nil,Nil,,0,0,0,1,Nil,FALSE,1514,Nil
15142,NIL,NIL,Niall Dayus,Nil,Nil,,0,0,4,1,Nil,FALSE,15142,Nil
1515,NIL,NIL,SJB PTA,Nil,Nil,,0,381.73,0,4,Nil,FALSE,1515,Nil
152,NIL,NIL,sdd events,Nil,Nil,,0,105.54,0,1,Nil,FALSE,152,Nil
1520,NIL,NIL,Orleton Court Open farm Sunday,Nil,Nil,,0,0,0,1,Nil,FALSE,1520,Nil
15206,NIL,NIL,SY Test,Nil,Nil,,0,0,1,1,Nil,FALSE,15206,Nil
1523,NIL,NIL,Account Deleted,Nil,Nil,,0,158.21,0,1,Nil,FALSE,1523,Nil
1524,NIL,NIL,Crooklands OFS,Nil,Nil,,0,1.33,0,1,Nil,FALSE,1524,Nil
1525,NIL,NIL,Gregson Festival Group,Nil,Nil,,0,17.54,0,2,Nil,FALSE,1525,Nil
15258,NIL,NIL,NSPCC,Nil,Nil,,0,0,9,1,Nil,FALSE,15258,Nil
1526,NIL,NIL,Year 6 Disco,Nil,Nil,,0,126.67,0,1,Nil,FALSE,1526,Nil
15272,NIL,NIL,Bexley Village Nutrition,Nil,Nil,,0,0,1,1,Nil,FALSE,15272,Nil
153,NIL,NIL,Bradford Dragons Basketball Club,Nil,Nil,,0,498.86,0,9,Nil,FALSE,153,Nil
15306,NIL,NIL,St Bede&#39;s Family Association,Nil,Nil,,0,0,5,1,Nil,FALSE,15306,Nil
1531,NIL,NIL,Global Link,Nil,Nil,,0,0,0,2,Nil,FALSE,1531,Nil
1532,NIL,NIL,Women on Fire,Nil,Nil,,0,6.92,0,1,Nil,FALSE,1532,Nil
1533,NIL,NIL,Warter C E Primary School,Nil,Nil,,0,255.54,0,3,Nil,FALSE,1533,Nil
15344,NIL,NIL,Sustainable Aviation,Nil,Nil,,0,0,1,1,Nil,FALSE,15344,Nil
1535,NIL,Tier 3,Bigton Farm,Nil,Free,,0,0,0,3,Nil,FALSE,1535,Nil
15353,NIL,NIL,MhIST,Nil,Nil,,0,0,2,1,Nil,FALSE,15353,Nil
15356,NIL,NIL,Xanuel Shows,Nil,Nil,,0,0,1,1,Nil,FALSE,15356,Nil
1538,NIL,NIL,D'Oyley's Farm,Nil,Nil,,0,1.67,0,2,Nil,FALSE,1538,Nil
1539,NIL,NIL,Account Deleted,Nil,Nil,,0,0,0,1,Nil,FALSE,1539,Nil
1540,NIL,NIL,HJ & IM Duncan,Nil,Nil,,0,0,0,2,Nil,FALSE,1540,Nil
15409,NIL,NIL,Tom White - HSBC,Nil,Nil,,0,0,1,1,Nil,FALSE,15409,Nil
1543,NIL,NIL,Soul Symphony CHoir,Nil,Nil,,0,25.87,0,1,Nil,FALSE,1543,Nil
15473,NIL,NIL,Bowie Music Ltd,Nil,Nil,,0,0,3,1,Nil,FALSE,15473,Nil
1549,NIL,NIL,Jubilate,Nil,Nil,,0,35.42,0,1,Nil,FALSE,1549,Nil
15506,NIL,NIL,Octo Books,Nil,Nil,,0,0,2,1,Nil,FALSE,15506,Nil
15509,NIL,NIL,Holiday Hideout,Nil,Nil,,0,0,5,1,Nil,FALSE,15509,Nil
1552,NIL,NIL,Glassonby Festival,Nil,Nil,,0,797.67,0,4,Nil,FALSE,1552,Nil
1553,NIL,NIL,Salisbury Community Choir,Nil,Nil,,0,8.12,0,1,Nil,FALSE,1553,Nil
15533,NIL,NIL,Hatch Farm,Nil,Nil,,0,0,2,1,Nil,FALSE,15533,Nil
15542,NIL,NIL,Greenfingers Charity,Nil,Nil,,0,0,4,1,Nil,FALSE,15542,Nil
1558,NIL,NIL,Account Deleted,Nil,Nil,,0,145.08,0,1,Nil,FALSE,1558,Nil
15590,NIL,NIL,THE REPARATION NATION LIMITED,Nil,Nil,,0,0,3,1,Nil,FALSE,15590,Nil
1560,NIL,NIL,Louise Kjellerup Roper,Nil,Nil,,0,29.38,0,1,Nil,FALSE,1560,Nil
1561,NIL,NIL,Languages INTER Networks,Nil,Nil,,0,0.25,0,1,Nil,FALSE,1561,Nil
1562,NIL,NIL,G Chandler Farming Ltd,Nil,Nil,,0,0,0,1,Nil,FALSE,1562,Nil
1564,NIL,NIL,SCBU Bollywood Night,Nil,Nil,,0,211.46,0,1,Nil,FALSE,1564,Nil
1566,NIL,NIL,Harvest Barn Farmshop,Nil,Nil,,0,17.25,0,1,Nil,FALSE,1566,Nil
1567,NIL,NIL,Socca Events,Nil,Nil,,0,621.34,0,1,Nil,FALSE,1567,Nil
1568,NIL,NIL,Lewes BaroqueFest,Nil,Nil,,0,321.79,0,2,Nil,FALSE,1568,Nil
157,NIL,NIL,Bromley Guitar Society,Nil,Nil,,0,123.12,0,2,Nil,FALSE,157,Nil
15717,NIL,NIL,Arc Events,Nil,Nil,,0,0,1,1,Nil,FALSE,15717,Nil
1575,NIL,NIL,Penrith Town Band,Nil,Nil,,0,39.96,0,1,Nil,FALSE,1575,Nil
1577,NIL,NIL,Mancheshare,Nil,Nil,,0,0.54,0,1,Nil,FALSE,1577,Nil
1578,NIL,NIL,Church Farm  Barnsley,Nil,Nil,,0,15.64,0,3,Nil,FALSE,1578,Nil
1580,NIL,Tier 2,Heidi- Marie Dance Academy,Nil,Tier 5,,0,124.07,0,3,Nil,FALSE,1580,Nil
1582,NIL,Tier 2,Event Organisers Network (EON),Nil,Tier 5,,0,78.73,0,4,Nil,FALSE,1582,Nil
15825,NIL,NIL,Annabelle Gantelmi d&#39;Ille,Nil,Nil,,0,0,1,1,Nil,FALSE,15825,Nil
1586,NIL,NIL,Little Heath School,Nil,Nil,,0,236.33,0,1,Nil,FALSE,1586,Nil
1587,NIL,NIL,Hope GB,Nil,Nil,,0,60.11,0,1,Nil,FALSE,1587,Nil
15885,NIL,NIL,I Findley,Nil,Nil,,0,0,4,1,Nil,FALSE,15885,Nil
159,NIL,NIL,Southampton Camera Club,Nil,Nil,,0,41.41,0,1,Nil,FALSE,159,Nil
15907,NIL,NIL,Nabby Nook,Nil,Nil,,0,0,1,1,Nil,FALSE,15907,Nil
1591,NIL,NIL,Furneux Pelham School,Nil,Nil,,0,133.63,0,4,Nil,FALSE,1591,Nil
1592,NIL,NIL,Whitburn Church of England Academy,Nil,Nil,,0,61.46,0,1,Nil,FALSE,1592,Nil
15928,NIL,NIL,Epsom Light Opera Company,Nil,Nil,,0,0,6,2,Nil,FALSE,15928,Nil
15935,NIL,NIL,Diana Eduhub Chichester,Nil,Nil,,0,0,3,1,Nil,FALSE,15935,Nil
15949,NIL,NIL,Westmorland and Furness Council,Nil,Nil,,0,0,4,1,Nil,FALSE,15949,Nil
1597,NIL,NIL,Year 6 Party,Nil,Nil,,0,150.96,0,1,Nil,FALSE,1597,Nil
1602,NIL,NIL,IRISi,Nil,Nil,,0,0,0,2,Nil,FALSE,1602,Nil
1603,NIL,NIL,Kutch Madhapur Community,Nil,Nil,,0,110.38,0,1,Nil,FALSE,1603,Nil
1604,NIL,NIL,Account Deleted,Nil,Nil,,0,0,0,1,Nil,FALSE,1604,Nil
16042,NIL,NIL,Play More Board Games,Nil,Nil,,0,0,3,1,Nil,FALSE,16042,Nil
16048,NIL,NIL,PSOWN,Nil,Nil,,0,0,1,1,Nil,FALSE,16048,Nil
1605,NIL,NIL,APO33,Nil,Nil,,0,10.58,0,1,Nil,FALSE,1605,Nil
1606,NIL,NIL,May Contain Notes,Nil,Nil,,0,2.29,0,1,Nil,FALSE,1606,Nil
1607,NIL,NIL,Arrow Vale Singers,Nil,Nil,,0,1.37,0,1,Nil,FALSE,1607,Nil
1608,NIL,NIL,P.Fleming,Nil,Nil,,0,1.32,0,1,Nil,FALSE,1608,Nil
16090,NIL,NIL,Cowden Garden,Nil,Nil,,0,0,5,1,Nil,FALSE,16090,Nil
16092,NIL,NIL,Sundowns,Nil,Nil,,0,0,4,1,Nil,FALSE,16092,Nil
16099,NIL,NIL,NODA East Region,Nil,Nil,,0,0,8,1,Nil,FALSE,16099,Nil
161,NIL,NIL,Cumbria Youth Alliance,Nil,Nil,,0,0,0,1,Nil,FALSE,161,Nil
16130,NIL,NIL,Meta-Dology - Events,Nil,Nil,,0,0,2,1,Nil,FALSE,16130,Nil
1616,NIL,Tier 4,Dorothy Coleborn School of Dance,Nil,Tier 3,,0,1618.33,0,5,Nil,FALSE,1616,Nil
1623,NIL,NIL,Hawthorn Press,Nil,Nil,,0,49.88,0,2,Nil,FALSE,1623,Nil
1624,NIL,NIL,East Lancashire Chamber of Commerce,Nil,Nil,,0,22.33,0,1,Nil,FALSE,1624,Nil
1625,NIL,NIL,Calder Bookshop & Theatre,Nil,Nil,,0,174.12,0,1,Nil,FALSE,1625,Nil
1627,NIL,NIL,Stewart Clague Services Limited,Nil,Nil,,0,0,0,1,Nil,FALSE,1627,Nil
16289,NIL,NIL,Thames River Row,Nil,Nil,,0,0,3,1,Nil,FALSE,16289,Nil
1629,NIL,NIL,Total Integrated Solutions Ltd,Nil,Nil,,0,0,0,1,Nil,FALSE,1629,Nil
163,NIL,NIL,Strathallan School,Nil,Nil,,0,0,0,1,Nil,FALSE,163,Nil
1630,NIL,NIL,DAS 6TH Reunion,Nil,Nil,,0,24.5,0,1,Nil,FALSE,1630,Nil
16301,NIL,NIL,Kavi,Nil,Nil,,0,0,1,1,Nil,FALSE,16301,Nil
1634,NIL,NIL,Solve Mediation,Nil,Nil,,0,126.88,0,1,Nil,FALSE,1634,Nil
1638,NIL,NIL,Lucy Farrett,Nil,Nil,,0,6.88,0,1,Nil,FALSE,1638,Nil
164,NIL,NIL,Hurlingham School,Nil,Nil,,0,0,0,4,Nil,FALSE,164,Nil
16416,NIL,NIL,Skirrid Systems,Nil,Nil,,0,0,5,1,Nil,FALSE,16416,Nil
1642,NIL,NIL,kellylau,Nil,Nil,,0,0,0,1,Nil,FALSE,1642,Nil
16422,NIL,NIL,Buckhurst Hill Residents Society,Nil,Nil,,0,0,5,1,Nil,FALSE,16422,Nil
16428,NIL,NIL,Mark Stafford Events LTD,Nil,Nil,,0,0,1,1,Nil,FALSE,16428,Nil
1643,NIL,NIL,DC@BDSIP,Nil,Nil,,0,0,0,1,Nil,FALSE,1643,Nil
16438,NIL,NIL,Wellington Baptist Church,Nil,Nil,,0,0,7,1,Nil,FALSE,16438,Nil
16480,NIL,NIL,Grania Foster,Nil,Nil,,0,0,4,1,Nil,FALSE,16480,Nil
165,NIL,NIL,Colfe's School,Nil,Nil,,0,373.46,0,2,Nil,FALSE,165,Nil
1650,NIL,NIL,Cape Wrath Round the World Summer Ball in aid of Macmillan C,Nil,Nil,,0,67.75,0,1,Nil,FALSE,1650,Nil
1651,NIL,NIL,Marie Curie Public Affairs,Nil,Nil,,0,24.33,0,1,Nil,FALSE,1651,Nil
1653,NIL,NIL,Torrisholme Cricket Club,Nil,Nil,,0,0,0,1,Nil,FALSE,1653,Nil
16542,NIL,NIL,stefandr,Nil,Nil,,0,0,1,1,Nil,FALSE,16542,Nil
1655,NIL,NIL,Ferryhill Stage Society,Nil,Nil,,0,23.04,0,1,Nil,FALSE,1655,Nil
16581,NIL,NIL,Staff Apprenticeships at UoS,Nil,Nil,,0,0,4,1,Nil,FALSE,16581,Nil
166,NIL,NIL,Young Biologist Forum,Nil,Nil,,0,0,0,2,Nil,FALSE,166,Nil
1661,NIL,NIL,Junkyard Artists,Nil,Nil,,0,1514.62,0,1,Nil,FALSE,1661,Nil
1662,NIL,NIL,Event Marketing Association,Nil,Nil,,0,0,0,1,Nil,FALSE,1662,Nil
16631,NIL,NIL,Glasgow Friends of Israel,Nil,Nil,,0,0,6,1,Nil,FALSE,16631,Nil
16637,NIL,NIL,Courtney Kennedy,Nil,Nil,,0,0,2,1,Nil,FALSE,16637,Nil
16646,NIL,NIL,YMCALiverpool,Nil,Nil,,0,0,1,1,Nil,FALSE,16646,Nil
1665,NIL,NIL,We Add Heart,Nil,Nil,,0,52,0,1,Nil,FALSE,1665,Nil
1667,NIL,NIL,Lancaster Singers,Nil,Nil,,0,73.08,0,2,Nil,FALSE,1667,Nil
1668,NIL,NIL,EiR Lancaster,Nil,Nil,,0,0,0,1,Nil,FALSE,1668,Nil
1675,NIL,NIL,Lancaster Morecambe & District Law Society,Nil,Nil,,0,206.75,0,2,Nil,FALSE,1675,Nil
168,NIL,NIL,Cheadle Hulme School,Nil,Nil,,0,1416.96,0,7,Nil,FALSE,168,Nil
16800,NIL,NIL,MAQ,Nil,Nil,,0,0,5,1,Nil,FALSE,16800,Nil
16810,NIL,NIL,AWS Catterick,Nil,Nil,,0,0,2,1,Nil,FALSE,16810,Nil
16815,NIL,NIL,NSRA,Nil,Nil,,0,0,1,1,Nil,FALSE,16815,Nil
16837,NIL,NIL,West Suffolk Trades Union Council,Nil,Nil,,0,0,1,1,Nil,FALSE,16837,Nil
1685,NIL,NIL,Kentish Opera,Nil,Nil,,0,817.71,0,3,Nil,FALSE,1685,Nil
16855,NIL,NIL,Stuba,Nil,Nil,,0,0,1,1,Nil,FALSE,16855,Nil
16866,NIL,NIL,Motorhome Depot South Lakes,Nil,Nil,,0,0,9,2,Nil,FALSE,16866,Nil
1687,NIL,NIL,Sedbergh SSFC South Africa Dinner,Nil,Nil,,0,444.38,0,1,Nil,FALSE,1687,Nil
16882,NIL,NIL,NYC Fundraiser,Nil,Nil,,0,0,2,1,Nil,FALSE,16882,Nil
1689,NIL,NIL,Furneux Pelham school association,Nil,Nil,,0,107.83,0,2,Nil,FALSE,1689,Nil
16944,NIL,NIL,Percival Guildhouse,Nil,Nil,,0,0,1,1,Nil,FALSE,16944,Nil
1695,NIL,NIL,Lester Bartlett,Nil,Nil,,0,184.12,0,4,Nil,FALSE,1695,Nil
1697,NIL,NIL,BDSIP,Nil,Nil,,0,0,0,1,Nil,FALSE,1697,Nil
16985,NIL,NIL,Floral Fringe Fair,Nil,Nil,,0,0,4,1,Nil,FALSE,16985,Nil
17,NIL,NIL,Casterton Sedbergh Preparatory School,Nil,Nil,,0,0,0,8,Nil,FALSE,17,Nil
1705,NIL,NIL,Miss Fashion Week UK,Nil,Nil,,0,41.92,0,2,Nil,FALSE,1705,Nil
1706,NIL,NIL,St Mary's Calne,Nil,Nil,,0,0,0,4,Nil,FALSE,1706,Nil
1709,NIL,NIL,IPA Course Development,Nil,Nil,,0,0,0,1,Nil,FALSE,1709,Nil
17097,NIL,NIL,Forth Valley Family Support Services,Nil,Nil,,0,0,9,1,Nil,FALSE,17097,Nil
171,NIL,NIL,MTJBS Sport,Nil,Nil,,0,0,0,2,Nil,FALSE,171,Nil
1710,NIL,NIL,Bolton Cancer Voices,Nil,Nil,,0,14.96,0,1,Nil,FALSE,1710,Nil
1712,NIL,NIL,Worksop Community Gospel Choir,Nil,Nil,,0,3.67,0,1,Nil,FALSE,1712,Nil
17129,NIL,NIL,WMCTClecture,Nil,Nil,,0,0,7,1,Nil,FALSE,17129,Nil
17143,NIL,NIL,Nathan Moorby,Nil,Nil,,0,0,1,1,Nil,FALSE,17143,Nil
17193,NIL,NIL,Julian Hawes,Nil,Nil,,0,0,4,1,Nil,FALSE,17193,Nil
172,NIL,NIL,Julian Pugsley,Nil,Nil,,0,11.32,0,1,Nil,FALSE,172,Nil
17203,NIL,NIL,PPN Stratford,Nil,Nil,,0,0,1,1,Nil,FALSE,17203,Nil
17206,NIL,NIL,Naomi Jacobs,Nil,Nil,,0,0,7,1,Nil,FALSE,17206,Nil
1721,NIL,NIL,Disco Daddy,Nil,Nil,,0,149.25,0,4,Nil,FALSE,1721,Nil
1724,NIL,NIL,NHS West Hertfordshire Hospitals NHS Trust,Nil,Nil,,0,147.62,0,1,Nil,FALSE,1724,Nil
1725,NIL,NIL,National Theatre Learning,Nil,Nil,,0,0,0,2,Nil,FALSE,1725,Nil
1726,NIL,NIL,Blaenau Gwent Young Stars Musical Theatre Company,Nil,Nil,,0,137.55,0,3,Nil,FALSE,1726,Nil
1727,NIL,NIL,Age UK Oxfordshire,Nil,Nil,,0,8.67,0,1,Nil,FALSE,1727,Nil
1728,NIL,NIL,Old Bedstonian Society,Nil,Nil,,0,25.71,0,1,Nil,FALSE,1728,Nil
1729,NIL,NIL,Golden Dragon Martial Arts,Nil,Nil,,0,40.83,0,2,Nil,FALSE,1729,Nil
173,NIL,NIL,Alumni Relations,Nil,Nil,,0,0,0,3,Nil,FALSE,173,Nil
1738,NIL,NIL,Disco Ducks with Spotlight Dance Academy,Nil,Nil,,0,114.92,0,2,Nil,FALSE,1738,Nil
174,NIL,NIL,Rachel & Joy,Nil,Nil,,0,48.43,0,1,Nil,FALSE,174,Nil
1740,NIL,NIL,EVA Cumbria Finalist Events,Nil,Nil,,0,22.42,0,1,Nil,FALSE,1740,Nil
1741,NIL,NIL,CleanTheSeas,Nil,Nil,,0,0,0,1,Nil,FALSE,1741,Nil
1746,NIL,NIL,Jiu-Jitsu (IJJA),Nil,Nil,,0,19.38,0,2,Nil,FALSE,1746,Nil
175,NIL,NIL,Kendal College,Nil,Nil,,0,86.33,0,2,Nil,FALSE,175,Nil
17514,NIL,NIL,The Big Get Together,Nil,Nil,,0,0,3,1,Nil,FALSE,17514,Nil
1753,NIL,NIL,Bellfield Brewery Tap Room,Nil,Nil,,0,0,0,1,Nil,FALSE,1753,Nil
17533,NIL,NIL,LFQC,Nil,Nil,,0,0,4,1,Nil,FALSE,17533,Nil
1754,NIL,NIL,P.A.N.T.S,Nil,Nil,,0,162.78,0,2,Nil,FALSE,1754,Nil
1759,NIL,NIL,London Phoenix Orchestra,Nil,Nil,,0,9.67,0,1,Nil,FALSE,1759,Nil
1762,NIL,NIL,Gen-i Consulting,Nil,Nil,,0,11.67,0,1,Nil,FALSE,1762,Nil
1765,NIL,NIL,Cancer Support Scotland,Nil,Nil,,0,34,0,1,Nil,FALSE,1765,Nil
1767,NIL,NIL,Account Deleted,Nil,Nil,,0,0,0,1,Nil,FALSE,1767,Nil
1768,NIL,NIL,Sandhurst Joggers run LLHM for Guide Dogs,Nil,Nil,,0,0,0,2,Nil,FALSE,1768,Nil
17693,NIL,NIL,Paulina,Nil,Nil,,0,0,3,1,Nil,FALSE,17693,Nil
177,NIL,High Value,Ampleforth College Music Department,Nil,Tier 2,,0,3295.77,0,10,Nil,FALSE,177,Nil
1771,NIL,NIL,Malvern St James OGA,Nil,Nil,,0,988.29,0,7,Nil,FALSE,1771,Nil
17736,NIL,NIL,Justine,Nil,Nil,,0,0,1,1,Nil,FALSE,17736,Nil
1774,NIL,NIL,Icicle Mountaineering,Nil,Nil,,0,0,0,1,Nil,FALSE,1774,Nil
1775,NIL,NIL,Lancaster Lindy Circle,Nil,Nil,,0,35.25,0,1,Nil,FALSE,1775,Nil
17778,NIL,NIL,WBHC-PPG,Nil,Nil,,0,0,2,1,Nil,FALSE,17778,Nil
1780,NIL,NIL,Ascend World Limited,Nil,Nil,,0,0,0,1,Nil,FALSE,1780,Nil
1782,NIL,NIL,Young Cumbria Committee,Nil,Nil,,0,12.75,0,1,Nil,FALSE,1782,Nil
17821,NIL,NIL,Claire Khan,Nil,Nil,,0,0,5,1,Nil,FALSE,17821,Nil
1785,NIL,NIL,Sovereign Women Global Circle,Nil,Nil,,0,5.83,0,1,Nil,FALSE,1785,Nil
1786,NIL,NIL,Jordanhill School,Nil,Nil,,0,210.62,0,3,Nil,FALSE,1786,Nil
179,NIL,NIL,The Royal School,Nil,Nil,,0,0,0,1,Nil,FALSE,179,Nil
1790,NIL,NIL,Winterland MK,Nil,Nil,,0,4328.33,0,2,Nil,FALSE,1790,Nil
1792,NIL,NIL,Come To Know Windermere,Nil,Nil,,0,0,0,1,Nil,FALSE,1792,Nil
1796,NIL,NIL,The Fruitful Pursuit,Nil,Nil,,0,102.58,0,1,Nil,FALSE,1796,Nil
17962,NIL,NIL,Rathcoole PSNU,Nil,Nil,,0,0,5,1,Nil,FALSE,17962,Nil
17976,NIL,NIL,Mr Le Masurier,Nil,Nil,,0,0,6,1,Nil,FALSE,17976,Nil
1798,NIL,NIL,Emma Lomas,Nil,Nil,,0,70.37,0,2,Nil,FALSE,1798,Nil
17989,NIL,NIL,Amalia Roseti,Nil,Nil,,0,0,2,1,Nil,FALSE,17989,Nil
1799,NIL,NIL,Bratton Jubilee Players,Nil,Nil,,0,276.37,0,3,Nil,FALSE,1799,Nil
180,NIL,NIL,Ventnor Exchange,Nil,Nil,,0,0,0,1,Nil,FALSE,180,Nil
1801,NIL,NIL,Testing Testing 123,Nil,Nil,,0,0,0,1,Nil,FALSE,1801,Nil
18028,NIL,NIL,Arkholme PTFA,Nil,Nil,,0,0,1,1,Nil,FALSE,18028,Nil
1804,NIL,NIL,The Studio Chislehurst,Nil,Nil,,0,182.62,0,1,Nil,FALSE,1804,Nil
1807,NIL,NIL,A R Thornber,Nil,Nil,,0,229.67,0,1,Nil,FALSE,1807,Nil
1809,NIL,NIL,Thomas Coats Memorial Choral Society,Nil,Nil,,0,18.12,0,3,Nil,FALSE,1809,Nil
18096,NIL,NIL,Sassy Lassies,Nil,Nil,,0,0,6,1,Nil,FALSE,18096,Nil
18101,NIL,NIL,Pre-Therapy,Nil,Nil,,0,0,1,1,Nil,FALSE,18101,Nil
18126,NIL,NIL,Vanguard Nexus Studios,Nil,Nil,,0,0,1,1,Nil,FALSE,18126,Nil
1816,NIL,NIL,Pictures By Rachel,Nil,Nil,,0,15.33,0,1,Nil,FALSE,1816,Nil
1817,NIL,NIL,Account Deleted,Nil,Nil,,0,0,0,2,Nil,FALSE,1817,Nil
182,NIL,NIL,Lincoln Minster School,Nil,Nil,,0,1480.3,0,6,Nil,FALSE,182,Nil
1820,NIL,NIL,Derian House Children's Hospice,Nil,Nil,,0,0,0,2,Nil,FALSE,1820,Nil
1821,NIL,Tier 3,Sedbergh School House,Nil,Tier 5,,0,176.54,0,3,Nil,FALSE,1821,Nil
1824,NIL,NIL,Aztec Hotel & Spa,Nil,Nil,,0,2.58,0,2,Nil,FALSE,1824,Nil
1825,NIL,NIL,LondonAudax,Nil,Nil,,0,464.78,0,3,Nil,FALSE,1825,Nil
183,NIL,NIL,Account Deleted,Nil,Nil,,0,226.71,0,2,Nil,FALSE,183,Nil
1832,NIL,NIL,Sedgwick House  Sedbergh,Nil,Nil,,0,352.25,0,2,Nil,FALSE,1832,Nil
18333,NIL,NIL,Sow &#39;n Grow Kirkcaldy,Nil,Nil,,0,0,6,1,Nil,FALSE,18333,Nil
18355,NIL,NIL,Mill Hill School Music,Nil,Nil,,0,0,2,1,Nil,FALSE,18355,Nil
1839,NIL,NIL,Rotary and Charters Charity Concert,Nil,Nil,,0,44.25,0,1,Nil,FALSE,1839,Nil
184,NIL,NIL,People Junction,Nil,Nil,,0,45.85,0,2,Nil,FALSE,184,Nil
1844,NIL,NIL,Taboo-Pause,Nil,Nil,,0,2.33,0,1,Nil,FALSE,1844,Nil
1845,NIL,NIL,ACPGBI - ACC,Nil,Nil,,0,47.5,0,3,Nil,FALSE,1845,Nil
18479,NIL,NIL,Millfield Enterprises,Nil,Nil,,0,0,5,2,Nil,FALSE,18479,Nil
1848,NIL,NIL,John Gillingham keynote,Nil,Nil,,0,14.42,0,1,Nil,FALSE,1848,Nil
18486,NIL,NIL,Wellbeing Team,Nil,Nil,,0,0,1,1,Nil,FALSE,18486,Nil
185,NIL,NIL,Kendal College - Perf. Arts Class of 2018,Nil,Nil,,0,19.71,0,1,Nil,FALSE,185,Nil
1853,NIL,NIL,ESMS S6 Ball,Nil,Nil,,0,69.75,0,1,Nil,FALSE,1853,Nil
1854,NIL,NIL,Dubai Celts Football Club,Nil,Nil,,0,0.42,0,1,Nil,FALSE,1854,Nil
1858,NIL,NIL,GADE VALLEY SCHOOL TOUR - RECEPTION 2020,Nil,Nil,,0,0,0,2,Nil,FALSE,1858,Nil
1869,NIL,NIL,Sedbergh School Evans House,Nil,Nil,,0,63.79,0,1,Nil,FALSE,1869,Nil
1871,NIL,NIL,RyanSidleyEvents,Nil,Nil,,0,0.18,0,1,Nil,FALSE,1871,Nil
18717,NIL,NIL,Northwood House Tickets,Nil,Nil,,0,0,6,1,Nil,FALSE,18717,Nil
18763,NIL,NIL,London Homeless Collective,Nil,Nil,,0,0,7,1,Nil,FALSE,18763,Nil
18767,NIL,NIL,ncameron,Nil,Nil,,0,0,1,1,Nil,FALSE,18767,Nil
1877,NIL,NIL,Makemake,Nil,Nil,,0,20.12,0,1,Nil,FALSE,1877,Nil
188,NIL,NIL,Dan Chadwick,Nil,Nil,,0,13.03,0,2,Nil,FALSE,188,Nil
18802,NIL,NIL,Heathcote &amp; Co,Nil,Nil,,0,0,3,1,Nil,FALSE,18802,Nil
18806,NIL,NIL,Notswolds Events,Nil,Nil,,0,0,2,1,Nil,FALSE,18806,Nil
1886,NIL,NIL,British Youth Music Theatre,Nil,Nil,,0,2.92,0,3,Nil,FALSE,1886,Nil
1887,NIL,NIL,St Matthew's Catholic Primary School,Nil,Nil,,0,29.38,0,3,Nil,FALSE,1887,Nil
1889,NIL,NIL,Charity Event - In Memory of Hannah Meldrum,Nil,Nil,,0,1.88,0,1,Nil,FALSE,1889,Nil
18893,NIL,NIL,Manchester Property Chats,Nil,Nil,,0,0,4,1,Nil,FALSE,18893,Nil
1891,NIL,NIL,Baby & Me,Nil,Nil,,0,512.59,0,5,Nil,FALSE,1891,Nil
1892,NIL,NIL,Rowandale Parents Council,Nil,Nil,,0,139.25,0,4,Nil,FALSE,1892,Nil
1894,NIL,NIL,The Dance Place,Nil,Nil,,0,36.79,0,1,Nil,FALSE,1894,Nil
1896,NIL,NIL,St Joseph's Catholic Primary School,Nil,Nil,,0,44.11,0,3,Nil,FALSE,1896,Nil
1897,NIL,Tier 2,Birmingham Symphonic Winds,Nil,Tier 5,,0,153.29,0,5,Nil,FALSE,1897,Nil
1898,NIL,NIL,TAPPIT,Nil,Nil,,0,0,0,1,Nil,FALSE,1898,Nil
190,NIL,NIL,Account Deleted,Nil,Nil,,0,4.42,0,2,Nil,FALSE,190,Nil
19003,NIL,NIL,Chafyn Grove School,Nil,Nil,,0,0,1,1,Nil,FALSE,19003,Nil
19012,NIL,NIL,MartaGuzowski,Nil,Nil,,0,0,1,1,Nil,FALSE,19012,Nil
19019,NIL,NIL,Abbot&#39;s Hill School,Nil,Nil,,0,0,1,1,Nil,FALSE,19019,Nil
19024,NIL,NIL,Christine Hill,Nil,Nil,,0,0,3,1,Nil,FALSE,19024,Nil
1903,NIL,NIL,Account Deleted,Nil,Nil,,0,40.96,0,2,Nil,FALSE,1903,Nil
1905,NIL,NIL,Sherriff Club,Nil,Nil,,0,3.83,0,1,Nil,FALSE,1905,Nil
1909,NIL,NIL,Corner House Coaching,Nil,Nil,,0,3,0,2,Nil,FALSE,1909,Nil
191,NIL,NIL,Prospect House tea towels,Nil,Nil,,0,75.71,0,1,Nil,FALSE,191,Nil
19108,NIL,NIL,The Avila Partnership,Nil,Nil,,0,0,1,1,Nil,FALSE,19108,Nil
1912,NIL,NIL,CHITS UK,Nil,Nil,,0,0,0,1,Nil,FALSE,1912,Nil
1913,NIL,NIL,Land & Sky Media,Nil,Nil,,0,0,0,1,Nil,FALSE,1913,Nil
19143,NIL,NIL,Kayleigh Owen,Nil,Nil,,0,0,2,1,Nil,FALSE,19143,Nil
1918,NIL,NIL,Lincolnshire Scouts,Nil,Nil,,0,0,0,2,Nil,FALSE,1918,Nil
19197,NIL,NIL,Lmu3anumber2,Nil,Nil,,0,0,2,1,Nil,FALSE,19197,Nil
19198,NIL,NIL,Sustainable Staveley,Nil,Nil,,0,0,4,1,Nil,FALSE,19198,Nil
1926,NIL,NIL,Marie Curie Special Events,Nil,Nil,,0,0,0,1,Nil,FALSE,1926,Nil
19299,NIL,NIL,Rowington Village Hall,Nil,Nil,,0,0,3,1,Nil,FALSE,19299,Nil
1931,NIL,NIL,MS Positive Charity,Nil,Nil,,0,28.25,0,1,Nil,FALSE,1931,Nil
19327,NIL,NIL,East Sussex East u3a network,Nil,Nil,,0,0,8,1,Nil,FALSE,19327,Nil
19328,NIL,NIL,Progress Theatre,Nil,Nil,,0,0,4,1,Nil,FALSE,19328,Nil
19349,NIL,NIL,Pip&#39;s,Nil,Nil,,0,0,1,1,Nil,FALSE,19349,Nil
1935,NIL,NIL,Malvern St James Girls' School,Nil,Nil,,0,13.54,0,1,Nil,FALSE,1935,Nil
19352,NIL,NIL,Bryanston Events,Nil,Nil,,0,0,4,1,Nil,FALSE,19352,Nil
19369,NIL,NIL,Solihull Judo Academy,Nil,Nil,,0,0,6,1,Nil,FALSE,19369,Nil
1937,NIL,NIL,Chefs Catering,Nil,Nil,,0,1.04,0,1,Nil,FALSE,1937,Nil
19371,NIL,NIL,Re:Minds,Nil,Nil,,0,0,1,1,Nil,FALSE,19371,Nil
1938,NIL,NIL,Ely Choral Society,Nil,Nil,,0,26.25,0,1,Nil,FALSE,1938,Nil
1941,NIL,NIL,Blundell's Development Office,Nil,Nil,,0,137.78,0,2,Nil,FALSE,1941,Nil
1943,NIL,NIL,Barnt Green Choral Society,Nil,Nil,,0,4.04,0,2,Nil,FALSE,1943,Nil
19442,NIL,NIL,Evo Dev/Test Account,Nil,Nil,,0,0,1,1,Nil,FALSE,19442,Nil
1945,NIL,NIL,ADP Panto,Nil,Nil,,0,110.37,0,2,Nil,FALSE,1945,Nil
1947,NIL,NIL,Royal Kingston Scout District,Nil,Nil,,0,0,0,1,Nil,FALSE,1947,Nil
19471,NIL,NIL,Race Equality First,Nil,Nil,,0,0,1,1,Nil,FALSE,19471,Nil
19495,NIL,NIL,Kendal Parish Church,Nil,Nil,,0,0,2,1,Nil,FALSE,19495,Nil
195,NIL,NIL,Chanctonbury Chorus,Nil,Nil,,0,8.32,0,2,Nil,FALSE,195,Nil
19524,NIL,NIL,West Sussex Music,Nil,Nil,,0,0,1,1,Nil,FALSE,19524,Nil
19529,NIL,NIL,SHYBB,Nil,Nil,,0,0,1,1,Nil,FALSE,19529,Nil
1953,NIL,NIL,19 The Wine Bar,Nil,Nil,,0,2.33,0,2,Nil,FALSE,1953,Nil
19535,NIL,NIL,Michael Andrews,Nil,Nil,,0,0,3,1,Nil,FALSE,19535,Nil
19546,NIL,NIL,The Pumpkin Place Wolston,Nil,Nil,,0,0,2,1,Nil,FALSE,19546,Nil
1955,NIL,NIL,Samantha Jensen,Nil,Nil,,0,0,0,2,Nil,FALSE,1955,Nil
19555,NIL,NIL,Bianco Nero,Nil,Nil,,0,0,3,1,Nil,FALSE,19555,Nil
1956,NIL,NIL,London Mandolin Ensemble,Nil,Nil,,0,5.62,0,1,Nil,FALSE,1956,Nil
1957,NIL,NIL,HMC,Nil,Nil,,0,0,0,2,Nil,FALSE,1957,Nil
19572,NIL,NIL,Preston Volunteers,Nil,Nil,,0,0,2,1,Nil,FALSE,19572,Nil
1960,NIL,NIL,Lea Rüegg,Nil,Nil,,0,0.4,0,1,Nil,FALSE,1960,Nil
19600,NIL,NIL,Private Cellar,Nil,Nil,,0,0,2,1,Nil,FALSE,19600,Nil
1961,NIL,NIL,Catering Partnership Ltd,Nil,Nil,,0,0,0,1,Nil,FALSE,1961,Nil
1962,NIL,NIL,EastGrinstead Choral Society,Nil,Nil,,0,8.25,0,1,Nil,FALSE,1962,Nil
19672,NIL,NIL,C Doherty &amp; Co,Nil,Nil,,0,0,1,1,Nil,FALSE,19672,Nil
19716,NIL,NIL,InterActive Dance Collective,Nil,Nil,,0,0,7,1,Nil,FALSE,19716,Nil
19720,NIL,NIL,Unitarian Transformers,Nil,Nil,,0,0,4,1,Nil,FALSE,19720,Nil
1973,NIL,NIL,St Benedict's School Combined Cadet Force,Nil,Nil,,0,92.71,0,2,Nil,FALSE,1973,Nil
19735,NIL,NIL,Dev Account,Nil,Nil,,0,0,1,1,Nil,FALSE,19735,Nil
1975,NIL,NIL,Monkton School Senior Production 2019,Nil,Nil,,0,0,0,2,Nil,FALSE,1975,Nil
1976,NIL,NIL,Glasgow Orchestral Society,Nil,Nil,,0,30.42,0,1,Nil,FALSE,1976,Nil
19763,NIL,NIL,Abertawe Education,Nil,Nil,,0,0,1,1,Nil,FALSE,19763,Nil
1979,NIL,NIL,Erica Materacki  St Edward's Prep School,Nil,Nil,,0,0,0,1,Nil,FALSE,1979,Nil
1986,NIL,NIL,Beatson Booby Birds,Nil,Nil,,0,417.67,0,2,Nil,FALSE,1986,Nil
19860,NIL,NIL,Meristep,Nil,Nil,,0,0,1,1,Nil,FALSE,19860,Nil
19866,NIL,NIL,RB First Aid,Nil,Nil,,0,0,2,1,Nil,FALSE,19866,Nil
19875,NIL,NIL,Selden College,Nil,Nil,,0,0,2,1,Nil,FALSE,19875,Nil
1988,NIL,NIL,HUNTER-GATHERER,Nil,Nil,,0,23.46,0,2,Nil,FALSE,1988,Nil
19887,NIL,NIL,Gwent N-gage Training,Nil,Nil,,0,0,1,1,Nil,FALSE,19887,Nil
19889,NIL,NIL,AdmissionsTeam,Nil,Nil,,0,0,3,1,Nil,FALSE,19889,Nil
1989,NIL,NIL,Ember Big Band,Nil,Nil,,0,32.17,0,1,Nil,FALSE,1989,Nil
199,NIL,NIL,Artisan Network Nw Ltd,Nil,Nil,,0,172.33,0,1,Nil,FALSE,199,Nil
1990,NIL,NIL,Verulam Drama Department,Nil,Nil,,0,89.42,0,2,Nil,FALSE,1990,Nil
1992,NIL,Tier 1,No Coward Soul,Nil,Tier 5,,0,29.58,0,2,Nil,FALSE,1992,Nil
19928,NIL,NIL,London Centre for Positive Psychotherapy,Nil,Nil,,0,0,1,1,Nil,FALSE,19928,Nil
1993,NIL,NIL,Youth Orbit,Nil,Nil,,0,4.67,0,1,Nil,FALSE,1993,Nil
19935,NIL,NIL,CMacleod,Nil,Nil,,0,0,2,1,Nil,FALSE,19935,Nil
19948,NIL,NIL,Jazz North,Nil,Nil,,0,0,2,1,Nil,FALSE,19948,Nil
19956,NIL,NIL,Hedgerow and Hearth,Nil,Nil,,0,0,9,1,Nil,FALSE,19956,Nil
2,NIL,NIL,SEED Symposium,Nil,Nil,,0,388.29,0,1,Nil,FALSE,2,Nil
2001,NIL,NIL,Razzle Dazzle Productions,Nil,Nil,,0,617.83,0,3,Nil,FALSE,2001,Nil
20031,NIL,NIL,Big Brue,Nil,Nil,,0,0,2,1,Nil,FALSE,20031,Nil
20032,NIL,NIL,Brathay Trust,Nil,Nil,,0,0,2,1,Nil,FALSE,20032,Nil
2004,NIL,NIL,Diabettech,Nil,Nil,,0,0,0,2,Nil,FALSE,2004,Nil
20057,NIL,NIL,UNIP,Nil,Nil,,0,0,3,1,Nil,FALSE,20057,Nil
2007,NIL,NIL,MTS Rugby Club,Nil,Nil,,0,85.83,0,2,Nil,FALSE,2007,Nil
20078,NIL,NIL,FODCAP,Nil,Nil,,0,0,5,1,Nil,FALSE,20078,Nil
2009,NIL,NIL,esmss6afterball,Nil,Nil,,0,446.5,0,1,Nil,FALSE,2009,Nil
2011,NIL,NIL,THINK Consulting Solutions,Nil,Nil,,0,672.22,0,4,Nil,FALSE,2011,Nil
20111,NIL,NIL,Barratt Eastern Counties,Nil,Nil,,0,0,6,1,Nil,FALSE,20111,Nil
20128,NIL,NIL,Wonderbean Ltd,Nil,Nil,,0,0,2,1,Nil,FALSE,20128,Nil
2013,NIL,NIL,LastMinuteDJs,Nil,Nil,,0,5.08,0,2,Nil,FALSE,2013,Nil
20146,NIL,NIL,DylanProud,Nil,Nil,,0,0,9,1,Nil,FALSE,20146,Nil
2016,NIL,NIL,Terrington Young Farmers,Nil,Nil,,0,20.71,0,2,Nil,FALSE,2016,Nil
20167,NIL,NIL,Induction Onboarding,Nil,Nil,,0,0,8,1,Nil,FALSE,20167,Nil
2017,NIL,NIL,5 STAR UNIQUE TALENT,Nil,Nil,,0,13.88,0,1,Nil,FALSE,2017,Nil
2018,NIL,NIL,Loughborough Junction Action Group,Nil,Nil,,0,78.75,0,2,Nil,FALSE,2018,Nil
202,NIL,NIL,Princethorpe College,Nil,Nil,,0,0,0,4,Nil,FALSE,202,Nil
2022,NIL,NIL,Klezmer Keilidh,Nil,Nil,,0,1.5,0,1,Nil,FALSE,2022,Nil
20224,NIL,NIL,Willow Tree Academy Music,Nil,Nil,,0,0,1,1,Nil,FALSE,20224,Nil
2024,NIL,NIL,Via Vita Health,Nil,Nil,,0,0,0,2,Nil,FALSE,2024,Nil
2025,NIL,NIL,Lucid Dreaming Ltd,Nil,Nil,,0,0,0,1,Nil,FALSE,2025,Nil
2028,NIL,NIL,Bloxham School,Nil,Nil,,0,0,0,3,Nil,FALSE,2028,Nil
2029,NIL,NIL,St Bartholomew's Church,Nil,Nil,,0,0.44,0,1,Nil,FALSE,2029,Nil
203,NIL,NIL,Manor Lodge School,Nil,Nil,,0,1603.04,0,6,Nil,FALSE,203,Nil
2030,NIL,NIL,Wisborough Green Primary School PTA,Nil,Nil,,0,7.33,0,1,Nil,FALSE,2030,Nil
2031,NIL,NIL,East Sussex Community Choir,Nil,Nil,,0,12.75,0,2,Nil,FALSE,2031,Nil
2039,NIL,NIL,Andrea Rimington Yoga,Nil,Nil,,0,310.33,0,4,Nil,FALSE,2039,Nil
204,NIL,NIL,LANFix,Nil,Nil,,0,0,0,2,Nil,FALSE,204,Nil
2053,NIL,NIL,AU Product Manager Account,Nil,Nil,,0,0,0,1,Nil,FALSE,2053,Nil
2054,NIL,NIL,Spark Networking,Nil,Nil,,0,456.5,0,3,Nil,FALSE,2054,Nil
2058,NIL,NIL,Bolton Minerva Meetups,Nil,Nil,,0,0,0,1,Nil,FALSE,2058,Nil
2061,NIL,NIL,Autism Together Training,Nil,Nil,,0,45.58,0,3,Nil,FALSE,2061,Nil
2064,NIL,NIL,Fizzy Compass,Nil,Nil,,0,3.29,0,2,Nil,FALSE,2064,Nil
2067,NIL,NIL,EOA,Nil,Nil,,0,0,0,1,Nil,FALSE,2067,Nil
207,NIL,NIL,Culford School Foundation,Nil,Nil,,0,412.5,0,2,Nil,FALSE,207,Nil
2073,NIL,NIL,Homewood Uniform Shop,Nil,Nil,,0,0,0,1,Nil,FALSE,2073,Nil
2074,NIL,NIL,Entrepreneurship Society,Nil,Nil,,0,0,0,1,Nil,FALSE,2074,Nil
2077,NIL,NIL,GSA,Nil,Nil,,0,0,0,3,Nil,FALSE,2077,Nil
2087,NIL,NIL,St Catherine's School,Nil,Nil,,0,2.5,0,1,Nil,FALSE,2087,Nil
2088,NIL,NIL,Account Deleted,Nil,Nil,,0,0,0,1,Nil,FALSE,2088,Nil
2091,NIL,NIL,J'amies Gymnastics Academy,Nil,Nil,,0,795.17,0,2,Nil,FALSE,2091,Nil
2092,NIL,NIL,Edenhurst Preparatory School,Nil,Nil,,0,79.78,0,2,Nil,FALSE,2092,Nil
210,NIL,NIL,Harrison Network,Nil,Nil,,0,637.26,0,4,Nil,FALSE,210,Nil
2107,NIL,NIL,re:Centre Lancaster,Nil,Nil,,0,2,0,1,Nil,FALSE,2107,Nil
2113,NIL,NIL,English Touring Opera @ Lancaster Priory,Nil,Nil,,0,31.54,0,2,Nil,FALSE,2113,Nil
2124,NIL,NIL,Morecambe Bay Extinction Rebels,Nil,Nil,,0,34.01,0,2,Nil,FALSE,2124,Nil
2126,NIL,NIL,4Networking North Lancashire & Cumbria,Nil,Nil,,0,7.25,0,1,Nil,FALSE,2126,Nil
2129,NIL,NIL,Reece Alderson,Nil,Nil,,0,0,0,1,Nil,FALSE,2129,Nil
2131,NIL,NIL,Lick It Back,Nil,Nil,,0,13.96,0,2,Nil,FALSE,2131,Nil
2136,NIL,NIL,Fipzee,Nil,Nil,,0,0,0,1,Nil,FALSE,2136,Nil
2137,NIL,NIL,James Bond 2020,Nil,Nil,,0,47.37,0,1,Nil,FALSE,2137,Nil
2141,NIL,NIL,Illy and Lottie Kenya Fundraiser,Nil,Nil,,0,9.2,0,1,Nil,FALSE,2141,Nil
2144,NIL,NIL,Heywood Prep,Nil,Nil,,0,43.21,0,2,Nil,FALSE,2144,Nil
2151,NIL,NIL,Trafford Enterprises Ltd,Nil,Nil,,0,0,0,4,Nil,FALSE,2151,Nil
216,NIL,NIL,About Turn Theatre Company,Nil,Nil,,0,17.96,0,2,Nil,FALSE,216,Nil
2160,NIL,NIL,Ava Marie Foundation,Nil,Nil,,0,0,0,1,Nil,FALSE,2160,Nil
217,NIL,NIL,Cumbria CVS,Nil,Nil,,0,0,0,3,Nil,FALSE,217,Nil
2177,NIL,NIL,Lakes Luxury,Nil,Nil,,0,107.04,0,1,Nil,FALSE,2177,Nil
2179,NIL,NIL,Westmorland Law Society,Nil,Nil,,0,68.33,0,1,Nil,FALSE,2179,Nil
218,NIL,NIL,Account Deleted,Nil,Nil,,0,18.92,0,1,Nil,FALSE,218,Nil
2183,NIL,NIL,meaningfulmarketing,Nil,Nil,,0,16.5,0,2,Nil,FALSE,2183,Nil
2184,NIL,NIL,Prospect House School - Rhiannon Chaudhuri,Nil,Nil,,0,196.79,0,1,Nil,FALSE,2184,Nil
2185,NIL,NIL,Friends of SRWA,Nil,Nil,,0,2.57,0,1,Nil,FALSE,2185,Nil
2188,NIL,NIL,Shropshire Cycle Hub,Nil,Nil,,0,14,0,1,Nil,FALSE,2188,Nil
2189,NIL,NIL,St Mary the Virgin and All Saints Church,Nil,Nil,,0,15.62,0,1,Nil,FALSE,2189,Nil
219,NIL,NIL,hi-impact,Nil,Nil,,0,221.78,0,7,Nil,FALSE,219,Nil
2193,NIL,NIL,Guildford Cathedral,Nil,Nil,,0,0,0,1,Nil,FALSE,2193,Nil
22,NIL,NIL,Anazao,Nil,Nil,,0,37.8,0,1,Nil,FALSE,22,Nil
2200,NIL,NIL,Falklands Talk by M Aston - Westwood PR,Nil,Nil,,0,32.67,0,1,Nil,FALSE,2200,Nil
2201,NIL,NIL,Meade,Nil,Nil,,0,67.58,0,1,Nil,FALSE,2201,Nil
2205,NIL,NIL,Jane Khan - College Reunion,Nil,Nil,,0,69.67,0,1,Nil,FALSE,2205,Nil
2206,NIL,NIL,Southbank International School - Jane Eyre Production,Nil,Nil,,0,0,0,1,Nil,FALSE,2206,Nil
2207,NIL,NIL,Seaton House School Sutton,Nil,Nil,,0,0,0,1,Nil,FALSE,2207,Nil
221,NIL,NIL,Steve Biddulph,Nil,Nil,,0,2405.95,0,4,Nil,FALSE,221,Nil
2210,NIL,NIL,Scottish Opera,Nil,Nil,,0,837.32,0,1,Nil,FALSE,2210,Nil
2219,NIL,NIL,Across the Pond,Nil,Nil,,0,0,0,1,Nil,FALSE,2219,Nil
2220,NIL,NIL,Break Free,Nil,Nil,,0,129.38,0,1,Nil,FALSE,2220,Nil
2224,NIL,NIL,Hutton Grammar School,Nil,Nil,,0,0,0,1,Nil,FALSE,2224,Nil
223,NIL,NIL,Cumbria Family Business Awards,Nil,Nil,,0,51.46,0,1,Nil,FALSE,223,Nil
2231,NIL,Tier 2,New Music Players,Nil,Tier 5,,0,120.5,2,7,Nil,FALSE,2231,Nil
2237,NIL,NIL,West Byfleet Infant School PFA,Nil,Nil,,0,2.33,0,1,Nil,FALSE,2237,Nil
224,NIL,NIL,Chesham Threatre Group,Nil,Nil,,0,470.08,0,3,Nil,FALSE,224,Nil
2240,NIL,NIL,The Wellbeing Farm,Nil,Nil,,0,1054.64,0,4,Nil,FALSE,2240,Nil
2243,NIL,NIL,Surrey Sports Park,Nil,Nil,,0,0,0,1,Nil,FALSE,2243,Nil
2244,NIL,NIL,Trent College Careers,Nil,Nil,,0,0,0,1,Nil,FALSE,2244,Nil
2246,NIL,NIL,Campbell Ure Business Events,Nil,Nil,,0,81.25,0,1,Nil,FALSE,2246,Nil
2249,NIL,NIL,Poetry Performance,Nil,Nil,,0,1.08,0,1,Nil,FALSE,2249,Nil
225,NIL,NIL,Lupton House,Nil,Nil,,0,530.62,0,3,Nil,FALSE,225,Nil
2253,NIL,NIL,Belmont School,Nil,Nil,,0,0,0,1,Nil,FALSE,2253,Nil
2262,NIL,NIL,St Helen's Alumnae and Friends,Nil,Nil,,0,12.04,0,1,Nil,FALSE,2262,Nil
2265,NIL,NIL,RR_TEST_ACCOUNT,Nil,Nil,,0,0,0,1,Nil,FALSE,2265,Nil
2268,NIL,NIL,Carleton Community Umbrella,Nil,Nil,,0,21.92,0,2,Nil,FALSE,2268,Nil
2275,NIL,NIL,SBC,Nil,Nil,,0,0,0,1,Nil,FALSE,2275,Nil
2278,NIL,NIL,Rise and Shine Music,Nil,Nil,,0,32.31,0,2,Nil,FALSE,2278,Nil
2282,NIL,NIL,SixthFormRockBand,Nil,Nil,,0,17.21,0,1,Nil,FALSE,2282,Nil
2287,NIL,NIL,Embody Dance,Nil,Nil,,0,0,0,1,Nil,FALSE,2287,Nil
23,NIL,NIL,Lantern Ghost Tours UK,Nil,Nil,,0,409.23,0,3,Nil,FALSE,23,Nil
2300,NIL,NIL,Select Arts,Nil,Nil,,0,40.28,0,1,Nil,FALSE,2300,Nil
2303,NIL,NIL,Neil Kendall Language School,Nil,Nil,,0,24.21,0,1,Nil,FALSE,2303,Nil
2310,NIL,NIL,Arctic Numpties,Nil,Nil,,0,5.74,0,2,Nil,FALSE,2310,Nil
2311,NIL,NIL,The Elms PSA,Nil,Nil,,0,12,0,1,Nil,FALSE,2311,Nil
2314,NIL,NIL,Church of St J the Baptist Tunstall Trust,Nil,Nil,,0,53.75,0,2,Nil,FALSE,2314,Nil
2316,NIL,NIL,St Michael and All Angels  Lancing,Nil,Nil,,0,56.04,0,2,Nil,FALSE,2316,Nil
2323,NIL,NIL,Lancaster University,Nil,Nil,,0,0,0,1,Nil,FALSE,2323,Nil
2325,NIL,NIL,Thornton Hall Hotel & Spa,Nil,Nil,,0,5.5,0,1,Nil,FALSE,2325,Nil
2327,NIL,NIL,Castletown Farm Open Farm Sunday,Nil,Nil,,0,0,0,1,Nil,FALSE,2327,Nil
2336,NIL,NIL,D & S Knowles Consulting Ltd,Nil,Nil,,0,4.33,0,1,Nil,FALSE,2336,Nil
234,NIL,NIL,Box Office - Merchant Taylors' School,Nil,Nil,,0,0,0,1,Nil,FALSE,234,Nil
2342,NIL,NIL,Caterforce LTD,Nil,Nil,,0,0.62,0,1,Nil,FALSE,2342,Nil
2349,NIL,NIL,Sompting Big Local,Nil,Nil,,0,0,0,2,Nil,FALSE,2349,Nil
2356,NIL,NIL,Allstars Group,Nil,Nil,,0,0,0,1,Nil,FALSE,2356,Nil
2359,NIL,NIL,Barrow Underground Music Society,Nil,Nil,,0,17.58,0,1,Nil,FALSE,2359,Nil
2360,NIL,NIL,Baldwyns Freeholders Association & Club,Nil,Nil,,0,0,0,1,Nil,FALSE,2360,Nil
2363,NIL,NIL,Arun Arena Allstars,Nil,Nil,,0,0,0,1,Nil,FALSE,2363,Nil
2365,NIL,NIL,T&B (Contractors) Ltd,Nil,Nil,,0,0,0,1,Nil,FALSE,2365,Nil
2367,NIL,NIL,Combe Garden Centre,Nil,Nil,,0,2161.77,0,3,Nil,FALSE,2367,Nil
2375,NIL,NIL,WMLS Property & Compliance Event,Nil,Nil,,0,11.46,0,1,Nil,FALSE,2375,Nil
2376,NIL,NIL,Full House Events Ltd,Nil,Nil,,0,2.33,0,1,Nil,FALSE,2376,Nil
2380,NIL,NIL,Friends of Cadland,Nil,Nil,,0,73.5,0,2,Nil,FALSE,2380,Nil
2382,NIL,NIL,Bristol International Student Centre,Nil,Nil,,0,0,0,1,Nil,FALSE,2382,Nil
2383,NIL,NIL,Bentleys Bodyworks,Nil,Nil,,0,0.54,0,1,Nil,FALSE,2383,Nil
2390,NIL,NIL,Fleur's Charity Ball,Nil,Nil,,0,569.62,0,2,Nil,FALSE,2390,Nil
240,NIL,NIL,EastwayPrimary,Nil,Nil,,0,0,0,2,Nil,FALSE,240,Nil
2402,NIL,NIL,Planters A21 Limited,Nil,Nil,,0,21.49,0,1,Nil,FALSE,2402,Nil
2403,NIL,NIL,Clan Buchanan,Nil,Nil,,0,555.54,0,1,Nil,FALSE,2403,Nil
2404,NIL,NIL,KLHC,Nil,Nil,,0,21.77,0,2,Nil,FALSE,2404,Nil
2406,NIL,NIL,Taxi,Nil,Nil,,0,1.03,0,1,Nil,FALSE,2406,Nil
2410,NIL,NIL,Sam Brassington,Nil,Nil,,0,0,0,1,Nil,FALSE,2410,Nil
2412,NIL,NIL,Gowerton Tribute Show,Nil,Nil,,0,577.29,0,3,Nil,FALSE,2412,Nil
2414,NIL,NIL,DapurKalsom,Nil,Nil,,0,12.23,0,1,Nil,FALSE,2414,Nil
2418,NIL,NIL,Sarah Ashford Studio,Nil,Nil,,0,7.48,0,1,Nil,FALSE,2418,Nil
2421,NIL,Tier 4,Motor Shows,Nil,Tier 3,,0,1634.93,0,3,Nil,FALSE,2421,Nil
2426,NIL,NIL,Ella Bella’s Parties,Nil,Nil,,0,60.72,0,3,Nil,FALSE,2426,Nil
2430,NIL,NIL,ACF Teambuilding & Events,Nil,Nil,,0,0,0,1,Nil,FALSE,2430,Nil
2434,NIL,NIL,West End Kids,Nil,Nil,,0,287.13,0,1,Nil,FALSE,2434,Nil
2436,NIL,NIL,UU Fashion Show Fundraiser 2020,Nil,Nil,,0,4.58,0,1,Nil,FALSE,2436,Nil
2439,NIL,NIL,Prudhoe West Academy,Nil,Nil,,0,0,0,3,Nil,FALSE,2439,Nil
2440,NIL,NIL,GHS Summer Buffet Party,Nil,Nil,,0,2.75,0,1,Nil,FALSE,2440,Nil
2447,NIL,NIL,Lancaster Bee Keepers,Nil,Nil,,0,31.04,0,1,Nil,FALSE,2447,Nil
2448,NIL,NIL,Clarity from The Edge,Nil,Nil,,0,1.88,0,1,Nil,FALSE,2448,Nil
2457,NIL,NIL,Alconbury Sports and Social Club (ASSC),Nil,Nil,,0,0,0,1,Nil,FALSE,2457,Nil
2463,NIL,NIL,Trent College,Nil,Nil,,0,0,0,1,Nil,FALSE,2463,Nil
2469,NIL,NIL,NAPE,Nil,Nil,,0,79.68,0,4,Nil,FALSE,2469,Nil
247,NIL,NIL,Judith Bell,Nil,Nil,,0,29.17,0,1,Nil,FALSE,247,Nil
248,NIL,NIL,Another Way Theatre,Nil,Nil,,0,120.62,0,4,Nil,FALSE,248,Nil
2482,NIL,NIL,Sarah Spear Yoga,Nil,Nil,,0,0.67,0,1,Nil,FALSE,2482,Nil
2483,NIL,NIL,NAS South Lananarkshire Branch,Nil,Nil,,0,0,0,1,Nil,FALSE,2483,Nil
2494,NIL,NIL,Move Beyond,Nil,Nil,,0,0,0,1,Nil,FALSE,2494,Nil
2495,NIL,NIL,MARTYN HOWE,Nil,Nil,,0,118.38,0,1,Nil,FALSE,2495,Nil
25,NIL,NIL,Account Deleted,Nil,Nil,,0,5,0,2,Nil,FALSE,25,Nil
250,NIL,Tier 3,Edinburgh Persian Community,Nil,Tier 5,,0,464.75,0,6,Nil,FALSE,250,Nil
251,NIL,NIL,Cadogan House - The Lion King Jr.,Nil,Nil,,0,435.13,0,2,Nil,FALSE,251,Nil
2512,NIL,NIL,Serious Comedy,Nil,Nil,,0,17.5,0,1,Nil,FALSE,2512,Nil
2517,NIL,NIL,Spirit Speaks,Nil,Nil,,0,1.63,0,1,Nil,FALSE,2517,Nil
2523,NIL,NIL,mateusz1,Nil,Nil,,0,0,0,1,Nil,FALSE,2523,Nil
2524,NIL,NIL,Chad Vale PPTA,Nil,Nil,,0,52.83,0,2,Nil,FALSE,2524,Nil
2529,NIL,NIL,People Analytics,Nil,Nil,,0,0,0,1,Nil,FALSE,2529,Nil
2533,NIL,NIL,Digital Cumbria,Nil,Nil,,0,0,0,1,Nil,FALSE,2533,Nil
2534,NIL,NIL,Jogging Pals,Nil,Nil,,0,227.9,0,4,Nil,FALSE,2534,Nil
2535,NIL,NIL,The Society of Heads,Nil,Nil,,0,0,0,1,Nil,FALSE,2535,Nil
2539,NIL,NIL,Station House Cafe,Nil,Nil,,0,24.75,0,2,Nil,FALSE,2539,Nil
2540,NIL,NIL,kevin.nazal,Nil,Nil,,0,0,0,4,Nil,FALSE,2540,Nil
2545,NIL,NIL,AJ Lakes Consultancy and Training,Nil,Nil,,0,13.32,0,2,Nil,FALSE,2545,Nil
2547,NIL,NIL,Cumbria Woodlands,Nil,Nil,,0,0,0,1,Nil,FALSE,2547,Nil
2549,NIL,NIL,Swagelok Scotland,Nil,Nil,,0,0,0,1,Nil,FALSE,2549,Nil
255,NIL,Tier 2,Black Diamond Productions,Nil,Tier 5,,0,174.96,0,6,Nil,FALSE,255,Nil
2550,NIL,NIL,Mission Me CIC,Nil,Nil,,0,0,0,1,Nil,FALSE,2550,Nil
2553,NIL,NIL,Account Deleted,Nil,Nil,,0,0,0,1,Nil,FALSE,2553,Nil
2554,NIL,NIL,GritED Ltd,Nil,Nil,,0,0,0,2,Nil,FALSE,2554,Nil
2558,NIL,NIL,Virtual Young Farmers Field Day Night Do,Nil,Nil,,0,0,0,1,Nil,FALSE,2558,Nil
2559,NIL,NIL,Oasis Events,Nil,Nil,,0,0,0,1,Nil,FALSE,2559,Nil
256,NIL,NIL,Chord,Nil,Nil,,0,9.57,0,2,Nil,FALSE,256,Nil
2560,NIL,NIL,Account Deleted,Nil,Nil,,0,1187.17,0,4,Nil,FALSE,2560,Nil
2561,NIL,NIL,The Design Grove,Nil,Nil,,0,4.29,0,2,Nil,FALSE,2561,Nil
2566,NIL,NIL,cibchair,Nil,Nil,,0,0,0,1,Nil,FALSE,2566,Nil
2567,NIL,NIL,Sisters Rising in Rhyme,Nil,Nil,,0,2.5,0,1,Nil,FALSE,2567,Nil
2572,NIL,NIL,ARLT,Nil,Nil,,0,153.1,0,2,Nil,FALSE,2572,Nil
2577,NIL,NIL,Wonky Sheep,Nil,Nil,,0,3.12,0,1,Nil,FALSE,2577,Nil
2587,NIL,NIL,All Saints' CEP School Clayton le Moors,Nil,Nil,,0,92.22,0,4,Nil,FALSE,2587,Nil
2588,NIL,NIL,The Educational Consultant - Julie Keyes,Nil,Nil,,0,1.21,0,1,Nil,FALSE,2588,Nil
2590,NIL,NIL,Overflow,Nil,Nil,,0,0,4,1,Nil,FALSE,2590,Nil
2607,NIL,NIL,Parish of Rathmore,Nil,Nil,,0,0,0,2,Nil,FALSE,2607,Nil
2608,NIL,NIL,ActionCOACH Ilminster,Nil,Nil,,0,8.75,0,3,Nil,FALSE,2608,Nil
261,NIL,NIL,Cranmore School,Nil,Nil,,0,0,0,1,Nil,FALSE,261,Nil
2614,NIL,NIL,Account Deleted,Nil,Nil,,0,0,0,1,Nil,FALSE,2614,Nil
2615,NIL,NIL,Halecat Garden Sculpture Trail,Nil,Nil,,0,26.13,0,2,Nil,FALSE,2615,Nil
2616,NIL,NIL,Thames River Boats,Nil,Nil,,0,1851.42,0,2,Nil,FALSE,2616,Nil
2618,NIL,Tier 2,ISPXtra,Nil,Tier 5,,0,51.79,0,3,Nil,FALSE,2618,Nil
262,NIL,NIL,1st Lady,Nil,Nil,,0,0,0,1,Nil,FALSE,262,Nil
2625,NIL,NIL,Potential Plus UK,Nil,Nil,,0,0,0,2,Nil,FALSE,2625,Nil
2630,NIL,NIL,Account Deleted,Nil,Nil,,0,0.67,0,1,Nil,FALSE,2630,Nil
2631,NIL,NIL,Virtually Together,Nil,Nil,,0,13.75,0,2,Nil,FALSE,2631,Nil
2632,NIL,NIL,IoFScotConf,Nil,Nil,,0,0,0,1,Nil,FALSE,2632,Nil
2634,NIL,NIL,Zezyx,Nil,Nil,,0,0,0,1,Nil,FALSE,2634,Nil
2638,NIL,NIL,The Wright Way Group,Nil,Nil,,0,537.94,0,1,Nil,FALSE,2638,Nil
264,NIL,Tier 3,Aiming High School of Performing Arts,Nil,Tier 4,,0,639.94,0,5,Nil,FALSE,264,Nil
2644,NIL,NIL,St Helen & St Michael,Nil,Nil,,0,0,0,2,Nil,FALSE,2644,Nil
2646,NIL,NIL,AVTCnewsletter,Nil,Nil,,0,0,0,1,Nil,FALSE,2646,Nil
2649,NIL,NIL,brilliant trees media,Nil,Nil,,0,86.67,0,2,Nil,FALSE,2649,Nil
2652,NIL,NIL,Oasis Academy Lister Park,Nil,Nil,,0,0,0,1,Nil,FALSE,2652,Nil
2653,NIL,NIL,BNI Heart of Lakes,Nil,Nil,,0,0,0,1,Nil,FALSE,2653,Nil
2658,NIL,NIL,Swagelok Scotland,Nil,Nil,,0,0,0,1,Nil,FALSE,2658,Nil
2671,NIL,NIL,Artangel,Nil,Nil,,0,1399.53,0,2,Nil,FALSE,2671,Nil
2672,NIL,NIL,Red Kite Adventures CIC,Nil,Nil,,0,4.21,0,1,Nil,FALSE,2672,Nil
2676,NIL,NIL,LyndaPearce,Nil,Nil,,0,0,0,1,Nil,FALSE,2676,Nil
2677,NIL,NIL,Virtual Check In,Nil,Nil,,0,0,0,1,Nil,FALSE,2677,Nil
2678,NIL,NIL,Cokethorpe Pop-Up Uniform Shop,Nil,Nil,,0,0,0,1,Nil,FALSE,2678,Nil
2679,NIL,NIL,Worcester Hockey Club,Nil,Nil,,0,0,0,1,Nil,FALSE,2679,Nil
2682,NIL,NIL,Berkhamsted Film Society,Nil,Nil,,0,0,0,1,Nil,FALSE,2682,Nil
2683,NIL,NIL,vicky.lfac,Nil,Nil,,0,0,0,2,Nil,FALSE,2683,Nil
2684,NIL,NIL,Batheaston Garden,Nil,Nil,,0,0,0,1,Nil,FALSE,2684,Nil
2688,NIL,NIL,Bessacarr FC,Nil,Nil,,0,0,0,1,Nil,FALSE,2688,Nil
2693,NIL,NIL,MK Sports,Nil,Nil,,0,137.8,0,2,Nil,FALSE,2693,Nil
2695,NIL,NIL,Nexus Education,Nil,Nil,,0,0,0,1,Nil,FALSE,2695,Nil
2696,NIL,NIL,Account Deleted,Nil,Nil,,0,52,0,3,Nil,FALSE,2696,Nil
2697,NIL,NIL,Trinity Church Lancaster,Nil,Nil,,0,67,0,2,Nil,FALSE,2697,Nil
2699,NIL,NIL,Graythwaite Adventure,Nil,Nil,,0,7.72,0,1,Nil,FALSE,2699,Nil
2700,NIL,NIL,Greece George Cinema,Nil,Nil,,0,0,0,1,Nil,FALSE,2700,Nil
2704,NIL,NIL,Praxis Sports Coaching,Nil,Nil,,0,168.08,0,3,Nil,FALSE,2704,Nil
2705,NIL,NIL,Account Deleted,Nil,Nil,,0,7.67,0,2,Nil,FALSE,2705,Nil
2706,NIL,NIL,Account Deleted,Nil,Nil,,0,2.88,0,2,Nil,FALSE,2706,Nil
2707,NIL,NIL,Roose Local Ministry Area,Nil,Nil,,0,0,7,4,Nil,FALSE,2707,Nil
2710,NIL,NIL,St James' by the Park,Nil,Nil,,0,0,0,1,Nil,FALSE,2710,Nil
2711,NIL,NIL,Cleethorpes AC,Nil,Nil,,0,0,0,1,Nil,FALSE,2711,Nil
2715,NIL,NIL,Su Melville Art,Nil,Nil,,0,36.96,0,2,Nil,FALSE,2715,Nil
2718,NIL,NIL,Account Deleted,Nil,Nil,,0,0,0,1,Nil,FALSE,2718,Nil
2719,NIL,NIL,Jacaranda,Nil,Nil,,0,0,0,1,Nil,FALSE,2719,Nil
272,NIL,NIL,Account Deleted,Nil,Nil,,0,2.67,0,1,Nil,FALSE,272,Nil
2727,NIL,NIL,Plymouth Gladiators Speedway,Nil,Nil,,0,10529.25,0,5,Nil,FALSE,2727,Nil
2728,NIL,NIL,Ræcan Networking,Nil,Nil,,0,0,0,1,Nil,FALSE,2728,Nil
273,NIL,NIL,St. Thomas Aquinas Catholic School Birmingham trial,Nil,Nil,,0,0,0,1,Nil,FALSE,273,Nil
2735,NIL,NIL,Christ Church Central,Nil,Nil,,0,0,0,2,Nil,FALSE,2735,Nil
2736,NIL,NIL,COVID Cup 2020,Nil,Nil,,0,2.33,0,1,Nil,FALSE,2736,Nil
2743,NIL,NIL,Account Deleted,Nil,Nil,,0,2712.17,0,4,Nil,FALSE,2743,Nil
2751,NIL,NIL,Littlehampton Town FC,Nil,Nil,,0,17.5,0,1,Nil,FALSE,2751,Nil
2753,NIL,NIL,Multisports for Schools Elm Hall,Nil,Nil,,0,1060.34,0,2,Nil,FALSE,2753,Nil
2759,NIL,Tier 3,Daventry Town FC,Nil,Tier 5,,0,673.55,0,5,Nil,FALSE,2759,Nil
2760,NIL,NIL,LNP Sound,Nil,Nil,,0,10.58,0,1,Nil,FALSE,2760,Nil
2761,NIL,NIL,Holyport Football Club,Nil,Nil,,0,7,0,1,Nil,FALSE,2761,Nil
2767,NIL,NIL,Account Deleted,Nil,Nil,,0,0,0,1,Nil,FALSE,2767,Nil
2768,NIL,NIL,Kennington Football Club,Nil,Nil,,0,417.28,0,2,Nil,FALSE,2768,Nil
2769,NIL,NIL,Mount House School,Nil,Nil,,0,0,0,4,Nil,FALSE,2769,Nil
2772,NIL,NIL,MAD Minshull Amateur Dramatics,Nil,Nil,,0,0,0,1,Nil,FALSE,2772,Nil
2776,NIL,NIL,Sidcot School,Nil,Nil,,0,0,0,1,Nil,FALSE,2776,Nil
2777,NIL,NIL,Environment Agency - Thames Area,Nil,Nil,,0,0,0,4,Nil,FALSE,2777,Nil
2784,NIL,NIL,TBMNL Testers Account,Nil,Nil,,0,0,0,1,Nil,FALSE,2784,Nil
2788,NIL,NIL,Jane Sedgwick Travel Counsellor,Nil,Nil,,0,0,0,2,Nil,FALSE,2788,Nil
279,NIL,NIL,bigivan music events,Nil,Nil,,0,1235.18,0,5,Nil,FALSE,279,Nil
2790,NIL,NIL,Chamomile cakes & treats,Nil,Nil,,0,1.17,0,1,Nil,FALSE,2790,Nil
2793,NIL,NIL,Emmanuel Church,Nil,Nil,,0,0,0,2,Nil,FALSE,2793,Nil
2795,NIL,Tier 2,Cornerstone Church Crewe,Nil,Free,,0,0,0,5,Nil,FALSE,2795,Nil
2796,NIL,NIL,Raydon Hall AC,Nil,Nil,,0,0,0,1,Nil,FALSE,2796,Nil
2797,NIL,NIL,Unique Homecare,Nil,Nil,,0,1.71,0,1,Nil,FALSE,2797,Nil
2804,NIL,NIL,Nunnery Gallery,Nil,Nil,,0,0.42,0,1,Nil,FALSE,2804,Nil
2809,NIL,NIL,Leap Health,Nil,Nil,,0,17.75,0,1,Nil,FALSE,2809,Nil
2814,NIL,NIL,Sarah Clark Equine Behaviouist,Nil,Nil,,0,25.62,0,1,Nil,FALSE,2814,Nil
2815,NIL,NIL,Life Community Baptist Church,Nil,Nil,,0,0,0,1,Nil,FALSE,2815,Nil
2816,NIL,NIL,Adelyns birthday,Nil,Nil,,0,0,0,1,Nil,FALSE,2816,Nil
2818,NIL,NIL,Monkton Senior School,Nil,Nil,,0,9.17,0,3,Nil,FALSE,2818,Nil
282,NIL,NIL,Passchendaele 2017,Nil,Nil,,0,58,0,1,Nil,FALSE,282,Nil
2821,NIL,NIL,KCT Strength & Conditioning Suite,Nil,Nil,,0,0,0,1,Nil,FALSE,2821,Nil
2826,NIL,NIL,Tormead School Parents Evening appointme,Nil,Nil,,0,0,0,1,Nil,FALSE,2826,Nil
2839,NIL,NIL,5éme1 Back to School Breakfast,Nil,Nil,,0,0,0,1,Nil,FALSE,2839,Nil
2841,NIL,NIL,Carbon Offsetting,Nil,Nil,,0,0,0,3,Nil,FALSE,2841,Nil
2844,NIL,NIL,Abigail Holland Events,Nil,Nil,,0,0,0,4,Nil,FALSE,2844,Nil
2845,NIL,NIL,The DPO Centre ltd,Nil,Nil,,0,0,0,1,Nil,FALSE,2845,Nil
2847,NIL,NIL,Eden Little Friends,Nil,Nil,,0,55.08,0,2,Nil,FALSE,2847,Nil
2848,NIL,NIL,My Special Child,Nil,Nil,,0,254.29,0,1,Nil,FALSE,2848,Nil
2849,NIL,NIL,Milton Keynes Academy,Nil,Nil,,0,0,0,1,Nil,FALSE,2849,Nil
2850,NIL,NIL,Tudor Archers,Nil,Nil,,0,0,0,1,Nil,FALSE,2850,Nil
2851,NIL,NIL,Sunday Night Live,Nil,Nil,,0,0,0,1,Nil,FALSE,2851,Nil
2852,NIL,NIL,Lowther Castle & Gardens,Nil,Nil,,0,0,0,1,Nil,FALSE,2852,Nil
2857,NIL,NIL,The Mall School,Nil,Nil,,0,0,0,1,Nil,FALSE,2857,Nil
2861,NIL,NIL,Rocket Learn,Nil,Nil,,0,21.29,0,3,Nil,FALSE,2861,Nil
2862,NIL,NIL,Manchester Art Gallery,Nil,Nil,,0,0,0,3,Nil,FALSE,2862,Nil
2863,NIL,NIL,Friends of Putney High School,Nil,Nil,,0,3036.25,0,4,Nil,FALSE,2863,Nil
2865,NIL,NIL,Brighter Futures for Children,Nil,Nil,,0,0,0,1,Nil,FALSE,2865,Nil
2868,NIL,NIL,Dunnottar Castle,Nil,Nil,,0,0,0,1,Nil,FALSE,2868,Nil
2869,NIL,NIL,St Mary's in the Lace Market,Nil,Nil,,0,0,0,1,Nil,FALSE,2869,Nil
287,NIL,NIL,Ann Ralph,Nil,Nil,,0,0,0,1,Nil,FALSE,287,Nil
2876,NIL,NIL,Welling Town FC,Nil,Nil,,0,98.16,0,4,Nil,FALSE,2876,Nil
2879,NIL,NIL,GoChurch Bradford,Nil,Nil,,0,0,0,1,Nil,FALSE,2879,Nil
2881,NIL,NIL,New Life Church,Nil,Nil,,0,0,0,1,Nil,FALSE,2881,Nil
2882,NIL,NIL,Alma Photo Studio,Nil,Nil,,0,0.96,0,1,Nil,FALSE,2882,Nil
2886,NIL,NIL,High Westmorland Parishes,Nil,Nil,,0,0,0,1,Nil,FALSE,2886,Nil
2888,NIL,NIL,These 4 Parishes,Nil,Nil,,0,2.75,0,1,Nil,FALSE,2888,Nil
2889,NIL,NIL,St Mary the Virgin Mortlake,Nil,Nil,,0,0,0,1,Nil,FALSE,2889,Nil
2892,NIL,NIL,Borderlands VA Network,Nil,Nil,,0,0,0,2,Nil,FALSE,2892,Nil
2899,NIL,Tier 2,MISS R A L WILLMOTT,Nil,Tier 5,,0,74.04,6,5,Nil,FALSE,2899,Nil
290,NIL,NIL,BestwoodMVC,Nil,Nil,,0,26.29,0,2,Nil,FALSE,290,Nil
2903,NIL,NIL,Delves & Associates,Nil,Nil,,0,67.07,0,3,Nil,FALSE,2903,Nil
2906,NIL,NIL,rideventures.ltd,Nil,Nil,,0,0,0,1,Nil,FALSE,2906,Nil
2907,NIL,NIL,LYMINGTON TOWN FOOTBALL CLUB,Nil,Nil,,0,1352.22,0,3,Nil,FALSE,2907,Nil
2909,NIL,NIL,RuthYounger,Nil,Nil,,0,0,0,2,Nil,FALSE,2909,Nil
291,NIL,NIL,SPEAR,Nil,Nil,,0,0,0,1,Nil,FALSE,291,Nil
2913,NIL,NIL,Retro Rides Events,Nil,Nil,,0,13643.12,0,3,Nil,FALSE,2913,Nil
2915,NIL,NIL,South East Events Limited,Nil,Nil,,0,812.63,0,2,Nil,FALSE,2915,Nil
2916,NIL,NIL,Be Motivated LTD,Nil,Nil,,0,89.5,0,2,Nil,FALSE,2916,Nil
2923,NIL,NIL,Lordswood Football Club,Nil,Nil,,0,1.33,0,1,Nil,FALSE,2923,Nil
2926,NIL,NIL,The Hospitality Partnership,Nil,Nil,,0,0,0,4,Nil,FALSE,2926,Nil
2927,NIL,NIL,Tess Pike Blue Badge Tourist Guide,Nil,Nil,,0,63.19,0,4,Nil,FALSE,2927,Nil
293,NIL,NIL,Hurlingham School PTA,Nil,Nil,,0,1235.88,0,3,Nil,FALSE,293,Nil
2930,NIL,NIL,Digital Engagement,Nil,Nil,,0,0,0,1,Nil,FALSE,2930,Nil
2932,NIL,NIL,Bright Lead Ltd,Nil,Nil,,0,0,0,2,Nil,FALSE,2932,Nil
2934,NIL,NIL,Shakespeare in Italy,Nil,Nil,,0,85.62,0,2,Nil,FALSE,2934,Nil
2941,NIL,NIL,Neuro DropIn Centre,Nil,Nil,,0,183.63,0,5,Nil,FALSE,2941,Nil
2942,NIL,NIL,Account Deleted,Nil,Nil,,0,0,0,1,Nil,FALSE,2942,Nil
2943,NIL,NIL,Environment Agency,Nil,Nil,,0,0,0,2,Nil,FALSE,2943,Nil
2944,NIL,NIL,Guru Dudu Productions,Nil,Nil,,0,233.32,0,3,Nil,FALSE,2944,Nil
2948,NIL,NIL,Lynn Meadowcroft - Inspiring People,Nil,Nil,,0,21.46,0,2,Nil,FALSE,2948,Nil
295,NIL,NIL,Salford Sensations,Nil,Nil,,0,114.47,0,3,Nil,FALSE,295,Nil
2951,NIL,Tier 4,Hare Hatch Sheeplands,Nil,Tier 3,,0,1512.15,0,5,Nil,FALSE,2951,Nil
2953,NIL,NIL,Cumbria Careers Hub,Nil,Nil,,0,0,0,2,Nil,FALSE,2953,Nil
2954,NIL,NIL,Association of State Girls' Schools,Nil,Nil,,0,54.71,0,1,Nil,FALSE,2954,Nil
2955,NIL,NIL,Positive Vibes Community,Nil,Nil,,0,71.29,0,2,Nil,FALSE,2955,Nil
2956,NIL,NIL,St Mary-at-Finchley,Nil,Nil,,0,0,0,1,Nil,FALSE,2956,Nil
2957,NIL,NIL,Prospect Parents Association,Nil,Nil,,0,321.13,0,2,Nil,FALSE,2957,Nil
2960,NIL,Tier 2,Ashton Keynes Youth Football Club,Nil,Tier 5,,0,237.17,0,5,Nil,FALSE,2960,Nil
2963,NIL,NIL,Norfolk FA Coaches Club,Nil,Nil,,0,0,0,2,Nil,FALSE,2963,Nil
2964,NIL,NIL,Anglican Mission in England,Nil,Nil,,0,0,0,1,Nil,FALSE,2964,Nil
2965,NIL,NIL,Shearwater Training Ltd,Nil,Nil,,0,74.38,0,3,Nil,FALSE,2965,Nil
2967,NIL,NIL,EA West Midlands Engagement,Nil,Nil,,0,0,0,1,Nil,FALSE,2967,Nil
2969,NIL,NIL,EA GMMC,Nil,Nil,,0,0,0,3,Nil,FALSE,2969,Nil
297,NIL,NIL,In-Accord,Nil,Nil,,0,0,0,1,Nil,FALSE,297,Nil
2974,NIL,NIL,EA Herts and North London,Nil,Nil,,0,0,0,1,Nil,FALSE,2974,Nil
2975,NIL,NIL,EA London Engagement,Nil,Nil,,0,0,0,4,Nil,FALSE,2975,Nil
2976,NIL,Tier 3,EA Solent and South Downs,Nil,Free,,0,0,0,2,Nil,FALSE,2976,Nil
2981,NIL,NIL,Holy Family Catholic Primary School,Nil,Nil,,0,66,0,2,Nil,FALSE,2981,Nil
2984,NIL,NIL,Friends of Priory,Nil,Nil,,0,0,0,3,Nil,FALSE,2984,Nil
2988,NIL,NIL,Kendal Gymnastics Club,Nil,Nil,,0,78.04,0,1,Nil,FALSE,2988,Nil
2989,NIL,NIL,Wrekin College,Nil,Nil,,0,0,0,1,Nil,FALSE,2989,Nil
299,NIL,NIL,Powell House,Nil,Nil,,0,320.54,0,4,Nil,FALSE,299,Nil
2992,NIL,NIL,Environment Agency,Nil,Nil,,0,0,0,1,Nil,FALSE,2992,Nil
2994,NIL,NIL,Moneyfields FC,Nil,Nil,,0,62.5,0,2,Nil,FALSE,2994,Nil
2995,NIL,NIL,EA Northeast Engagement,Nil,Nil,,0,0,0,1,Nil,FALSE,2995,Nil
2999,NIL,NIL,SVA Virtual Assistants CIC,Nil,Nil,,0,0,0,1,Nil,FALSE,2999,Nil
3,NIL,NIL,TryBooking Support,Nil,Nil,,0,0.54,0,3,Nil,FALSE,3,Nil
30,NIL,NIL,Old Oakhamian Club,Nil,Nil,,0,124.17,0,2,Nil,FALSE,30,Nil
300,NIL,NIL,The Family Business Community,Nil,Nil,,0,2936.99,0,6,Nil,FALSE,300,Nil
3001,NIL,NIL,Lijack Consultancy Ltd,Nil,Nil,,0,5,0,1,Nil,FALSE,3001,Nil
3002,NIL,NIL,Hillside Specialist School and College,Nil,Nil,,0,110.12,0,3,Nil,FALSE,3002,Nil
3003,NIL,NIL,LABGC,Nil,Nil,,0,0,0,1,Nil,FALSE,3003,Nil
3004,NIL,NIL,St Peter's Droitwich Academy PTA,Nil,Nil,,0,235.54,0,2,Nil,FALSE,3004,Nil
3006,NIL,NIL,Harley Owners Group (UK & Ireland),Nil,Nil,,0,2554.22,0,5,Nil,FALSE,3006,Nil
3009,NIL,NIL,Account Deleted,Nil,Nil,,0,0,0,2,Nil,FALSE,3009,Nil
301,NIL,Tier 3,1st Malden Scout Group,Nil,Tier 4,,0,428.25,0,4,Nil,FALSE,301,Nil
3012,NIL,NIL,EA National FCRM,Nil,Nil,,0,0,0,4,Nil,FALSE,3012,Nil
3013,NIL,NIL,Practicality,Nil,Nil,,0,30.75,0,1,Nil,FALSE,3013,Nil
3018,NIL,NIL,The Ethical Small Traders Association,Nil,Nil,,0,0.79,0,2,Nil,FALSE,3018,Nil
302,NIL,NIL,Sara Brown,Nil,Nil,,0,58.16,0,1,Nil,FALSE,302,Nil
3021,NIL,NIL,WESC Foundation,Nil,Nil,,0,0,0,1,Nil,FALSE,3021,Nil
3023,NIL,NIL,Joanne,Nil,Nil,,0,0,0,1,Nil,FALSE,3023,Nil
3025,NIL,NIL,Saint Margaret's Church Hornby,Nil,Nil,,0,8.4,0,1,Nil,FALSE,3025,Nil
3028,NIL,NIL,Stansfeld FC,Nil,Nil,,0,110.71,0,1,Nil,FALSE,3028,Nil
303,NIL,NIL,Stamford Green Primary School,Nil,Nil,,0,0,0,1,Nil,FALSE,303,Nil
3037,NIL,NIL,Spencers Wood Village Hall,Nil,Nil,,0,109.09,0,2,Nil,FALSE,3037,Nil
3039,NIL,NIL,Albion House Social Club,Nil,Nil,,0,588.62,0,4,Nil,FALSE,3039,Nil
3041,NIL,NIL,St Andrew's Cheadle Hulme,Nil,Nil,,0,0,0,1,Nil,FALSE,3041,Nil
3046,NIL,NIL,Rothamsted Research,Nil,Nil,,0,0,0,2,Nil,FALSE,3046,Nil
3047,NIL,NIL,West Mercia Scouts,Nil,Nil,,0,0,0,2,Nil,FALSE,3047,Nil
3048,NIL,NIL,South Downs Chamber Ensemble,Nil,Nil,,0,442.42,0,2,Nil,FALSE,3048,Nil
3051,NIL,NIL,Hope Church Goldthorpe,Nil,Nil,,0,0,0,2,Nil,FALSE,3051,Nil
3053,NIL,NIL,Graham and Brown,Nil,Nil,,0,24.67,0,1,Nil,FALSE,3053,Nil
3059,NIL,NIL,Stanwix Parish,Nil,Nil,,0,0,0,2,Nil,FALSE,3059,Nil
3060,NIL,NIL,Lid Project,Nil,Nil,,0,0,0,1,Nil,FALSE,3060,Nil
3062,NIL,NIL,Network Inspired,Nil,Nil,,0,0,0,2,Nil,FALSE,3062,Nil
3065,NIL,NIL,Warrington and Halton Hospitals Charity,Nil,Nil,,0,488.71,0,5,Nil,FALSE,3065,Nil
3068,NIL,NIL,Jacaranda Venues,Nil,Nil,,0,124.95,0,2,Nil,FALSE,3068,Nil
3070,NIL,NIL,Fundraiser for the Recorder Road Hostel,Nil,Nil,,0,28.62,0,1,Nil,FALSE,3070,Nil
3071,NIL,Tier 3,Deal Town Football Club,Nil,Tier 5,,0,638.72,0,5,Nil,FALSE,3071,Nil
3072,NIL,NIL,Account Deleted,Nil,Nil,,0,76.5,0,2,Nil,FALSE,3072,Nil
3075,NIL,NIL,Kenilworth Runners,Nil,Nil,,0,0,0,1,Nil,FALSE,3075,Nil
3079,NIL,NIL,Hiking Highs,Nil,Nil,,0,36.67,0,3,Nil,FALSE,3079,Nil
308,NIL,NIL,In Ear Entertainment Limited,Nil,Nil,,0,1863.24,0,2,Nil,FALSE,308,Nil
3082,NIL,NIL,Lydden Hill Race Circuit,Nil,Nil,,0,487.5,0,3,Nil,FALSE,3082,Nil
3085,NIL,NIL,GO Health and Fitness,Nil,Nil,,0,0,0,1,Nil,FALSE,3085,Nil
3086,NIL,NIL,DCIS Enquiries,Nil,Nil,,0,0,0,3,Nil,FALSE,3086,Nil
3090,NIL,NIL,Zoe Palmer Travel Counsellor,Nil,Nil,,0,0,0,2,Nil,FALSE,3090,Nil
31,NIL,NIL,Wellington School Class of '78 Reunion,Nil,Nil,,0,38.75,0,1,Nil,FALSE,31,Nil
310,NIL,NIL,Birmingham Canoldir Male Voice Choir,Nil,Nil,,0,0.17,0,1,Nil,FALSE,310,Nil
3100,NIL,NIL,Treeline,Nil,Nil,,0,676.57,0,3,Nil,FALSE,3100,Nil
3101,NIL,NIL,Harrods,Nil,Nil,,0,0,0,1,Nil,FALSE,3101,Nil
3103,NIL,NIL,Pitch and Mix,Nil,Nil,,0,0,0,1,Nil,FALSE,3103,Nil
3104,NIL,NIL,Activity Connector,Nil,Nil,,0,3.67,0,1,Nil,FALSE,3104,Nil
3107,NIL,NIL,Send Evangelical Church,Nil,Nil,,0,5.5,0,2,Nil,FALSE,3107,Nil
3108,NIL,NIL,Account Deleted,Nil,Nil,,0,37.79,0,1,Nil,FALSE,3108,Nil
3110,NIL,NIL,Olivia Smith,Nil,Nil,,0,0,0,1,Nil,FALSE,3110,Nil
3111,NIL,NIL,Gina Baksa,Nil,Nil,,0,24.88,0,1,Nil,FALSE,3111,Nil
3116,NIL,NIL,Account Deleted,Nil,Nil,,0,26,0,2,Nil,FALSE,3116,Nil
3117,NIL,NIL,Cheadle Hulme - COVID Tests,Nil,Nil,,0,0,0,2,Nil,FALSE,3117,Nil
3123,NIL,NIL,Wriggle Learning,Nil,Nil,,0,0,0,1,Nil,FALSE,3123,Nil
3126,NIL,Tier 1,YOLO Wellbeing Ltd,Nil,Free,,0,0,0,3,Nil,FALSE,3126,Nil
3131,NIL,NIL,Hounslow Festival of Dance,Nil,Nil,,0,152.92,0,1,Nil,FALSE,3131,Nil
3138,NIL,NIL,St Michael's Church  Southwick,Nil,Nil,,0,0,0,1,Nil,FALSE,3138,Nil
3139,NIL,NIL,Sheer Edge,Nil,Nil,,0,0,0,1,Nil,FALSE,3139,Nil
3140,NIL,NIL,Hayley Hilton 13,Nil,Nil,,0,3.25,0,1,Nil,FALSE,3140,Nil
3141,NIL,NIL,Karen Thornton Travel Counsellors,Nil,Nil,,0,0,0,1,Nil,FALSE,3141,Nil
3142,NIL,NIL,CLC Venues and Events,Nil,Nil,,0,348.37,0,4,Nil,FALSE,3142,Nil
3144,NIL,NIL,NSPCC East Cheshire Special Events,Nil,Nil,,0,0.25,0,1,Nil,FALSE,3144,Nil
3147,NIL,NIL,Lakeland Wellbeing,Nil,Nil,,0,100.83,0,2,Nil,FALSE,3147,Nil
3149,NIL,NIL,EKM,Nil,Nil,,0,0,0,1,Nil,FALSE,3149,Nil
3151,NIL,NIL,Forest School Association,Nil,Nil,,0,432.65,0,3,Nil,FALSE,3151,Nil
3152,NIL,NIL,Andrea - Travel Counsellors,Nil,Nil,,0,0,0,1,Nil,FALSE,3152,Nil
3154,NIL,NIL,Lydden Hill Race Circuit Ltd,Nil,Nil,,0,17002.52,0,3,Nil,FALSE,3154,Nil
3157,NIL,Tier 1,Melissa Hague Coaching Conversations,Nil,Tier 5,,0,19.58,0,4,Nil,FALSE,3157,Nil
3159,NIL,NIL,Best of the Lakes,Nil,Nil,,0,25.87,0,2,Nil,FALSE,3159,Nil
3162,NIL,NIL,Body and Mind Holistics,Nil,Nil,,0,1.63,0,1,Nil,FALSE,3162,Nil
3163,NIL,NIL,Newton and Earlestown Community Group,Nil,Nil,,0,3,0,1,Nil,FALSE,3163,Nil
3164,NIL,NIL,IPSO,Nil,Nil,,0,166.62,0,1,Nil,FALSE,3164,Nil
3166,NIL,NIL,Magnifisense,Nil,Nil,,0,2014.04,0,2,Nil,FALSE,3166,Nil
3169,NIL,NIL,Flixton Girls School,Nil,Nil,,0,0,0,1,Nil,FALSE,3169,Nil
3170,NIL,NIL,The Creative Branch,Nil,Nil,,0,0,0,1,Nil,FALSE,3170,Nil
3177,NIL,NIL,Ventures with Vision,Nil,Nil,,0,0.37,0,1,Nil,FALSE,3177,Nil
3178,NIL,NIL,Eastbourne Eagles Speedway,Nil,Nil,,0,3547.31,0,2,Nil,FALSE,3178,Nil
3180,NIL,NIL,Heritage MK,Nil,Nil,,0,0.75,0,1,Nil,FALSE,3180,Nil
3182,NIL,NIL,Mama Shar's Caribbean,Nil,Nil,,0,8.33,0,1,Nil,FALSE,3182,Nil
3183,NIL,NIL,Friends of Southover School,Nil,Nil,,0,5,0,1,Nil,FALSE,3183,Nil
3184,NIL,NIL,Marie Curie Information Sessions OLD,Nil,Nil,,0,0,0,2,Nil,FALSE,3184,Nil
3186,NIL,Tier 4,Beaconside Primary School,Nil,Free,,0,0,0,3,Nil,FALSE,3186,Nil
3188,NIL,NIL,Thames Valley Flood Scheme,Nil,Nil,,0,0,0,1,Nil,FALSE,3188,Nil
3189,NIL,NIL,Rusland Horizons,Nil,Nil,,0,0,0,1,Nil,FALSE,3189,Nil
3192,NIL,NIL,FlexFit,Nil,Nil,,0,0,0,1,Nil,FALSE,3192,Nil
3194,NIL,NIL,Ecorys UK Ltd,Nil,Nil,,0,0,0,1,Nil,FALSE,3194,Nil
3195,NIL,NIL,Anna Gray Discover Lakeland,Nil,Nil,,0,171.83,0,4,Nil,FALSE,3195,Nil
3196,NIL,NIL,Pathways 4 All,Nil,Nil,,0,0,0,1,Nil,FALSE,3196,Nil
3197,NIL,NIL,Hamble Soccer Tots,Nil,Nil,,0,73.83,0,2,Nil,FALSE,3197,Nil
3198,NIL,NIL,Christopher Wenham,Nil,Nil,,0,0,0,1,Nil,FALSE,3198,Nil
32,NIL,High Value,KGS Alumni & Community,Nil,Tier 4,,0,6728.29,0,10,Nil,FALSE,32,Nil
320,NIL,NIL,Moonshot Games,Nil,Nil,,0,18.54,0,1,Nil,FALSE,320,Nil
3204,NIL,NIL,Collaborate MK,Nil,Nil,,0,557.26,0,4,Nil,FALSE,3204,Nil
3207,NIL,NIL,FindYourWHY,Nil,Nil,,0,21.63,0,1,Nil,FALSE,3207,Nil
3208,NIL,NIL,Account Deleted,Nil,Nil,,0,16.59,0,4,Nil,FALSE,3208,Nil
3216,NIL,NIL,Game On England,Nil,Nil,,0,0,3,2,Nil,FALSE,3216,Nil
3217,NIL,NIL,Anglican Network in Europe,Nil,Nil,,0,0,0,1,Nil,FALSE,3217,Nil
3218,NIL,NIL,EBA Youthclub online course,Nil,Nil,,0,26.37,0,3,Nil,FALSE,3218,Nil
3224,NIL,Tier 2,Grow Your Mindset,Nil,Tier 5,,0,180.58,0,4,Nil,FALSE,3224,Nil
3225,NIL,NIL,Butterfly Blueprint Ltd,Nil,Nil,,0,0.83,0,1,Nil,FALSE,3225,Nil
3228,NIL,NIL,Joanne Waine,Nil,Nil,,0,1.67,0,1,Nil,FALSE,3228,Nil
3231,NIL,NIL,Colwyn Bowman Target Archery Club,Nil,Nil,,0,125.62,0,3,Nil,FALSE,3231,Nil
3233,NIL,NIL,Marie Curie Legacy Team,Nil,Nil,,0,0,0,1,Nil,FALSE,3233,Nil
3234,NIL,NIL,livepilates,Nil,Nil,,0,3.42,0,1,Nil,FALSE,3234,Nil
3235,NIL,NIL,RAF Coningsby FD21,Nil,Nil,,0,0,0,1,Nil,FALSE,3235,Nil
3238,NIL,NIL,Amnesty Stockport,Nil,Nil,,0,0,0,1,Nil,FALSE,3238,Nil
3239,NIL,NIL,Belchamps Scout Centre,Nil,Nil,,0,0,0,1,Nil,FALSE,3239,Nil
324,NIL,Tier 3,Phoenix Players,Nil,Tier 4,,0,540.75,0,4,Nil,FALSE,324,Nil
3242,NIL,NIL,Christ Church Riverside,Nil,Nil,,0,11.82,0,1,Nil,FALSE,3242,Nil
3244,NIL,NIL,RAF Coningsby Families day,Nil,Nil,,0,0,0,1,Nil,FALSE,3244,Nil
3245,NIL,NIL,Chester Draws Presents,Nil,Nil,,0,5.83,0,1,Nil,FALSE,3245,Nil
3248,NIL,NIL,Wendy Caunce - Higher Mind Therapies Ltd,Nil,Nil,,0,5.62,0,1,Nil,FALSE,3248,Nil
325,NIL,NIL,Brisbane Boys' College,Nil,Nil,,0,53.12,0,1,Nil,FALSE,325,Nil
3250,NIL,NIL,JiggleJam,Nil,Nil,,0,935.33,0,4,Nil,FALSE,3250,Nil
3260,NIL,NIL,Nicola Energy Ltd,Nil,Nil,,0,27.42,0,1,Nil,FALSE,3260,Nil
3262,NIL,NIL,Account Deleted,Nil,Nil,,0,0,0,1,Nil,FALSE,3262,Nil
3263,NIL,NIL,Lymington Cricket Club,Nil,Nil,,0,84.63,0,2,Nil,FALSE,3263,Nil
3268,NIL,NIL,Laura Rhodes Blue Badge Tourist Guide,Nil,Nil,,0,6.58,0,2,Nil,FALSE,3268,Nil
3273,NIL,NIL,In Tune Theatre,Nil,Nil,,0,2.5,0,2,Nil,FALSE,3273,Nil
3274,NIL,NIL,Anna Chaplaincy Cumbria,Nil,Nil,,0,0,0,2,Nil,FALSE,3274,Nil
3275,NIL,NIL,Bedford & Milton Keynes Waterways,Nil,Nil,,0,0,0,1,Nil,FALSE,3275,Nil
3278,NIL,NIL,Code Earth,Nil,Nil,,0,0,0,1,Nil,FALSE,3278,Nil
3284,NIL,NIL,Michael Auton Consultancy,Nil,Nil,,0,9.67,0,1,Nil,FALSE,3284,Nil
3288,NIL,NIL,Annie Mac,Nil,Nil,,0,0,0,1,Nil,FALSE,3288,Nil
3293,NIL,NIL,Strawberry Rose Farm,Nil,Nil,,0,15,0,1,Nil,FALSE,3293,Nil
3296,NIL,NIL,LOUIES,Nil,Nil,,0,0,0,1,Nil,FALSE,3296,Nil
3297,NIL,NIL,Alverstoke Garden Walkabout,Nil,Nil,,0,165.04,0,3,Nil,FALSE,3297,Nil
3309,NIL,NIL,Ritual Britain,Nil,Nil,,0,20.62,0,1,Nil,FALSE,3309,Nil
3315,NIL,NIL,Lindsey Lodge Farm,Nil,Nil,,0,0,0,2,Nil,FALSE,3315,Nil
3317,NIL,NIL,Pink Link Ladies,Nil,Nil,,0,0.96,0,1,Nil,FALSE,3317,Nil
3319,NIL,NIL,Rolling Hills HOG,Nil,Nil,,0,0,0,1,Nil,FALSE,3319,Nil
3323,NIL,NIL,Eleanor Beeby,Nil,Nil,,0,0,0,1,Nil,FALSE,3323,Nil
3327,NIL,NIL,Regenerage,Nil,Nil,,0,144.29,0,2,Nil,FALSE,3327,Nil
3336,NIL,NIL,Account Deleted,Nil,Nil,,0,0,0,1,Nil,FALSE,3336,Nil
3341,NIL,NIL,NAVP Ltd,Nil,Nil,,0,434.54,0,1,Nil,FALSE,3341,Nil
3345,NIL,NIL,nickacfield,Nil,Nil,,0,0,0,1,Nil,FALSE,3345,Nil
3349,NIL,NIL,Rotary Club Shipston on Stour,Nil,Nil,,0,62.99,0,1,Nil,FALSE,3349,Nil
3350,NIL,NIL,Creative Edge,Nil,Nil,,0,0,0,2,Nil,FALSE,3350,Nil
3351,NIL,NIL,Butterworths,Nil,Nil,,0,0,0,1,Nil,FALSE,3351,Nil
3356,NIL,NIL,Sharon Took-Zozaya,Nil,Nil,,0,0,0,1,Nil,FALSE,3356,Nil
336,NIL,NIL,Lancaster Bombers Flying for Phil,Nil,Nil,,0,3.71,0,1,Nil,FALSE,336,Nil
3360,NIL,NIL,HandsOnHeart Clinical Canine Massage,Nil,Nil,,0,1.08,0,2,Nil,FALSE,3360,Nil
3361,NIL,NIL,LL Events,Nil,Nil,,0,0,0,1,Nil,FALSE,3361,Nil
3368,NIL,NIL,ShirleyThompson,Nil,Nil,,0,0,0,1,Nil,FALSE,3368,Nil
3372,NIL,NIL,Alpaca my Boots,Nil,Nil,,0,24.25,0,1,Nil,FALSE,3372,Nil
3374,NIL,NIL,Mary Kay,Nil,Nil,,0,0,0,1,Nil,FALSE,3374,Nil
3387,NIL,NIL,Eton Events Ltd,Nil,Nil,,0,625.71,0,3,Nil,FALSE,3387,Nil
3390,NIL,NIL,Evenbreak,Nil,Nil,,0,0,0,1,Nil,FALSE,3390,Nil
3398,NIL,NIL,Masquerade Ball,Nil,Nil,,0,1.37,0,1,Nil,FALSE,3398,Nil
34,NIL,NIL,One World,Nil,Nil,,0,820.18,0,4,Nil,FALSE,34,Nil
340,NIL,NIL,Account Deleted,Nil,Nil,,0,123.79,0,3,Nil,FALSE,340,Nil
3405,NIL,NIL,Andrew Meikle,Nil,Nil,,0,0,0,1,Nil,FALSE,3405,Nil
341,NIL,NIL,Unicorn School,Nil,Nil,,0,0,0,1,Nil,FALSE,341,Nil
3413,NIL,NIL,Farmer Chris,Nil,Nil,,0,0,0,2,Nil,FALSE,3413,Nil
3414,NIL,NIL,St. Helens Council,Nil,Nil,,0,0,0,2,Nil,FALSE,3414,Nil
3415,NIL,NIL,Unique Venues of Manchester Ltd,Nil,Nil,,0,0,0,1,Nil,FALSE,3415,Nil
3416,NIL,NIL,Fancy Fair Markets Ltd,Nil,Nil,,0,110,0,1,Nil,FALSE,3416,Nil
3419,NIL,NIL,Newcastle Speedway,Nil,Nil,,0,3071.32,0,3,Nil,FALSE,3419,Nil
3423,NIL,NIL,Marie Curie Legacy Team,Nil,Nil,,0,0,0,1,Nil,FALSE,3423,Nil
3426,NIL,NIL,Burnley Bobcats,Nil,Nil,,0,0,0,1,Nil,FALSE,3426,Nil
343,NIL,NIL,Lycetts,Nil,Nil,,0,167.25,0,1,Nil,FALSE,343,Nil
3433,NIL,NIL,Gloucestershire Federation WI,Nil,Nil,,0,0,0,1,Nil,FALSE,3433,Nil
3437,NIL,NIL,RSAcademics Ltd,Nil,Nil,,0,207.67,0,2,Nil,FALSE,3437,Nil
344,NIL,NIL,Gatwick Reunion,Nil,Nil,,0,474.82,0,2,Nil,FALSE,344,Nil
3447,NIL,NIL,BCM Scotland,Nil,Nil,,0,140.25,0,3,Nil,FALSE,3447,Nil
3449,NIL,NIL,Account Deleted,Nil,Nil,,0,0,0,1,Nil,FALSE,3449,Nil
345,NIL,NIL,Sedbergh School Drama,Nil,Nil,,0,282.21,0,5,Nil,FALSE,345,Nil
3451,NIL,NIL,Cobham Hall,Nil,Nil,,0,6.46,0,2,Nil,FALSE,3451,Nil
3453,NIL,NIL,Gary Tanner,Nil,Nil,,0,0,0,1,Nil,FALSE,3453,Nil
3458,NIL,NIL,Gorst Hill Farm,Nil,Nil,,0,0,0,2,Nil,FALSE,3458,Nil
3459,NIL,NIL,StaffordRCMCC,Nil,Nil,,0,734.62,0,3,Nil,FALSE,3459,Nil
3465,NIL,NIL,HAULOTTE,Nil,Nil,,0,0,0,1,Nil,FALSE,3465,Nil
3469,NIL,NIL,Jersey Dairy,Nil,Nil,,0,0,0,1,Nil,FALSE,3469,Nil
347,NIL,NIL,Eltham College Drama,Nil,Nil,,0,650.38,0,1,Nil,FALSE,347,Nil
3471,NIL,High Value,The Care and Fun Club & Blythe Centre,Nil,Tier 4,,0,639.92,2,5,Nil,FALSE,3471,Nil
3478,NIL,NIL,Calancombe Estate Holdings Limited,Nil,Nil,,0,189.63,0,1,Nil,FALSE,3478,Nil
3486,NIL,NIL,Coach Assist UK,Nil,Nil,,0,100.92,0,1,Nil,FALSE,3486,Nil
349,NIL,NIL,St Aubyn's School Music Department,Nil,Nil,,0,0,0,2,Nil,FALSE,349,Nil
3492,NIL,NIL,Suffolk Kodaly Collective,Nil,Nil,,0,99.4,0,1,Nil,FALSE,3492,Nil
3495,NIL,NIL,Sean Weekly Photography,Nil,Nil,,0,607.25,0,4,Nil,FALSE,3495,Nil
3496,NIL,NIL,Sedbergh School,Nil,Nil,,0,0,0,1,Nil,FALSE,3496,Nil
35,NIL,NIL,Neil Bowness,Nil,Nil,,0,0,0,1,Nil,FALSE,35,Nil
3502,NIL,NIL,Stoke College,Nil,Nil,,0,167.71,0,2,Nil,FALSE,3502,Nil
3508,NIL,NIL,Social Supper Club,Nil,Nil,,0,1.96,0,1,Nil,FALSE,3508,Nil
351,NIL,NIL,Saints Pride,Nil,Nil,,0,0,0,1,Nil,FALSE,351,Nil
3510,NIL,NIL,Draycir Training Team,Nil,Nil,,0,0,0,2,Nil,FALSE,3510,Nil
3512,NIL,NIL,Michelle Jurd Trust,Nil,Nil,,0,490.79,0,2,Nil,FALSE,3512,Nil
3514,NIL,NIL,Northern Potters Association,Nil,Nil,,0,33,0,2,Nil,FALSE,3514,Nil
3515,NIL,NIL,Woodstock Animal Enterprises Ltd,Nil,Nil,,0,4470.98,0,3,Nil,FALSE,3515,Nil
3517,NIL,NIL,Natalie Weston - Dynamic Kids,Nil,Nil,,0,10.33,0,1,Nil,FALSE,3517,Nil
3518,NIL,NIL,Lakeland Farm Visitor Centre,Nil,Nil,,0,177,0,2,Nil,FALSE,3518,Nil
3522,NIL,NIL,Mee Farmers,Nil,Nil,,0,0,0,2,Nil,FALSE,3522,Nil
3528,NIL,NIL,Stepney Hill Farm,Nil,Nil,,0,0,0,1,Nil,FALSE,3528,Nil
3530,NIL,Tier 4,Alfresco Flicks,Nil,Tier 3,,0,1511.8,0,2,Nil,FALSE,3530,Nil
3537,NIL,NIL,SharonyoungCoaching,Nil,Nil,,0,17.75,0,1,Nil,FALSE,3537,Nil
3539,NIL,NIL,Brandenburg Choral Festival,Nil,Nil,,0,0,0,1,Nil,FALSE,3539,Nil
354,NIL,NIL,PunkSkinScarMod,Nil,Nil,,0,4.08,0,1,Nil,FALSE,354,Nil
3540,NIL,NIL,berkshire Federation of womens' institutes,Nil,Nil,,0,37.75,0,3,Nil,FALSE,3540,Nil
3541,NIL,NIL,Church Farm Dairy,Nil,Nil,,0,0,0,1,Nil,FALSE,3541,Nil
3542,NIL,NIL,Monach Farm OFS,Nil,Nil,,0,0,0,1,Nil,FALSE,3542,Nil
3548,NIL,NIL,LORETO GRAMMAR SCHOOL,Nil,Nil,,0,0,0,1,Nil,FALSE,3548,Nil
355,NIL,NIL,The Grange School,Nil,Nil,,0,0,0,4,Nil,FALSE,355,Nil
3552,NIL,NIL,Rushcliffe Borough Council,Nil,Nil,,0,0,0,1,Nil,FALSE,3552,Nil
356,NIL,NIL,CADAS,Nil,Nil,,0,110.94,0,7,Nil,FALSE,356,Nil
3566,NIL,NIL,The Turnpike,Nil,Nil,,0,0,0,2,Nil,FALSE,3566,Nil
3567,NIL,NIL,Marie Curie Northern Ireland,Nil,Nil,,0,0,0,1,Nil,FALSE,3567,Nil
3568,NIL,NIL,Marie Curie Rebecca Dade,Nil,Nil,,0,0,0,1,Nil,FALSE,3568,Nil
357,NIL,NIL,CCL,Nil,Nil,,0,62.74,0,2,Nil,FALSE,357,Nil
3575,NIL,NIL,One step beyond events,Nil,Nil,,0,173.23,0,3,Nil,FALSE,3575,Nil
358,NIL,NIL,Flock,Nil,Nil,,0,1280.5,0,4,Nil,FALSE,358,Nil
3583,NIL,NIL,Middlesex Federation of  WI's,Nil,Nil,,0,0,0,2,Nil,FALSE,3583,Nil
3585,NIL,Tier 2,Eckley Farms,Nil,Tier 5,,0,42.92,0,3,Nil,FALSE,3585,Nil
359,NIL,NIL,Furness LitFest,Nil,Nil,,0,22.17,0,2,Nil,FALSE,359,Nil
3599,NIL,NIL,Lm & Jh Bowes,Nil,Nil,,0,0,0,1,Nil,FALSE,3599,Nil
360,NIL,NIL,Robert Gordon's College,Nil,Nil,,0,0,0,1,Nil,FALSE,360,Nil
3600,NIL,NIL,H Downs and Son,Nil,Nil,,0,41,0,1,Nil,FALSE,3600,Nil
3604,NIL,NIL,Scottish Ensemble,Nil,Nil,,0,529.54,0,3,Nil,FALSE,3604,Nil
3607,NIL,NIL,Meadow Bank Farm,Nil,Nil,,0,0,0,1,Nil,FALSE,3607,Nil
3609,NIL,NIL,Lakeland Inns,Nil,Nil,,0,140.37,0,2,Nil,FALSE,3609,Nil
361,NIL,NIL,Pyramid Productions UK,Nil,Nil,,0,22.68,0,1,Nil,FALSE,361,Nil
363,NIL,NIL,Amber & the Professors EP Launch Party,Nil,Nil,,0,132.58,0,1,Nil,FALSE,363,Nil
3637,NIL,NIL,Alex Colquhoun Ltd,Nil,Nil,,0,0,0,1,Nil,FALSE,3637,Nil
3639,NIL,NIL,WI Wanderers,Nil,Nil,,0,0,0,1,Nil,FALSE,3639,Nil
364,NIL,NIL,Bradford Bulls Rugby League Club,Nil,Nil,,0,0,0,1,Nil,FALSE,364,Nil
3646,NIL,Tier 2,Be Kind Movement,Nil,Tier 5,,0,95.25,0,2,Nil,FALSE,3646,Nil
3648,NIL,NIL,Hotel Synergies,Nil,Nil,,0,0,0,3,Nil,FALSE,3648,Nil
365,NIL,NIL,GreenLifeOrganics,Nil,Nil,,0,113.33,0,2,Nil,FALSE,365,Nil
3651,NIL,NIL,Light Up Lives CIC,Nil,Nil,,0,12.21,0,2,Nil,FALSE,3651,Nil
3653,NIL,NIL,Account Deleted,Nil,Nil,,0,0,0,1,Nil,FALSE,3653,Nil
3654,NIL,Tier 3,Creative Curiosity,Nil,Tier 5,,0,210.99,0,4,Nil,FALSE,3654,Nil
3655,NIL,NIL,Experience Liverpool,Nil,Nil,,0,35.71,0,3,Nil,FALSE,3655,Nil
3659,NIL,NIL,Visit Wood End Farm,Nil,Nil,,0,0,0,1,Nil,FALSE,3659,Nil
3660,NIL,NIL,HPTest,Nil,Nil,,0,0,0,1,Nil,FALSE,3660,Nil
3662,NIL,NIL,Account Deleted,Nil,Nil,,0,11,0,1,Nil,FALSE,3662,Nil
3665,NIL,NIL,SWWL,Nil,Nil,,0,0.37,0,1,Nil,FALSE,3665,Nil
3669,NIL,NIL,Account Deleted,Nil,Nil,,0,0,0,1,Nil,FALSE,3669,Nil
367,NIL,NIL,The Merchistonian Club,Nil,Nil,,0,166.86,0,4,Nil,FALSE,367,Nil
3671,NIL,NIL,M R Tizzard Ltd,Nil,Nil,,0,0,0,1,Nil,FALSE,3671,Nil
3673,NIL,NIL,RAF Odiham,Nil,Nil,,0,0,0,1,Nil,FALSE,3673,Nil
3674,NIL,NIL,Royal Sutton Coldfield Community Town Hall Trust,Nil,Nil,,0,0,0,1,Nil,FALSE,3674,Nil
3677,NIL,NIL,tregullas farm,Nil,Nil,,0,0,0,1,Nil,FALSE,3677,Nil
3679,NIL,NIL,Hares Farm,Nil,Nil,,0,0,0,2,Nil,FALSE,3679,Nil
3682,NIL,Tier 3,Bobl Bach Bethesda,Nil,Tier 4,,0,816.11,0,4,Nil,FALSE,3682,Nil
3688,NIL,NIL,Hillhead of Covington,Nil,Nil,,0,0,0,2,Nil,FALSE,3688,Nil
37,NIL,NIL,KGS Music Department,Nil,Nil,,0,72,0,3,Nil,FALSE,37,Nil
370,NIL,NIL,GSMA,Nil,Nil,,0,0,0,1,Nil,FALSE,370,Nil
371,NIL,NIL,novi.digital,Nil,Nil,,0,0,0,2,Nil,FALSE,371,Nil
3717,NIL,NIL,Firm of W W Neilson,Nil,Nil,,0,0,0,1,Nil,FALSE,3717,Nil
3721,NIL,NIL,Alex Main,Nil,Nil,,0,0,0,1,Nil,FALSE,3721,Nil
3723,NIL,NIL,Dandelion Coaching,Nil,Nil,,0,0.71,0,1,Nil,FALSE,3723,Nil
3729,NIL,Tier 2,Open Farm Sunday @ Didcot Farm,Nil,Free,,0,0,0,2,Nil,FALSE,3729,Nil
3734,NIL,NIL,zoeainsworth,Nil,Nil,,0,0,0,1,Nil,FALSE,3734,Nil
3735,NIL,NIL,Dancing Green Garlic,Nil,Nil,,0,0,0,1,Nil,FALSE,3735,Nil
3750,NIL,NIL,St Mary's Church  Sompting,Nil,Nil,,0,10.62,0,3,Nil,FALSE,3750,Nil
377,NIL,NIL,Raynsford Academy PTA,Nil,Nil,,0,1.07,0,1,Nil,FALSE,377,Nil
3771,NIL,NIL,R&A Holder Brach farm,Nil,Nil,,0,0,0,1,Nil,FALSE,3771,Nil
3773,NIL,NIL,ML & L Exelby,Nil,Nil,,0,0,0,1,Nil,FALSE,3773,Nil
3774,NIL,Tier 4,Middle Watchbury Farm,Nil,Free,,0,0,0,4,Nil,FALSE,3774,Nil
378,NIL,NIL,Noel and Tricia Uckfield Concert,Nil,Nil,,0,20.25,0,1,Nil,FALSE,378,Nil
3781,NIL,NIL,A & I Westlake,Nil,Nil,,0,0,0,2,Nil,FALSE,3781,Nil
3783,NIL,NIL,R Heald,Nil,Nil,,0,0,0,1,Nil,FALSE,3783,Nil
3785,NIL,NIL,Speakers for Schools,Nil,Nil,,0,0,0,1,Nil,FALSE,3785,Nil
3786,NIL,Tier 2,Maundrils Farm Partnership,Nil,Free,,0,0,0,2,Nil,FALSE,3786,Nil
3788,NIL,NIL,Bradfields Farm,Nil,Nil,,0,0,0,1,Nil,FALSE,3788,Nil
379,NIL,NIL,Princethorpe College,Nil,Nil,,0,0,0,1,Nil,FALSE,379,Nil
3790,NIL,Tier 3,Millfield School,Nil,Tier 4,,0,1713.12,0,4,Nil,FALSE,3790,Nil
3791,NIL,NIL,Camel CSA,Nil,Nil,,0,0,0,1,Nil,FALSE,3791,Nil
3794,NIL,NIL,Mooch Oldham,Nil,Nil,,0,0,0,1,Nil,FALSE,3794,Nil
3797,NIL,NIL,Mega Live Events,Nil,Nil,,0,95.92,0,1,Nil,FALSE,3797,Nil
380,NIL,Tier 4,Trent College Events,Nil,Tier 2,,0,3522.62,0,9,Nil,FALSE,380,Nil
3805,NIL,NIL,Newport & Central PCN,Nil,Nil,,0,0,0,1,Nil,FALSE,3805,Nil
3809,NIL,NIL,Staying Alive First Aid,Nil,Nil,,0,5.83,0,1,Nil,FALSE,3809,Nil
381,NIL,NIL,catherinebetley,Nil,Nil,,0,58.46,0,1,Nil,FALSE,381,Nil
3810,NIL,Tier 2,Manor Farms Barley LP,Nil,Free,,0,0,0,2,Nil,FALSE,3810,Nil
3825,NIL,NIL,Warminster Prep,Nil,Nil,,0,0,0,1,Nil,FALSE,3825,Nil
3830,NIL,NIL,Account Deleted,Nil,Nil,,0,0,0,1,Nil,FALSE,3830,Nil
3833,NIL,NIL,Warminster Drama,Nil,Nil,,0,0,0,1,Nil,FALSE,3833,Nil
384,NIL,NIL,PLC Pymble UK/ Europe Reunion,Nil,Nil,,0,109.5,0,3,Nil,FALSE,384,Nil
3842,NIL,NIL,Berrywood School Association,Nil,Nil,,0,0.33,0,1,Nil,FALSE,3842,Nil
385,NIL,NIL,The Quirky Coach,Nil,Nil,,0,216.79,0,5,Nil,FALSE,385,Nil
386,NIL,NIL,Marie Curie,Nil,Nil,,0,158.88,0,4,Nil,FALSE,386,Nil
3865,NIL,NIL,Morland Choristers' Camp 2021,Nil,Nil,,0,0,0,1,Nil,FALSE,3865,Nil
3872,NIL,Tier 2,East Hall Farm,Nil,Free,,0,0,0,2,Nil,FALSE,3872,Nil
3873,NIL,NIL,George Heriot's School,Nil,Nil,,0,0,0,1,Nil,FALSE,3873,Nil
3874,NIL,NIL,B&V Davidson,Nil,Nil,,0,0,0,3,Nil,FALSE,3874,Nil
3876,NIL,NIL,Dennings Down Farm,Nil,Nil,,0,0,0,1,Nil,FALSE,3876,Nil
3877,NIL,NIL,BJazz,Nil,Nil,,0,0,0,1,Nil,FALSE,3877,Nil
3885,NIL,NIL,Ridgeway Farm Blackpool,Nil,Nil,,0,0,0,1,Nil,FALSE,3885,Nil
3886,NIL,NIL,Coast & Vale Community Action,Nil,Nil,,0,0,0,1,Nil,FALSE,3886,Nil
3888,NIL,NIL,D. Ray Cold Aston,Nil,Nil,,0,0,0,1,Nil,FALSE,3888,Nil
3889,NIL,NIL,BAPS,Nil,Nil,,0,0,0,1,Nil,FALSE,3889,Nil
389,NIL,NIL,Lune Valley Community Beekeepers,Nil,Nil,,0,62.08,0,4,Nil,FALSE,389,Nil
3892,NIL,NIL,Harry smith,Nil,Nil,,0,0,0,1,Nil,FALSE,3892,Nil
3902,NIL,NIL,Account Deleted,Nil,Nil,,0,4.38,0,1,Nil,FALSE,3902,Nil
3903,NIL,NIL,The Athena Network West Berks,Nil,Nil,,0,60.54,0,2,Nil,FALSE,3903,Nil
3907,NIL,NIL,The Media Connexions,Nil,Nil,,0,0,0,1,Nil,FALSE,3907,Nil
391,NIL,Tier 4,Holmewood House Preparatory School,Nil,Tier 5,,0,102.58,0,7,Nil,FALSE,391,Nil
3918,NIL,NIL,Essex ActivAte with Multisports for Schools,Nil,Nil,,0,64.04,0,2,Nil,FALSE,3918,Nil
392,NIL,NIL,Oaksys Tech Ltd,Nil,Nil,,0,3.25,0,2,Nil,FALSE,392,Nil
393,NIL,NIL,Tudor Hall School,Nil,Nil,,0,685.92,0,4,Nil,FALSE,393,Nil
3934,NIL,NIL,SME Skills Academy,Nil,Nil,,0,0,0,1,Nil,FALSE,3934,Nil
3937,NIL,NIL,GreenwaysAces,Nil,Nil,,0,104.67,0,2,Nil,FALSE,3937,Nil
3940,NIL,NIL,Sandwell District Scout Council,Nil,Nil,,0,0,0,3,Nil,FALSE,3940,Nil
395,NIL,NIL,YPIB,Nil,Nil,,0,25.46,0,3,Nil,FALSE,395,Nil
3953,NIL,NIL,KinD - Kids in Deeping,Nil,Nil,,0,5.96,0,1,Nil,FALSE,3953,Nil
3955,NIL,NIL,crossstreetarts,Nil,Nil,,0,0,0,2,Nil,FALSE,3955,Nil
3958,NIL,NIL,NextGenChem,Nil,Nil,,0,0,0,1,Nil,FALSE,3958,Nil
396,NIL,NIL,Ford On The Fairway,Nil,Nil,,0,1066.68,0,4,Nil,FALSE,396,Nil
3960,NIL,NIL,West Kent WI Federation,Nil,Nil,,0,24.46,0,3,Nil,FALSE,3960,Nil
3962,NIL,NIL,Naturally Loyal,Nil,Nil,,0,0.14,0,1,Nil,FALSE,3962,Nil
398,NIL,NIL,Account Deleted,Nil,Nil,,0,0,0,1,Nil,FALSE,398,Nil
399,NIL,NIL,Yarborough Academy,Nil,Nil,,0,0,0,2,Nil,FALSE,399,Nil
3993,NIL,NIL,Hayes-Teeyan2021,Nil,Nil,,0,0,0,1,Nil,FALSE,3993,Nil
4004,NIL,NIL,Willesden Reliability,Nil,Nil,,0,91.75,0,2,Nil,FALSE,4004,Nil
4005,NIL,NIL,Montpelier Villa Community Football Club,Nil,Nil,,0,1.79,0,1,Nil,FALSE,4005,Nil
402,NIL,NIL,Big Impact,Nil,Nil,,0,0,0,1,Nil,FALSE,402,Nil
4029,NIL,Tier 3,St Paul's Girls School Guild Event,Nil,Tier 4,,0,300.83,0,5,Nil,FALSE,4029,Nil
4030,NIL,NIL,Stefano's Food,Nil,Nil,,0,584.5,0,2,Nil,FALSE,4030,Nil
4037,NIL,NIL,Music Teachers Association,Nil,Nil,,0,0,0,2,Nil,FALSE,4037,Nil
4043,NIL,NIL,Creative Academy,Nil,Nil,,0,0,0,1,Nil,FALSE,4043,Nil
4058,NIL,NIL,Melissa Hennessy,Nil,Nil,,0,3.79,0,1,Nil,FALSE,4058,Nil
406,NIL,NIL,BNI Castle Chapter,Nil,Nil,,0,34.25,0,3,Nil,FALSE,406,Nil
4065,NIL,NIL,Ripley St Thomas CE Academy,Nil,Nil,,0,520.38,0,3,Nil,FALSE,4065,Nil
4068,NIL,NIL,Forest of Bowland AONB,Nil,Nil,,0,2.58,0,3,Nil,FALSE,4068,Nil
407,NIL,NIL,Otto,Nil,Nil,,0,0.17,0,1,Nil,FALSE,407,Nil
4072,NIL,NIL,SPGSPG Christmas Fair,Nil,Nil,,0,701,0,1,Nil,FALSE,4072,Nil
4074,NIL,NIL,East Sussex WI Federation,Nil,Nil,,0,15.12,0,1,Nil,FALSE,4074,Nil
4078,NIL,NIL,Cumbria Foundation,Nil,Nil,,0,0,0,1,Nil,FALSE,4078,Nil
408,NIL,NIL,Flies On The Wall Youth Theatre,Nil,Nil,,0,324.33,0,3,Nil,FALSE,408,Nil
4081,NIL,NIL,Wiggles Pizzafest,Nil,Nil,,0,0,0,2,Nil,FALSE,4081,Nil
4082,NIL,NIL,Metropolis Education,Nil,Nil,,0,10.54,0,2,Nil,FALSE,4082,Nil
4086,NIL,NIL,The Onroad Podcast,Nil,Nil,,0,0.86,0,1,Nil,FALSE,4086,Nil
4090,NIL,NIL,Lothian Cat Rescue,Nil,Nil,,0,63.92,0,1,Nil,FALSE,4090,Nil
4091,NIL,NIL,CKG Marketing Strategy,Nil,Nil,,0,0,0,2,Nil,FALSE,4091,Nil
4100,NIL,NIL,Account Deleted,Nil,Nil,,0,0.37,0,1,Nil,FALSE,4100,Nil
411,NIL,NIL,Cumbriashare,Nil,Nil,,0,918.83,0,6,Nil,FALSE,411,Nil
4113,NIL,NIL,Katy Branagan,Nil,Nil,,0,0,0,1,Nil,FALSE,4113,Nil
412,NIL,NIL,Brownedge St Mary's Catholic High School,Nil,Nil,,0,106.21,0,1,Nil,FALSE,412,Nil
4124,NIL,NIL,Boogie Bingo,Nil,Nil,,0,307.61,0,2,Nil,FALSE,4124,Nil
4138,NIL,NIL,Account Deleted,Nil,Nil,,0,35.13,0,3,Nil,FALSE,4138,Nil
4148,NIL,NIL,Natasha Day LTD,Nil,Nil,,0,13.33,0,1,Nil,FALSE,4148,Nil
4149,NIL,NIL,Wolftown,Nil,Nil,,0,27.08,0,2,Nil,FALSE,4149,Nil
4150,NIL,NIL,Kym Hollands,Nil,Nil,,0,10.67,0,1,Nil,FALSE,4150,Nil
4154,NIL,NIL,Masons Mobile Bar,Nil,Nil,,0,42.08,0,1,Nil,FALSE,4154,Nil
4157,NIL,Tier 2,Advocacy Focus Training,Nil,Tier 5,,0,91.83,0,4,Nil,FALSE,4157,Nil
4158,NIL,NIL,Selside School Association,Nil,Nil,,0,166.88,0,2,Nil,FALSE,4158,Nil
4164,NIL,NIL,Region solidarity,Nil,Nil,,0,248.12,0,4,Nil,FALSE,4164,Nil
417,NIL,NIL,Stephen Gregson Music,Nil,Nil,,0,27.79,0,2,Nil,FALSE,417,Nil
418,NIL,NIL,Robertson House Sedbergh School,Nil,Nil,,0,589.71,0,3,Nil,FALSE,418,Nil
4183,NIL,Tier 3,The Cider Works Limited,Nil,Tier 5,,0,494.05,0,4,Nil,FALSE,4183,Nil
419,NIL,NIL,Sell The Difference,Nil,Nil,,0,11.04,0,2,Nil,FALSE,419,Nil
4194,NIL,NIL,Sundae Club,Nil,Nil,,0,0,0,1,Nil,FALSE,4194,Nil
4195,NIL,NIL,Gail Heath Pure passion region,Nil,Nil,,0,59.58,0,2,Nil,FALSE,4195,Nil
42,NIL,NIL,Hazlegrove School,Nil,Nil,,0,0,0,2,Nil,FALSE,42,Nil
4203,NIL,Tier 1,New Perspective NLP,Nil,Tier 5,,0,18.63,4,3,Nil,FALSE,4203,Nil
4208,NIL,NIL,Chi & Slain,Nil,Nil,,0,39.5,0,2,Nil,FALSE,4208,Nil
4210,NIL,Tier 1,Team Firework,Nil,Tier 5,,0,33.33,0,3,Nil,FALSE,4210,Nil
4213,NIL,NIL,ActionCOACH Newry,Nil,Nil,,0,0,0,1,Nil,FALSE,4213,Nil
4216,NIL,NIL,ActionCOACH Southport,Nil,Nil,,0,2.5,0,2,Nil,FALSE,4216,Nil
4217,NIL,NIL,ActionCOACH Blackburn,Nil,Nil,,0,0,0,1,Nil,FALSE,4217,Nil
4218,NIL,NIL,Clive Hibbert,Nil,Nil,,0,127.92,0,1,Nil,FALSE,4218,Nil
4222,NIL,NIL,thebestofbolton,Nil,Nil,,0,5,0,2,Nil,FALSE,4222,Nil
4224,NIL,NIL,The BBD,Nil,Nil,,0,69.46,0,3,Nil,FALSE,4224,Nil
4228,NIL,NIL,Region Beauties,Nil,Nil,,0,59.79,0,2,Nil,FALSE,4228,Nil
4231,NIL,NIL,RCGarden,Nil,Nil,,0,0,0,1,Nil,FALSE,4231,Nil
4233,NIL,NIL,Fusion Collaborative Ltd,Nil,Nil,,0,54.38,0,3,Nil,FALSE,4233,Nil
4235,NIL,NIL,Susie Asli Mindfulness,Nil,Nil,,0,57.71,0,2,Nil,FALSE,4235,Nil
4236,NIL,NIL,GBKA001#,Nil,Nil,,0,255.9,0,2,Nil,FALSE,4236,Nil
4237,NIL,NIL,Wildfire Elite Ltd,Nil,Nil,,0,28.83,0,1,Nil,FALSE,4237,Nil
4238,NIL,NIL,Nicola Bloom,Nil,Nil,,0,279.62,0,2,Nil,FALSE,4238,Nil
4246,NIL,NIL,Walkies at Woodside,Nil,Nil,,0,377.96,0,3,Nil,FALSE,4246,Nil
4247,NIL,NIL,Westcott Bridge Club,Nil,Nil,,0,0,0,1,Nil,FALSE,4247,Nil
425,NIL,NIL,KW Events,Nil,Nil,,0,13.78,0,2,Nil,FALSE,425,Nil
4252,NIL,NIL,Elan Productions,Nil,Nil,,0,1111.62,0,2,Nil,FALSE,4252,Nil
4254,NIL,NIL,Environment Agency,Nil,Nil,,0,0,0,1,Nil,FALSE,4254,Nil
4257,NIL,NIL,Sue White,Nil,Nil,,0,191.26,0,3,Nil,FALSE,4257,Nil
4261,NIL,NIL,Wellingborough Cooperative Amateur Dramatic Society,Nil,Nil,,0,103.69,0,3,Nil,FALSE,4261,Nil
4267,NIL,NIL,PS Choral Events,Nil,Nil,,0,75.15,0,2,Nil,FALSE,4267,Nil
4268,NIL,NIL,Kayleigh Fell Limited,Nil,Nil,,0,93.5,0,2,Nil,FALSE,4268,Nil
427,NIL,NIL,Gillian Challis,Nil,Nil,,0,24.17,0,1,Nil,FALSE,427,Nil
4270,NIL,NIL,Region Synergy,Nil,Nil,,0,17.33,0,2,Nil,FALSE,4270,Nil
4287,NIL,NIL,Nicola Martin Ltd,Nil,Nil,,0,9.96,0,2,Nil,FALSE,4287,Nil
4296,NIL,NIL,Wellacre Academy,Nil,Nil,,0,0,0,2,Nil,FALSE,4296,Nil
4298,NIL,NIL,La Malafamera,Nil,Nil,,0,6138.89,0,3,Nil,FALSE,4298,Nil
43,NIL,Tier 4,KGS Marketing,Nil,Tier 5,,0,4496.18,0,10,Nil,FALSE,43,Nil
4305,NIL,High Value,Riverside Farmers,Nil,Tier 2,,0,8605.07,0,4,Nil,FALSE,4305,Nil
431,NIL,NIL,Fundraising Events,Nil,Nil,,0,176.5,0,2,Nil,FALSE,431,Nil
4314,NIL,NIL,PBGS SHOW,Nil,Nil,,0,79.12,0,2,Nil,FALSE,4314,Nil
432,NIL,NIL,Account Deleted,Nil,Nil,,0,0,0,2,Nil,FALSE,432,Nil
4323,NIL,NIL,Hill & Jones Comedy,Nil,Nil,,0,108.25,0,3,Nil,FALSE,4323,Nil
4324,NIL,NIL,Hutton Active,Nil,Nil,,0,57.54,0,2,Nil,FALSE,4324,Nil
4332,NIL,NIL,Account Deleted,Nil,Nil,,0,0,0,1,Nil,FALSE,4332,Nil
4334,NIL,NIL,Mark Dugan,Nil,Nil,,0,607.67,0,3,Nil,FALSE,4334,Nil
4336,NIL,Tier 3,Àban Outdoor Ltd,Nil,Tier 4,,0,761.5,0,4,Nil,FALSE,4336,Nil
4338,NIL,NIL,Notts. Schools' Netball Development,Nil,Nil,,0,58.58,0,1,Nil,FALSE,4338,Nil
4340,NIL,NIL,Suzies allstars,Nil,Nil,,0,31.67,0,2,Nil,FALSE,4340,Nil
4341,NIL,NIL,Claire@lakelandorienteering,Nil,Nil,,0,71.06,0,2,Nil,FALSE,4341,Nil
4342,NIL,NIL,Account Deleted,Nil,Nil,,0,3,0,1,Nil,FALSE,4342,Nil
435,NIL,NIL,Agri Machinery Trade News Excellence Awards 2019,Nil,Nil,,0,0,0,1,Nil,FALSE,435,Nil
436,NIL,NIL,St Andrews Free Church,Nil,Nil,,0,214.62,0,3,Nil,FALSE,436,Nil
4362,NIL,NIL,Community Support,Nil,Nil,,0,0,0,1,Nil,FALSE,4362,Nil
4364,NIL,NIL,Woodrush High School,Nil,Nil,,0,0,0,1,Nil,FALSE,4364,Nil
4367,NIL,NIL,Harry Armistead Coaching,Nil,Nil,,0,0.62,0,1,Nil,FALSE,4367,Nil
4369,NIL,NIL,Torus Foundation,Nil,Nil,,0,20.15,0,1,Nil,FALSE,4369,Nil
437,NIL,NIL,RS FOM,Nil,Nil,,0,0,0,1,Nil,FALSE,437,Nil
4371,NIL,NIL,St Mikes Tots,Nil,Nil,,0,0,0,3,Nil,FALSE,4371,Nil
4372,NIL,NIL,The ADHD Sisterhood,Nil,Nil,,0,63.25,0,2,Nil,FALSE,4372,Nil
439,NIL,NIL,Huntingdon Male Voice Choir,Nil,Nil,,0,69.42,0,2,Nil,FALSE,439,Nil
4390,NIL,NIL,KEMP Hospice,Nil,Nil,,0,23.58,0,1,Nil,FALSE,4390,Nil
4392,NIL,NIL,St James Schools,Nil,Nil,,0,298.15,0,3,Nil,FALSE,4392,Nil
4395,NIL,NIL,Bounce Away Winter Wonderland,Nil,Nil,,0,173.1,0,1,Nil,FALSE,4395,Nil
44,NIL,NIL,The Community College Whitstable,Nil,Nil,,0,3.04,0,1,Nil,FALSE,44,Nil
440,NIL,NIL,YEAR 5 PROFS REPS,Nil,Nil,,0,24.92,0,1,Nil,FALSE,440,Nil
4404,NIL,NIL,Operation Smile UK,Nil,Nil,,0,60.62,0,1,Nil,FALSE,4404,Nil
4406,NIL,NIL,Sales Geek,Nil,Nil,,0,19.75,0,1,Nil,FALSE,4406,Nil
4407,NIL,NIL,The Bleddfa Centre,Nil,Nil,,0,33.42,0,1,Nil,FALSE,4407,Nil
441,NIL,NIL,Sealion ESU,Nil,Nil,,0,326.32,0,5,Nil,FALSE,441,Nil
4417,NIL,NIL,Health in Harmony Choir,Nil,Nil,,0,102,0,1,Nil,FALSE,4417,Nil
4418,NIL,NIL,Multisports for Schools - Lincewood Primary School,Nil,Nil,,0,405.75,0,2,Nil,FALSE,4418,Nil
442,NIL,Tier 3,ROHHAD Association  (Registered SCIO Charitable Organisation,Nil,Tier 4,,0,470.88,0,8,Nil,FALSE,442,Nil
4422,NIL,NIL,British Lacrosse Women’s Team,Nil,Nil,,0,22.75,0,1,Nil,FALSE,4422,Nil
4433,NIL,Tier 4,Ashmole Academy - Events,Nil,Free,,0,0,0,4,Nil,FALSE,4433,Nil
4438,NIL,NIL,Scarecrow MSG,Nil,Nil,,0,37.04,0,2,Nil,FALSE,4438,Nil
444,NIL,NIL,Serafine,Nil,Nil,,0,10.83,0,1,Nil,FALSE,444,Nil
4442,NIL,High Value,Yellow Sapphire Events,Nil,Tier 2,,0,7660.87,0,4,Nil,FALSE,4442,Nil
4443,NIL,NIL,KMWorkshops,Nil,Nil,,0,31.04,0,3,Nil,FALSE,4443,Nil
4444,NIL,NIL,SACPS,Nil,Nil,,0,0,0,1,Nil,FALSE,4444,Nil
4445,NIL,NIL,The Rum Story,Nil,Nil,,0,0,0,1,Nil,FALSE,4445,Nil
4450,NIL,NIL,Chais Sports,Nil,Nil,,0,33.88,0,1,Nil,FALSE,4450,Nil
4452,NIL,NIL,SPGS VII Coffee Morning,Nil,Nil,,0,0,0,1,Nil,FALSE,4452,Nil
4457,NIL,NIL,SPGS Careers,Nil,Nil,,0,0,0,2,Nil,FALSE,4457,Nil
4458,NIL,NIL,Katherine Carrick,Nil,Nil,,0,32.12,0,1,Nil,FALSE,4458,Nil
4460,NIL,Tier 4,Rushcliffe Social Prescribing,Nil,Tier 5,,0,0.13,0,5,Nil,FALSE,4460,Nil
4463,NIL,NIL,Joshua Greer,Nil,Nil,,0,38,0,3,Nil,FALSE,4463,Nil
4464,NIL,NIL,Saracens High School,Nil,Nil,,0,0,0,1,Nil,FALSE,4464,Nil
4465,NIL,NIL,Boozy Bar Hampshire,Nil,Nil,,0,302.43,0,2,Nil,FALSE,4465,Nil
447,NIL,NIL,Sandy Upper School,Nil,Nil,,0,298.48,0,5,Nil,FALSE,447,Nil
4473,NIL,NIL,LDG Dance Academy,Nil,Nil,,0,42.17,0,3,Nil,FALSE,4473,Nil
4479,NIL,NIL,Monster Monster & HomeGrown,Nil,Nil,,0,312.18,0,2,Nil,FALSE,4479,Nil
4490,NIL,NIL,Alex Tanner,Nil,Nil,,0,0.75,0,1,Nil,FALSE,4490,Nil
4492,NIL,NIL,Dawn Wright,Nil,Nil,,0,35.38,0,1,Nil,FALSE,4492,Nil
4493,NIL,NIL,Merchant Taylors' Primary School,Nil,Nil,,0,0,0,1,Nil,FALSE,4493,Nil
4497,NIL,NIL,Paper Foundation,Nil,Nil,,0,0,0,1,Nil,FALSE,4497,Nil
45,NIL,NIL,The Sir Robert Woodard Academy,Nil,Nil,,0,0,0,1,Nil,FALSE,45,Nil
450,NIL,NIL,QEGS Penrith,Nil,Nil,,0,0,0,4,Nil,FALSE,450,Nil
4502,NIL,NIL,Parkside School,Nil,Nil,,0,140.62,0,1,Nil,FALSE,4502,Nil
4504,NIL,NIL,Have fun raising funding,Nil,Nil,,0,2.79,0,1,Nil,FALSE,4504,Nil
451,NIL,NIL,Vale Community Church,Nil,Nil,,0,18.01,0,2,Nil,FALSE,451,Nil
4518,NIL,Tier 3,Boyds of Bedford LTD,Nil,Tier 4,,0,520.92,0,4,Nil,FALSE,4518,Nil
452,NIL,NIL,Geoff Watson,Nil,Nil,,0,1.63,0,1,Nil,FALSE,452,Nil
4521,NIL,NIL,MPEVENT25,Nil,Nil,,0,0,0,2,Nil,FALSE,4521,Nil
4523,NIL,NIL,The Luna Flow,Nil,Nil,,0,15,0,1,Nil,FALSE,4523,Nil
4524,NIL,NIL,J Bennett,Nil,Nil,,0,183.27,0,2,Nil,FALSE,4524,Nil
4526,NIL,NIL,Benjamin Britten,Nil,Nil,,0,0,0,2,Nil,FALSE,4526,Nil
4534,NIL,NIL,Goldfinch Floral Studio,Nil,Nil,,0,17.67,0,1,Nil,FALSE,4534,Nil
4539,NIL,NIL,Frondirion1,Nil,Nil,,0,24.67,0,1,Nil,FALSE,4539,Nil
4546,NIL,NIL,Wave Forward,Nil,Nil,,0,72.29,0,4,Nil,FALSE,4546,Nil
455,NIL,NIL,Olivia's Story,Nil,Nil,,0,0.21,0,1,Nil,FALSE,455,Nil
4550,NIL,NIL,The Five and More Senses Club,Nil,Nil,,0,33.08,0,3,Nil,FALSE,4550,Nil
4551,NIL,NIL,Dr Ed Hughes,Nil,Nil,,0,23.96,0,1,Nil,FALSE,4551,Nil
4556,NIL,Tier 3,Oswestry Rugby Football Club Limited,Nil,Tier 5,,0,276.32,0,5,Nil,FALSE,4556,Nil
456,NIL,NIL,NPA Productions Ltd,Nil,Nil,,0,0,0,1,Nil,FALSE,456,Nil
4561,NIL,Tier 2,Gostaythere,Nil,Free,,0,0,0,2,Nil,FALSE,4561,Nil
4564,NIL,Tier 4,The Maggie Oliver Foundation,Nil,Tier 4,,0,1158.42,0,5,Nil,FALSE,4564,Nil
4569,NIL,NIL,The Body Shop At Home With Olivia Drennan,Nil,Nil,,0,2.88,0,2,Nil,FALSE,4569,Nil
4570,NIL,NIL,Friends of Priory,Nil,Nil,,0,29.92,0,2,Nil,FALSE,4570,Nil
4574,NIL,NIL,Gresham's School Drama,Nil,Nil,,0,205.25,0,2,Nil,FALSE,4574,Nil
4576,NIL,NIL,BRAD COOPER TENOR,Nil,Nil,,0,42,0,1,Nil,FALSE,4576,Nil
4577,NIL,NIL,AWAKEN,Nil,Nil,,0,29.25,0,1,Nil,FALSE,4577,Nil
4578,NIL,NIL,Cerebral Palsy Scotland,Nil,Nil,,0,0,0,1,Nil,FALSE,4578,Nil
4585,NIL,NIL,Cassie Evans,Nil,Nil,,0,0,0,1,Nil,FALSE,4585,Nil
4587,NIL,NIL,Multisports for Schools,Nil,Nil,,0,74.29,0,2,Nil,FALSE,4587,Nil
4590,NIL,NIL,Honiton Admiral Nurse,Nil,Nil,,0,24,0,1,Nil,FALSE,4590,Nil
4591,NIL,Tier 4,Tickhill St Marys Duck Race,Nil,Tier 4,,0,439.92,0,4,Nil,FALSE,4591,Nil
4596,NIL,NIL,Mike Newall,Nil,Nil,,0,0.83,0,1,Nil,FALSE,4596,Nil
4597,NIL,NIL,Whitley Bay Sporting Club,Nil,Nil,,0,49.5,0,1,Nil,FALSE,4597,Nil
4598,NIL,NIL,We Too!,Nil,Nil,,0,1.84,0,1,Nil,FALSE,4598,Nil
46,NIL,NIL,World Spoofing Championship 2015,Nil,Nil,,0,356.21,0,1,Nil,FALSE,46,Nil
460,NIL,NIL,Prior's Field Alumnae & Friends,Nil,Nil,,0,110.32,0,6,Nil,FALSE,460,Nil
4603,NIL,NIL,Shaun Atkinson Wealth Management,Nil,Nil,,0,9,0,1,Nil,FALSE,4603,Nil
4608,NIL,NIL,Hunderground Band,Nil,Nil,,0,61.67,0,2,Nil,FALSE,4608,Nil
4613,NIL,NIL,Landmarks specialist college,Nil,Nil,,0,0,0,1,Nil,FALSE,4613,Nil
4615,NIL,NIL,Esk Fest,Nil,Nil,,0,28.67,0,3,Nil,FALSE,4615,Nil
4624,NIL,NIL,Hundred Heroines,Nil,Nil,,0,0,0,2,Nil,FALSE,4624,Nil
4637,NIL,NIL,Carlisle Cathedral,Nil,Nil,,0,72.13,0,1,Nil,FALSE,4637,Nil
4638,NIL,NIL,Environment Agency FCRM,Nil,Nil,,0,0,0,1,Nil,FALSE,4638,Nil
4642,NIL,NIL,Miss Hanin Aidy,Nil,Nil,,0,4.58,0,1,Nil,FALSE,4642,Nil
4645,NIL,NIL,Scootywootys,Nil,Nil,,0,977.05,0,2,Nil,FALSE,4645,Nil
4648,NIL,NIL,Winsford School of Drama,Nil,Nil,,0,73.09,0,1,Nil,FALSE,4648,Nil
465,NIL,NIL,BabyBeHappy Massage,Nil,Nil,,0,40.18,0,2,Nil,FALSE,465,Nil
4650,NIL,NIL,Oakteam MCHT,Nil,Nil,,0,0,0,2,Nil,FALSE,4650,Nil
4651,NIL,Tier 2,The Meads PTA,Nil,Tier 5,,0,86.21,0,4,Nil,FALSE,4651,Nil
4655,NIL,NIL,Chelmsford Scouts,Nil,Nil,,0,125.08,0,2,Nil,FALSE,4655,Nil
4666,NIL,NIL,Multisports for Schools,Nil,Nil,,0,6.92,0,1,Nil,FALSE,4666,Nil
4667,NIL,NIL,HOUGHTOND,Nil,Nil,,0,0,0,1,Nil,FALSE,4667,Nil
4669,NIL,NIL,Private House Stays,Nil,Nil,,0,3.46,0,4,Nil,FALSE,4669,Nil
4671,NIL,NIL,Tedkelly,Nil,Nil,,0,0,0,1,Nil,FALSE,4671,Nil
4675,NIL,NIL,St Anne's Catholic Primary School,Nil,Nil,,0,0,0,4,Nil,FALSE,4675,Nil
4679,NIL,NIL,Genuine Futures Community,Nil,Nil,,0,0,0,3,Nil,FALSE,4679,Nil
468,NIL,NIL,The Nottingham Sailing Club,Nil,Nil,,0,58.96,0,4,Nil,FALSE,468,Nil
4680,NIL,NIL,ZARRA JOHNSON,Nil,Nil,,0,51.54,0,1,Nil,FALSE,4680,Nil
4685,NIL,NIL,Account Deleted,Nil,Nil,,0,0,0,1,Nil,FALSE,4685,Nil
469,NIL,NIL,Kendal Rugby Club,Nil,Nil,,0,1997.28,0,5,Nil,FALSE,469,Nil
4692,NIL,NIL,Mayflower Ensemble,Nil,Nil,,0,39.83,0,2,Nil,FALSE,4692,Nil
47,NIL,NIL,Sedbergh Summer Sport Course Lunches,Nil,Nil,,0,0,0,5,Nil,FALSE,47,Nil
4702,NIL,NIL,Account Deleted,Nil,Nil,,0,0,0,1,Nil,FALSE,4702,Nil
4703,NIL,NIL,Dudley HAF,Nil,Nil,,0,0,0,2,Nil,FALSE,4703,Nil
4709,NIL,NIL,youseebaba,Nil,Nil,,0,0.25,0,1,Nil,FALSE,4709,Nil
4710,NIL,NIL,Tina Veeranna,Nil,Nil,,0,0,0,1,Nil,FALSE,4710,Nil
4713,NIL,NIL,Warminster Military Wives,Nil,Nil,,0,29.79,0,1,Nil,FALSE,4713,Nil
4716,NIL,NIL,Excel Academy,Nil,Nil,,0,0.82,0,1,Nil,FALSE,4716,Nil
472,NIL,Tier 3,Lister Plastics 30 Year Anniversary Party,Nil,Tier 4,,0,175.33,0,3,Nil,FALSE,472,Nil
4724,NIL,NIL,Clyde Valley H.O.G.,Nil,Nil,,0,319.55,0,4,Nil,FALSE,4724,Nil
4725,NIL,NIL,Parodos Theatre School,Nil,Nil,,0,230,0,3,Nil,FALSE,4725,Nil
4733,NIL,NIL,Account Deleted,Nil,Nil,,0,237.08,0,2,Nil,FALSE,4733,Nil
4747,NIL,NIL,KADGASS,Nil,Nil,,0,4.58,0,1,Nil,FALSE,4747,Nil
475,NIL,NIL,christine@paper-bird.co.uk,Nil,Nil,,0,25.17,0,2,Nil,FALSE,475,Nil
4757,NIL,Tier 2,Ashtead Singers,Nil,Tier 5,,0,85.25,0,3,Nil,FALSE,4757,Nil
476,NIL,NIL,Sedbergh 1st XV Dinners,Nil,Nil,,0,244.58,0,3,Nil,FALSE,476,Nil
477,NIL,NIL,Circus Voices,Nil,Nil,,0,52.58,0,3,Nil,FALSE,477,Nil
4771,NIL,Tier 3,LSA Choral Society,Nil,Tier 5,,0,442.71,0,4,Nil,FALSE,4771,Nil
4775,NIL,NIL,Durham Poker Society,Nil,Nil,,0,368.33,0,1,Nil,FALSE,4775,Nil
4786,NIL,NIL,Lincolnshire NHS Talent Academy,Nil,Nil,,0,0,0,1,Nil,FALSE,4786,Nil
4788,NIL,NIL,Great Totham Ice Skating,Nil,Nil,,0,203.32,0,2,Nil,FALSE,4788,Nil
479,NIL,NIL,The Craftsman Company,Nil,Nil,,0,175.58,0,5,Nil,FALSE,479,Nil
4793,NIL,NIL,Cheam High Reunion,Nil,Nil,,0,48.46,0,2,Nil,FALSE,4793,Nil
4797,NIL,NIL,Helen Collins,Nil,Nil,,0,0.67,0,1,Nil,FALSE,4797,Nil
4798,NIL,Tier 4,Warminster School Parents Association,Nil,Tier 3,,0,2400.01,0,5,Nil,FALSE,4798,Nil
48,NIL,NIL,Elizabeth Schorah,Nil,Nil,,0,139.24,0,5,Nil,FALSE,48,Nil
480,NIL,NIL,Mill Hill School Foundation,Nil,Nil,,0,0,0,1,Nil,FALSE,480,Nil
4801,NIL,NIL,Kerri MC,Nil,Nil,,0,0,0,1,Nil,FALSE,4801,Nil
4802,NIL,Tier 3,Alexandra Park School,Nil,Tier 4,,0,720.33,0,4,Nil,FALSE,4802,Nil
481,NIL,NIL,Holistic Dreamz Consultancy Ltd,Nil,Nil,,0,3.62,0,1,Nil,FALSE,481,Nil
4815,NIL,NIL,Mohamed Qowdan,Nil,Nil,,0,38.67,0,2,Nil,FALSE,4815,Nil
4816,NIL,NIL,Scrubbed Up,Nil,Nil,,0,13.8,0,1,Nil,FALSE,4816,Nil
482,NIL,NIL,Freedom Challenge Trust,Nil,Nil,,0,1562.33,0,3,Nil,FALSE,482,Nil
4820,NIL,Tier 2,SPGS Music Department,Nil,Tier 5,,0,105.29,0,4,Nil,FALSE,4820,Nil
4823,NIL,NIL,MayaA,Nil,Nil,,0,55,0,1,Nil,FALSE,4823,Nil
483,NIL,NIL,Selworthy School,Nil,Nil,,0,0,0,2,Nil,FALSE,483,Nil
4839,NIL,Tier 2,Laura Cadman Limited,Nil,Tier 5,,0,4.42,0,3,Nil,FALSE,4839,Nil
4854,NIL,NIL,James Stewart,Nil,Nil,,0,0,0,1,Nil,FALSE,4854,Nil
4857,NIL,NIL,UCS Entry 2021,Nil,Nil,,0,8.87,0,1,Nil,FALSE,4857,Nil
486,NIL,NIL,Felltarn,Nil,Nil,,0,3.58,0,2,Nil,FALSE,486,Nil
4861,NIL,NIL,Lymington Town Football Club - Academy,Nil,Nil,,0,507.25,0,1,Nil,FALSE,4861,Nil
4862,NIL,NIL,Oakwood Amateur Theatre Society,Nil,Nil,,0,0,0,1,Nil,FALSE,4862,Nil
4868,NIL,NIL,ICMUS - Inspire Community Music,Nil,Nil,,0,17.97,0,2,Nil,FALSE,4868,Nil
487,NIL,NIL,iCan Fitness Carlisle,Nil,Nil,,0,573.96,0,6,Nil,FALSE,487,Nil
4870,NIL,NIL,UK & US Uniformed Services Chamber of Commerce,Nil,Nil,,0,0,0,1,Nil,FALSE,4870,Nil
4886,NIL,NIL,Friends of St Oswalds School Fulford,Nil,Nil,,0,0,0,1,Nil,FALSE,4886,Nil
4888,NIL,NIL,Spark Change Coaching,Nil,Nil,,0,1.88,0,1,Nil,FALSE,4888,Nil
4895,NIL,NIL,ImmanuelCollege,Nil,Nil,,0,700.21,0,3,Nil,FALSE,4895,Nil
4896,NIL,NIL,Jess Robinson,Nil,Nil,,0,0,0,1,Nil,FALSE,4896,Nil
4897,NIL,NIL,Bournville Rugby Football Club,Nil,Nil,,0,668.3,0,4,Nil,FALSE,4897,Nil
4903,NIL,NIL,Ella Health,Nil,Nil,,0,0,0,1,Nil,FALSE,4903,Nil
4904,NIL,NIL,William Bignell,Nil,Nil,,0,45.5,0,2,Nil,FALSE,4904,Nil
4905,NIL,NIL,Lemon Tree Coaching and Development,Nil,Nil,,0,6,0,1,Nil,FALSE,4905,Nil
4906,NIL,NIL,JPS YR6 LEAVERS PARTY,Nil,Nil,,0,24.38,0,2,Nil,FALSE,4906,Nil
4908,NIL,NIL,Little Mead PTA,Nil,Nil,,0,114.09,0,2,Nil,FALSE,4908,Nil
491,NIL,NIL,Leighton Park,Nil,Nil,,0,0,0,1,Nil,FALSE,491,Nil
4911,NIL,NIL,HARROW SCHOOL 450,Nil,Nil,,0,6131.81,0,2,Nil,FALSE,4911,Nil
4920,NIL,NIL,YCBC winter extravaganza,Nil,Nil,,0,211.25,0,1,Nil,FALSE,4920,Nil
4922,NIL,NIL,Trimmers,Nil,Nil,,0,468.33,0,3,Nil,FALSE,4922,Nil
493,NIL,NIL,William Booth College,Nil,Nil,,0,882.21,0,3,Nil,FALSE,493,Nil
4937,NIL,NIL,The Creative Dimension Trust,Nil,Nil,,0,201.25,0,3,Nil,FALSE,4937,Nil
4942,NIL,NIL,Hartsfield JMI School,Nil,Nil,,0,0,0,3,Nil,FALSE,4942,Nil
495,NIL,NIL,Trent College Co-Curricular,Nil,Nil,,0,299.01,0,4,Nil,FALSE,495,Nil
4950,NIL,NIL,Virtual Approval,Nil,Nil,,0,0,0,1,Nil,FALSE,4950,Nil
4951,NIL,NIL,Skiggle,Nil,Nil,,0,2.17,0,2,Nil,FALSE,4951,Nil
4957,NIL,NIL,Credit Commons Society,Nil,Nil,,0,0,0,1,Nil,FALSE,4957,Nil
4958,NIL,NIL,Makeney Hall Hotel,Nil,Nil,,0,9.67,0,1,Nil,FALSE,4958,Nil
4959,NIL,NIL,Fairydust Events,Nil,Nil,,0,380.46,0,3,Nil,FALSE,4959,Nil
496,NIL,NIL,Somerset Wildlife Trust,Nil,Nil,,0,0,0,1,Nil,FALSE,496,Nil
497,NIL,NIL,Eltham College - Main Office,Nil,Nil,,0,0,0,1,Nil,FALSE,497,Nil
4988,NIL,NIL,Marie Curie,Nil,Nil,,0,19.42,0,1,Nil,FALSE,4988,Nil
4989,NIL,NIL,Bostin' Ride,Nil,Nil,,0,0,0,1,Nil,FALSE,4989,Nil
4993,NIL,Tier 3,Aysgarth School,Nil,Tier 4,,0,428.75,0,2,Nil,FALSE,4993,Nil
4994,NIL,NIL,Wigmore Medical,Nil,Nil,,0,35.62,0,2,Nil,FALSE,4994,Nil
4996,NIL,NIL,Action Coach Liverpool,Nil,Nil,,0,0,0,2,Nil,FALSE,4996,Nil
5,NIL,NIL,Trybooking Production,Nil,Nil,,0,15.32,0,8,Nil,FALSE,5,Nil
50,NIL,NIL,St. James' Church  Louth,Nil,Nil,,0,60.58,0,1,Nil,FALSE,50,Nil
5004,NIL,NIL,Hardknottdave,Nil,Nil,,0,30.08,0,1,Nil,FALSE,5004,Nil
501,NIL,NIL,joshdean,Nil,Nil,,0,0,0,1,Nil,FALSE,501,Nil
5019,NIL,NIL,The Lord Holmesdale Bromley,Nil,Nil,,0,8.5,0,3,Nil,FALSE,5019,Nil
502,NIL,NIL,Sedbergh Carus House,Nil,Nil,,0,713.67,0,3,Nil,FALSE,502,Nil
5034,NIL,NIL,GSD Basketball,Nil,Nil,,0,10.07,0,2,Nil,FALSE,5034,Nil
5035,NIL,NIL,The Queen Story,Nil,Nil,,0,293.22,0,1,Nil,FALSE,5035,Nil
504,NIL,NIL,Practical Business Solutions,Nil,Nil,,0,65.5,0,1,Nil,FALSE,504,Nil
5040,NIL,NIL,Carrie Townsend,Nil,Nil,,0,236.42,0,2,Nil,FALSE,5040,Nil
5042,NIL,NIL,James Booth,Nil,Nil,,0,0,0,1,Nil,FALSE,5042,Nil
5045,NIL,NIL,Mancunium Chapter H.O.G.,Nil,Nil,,0,0,0,2,Nil,FALSE,5045,Nil
505,NIL,NIL,Advanced Neuro Rehab,Nil,Nil,,0,197.96,0,2,Nil,FALSE,505,Nil
5052,NIL,NIL,The Hazy Janes,Nil,Nil,,0,5.83,0,1,Nil,FALSE,5052,Nil
5053,NIL,NIL,Harry's Cider Company,Nil,Nil,,0,155.73,0,2,Nil,FALSE,5053,Nil
5062,NIL,NIL,magnolia75,Nil,Nil,,0,0,0,1,Nil,FALSE,5062,Nil
5072,NIL,NIL,Sutton Coldfield East Scouts,Nil,Nil,,0,69.67,0,1,Nil,FALSE,5072,Nil
5077,NIL,NIL,IPN,Nil,Nil,,0,0,0,1,Nil,FALSE,5077,Nil
5078,NIL,NIL,Banstead Prep Supporters Association,Nil,Nil,,0,509.51,0,2,Nil,FALSE,5078,Nil
5079,NIL,Tier 3,Community & Business Partners,Nil,Tier 4,,0,451.46,0,3,Nil,FALSE,5079,Nil
508,NIL,NIL,TOMCC,Nil,Nil,,0,455.13,0,1,Nil,FALSE,508,Nil
5080,NIL,NIL,Sparklers Toddler Group,Nil,Nil,,0,0,0,1,Nil,FALSE,5080,Nil
5081,NIL,NIL,Loving Presence,Nil,Nil,,0,32.06,0,2,Nil,FALSE,5081,Nil
5084,NIL,NIL,Seasonal Events (Roblox),Nil,Nil,,0,0,0,1,Nil,FALSE,5084,Nil
5087,NIL,NIL,The Party Perfectionist Ltd,Nil,Nil,,0,0,0,1,Nil,FALSE,5087,Nil
5088,NIL,NIL,Christina Campion,Nil,Nil,,0,0,0,1,Nil,FALSE,5088,Nil
509,NIL,NIL,The St Andrews Ball,Nil,Nil,,0,83.58,0,1,Nil,FALSE,509,Nil
5095,NIL,NIL,The IT Dept,Nil,Nil,,0,0,0,1,Nil,FALSE,5095,Nil
5097,NIL,NIL,Harrow Harmony,Nil,Nil,,0,0,0,1,Nil,FALSE,5097,Nil
5099,NIL,NIL,Graphix,Nil,Nil,,0,0,0,2,Nil,FALSE,5099,Nil
5102,NIL,NIL,Chadderton Football Club,Nil,Nil,,0,594.5,0,2,Nil,FALSE,5102,Nil
5103,NIL,NIL,Caitlin Duckett,Nil,Nil,,0,0,0,1,Nil,FALSE,5103,Nil
5105,NIL,NIL,AFC Blackpool,Nil,Nil,,0,172.5,0,1,Nil,FALSE,5105,Nil
5110,NIL,NIL,RSteel SubStance,Nil,Nil,,0,2.5,0,1,Nil,FALSE,5110,Nil
5113,NIL,NIL,C.A.T.S,Nil,Nil,,0,673.88,0,3,Nil,FALSE,5113,Nil
5116,NIL,NIL,Potfest,Nil,Nil,,0,8723.89,0,2,Nil,FALSE,5116,Nil
5118,NIL,NIL,Tiffin School Year 7 Admissions,Nil,Nil,,0,0,0,1,Nil,FALSE,5118,Nil
512,NIL,NIL,Dame Allan's Schools,Nil,Nil,,0,134.42,0,3,Nil,FALSE,512,Nil
5120,NIL,Tier 4,Rotary Club of Doncaster St George's,Nil,Tier 3,,0,1173.48,0,3,Nil,FALSE,5120,Nil
5124,NIL,NIL,Nikki Gornall,Nil,Nil,,0,0,0,2,Nil,FALSE,5124,Nil
5138,NIL,NIL,LEWES YOUTH PLAYERS,Nil,Nil,,0,41.83,0,1,Nil,FALSE,5138,Nil
514,NIL,NIL,The Princes Trust,Nil,Nil,,0,0,0,1,Nil,FALSE,514,Nil
5148,NIL,NIL,EYO Tour,Nil,Nil,,0,0,0,2,Nil,FALSE,5148,Nil
515,NIL,NIL,Lancaster University,Nil,Nil,,0,0,0,1,Nil,FALSE,515,Nil
5159,NIL,NIL,SPGS Charity Concert 24 March 2022,Nil,Nil,,0,468.29,0,1,Nil,FALSE,5159,Nil
516,NIL,NIL,Princes Trust Achieve,Nil,Nil,,0,0,0,1,Nil,FALSE,516,Nil
5164,NIL,NIL,Crosby Capriol Singers,Nil,Nil,,0,49.04,0,1,Nil,FALSE,5164,Nil
5165,NIL,Tier 3,OMT Classic Car Club,Nil,Tier 4,,0,393.29,0,4,Nil,FALSE,5165,Nil
5166,NIL,Tier 4,OMT Society,Nil,Tier 3,,0,1934.89,0,4,Nil,FALSE,5166,Nil
5167,NIL,NIL,Romy K Events,Nil,Nil,,0,702.71,0,2,Nil,FALSE,5167,Nil
5170,NIL,NIL,Susan Beck,Nil,Nil,,0,0,0,2,Nil,FALSE,5170,Nil
5172,NIL,High Value,Veritable Venue Management,Nil,Tier 2,,0,3944.58,0,3,Nil,FALSE,5172,Nil
5174,NIL,Tier 2,The Denotones,Nil,Tier 5,,0,107.06,0,2,Nil,FALSE,5174,Nil
5184,NIL,NIL,The Business Network Hub,Nil,Nil,,0,3.33,0,1,Nil,FALSE,5184,Nil
5185,NIL,NIL,Michael Ross,Nil,Nil,,0,28.88,0,1,Nil,FALSE,5185,Nil
5186,NIL,NIL,Noel-Baker Creative Arts,Nil,Nil,,0,102.67,0,1,Nil,FALSE,5186,Nil
5187,NIL,NIL,ARMY ATHLETICS CHAMPIONSHIPS,Nil,Nil,,0,0,0,1,Nil,FALSE,5187,Nil
5189,NIL,NIL,Manor House Year 11,Nil,Nil,,0,56,0,1,Nil,FALSE,5189,Nil
519,NIL,NIL,Clyde Marine Training Ltd,Nil,Nil,,0,0,0,1,Nil,FALSE,519,Nil
5190,NIL,NIL,Windermere School Summer Courses,Nil,Nil,,0,11.25,0,1,Nil,FALSE,5190,Nil
5194,NIL,NIL,Cheryl Crawford Dance Studios,Nil,Nil,,0,379.45,0,2,Nil,FALSE,5194,Nil
5195,NIL,NIL,Brandfest,Nil,Nil,,0,0.54,0,1,Nil,FALSE,5195,Nil
52,NIL,NIL,Salsita,Nil,Nil,,0,76.92,0,5,Nil,FALSE,52,Nil
5201,NIL,Tier 4,Reading School,Nil,Tier 5,,0,55.54,0,4,Nil,FALSE,5201,Nil
5202,NIL,NIL,Dulwich College Junior School,Nil,Nil,,0,0,0,2,Nil,FALSE,5202,Nil
5204,NIL,NIL,Diamond Solutions UK Ltd,Nil,Nil,,0,115.77,0,1,Nil,FALSE,5204,Nil
521,NIL,NIL,The Elms,Nil,Nil,,0,0,0,4,Nil,FALSE,521,Nil
522,NIL,NIL,Simply Repair,Nil,Nil,,0,0,0,1,Nil,FALSE,522,Nil
5220,NIL,NIL,Halliford School NOT USED,Nil,Nil,,0,987.82,0,2,Nil,FALSE,5220,Nil
5221,NIL,NIL,International British College,Nil,Nil,,0,0,0,1,Nil,FALSE,5221,Nil
523,NIL,NIL,Account Deleted,Nil,Nil,,0,23.42,0,1,Nil,FALSE,523,Nil
5232,NIL,NIL,TSVB,Nil,Nil,,0,0,0,1,Nil,FALSE,5232,Nil
5233,NIL,NIL,Introbiz Uk Ltd,Nil,Nil,,0,0,0,1,Nil,FALSE,5233,Nil
5234,NIL,NIL,Friends of St. Peters,Nil,Nil,,0,22.04,0,1,Nil,FALSE,5234,Nil
5237,NIL,NIL,ChristianeCartwright,Nil,Nil,,0,6.33,0,1,Nil,FALSE,5237,Nil
5238,NIL,NIL,Roving Fromagiere,Nil,Nil,,0,25.9,0,1,Nil,FALSE,5238,Nil
5242,NIL,NIL,Suffolk East Federation of WI,Nil,Nil,,0,2.33,0,1,Nil,FALSE,5242,Nil
5245,NIL,NIL,TEDx Swansea,Nil,Nil,,0,98.75,0,1,Nil,FALSE,5245,Nil
5246,NIL,NIL,WSJ Unit 84 - Birmingham,Nil,Nil,,0,198.35,0,2,Nil,FALSE,5246,Nil
525,NIL,NIL,The Auchtermuchty Food Museum,Nil,Nil,,0,3.67,0,1,Nil,FALSE,525,Nil
5250,NIL,NIL,Bil Bas,Nil,Nil,,0,0,0,1,Nil,FALSE,5250,Nil
5251,NIL,Tier 2,Between Severn Tides,Nil,Tier 5,,0,128.38,0,3,Nil,FALSE,5251,Nil
5258,NIL,NIL,Squash Events,Nil,Nil,,0,0,0,2,Nil,FALSE,5258,Nil
526,NIL,NIL,Discover Hannahs,Nil,Nil,,0,7.25,0,1,Nil,FALSE,526,Nil
5260,NIL,NIL,Spencers Wood Village Hall,Nil,Nil,,0,168.54,0,2,Nil,FALSE,5260,Nil
5265,NIL,NIL,Hofn Events,Nil,Nil,,0,37.92,0,1,Nil,FALSE,5265,Nil
5266,NIL,Tier 3,Pat Cons Club,Nil,Tier 5,,0,351.01,0,3,Nil,FALSE,5266,Nil
5267,NIL,NIL,dev-user,Nil,Nil,,0,0,0,2,Nil,FALSE,5267,Nil
5275,NIL,NIL,Royal Solent Yacht Club,Nil,Nil,,0,0,0,1,Nil,FALSE,5275,Nil
5276,NIL,Tier 2,Warminster School Physics,Nil,Free,,0,0,0,4,Nil,FALSE,5276,Nil
5279,NIL,NIL,Suriyaarts,Nil,Nil,,0,0.25,0,1,Nil,FALSE,5279,Nil
5280,NIL,NIL,D C Pullin,Nil,Nil,,0,0.37,0,1,Nil,FALSE,5280,Nil
5282,NIL,NIL,Health in Harmony,Nil,Nil,,0,94.67,0,1,Nil,FALSE,5282,Nil
5289,NIL,Tier 1,Cheltenham Ladies Who Latte,Nil,Free,,0,0,0,3,Nil,FALSE,5289,Nil
5292,NIL,NIL,WIN Digital,Nil,Nil,,0,26.6,0,1,Nil,FALSE,5292,Nil
5294,NIL,NIL,GBNG,Nil,Nil,,0,5.28,0,2,Nil,FALSE,5294,Nil
5297,NIL,NIL,John Alker club,Nil,Nil,,0,5.96,0,1,Nil,FALSE,5297,Nil
5309,NIL,NIL,New Barn Farm,Nil,Nil,,0,0,0,1,Nil,FALSE,5309,Nil
531,NIL,NIL,Trent College Admissions,Nil,Nil,,0,0,0,1,Nil,FALSE,531,Nil
5311,NIL,NIL,Greenwich & District Local Committee Cancer Research UK,Nil,Nil,,0,16.58,0,1,Nil,FALSE,5311,Nil
5316,NIL,NIL,The Derby Arms,Nil,Nil,,0,10.5,0,1,Nil,FALSE,5316,Nil
5319,NIL,NIL,Kaitlyn Hanson-Puffer,Nil,Nil,,0,32,0,1,Nil,FALSE,5319,Nil
5321,NIL,NIL,Karine Archer,Nil,Nil,,0,6.33,0,1,Nil,FALSE,5321,Nil
5324,NIL,NIL,Tringham Preschool,Nil,Nil,,0,71.77,0,3,Nil,FALSE,5324,Nil
5326,NIL,NIL,Barry roundtable,Nil,Nil,,0,48.83,0,1,Nil,FALSE,5326,Nil
5327,NIL,NIL,Jyoti Rajdev,Nil,Nil,,0,2.33,0,1,Nil,FALSE,5327,Nil
533,NIL,NIL,Minty Trial,Nil,Nil,,0,0,0,1,Nil,FALSE,533,Nil
5330,NIL,Tier 2,Ladybirds Leavenheath Preschool,Nil,Tier 5,,0,149.88,0,3,Nil,FALSE,5330,Nil
5331,NIL,NIL,Kalisha@64,Nil,Nil,,0,1.63,0,1,Nil,FALSE,5331,Nil
5333,NIL,NIL,Clear Sky Safari Tents,Nil,Nil,,0,0,0,1,Nil,FALSE,5333,Nil
5337,NIL,NIL,Friends of Windsor Music (Windsor Learning Partnership),Nil,Nil,,0,145.08,0,3,Nil,FALSE,5337,Nil
534,NIL,NIL,Malaysia-Singapore Research Conference 2018,Nil,Nil,,0,99.5,0,1,Nil,FALSE,534,Nil
5340,NIL,NIL,Gresham's School Shop,Nil,Nil,,0,0,0,1,Nil,FALSE,5340,Nil
5348,NIL,NIL,St Peter's Collegiate Church  Wolverhampton,Nil,Nil,,0,170.83,0,3,Nil,FALSE,5348,Nil
5350,NIL,NIL,eloi,Nil,Nil,,0,0,0,1,Nil,FALSE,5350,Nil
5351,NIL,NIL,Women's Northern Powerhouse,Nil,Nil,,0,26.33,0,3,Nil,FALSE,5351,Nil
5352,NIL,NIL,Focus4Hope,Nil,Nil,,0,191.62,0,1,Nil,FALSE,5352,Nil
5356,NIL,NIL,Mr S T Rankin,Nil,Nil,,0,369.58,0,2,Nil,FALSE,5356,Nil
5357,NIL,NIL,WM JMC,Nil,Nil,,0,0,0,1,Nil,FALSE,5357,Nil
536,NIL,NIL,The Effortless Edit,Nil,Nil,,0,0,0,1,Nil,FALSE,536,Nil
5362,NIL,NIL,Langdale,Nil,Nil,,0,0,0,3,Nil,FALSE,5362,Nil
5367,NIL,NIL,Anna A,Nil,Nil,,0,0,0,1,Nil,FALSE,5367,Nil
5368,NIL,NIL,Multisports for Schools,Nil,Nil,,0,181.37,0,1,Nil,FALSE,5368,Nil
5375,NIL,NIL,Central Lancashire Property Hub,Nil,Nil,,0,112.56,0,1,Nil,FALSE,5375,Nil
5376,NIL,NIL,Merchant Taylors' Yardarms,Nil,Nil,,0,770.67,0,4,Nil,FALSE,5376,Nil
5381,NIL,NIL,Leeds School of Arts - Performing Arts,Nil,Nil,,0,0,0,1,Nil,FALSE,5381,Nil
5382,NIL,NIL,Graham School Performing Arts,Nil,Nil,,0,0.23,0,1,Nil,FALSE,5382,Nil
5389,NIL,NIL,Friends of Tranby,Nil,Nil,,0,145.04,0,1,Nil,FALSE,5389,Nil
539,NIL,NIL,Trent College Admissions,Nil,Nil,,0,0,0,1,Nil,FALSE,539,Nil
5394,NIL,Tier 3,Scottish Association for Music Education,Nil,Tier 4,,0,363.33,0,3,Nil,FALSE,5394,Nil
5395,NIL,NIL,World Scout Jamboree,Nil,Nil,,0,1.37,0,1,Nil,FALSE,5395,Nil
54,NIL,NIL,KGS Hockey Tour Charity Fund,Nil,Nil,,0,581.09,0,4,Nil,FALSE,54,Nil
5401,NIL,NIL,SPGS/SPS Leavers’ Ball - Holly Culhane,Nil,Nil,,0,332.75,0,1,Nil,FALSE,5401,Nil
5402,NIL,NIL,Steven Arnold,Nil,Nil,,0,0,0,1,Nil,FALSE,5402,Nil
5414,NIL,NIL,Megaspin Promotions,Nil,Nil,,0,12.29,0,1,Nil,FALSE,5414,Nil
5415,NIL,NIL,Account Deleted,Nil,Nil,,0,24,0,2,Nil,FALSE,5415,Nil
5419,NIL,Tier 2,Ayr Rugby Club,Nil,Tier 5,,0,17.73,0,4,Nil,FALSE,5419,Nil
5422,NIL,NIL,Blabers Hall Wine Estate,Nil,Nil,,0,0,0,1,Nil,FALSE,5422,Nil
5425,NIL,NIL,StM P&F Wine Evening,Nil,Nil,,0,188.26,0,1,Nil,FALSE,5425,Nil
543,NIL,NIL,Ampleforth College Dance,Nil,Nil,,0,0,0,1,Nil,FALSE,543,Nil
5432,NIL,NIL,Dwylo Bach,Nil,Nil,,0,49.06,0,1,Nil,FALSE,5432,Nil
5433,NIL,NIL,John Mellor,Nil,Nil,,0,3.25,0,1,Nil,FALSE,5433,Nil
5435,NIL,NIL,SharonRoseAP,Nil,Nil,,0,60.71,0,1,Nil,FALSE,5435,Nil
5438,NIL,NIL,Wild Ivy Floral Design,Nil,Nil,,0,37.54,0,1,Nil,FALSE,5438,Nil
5440,NIL,NIL,Miller farming,Nil,Nil,,0,69.62,0,3,Nil,FALSE,5440,Nil
5442,NIL,NIL,Demi Akinjide,Nil,Nil,,0,8.75,0,1,Nil,FALSE,5442,Nil
5451,NIL,NIL,SELFA,Nil,Nil,,0,15.46,0,1,Nil,FALSE,5451,Nil
5452,NIL,NIL,Abigail Chambers,Nil,Nil,,0,6.67,0,1,Nil,FALSE,5452,Nil
5455,NIL,NIL,Girlguiding Catton District,Nil,Nil,,0,7.33,0,1,Nil,FALSE,5455,Nil
5457,NIL,NIL,banchetto,Nil,Nil,,0,68.46,0,1,Nil,FALSE,5457,Nil
5458,NIL,NIL,Charlotte,Nil,Nil,,0,63,0,1,Nil,FALSE,5458,Nil
5460,NIL,NIL,AugustTEST,Nil,Nil,,0,0,0,1,Nil,FALSE,5460,Nil
5461,NIL,NIL,Leicester Progressive Jewish Congregation,Nil,Nil,,0,30.04,0,1,Nil,FALSE,5461,Nil
5464,NIL,NIL,South Lakes Children's Pantomime C.I.C,Nil,Nil,,0,44.04,0,1,Nil,FALSE,5464,Nil
5466,NIL,NIL,Nicola Hurst,Nil,Nil,,0,0,0,2,Nil,FALSE,5466,Nil
5467,NIL,NIL,Sand Arts and Crafts,Nil,Nil,,0,5.79,0,3,Nil,FALSE,5467,Nil
547,NIL,NIL,Early Years Scotland,Nil,Nil,,0,1557.62,0,7,Nil,FALSE,547,Nil
548,NIL,NIL,Edenhall Charity Clayshoot,Nil,Nil,,0,96.21,0,1,Nil,FALSE,548,Nil
5485,NIL,NIL,The Cotswold School,Nil,Nil,,0,0,0,1,Nil,FALSE,5485,Nil
5486,NIL,NIL,Gaspar Benegas + Nómade + BCA,Nil,Nil,,0,28.75,0,1,Nil,FALSE,5486,Nil
5490,NIL,NIL,Cambodia Fundraiser,Nil,Nil,,0,49.5,0,1,Nil,FALSE,5490,Nil
5494,NIL,NIL,Old Hutton PTA,Nil,Nil,,0,66.46,0,1,Nil,FALSE,5494,Nil
5496,NIL,NIL,The Turnpike Gallery,Nil,Nil,,0,0,0,2,Nil,FALSE,5496,Nil
5497,NIL,NIL,Elevate Events,Nil,Nil,,0,37.12,0,1,Nil,FALSE,5497,Nil
550,NIL,NIL,2nd Penrith Scouts,Nil,Nil,,0,119.76,0,2,Nil,FALSE,550,Nil
551,NIL,NIL,R Gill Photography,Nil,Nil,,0,18.37,0,1,Nil,FALSE,551,Nil
5510,NIL,NIL,St Paul's Girl's School,Nil,Nil,,0,0,0,2,Nil,FALSE,5510,Nil
5512,NIL,NIL,Acorn Health & Leisure Limited,Nil,Nil,,0,16,0,1,Nil,FALSE,5512,Nil
5523,NIL,NIL,Margent Farm,Nil,Nil,,0,0,0,1,Nil,FALSE,5523,Nil
5526,NIL,NIL,Fiona McNamee,Nil,Nil,,0,19.88,0,1,Nil,FALSE,5526,Nil
5527,NIL,NIL,pop up and play,Nil,Nil,,0,26.67,0,1,Nil,FALSE,5527,Nil
5528,NIL,NIL,Ealing Abbey Social Committee,Nil,Nil,,0,221.5,0,3,Nil,FALSE,5528,Nil
5529,NIL,NIL,BAKU UNITED,Nil,Nil,,0,0.33,0,1,Nil,FALSE,5529,Nil
5530,NIL,NIL,The Southport Singers,Nil,Nil,,0,153.96,0,2,Nil,FALSE,5530,Nil
5531,NIL,NIL,BD Harris Farm Trust,Nil,Nil,,0,0,0,1,Nil,FALSE,5531,Nil
5532,NIL,NIL,JuiceLDN,Nil,Nil,,0,5.98,0,1,Nil,FALSE,5532,Nil
5534,NIL,NIL,FOP Friends,Nil,Nil,,0,286.88,0,1,Nil,FALSE,5534,Nil
5535,NIL,NIL,Cutflowersbykate,Nil,Nil,,0,0,0,1,Nil,FALSE,5535,Nil
5537,NIL,NIL,Hesketh Jones Construction,Nil,Nil,,0,0,1,3,Nil,FALSE,5537,Nil
554,NIL,NIL,Cheadle Hulme School Music Depart,Nil,Nil,,0,623.42,0,5,Nil,FALSE,554,Nil
5547,NIL,NIL,Stags Leap,Nil,Nil,,0,124.96,0,1,Nil,FALSE,5547,Nil
5548,NIL,NIL,Eloise Latimer,Nil,Nil,,0,24.08,0,1,Nil,FALSE,5548,Nil
555,NIL,NIL,AGBIS,Nil,Nil,,0,0,0,2,Nil,FALSE,555,Nil
5554,NIL,Tier 2,Flight of the Dragonfly Spoken Word,Nil,Tier 5,,0,54.66,0,3,Nil,FALSE,5554,Nil
5559,NIL,NIL,HAJMT,Nil,Nil,,0,123.66,0,1,Nil,FALSE,5559,Nil
556,NIL,NIL,MMACADEMY,Nil,Nil,,0,58.33,0,1,Nil,FALSE,556,Nil
5560,NIL,NIL,Sam Kennard,Nil,Nil,,0,31.58,0,1,Nil,FALSE,5560,Nil
5561,NIL,NIL,The PCC of All Saints with St Peter,Nil,Nil,,0,54.04,0,2,Nil,FALSE,5561,Nil
5566,NIL,NIL,Thomson Hayton Winkley & The Rural Law Practice,Nil,Nil,,0,0,0,1,Nil,FALSE,5566,Nil
5567,NIL,NIL,Ghyllside School PTA,Nil,Nil,,0,3.5,0,2,Nil,FALSE,5567,Nil
5569,NIL,NIL,Goodwood Home Farm,Nil,Nil,,0,0,0,1,Nil,FALSE,5569,Nil
5570,NIL,NIL,Pulse Electrix Ltd,Nil,Nil,,0,61.15,0,2,Nil,FALSE,5570,Nil
5573,NIL,NIL,DANNY'S DAY,Nil,Nil,,0,50.92,0,1,Nil,FALSE,5573,Nil
5579,NIL,NIL,CloudTalk Global,Nil,Nil,,0,0,0,1,Nil,FALSE,5579,Nil
558,NIL,NIL,Darlington FC,Nil,Nil,,0,0,0,1,Nil,FALSE,558,Nil
5580,NIL,NIL,Sherwood Chapter,Nil,Nil,,0,42.17,0,1,Nil,FALSE,5580,Nil
5582,NIL,NIL,Gemma Barber,Nil,Nil,,0,0.75,0,1,Nil,FALSE,5582,Nil
5589,NIL,NIL,Alderley Lawn Tennis Club,Nil,Nil,,0,0,0,1,Nil,FALSE,5589,Nil
559,NIL,NIL,Lancaster & District Chamber of Commerce,Nil,Nil,,0,0,0,1,Nil,FALSE,559,Nil
5591,NIL,NIL,Grace Evans,Nil,Nil,,0,34.75,0,1,Nil,FALSE,5591,Nil
5592,NIL,NIL,Greenfield Band,Nil,Nil,,0,64.75,0,1,Nil,FALSE,5592,Nil
5596,NIL,NIL,Round Hill Association,Nil,Nil,,0,15.75,0,2,Nil,FALSE,5596,Nil
5597,NIL,NIL,Walk and Talk Pendle,Nil,Nil,,0,0,0,1,Nil,FALSE,5597,Nil
5598,NIL,NIL,KPS ACTIVE,Nil,Nil,,0,568.12,0,2,Nil,FALSE,5598,Nil
5599,NIL,NIL,Finton House School,Nil,Nil,,0,0,0,2,Nil,FALSE,5599,Nil
5601,NIL,NIL,SACRED OFFICIAL,Nil,Nil,,0,252.17,0,2,Nil,FALSE,5601,Nil
5605,NIL,NIL,FEAR,Nil,Nil,,0,0,0,1,Nil,FALSE,5605,Nil
5615,NIL,NIL,Home Farm,Nil,Nil,,0,0,0,1,Nil,FALSE,5615,Nil
5616,NIL,NIL,Mayfield Nurseries,Nil,Nil,,0,742.42,0,2,Nil,FALSE,5616,Nil
5618,NIL,NIL,Rushcliffe WSJ 2023,Nil,Nil,,0,5.42,0,1,Nil,FALSE,5618,Nil
5619,NIL,Tier 3,The Bridge Bakery and Canteen,Nil,Tier 4,,0,325.09,0,3,Nil,FALSE,5619,Nil
5620,NIL,NIL,H K Hebditch & Son,Nil,Nil,,0,0,0,1,Nil,FALSE,5620,Nil
5622,NIL,NIL,S S & S D Kirk,Nil,Nil,,0,0,0,2,Nil,FALSE,5622,Nil
5623,NIL,NIL,ROTARY CLUB OF READING MAIDEN ERLEGH,Nil,Nil,,0,2.71,0,1,Nil,FALSE,5623,Nil
5624,NIL,Tier 4,Temperleys School of Dance,Nil,Tier 4,,0,519.38,0,2,Nil,FALSE,5624,Nil
5627,NIL,NIL,Colleton Barton,Nil,Nil,,0,0,0,1,Nil,FALSE,5627,Nil
5629,NIL,NIL,Street Events,Nil,Nil,,0,9.17,0,1,Nil,FALSE,5629,Nil
563,NIL,NIL,Prince's Trust Achieve,Nil,Nil,,0,0,0,3,Nil,FALSE,563,Nil
5632,NIL,NIL,Neil Stroud,Nil,Nil,,0,32.32,0,1,Nil,FALSE,5632,Nil
5637,NIL,NIL,SWAT Conference 2022,Nil,Nil,,0,84,0,2,Nil,FALSE,5637,Nil
5638,NIL,NIL,Salud language & culture,Nil,Nil,,0,1.83,0,2,Nil,FALSE,5638,Nil
5639,NIL,NIL,Carrick & Son,Nil,Nil,,0,0,0,1,Nil,FALSE,5639,Nil
5648,NIL,NIL,Amy Eggleston,Nil,Nil,,0,0,0,1,Nil,FALSE,5648,Nil
5652,NIL,NIL,Windmill Agri,Nil,Nil,,0,0,0,1,Nil,FALSE,5652,Nil
5653,NIL,Tier 2,Lambs Field for Leaf Open Farm Sunday,Nil,Free,,0,0,0,3,Nil,FALSE,5653,Nil
5657,NIL,Tier 2,Co Club Lincoln,Nil,Tier 5,,0,105.88,0,3,Nil,FALSE,5657,Nil
5658,NIL,NIL,Sentryleics,Nil,Nil,,0,0,0,1,Nil,FALSE,5658,Nil
566,NIL,NIL,The Growing Club CIC,Nil,Nil,,0,21.75,0,2,Nil,FALSE,566,Nil
5666,NIL,NIL,Liam Hayward,Nil,Nil,,0,6.12,0,1,Nil,FALSE,5666,Nil
5667,NIL,NIL,The Allerton Project,Nil,Nil,,0,0,0,1,Nil,FALSE,5667,Nil
5674,NIL,NIL,J Scott & Partners,Nil,Nil,,0,0,0,1,Nil,FALSE,5674,Nil
5676,NIL,NIL,LPC The Two Tubs,Nil,Nil,,0,42.25,0,1,Nil,FALSE,5676,Nil
5677,NIL,Tier 3,Bennetts Farms,Nil,Tier 5,,0,102.92,0,3,Nil,FALSE,5677,Nil
5680,NIL,NIL,Matt Barker,Nil,Nil,,0,0,0,1,Nil,FALSE,5680,Nil
5681,NIL,Tier 3,Hampshire Hamony,Nil,Tier 5,,0,162.64,0,3,Nil,FALSE,5681,Nil
5682,NIL,NIL,Oak Vale Farms Ltd,Nil,Nil,,0,0,0,1,Nil,FALSE,5682,Nil
5683,NIL,NIL,Silentnight,Nil,Nil,,0,0,0,2,Nil,FALSE,5683,Nil
5684,NIL,NIL,UIV 2022-2023 Year Rep,Nil,Nil,,0,191,0,1,Nil,FALSE,5684,Nil
5688,NIL,NIL,Year 11 Prom 2022 (Private Event),Nil,Nil,,0,173.42,0,1,Nil,FALSE,5688,Nil
569,NIL,NIL,Southbank International School,Nil,Nil,,0,0,0,1,Nil,FALSE,569,Nil
5690,NIL,NIL,Gooey Gremlins,Nil,Nil,,0,5.79,0,2,Nil,FALSE,5690,Nil
5695,NIL,NIL,St. Joseph's PTA,Nil,Nil,,0,46.84,0,1,Nil,FALSE,5695,Nil
5697,NIL,NIL,Greenlands Kitchen & Bistro,Nil,Nil,,0,79.16,0,2,Nil,FALSE,5697,Nil
5698,NIL,Tier 3,Account Deleted,Nil,Tier 5,,0,192.38,0,3,Nil,FALSE,5698,Nil
57,NIL,NIL,RSPA,Nil,Nil,,0,340.54,0,4,Nil,FALSE,57,Nil
5701,NIL,NIL,Miss G E Heale,Nil,Nil,,0,335.29,0,1,Nil,FALSE,5701,Nil
5707,NIL,NIL,Watton United Football Club,Nil,Nil,,0,13.79,0,1,Nil,FALSE,5707,Nil
5713,NIL,NIL,W rawling and son,Nil,Nil,,0,0,0,1,Nil,FALSE,5713,Nil
5714,NIL,NIL,The Dorset Dairy Co,Nil,Nil,,0,0,0,1,Nil,FALSE,5714,Nil
5715,NIL,NIL,Northmoor Meat Company,Nil,Nil,,0,0,0,2,Nil,FALSE,5715,Nil
5716,NIL,Key Account,Cambridge Summer Music,Nil,Tier 2,,0,6856.73,0,2,Nil,FALSE,5716,Nil
5718,NIL,NIL,Westmorland Chapel Farm,Nil,Nil,,0,0,0,1,Nil,FALSE,5718,Nil
5721,NIL,NIL,Just Jerseys,Nil,Nil,,0,0,0,1,Nil,FALSE,5721,Nil
5724,NIL,Tier 3,Edfords,Nil,Tier 5,,0,66.67,0,3,Nil,FALSE,5724,Nil
5725,NIL,NIL,Bowden Farm Partnership Ltd,Nil,Nil,,0,38.92,0,1,Nil,FALSE,5725,Nil
5729,NIL,NIL,Early Years Scotland,Nil,Nil,,0,0,0,1,Nil,FALSE,5729,Nil
5731,NIL,NIL,Maureen Terera Foundation,Nil,Nil,,0,0.75,0,1,Nil,FALSE,5731,Nil
5736,NIL,NIL,Herefordshire and Worcestershire Health and Care NHS Trust,Nil,Nil,,0,0,0,1,Nil,FALSE,5736,Nil
5737,NIL,Tier 2,Moshville Times,Nil,Tier 5,,0,109.54,0,3,Nil,FALSE,5737,Nil
5738,NIL,NIL,Reception Reps,Nil,Nil,,0,82.33,0,1,Nil,FALSE,5738,Nil
5739,NIL,Tier 3,Astrid,Nil,Tier 4,,0,317.54,0,2,Nil,FALSE,5739,Nil
574,NIL,NIL,Stonyhurst Anywhere,Nil,Nil,,0,17.69,0,4,Nil,FALSE,574,Nil
5741,NIL,NIL,Kuntals Bollywood Dance Company,Nil,Nil,,0,0,0,1,Nil,FALSE,5741,Nil
5743,NIL,NIL,bw@theeducationalcoach.co.uk,Nil,Nil,,0,0,0,1,Nil,FALSE,5743,Nil
5744,NIL,Tier 4,Grace Dance,Nil,Tier 3,,0,1435.58,0,4,Nil,FALSE,5744,Nil
5746,NIL,NIL,Penny Daly,Nil,Nil,,0,0,0,1,Nil,FALSE,5746,Nil
5748,NIL,NIL,Wildon Grange,Nil,Nil,,0,0,0,2,Nil,FALSE,5748,Nil
5752,NIL,NIL,Wool on the Exe,Nil,Nil,,0,0,0,1,Nil,FALSE,5752,Nil
576,NIL,NIL,Jordan Test UK,Nil,Nil,,0,0,0,2,Nil,FALSE,576,Nil
5761,NIL,NIL,Lee test,Nil,Nil,,0,0,0,1,Nil,FALSE,5761,Nil
5772,NIL,NIL,Ramceramic,Nil,Nil,,0,19.79,0,1,Nil,FALSE,5772,Nil
5777,NIL,NIL,Leia Salter,Nil,Nil,,0,17,0,1,Nil,FALSE,5777,Nil
578,NIL,NIL,All Hallows Music Festival,Nil,Nil,,0,12.96,0,2,Nil,FALSE,578,Nil
5785,NIL,Tier 2,Charles Bridgeman,Nil,Free,,0,0,0,3,Nil,FALSE,5785,Nil
5788,NIL,NIL,Kingswood,Nil,Nil,,0,0,0,1,Nil,FALSE,5788,Nil
5794,NIL,NIL,DO NOT USE THIS ACCOUNT,Nil,Nil,,0,22.88,0,1,Nil,FALSE,5794,Nil
5796,NIL,NIL,Rokeby Yr4 Tour,Nil,Nil,,0,7.67,0,1,Nil,FALSE,5796,Nil
5798,NIL,NIL,Graffiti Classics,Nil,Nil,,0,35.04,0,1,Nil,FALSE,5798,Nil
5799,NIL,NIL,Le Potager,Nil,Nil,,0,209.25,0,2,Nil,FALSE,5799,Nil
58,NIL,NIL,AROPS,Nil,Nil,,0,145.32,0,2,Nil,FALSE,58,Nil
5802,NIL,NIL,Eltham College Leavers Party 2022,Nil,Nil,,0,136.92,0,1,Nil,FALSE,5802,Nil
5803,NIL,Tier 2,Icknield Primary,Nil,Tier 5,,0,13,0,3,Nil,FALSE,5803,Nil
5807,NIL,Tier 2,Seaford Choral Society,Nil,Tier 5,,0,135.09,0,4,Nil,FALSE,5807,Nil
5808,NIL,Tier 2,Walton Village Hall,Nil,Tier 5,,0,54.46,0,3,Nil,FALSE,5808,Nil
5810,NIL,NIL,Deben Lodge Farms Ltd,Nil,Nil,,0,0,0,1,Nil,FALSE,5810,Nil
5811,NIL,NIL,spgsviireps,Nil,Nil,,0,105,0,1,Nil,FALSE,5811,Nil
5814,NIL,NIL,Cosine UK Ltd,Nil,Nil,,0,1066.5,0,2,Nil,FALSE,5814,Nil
5816,NIL,NIL,Multisports for Schools Boreham,Nil,Nil,,0,25.42,0,1,Nil,FALSE,5816,Nil
5817,NIL,NIL,Princess Christian's Farm,Nil,Nil,,0,283.97,0,1,Nil,FALSE,5817,Nil
582,NIL,NIL,Guisborough RUFC,Nil,Nil,,0,236.19,0,2,Nil,FALSE,582,Nil
5822,NIL,NIL,Flamingo Business,Nil,Nil,,0,965.93,0,3,Nil,FALSE,5822,Nil
583,NIL,NIL,Bristol Concert Wind Band,Nil,Nil,,0,12.64,0,2,Nil,FALSE,583,Nil
5834,NIL,Tier 3,ACB Theatre,Nil,Tier 4,,0,503.25,0,4,Nil,FALSE,5834,Nil
5838,NIL,NIL,Jade Whitfield,Nil,Nil,,0,8,0,1,Nil,FALSE,5838,Nil
584,NIL,NIL,Kendal Winter Shelter (Manna House),Nil,Nil,,0,36.88,0,1,Nil,FALSE,584,Nil
5840,NIL,NIL,Elorac,Nil,Nil,,0,86.88,0,1,Nil,FALSE,5840,Nil
5842,NIL,NIL,Dean Close Services LTD,Nil,Nil,,0,96.58,0,1,Nil,FALSE,5842,Nil
5843,NIL,NIL,The Harbour Chapel  Dunbar,Nil,Nil,,0,212.25,0,1,Nil,FALSE,5843,Nil
5845,NIL,NIL,R H Topham & Sons,Nil,Nil,,0,0,0,1,Nil,FALSE,5845,Nil
585,NIL,NIL,Andromeda Talent,Nil,Nil,,0,127.79,0,3,Nil,FALSE,585,Nil
5850,NIL,Tier 4,Ernespie Farm,Nil,Free,,0,0,0,3,Nil,FALSE,5850,Nil
5853,NIL,NIL,Sakya Dechen Ling,Nil,Nil,,0,9.12,0,1,Nil,FALSE,5853,Nil
5854,NIL,NIL,YDNPA Tees Swale (Swaledale),Nil,Nil,,0,0,0,1,Nil,FALSE,5854,Nil
586,NIL,NIL,York City FC Futsal,Nil,Nil,,0,0,0,1,Nil,FALSE,586,Nil
5860,NIL,NIL,PSV SCHOOL,Nil,Nil,,0,0,0,3,Nil,FALSE,5860,Nil
5864,NIL,NIL,KGSTest1234,Nil,Nil,,0,0,0,1,Nil,FALSE,5864,Nil
5865,NIL,NIL,Holmbury Choral,Nil,Nil,,0,176.42,0,2,Nil,FALSE,5865,Nil
5866,NIL,NIL,LindsayBooth,Nil,Nil,,0,11,0,1,Nil,FALSE,5866,Nil
5867,NIL,NIL,Sonya mcaleer,Nil,Nil,,0,86.5,0,1,Nil,FALSE,5867,Nil
587,NIL,NIL,LBN,Nil,Nil,,0,0.65,0,4,Nil,FALSE,587,Nil
5870,NIL,NIL,PSV SCHOOL,Nil,Nil,,0,0,0,1,Nil,FALSE,5870,Nil
5877,NIL,NIL,Rogan Coaching and Guiding,Nil,Nil,,0,165.62,0,2,Nil,FALSE,5877,Nil
5878,NIL,NIL,L and H Farming,Nil,Nil,,0,0,0,1,Nil,FALSE,5878,Nil
5880,NIL,NIL,Low Auldgirth Steading,Nil,Nil,,0,8.83,0,1,Nil,FALSE,5880,Nil
5882,NIL,NIL,Business Health Matters,Nil,Nil,,0,0,0,1,Nil,FALSE,5882,Nil
5885,NIL,NIL,Commercial services,Nil,Nil,,0,0,0,1,Nil,FALSE,5885,Nil
5887,NIL,NIL,Arun to Adur farmers group,Nil,Nil,,0,0,0,1,Nil,FALSE,5887,Nil
5888,NIL,NIL,Star*Struck Promotions,Nil,Nil,,0,215.87,0,1,Nil,FALSE,5888,Nil
5889,NIL,NIL,Rushmoor Male Voice Choir,Nil,Nil,,0,60.13,0,2,Nil,FALSE,5889,Nil
5890,NIL,NIL,CIOF Supporter Experience,Nil,Nil,,0,0.83,0,1,Nil,FALSE,5890,Nil
5892,NIL,NIL,Weardale Lithium Limited,Nil,Nil,,0,88.33,0,1,Nil,FALSE,5892,Nil
5894,NIL,NIL,Burrells Farm,Nil,Nil,,0,3.33,0,1,Nil,FALSE,5894,Nil
5897,NIL,NIL,Ridgewayfarmblackpool,Nil,Nil,,0,4.21,0,2,Nil,FALSE,5897,Nil
5899,NIL,NIL,West Byfleet Community Choir,Nil,Nil,,0,67.92,0,2,Nil,FALSE,5899,Nil
59,NIL,NIL,schoolblazer,Nil,Nil,,0,0,0,1,Nil,FALSE,59,Nil
590,NIL,NIL,Exeter Leukaemia Fund,Nil,Nil,,0,0,0,1,Nil,FALSE,590,Nil
5903,NIL,Tier 3,NETWORK YOUTH CHURCH,Nil,Tier 5,,0,175.71,0,3,Nil,FALSE,5903,Nil
5904,NIL,NIL,Locavore Events,Nil,Nil,,0,35.96,0,1,Nil,FALSE,5904,Nil
5906,NIL,NIL,Vinehall Alumni ,Nil,Nil,,0,2.92,0,1,Nil,FALSE,5906,Nil
5908,NIL,NIL,Fiona Phipps,Nil,Nil,,0,0,0,1,Nil,FALSE,5908,Nil
5909,NIL,NIL,Hillstone Primary School,Nil,Nil,,0,0,0,1,Nil,FALSE,5909,Nil
591,NIL,NIL,The Ladies' College,Nil,Nil,,0,210.49,0,2,Nil,FALSE,591,Nil
5912,NIL,Tier 3,146Kings,Nil,Tier 4,,0,395.54,0,3,Nil,FALSE,5912,Nil
5915,NIL,NIL,Shout Connect Limited,Nil,Nil,,0,399.75,0,3,Nil,FALSE,5915,Nil
5916,NIL,Tier 3,Benenden,Nil,Tier 5,,0,2629.55,0,4,Nil,FALSE,5916,Nil
5921,NIL,NIL,hminter,Nil,Nil,,0,0,0,1,Nil,FALSE,5921,Nil
5923,NIL,NIL,Droitwich - St Peters Pre School,Nil,Nil,,0,9.21,0,1,Nil,FALSE,5923,Nil
5925,NIL,NIL,Like Minds,Nil,Nil,,0,84.25,0,2,Nil,FALSE,5925,Nil
593,NIL,NIL,Jeff's Acccount for Stripe Connect testing,Nil,Nil,,0,0.42,0,2,Nil,FALSE,593,Nil
5941,NIL,NIL,HAF Performing Arts,Nil,Nil,,0,17.73,0,1,Nil,FALSE,5941,Nil
5942,NIL,NIL,Fulneck School Events,Nil,Nil,,0,139.87,0,2,Nil,FALSE,5942,Nil
5946,NIL,NIL,Mind Body and Workplace,Nil,Nil,,0,3,0,1,Nil,FALSE,5946,Nil
5949,NIL,NIL,Whitehaven Alive,Nil,Nil,,0,5333.88,0,2,Nil,FALSE,5949,Nil
5951,NIL,NIL,Long Mynd Music Academy,Nil,Nil,,0,32.88,0,1,Nil,FALSE,5951,Nil
5952,NIL,NIL,Dancing With Louise,Nil,Nil,,0,754.96,0,2,Nil,FALSE,5952,Nil
5953,NIL,NIL,Martha’s Homestore,Nil,Nil,,0,0.67,0,1,Nil,FALSE,5953,Nil
5955,NIL,NIL,Trimfest charity,Nil,Nil,,0,49.5,0,1,Nil,FALSE,5955,Nil
5964,NIL,Tier 1,New Life Sports Massage,Nil,Tier 5,,0,42.88,0,3,Nil,FALSE,5964,Nil
5966,NIL,NIL,UMEUS CIC,Nil,Nil,,0,7.36,0,1,Nil,FALSE,5966,Nil
5968,NIL,NIL,The Bryce  Burneside,Nil,Nil,,0,29.21,0,3,Nil,FALSE,5968,Nil
5972,NIL,NIL,Affinity Dance South Hams,Nil,Nil,,0,220.17,0,1,Nil,FALSE,5972,Nil
5974,NIL,NIL,Technology in Music Education UK,Nil,Nil,,0,16.25,0,1,Nil,FALSE,5974,Nil
5976,NIL,NIL,N M Williams,Nil,Nil,,0,30.25,0,1,Nil,FALSE,5976,Nil
598,NIL,NIL,Friends of Handsworth,Nil,Nil,,0,17.49,0,1,Nil,FALSE,598,Nil
5983,NIL,NIL,Feather & Springs,Nil,Nil,,0,0,0,1,Nil,FALSE,5983,Nil
5986,NIL,NIL,Cirque Training (Britt Goodwin),Nil,Nil,,0,35.71,0,3,Nil,FALSE,5986,Nil
5988,NIL,Tier 3,BBEST Community Hub CIC,Nil,Tier 5,,0,254.26,9,4,Nil,FALSE,5988,Nil
5990,NIL,Tier 4,Lydden Hill Motorsport Club Limited,Nil,Tier 3,,0,722.32,0,4,Nil,FALSE,5990,Nil
5991,NIL,Tier 3,Hannah Strong Vocal Tuition,Nil,Tier 5,,0,457.65,0,3,Nil,FALSE,5991,Nil
5992,NIL,NIL,Mulholland Building Services,Nil,Nil,,0,0,0,1,Nil,FALSE,5992,Nil
5995,NIL,Tier 2,Inspired Learning Group,Nil,Free,,0,0,0,3,Nil,FALSE,5995,Nil
6,NIL,NIL,Justin Birch Events,Nil,Nil,,0,48.29,0,3,Nil,FALSE,6,Nil
60,NIL,NIL,Merchant Taylors' Schools,Nil,Nil,,0,1132.9,0,4,Nil,FALSE,60,Nil
6001,NIL,NIL,A Tour with a View,Nil,Nil,,0,8.25,0,1,Nil,FALSE,6001,Nil
6003,NIL,Tier 3,Barnet Symphony Orchestra,Nil,Tier 4,,0,418.83,0,3,Nil,FALSE,6003,Nil
6004,NIL,NIL,Secret Coast Songwriters Ltd,Nil,Nil,,0,12.83,0,1,Nil,FALSE,6004,Nil
601,NIL,NIL,Sedbergh School Hospitality ,Nil,Nil,,0,1393.42,0,2,Nil,FALSE,601,Nil
6011,NIL,NIL,Margaret Law-Sampson,Nil,Nil,,0,62.46,0,2,Nil,FALSE,6011,Nil
6015,NIL,NIL,Nybble,Nil,Nil,,0,0,0,1,Nil,FALSE,6015,Nil
6018,NIL,NIL,Armaani,Nil,Nil,,0,0,0,1,Nil,FALSE,6018,Nil
6019,NIL,NIL,Red Bazar,Nil,Nil,,0,28.17,0,1,Nil,FALSE,6019,Nil
6021,NIL,NIL,Rebecca,Nil,Nil,,0,0,0,1,Nil,FALSE,6021,Nil
6026,NIL,NIL,Poole Grammar School Drama,Nil,Nil,,0,0,0,1,Nil,FALSE,6026,Nil
6027,NIL,NIL,Westmorland and Furness Music Hub,Nil,Nil,,0,0,0,2,Nil,FALSE,6027,Nil
6029,NIL,Tier 3,Greswold Primary School,Nil,Tier 4,,0,329.04,0,3,Nil,FALSE,6029,Nil
6032,NIL,NIL,Festival Community Company Ltd,Nil,Nil,,0,2.71,0,1,Nil,FALSE,6032,Nil
6033,NIL,Tier 4,Mad Hats Ball,Nil,Tier 2,,0,2662.25,0,3,Nil,FALSE,6033,Nil
6036,NIL,NIL,Account Deleted,Nil,Nil,,0,0,0,2,Nil,FALSE,6036,Nil
6038,NIL,NIL,Leah Dalby,Nil,Nil,,0,14.88,0,1,Nil,FALSE,6038,Nil
6040,NIL,NIL,Harrow Development Trust,Nil,Nil,,0,984.04,0,2,Nil,FALSE,6040,Nil
6045,NIL,Tier 2,BIPIN PATEL,Nil,Tier 5,,0,205.42,0,2,Nil,FALSE,6045,Nil
6047,NIL,Tier 2,Rotary club of senlac,Nil,Tier 5,,0,62.03,0,1,Nil,FALSE,6047,Nil
6048,NIL,NIL,The Point,Nil,Nil,,0,6.33,0,1,Nil,FALSE,6048,Nil
606,NIL,NIL,Museums Norfolk,Nil,Nil,,0,28.33,0,1,Nil,FALSE,606,Nil
6070,NIL,NIL,TryBooking Charities Demo,Nil,Nil,,0,0.25,0,2,Nil,FALSE,6070,Nil
6077,NIL,NIL,Handbridge Community Association,Nil,Nil,,0,111.37,0,1,Nil,FALSE,6077,Nil
6078,NIL,NIL,Brighton Period Project,Nil,Nil,,0,37.73,0,1,Nil,FALSE,6078,Nil
6082,NIL,NIL,Towers School and Sixth Form Centre,Nil,Nil,,0,0,0,1,Nil,FALSE,6082,Nil
6083,NIL,NIL,Woodley Parents Teachers Association,Nil,Nil,,0,0.67,0,1,Nil,FALSE,6083,Nil
6084,NIL,NIL,Anna Antonina,Nil,Nil,,0,5,0,1,Nil,FALSE,6084,Nil
6086,NIL,NIL,Tickhill & District Lions,Nil,Nil,,0,0.33,0,1,Nil,FALSE,6086,Nil
6088,NIL,NIL,CiD_TTV,Nil,Nil,,0,1.08,0,1,Nil,FALSE,6088,Nil
6091,NIL,NIL,LongTermPartners,Nil,Nil,,0,0,0,1,Nil,FALSE,6091,Nil
6095,NIL,NIL,PS Sing,Nil,Nil,,0,0.82,0,1,Nil,FALSE,6095,Nil
6098,NIL,NIL,Phoenix Pre school,Nil,Nil,,0,84.5,0,1,Nil,FALSE,6098,Nil
61,NIL,NIL,Merchant Taylors' Boys' School,Nil,Nil,,0,345.79,0,7,Nil,FALSE,61,Nil
6101,NIL,Tier 3,Salcombe Players,Nil,Tier 4,,0,342.8,0,3,Nil,FALSE,6101,Nil
6104,NIL,NIL,S.E.E.D Lancashire,Nil,Nil,,0,315.12,0,1,Nil,FALSE,6104,Nil
6105,NIL,NIL,Zainab,Nil,Nil,,0,117.79,0,1,Nil,FALSE,6105,Nil
611,NIL,NIL,Chaos Collective,Nil,Nil,,0,17.92,0,2,Nil,FALSE,611,Nil
6113,NIL,NIL,LYMINGTON TOWN FC,Nil,Nil,,0,877.33,0,3,Nil,FALSE,6113,Nil
6116,NIL,NIL,Sharona Gaasendam,Nil,Nil,,0,6.54,0,1,Nil,FALSE,6116,Nil
6118,NIL,NIL,Migration Test,Nil,Nil,,0,0,0,1,Nil,FALSE,6118,Nil
6126,NIL,NIL,tienkim,Nil,Nil,,0,0,0,1,Nil,FALSE,6126,Nil
613,NIL,NIL,Trent College PSHE,Nil,Nil,,0,0,0,4,Nil,FALSE,613,Nil
6133,NIL,NIL,Ashburnham & Penhurst Parish Council,Nil,Nil,,0,0,0,1,Nil,FALSE,6133,Nil
6135,NIL,NIL,Kelvin stoner,Nil,Nil,,0,0,0,1,Nil,FALSE,6135,Nil
6137,NIL,NIL,Sarah Hunt,Nil,Nil,,0,0,0,1,Nil,FALSE,6137,Nil
6141,NIL,NIL,Progress Learning Centre,Nil,Nil,,0,9.38,0,1,Nil,FALSE,6141,Nil
6148,NIL,NIL,Chris Perry,Nil,Nil,,0,0,0,1,Nil,FALSE,6148,Nil
6149,NIL,NIL,Jamie Pleavin,Nil,Nil,,0,21.67,0,1,Nil,FALSE,6149,Nil
615,NIL,NIL,EvilC,Nil,Nil,,0,0,0,1,Nil,FALSE,615,Nil
6154,NIL,NIL,Jake Hopkins,Nil,Nil,,0,0,0,1,Nil,FALSE,6154,Nil
616,NIL,Tier 4,Fun Days Out,Nil,Tier 4,,0,1829.53,0,8,Nil,FALSE,616,Nil
6176,NIL,NIL,Jo's Trust,Nil,Nil,,0,271.33,0,2,Nil,FALSE,6176,Nil
6186,NIL,NIL,Five Til Nine,Nil,Nil,,0,212.83,0,2,Nil,FALSE,6186,Nil
6190,NIL,NIL,Caelestis,Nil,Nil,,0,0.25,0,1,Nil,FALSE,6190,Nil
6202,NIL,NIL,Mrs K A Sharpe (Kelly Anne's Photography),Nil,Nil,,0,0.96,0,1,Nil,FALSE,6202,Nil
6211,NIL,NIL,UnderSong Productions,Nil,Nil,,0,136.25,0,1,Nil,FALSE,6211,Nil
6214,NIL,NIL,Account Deleted,Nil,Nil,,0,0,0,1,Nil,FALSE,6214,Nil
622,NIL,NIL,Lucy Ellis Dance Coaching,Nil,Nil,,0,44.17,0,1,Nil,FALSE,622,Nil
6220,NIL,NIL,Elspeth Fisher,Nil,Nil,,0,146.69,0,1,Nil,FALSE,6220,Nil
6223,NIL,NIL,Pot Bound LTD,Nil,Nil,,0,1.37,0,1,Nil,FALSE,6223,Nil
6226,NIL,NIL,Into the shadows,Nil,Nil,,0,142.79,0,1,Nil,FALSE,6226,Nil
6228,NIL,NIL,Bristol Pay CIC,Nil,Nil,,0,104.12,0,1,Nil,FALSE,6228,Nil
6234,NIL,Tier 3,Sherwood Primary School,Nil,Free,,0,0,0,3,Nil,FALSE,6234,Nil
6243,NIL,NIL,NCI Prawle Point,Nil,Nil,,0,14.29,0,1,Nil,FALSE,6243,Nil
6244,NIL,NIL,Nikki Dainter,Nil,Nil,,0,3.12,0,1,Nil,FALSE,6244,Nil
6249,NIL,NIL,Mind Body & Goals,Nil,Nil,,0,3.25,0,1,Nil,FALSE,6249,Nil
6250,NIL,NIL,The Soul Laundry,Nil,Nil,,0,5.42,0,1,Nil,FALSE,6250,Nil
6259,NIL,NIL,21danielle,Nil,Nil,,0,0,0,1,Nil,FALSE,6259,Nil
6262,NIL,NIL,Kellie Baines,Nil,Nil,,0,100.21,0,1,Nil,FALSE,6262,Nil
6263,NIL,NIL,Marbury Forest School,Nil,Nil,,0,124.88,0,2,Nil,FALSE,6263,Nil
6265,NIL,NIL,Owsley,Nil,Nil,,0,37.58,0,2,Nil,FALSE,6265,Nil
6274,NIL,NIL,Old Kingstonian Hockey Club,Nil,Nil,,0,0,0,1,Nil,FALSE,6274,Nil
6277,NIL,NIL,Umberton Farm,Nil,Nil,,0,368.18,0,1,Nil,FALSE,6277,Nil
628,NIL,NIL,openfarmsunday@leafuk.org,Nil,Nil,,0,0,0,1,Nil,FALSE,628,Nil
6280,NIL,NIL,Trident Honda,Nil,Nil,,0,0,0,2,Nil,FALSE,6280,Nil
6281,NIL,NIL,Sarah Boult,Nil,Nil,,0,50.36,0,1,Nil,FALSE,6281,Nil
6283,NIL,NIL,Moor Park Golf Club,Nil,Nil,,0,0,0,1,Nil,FALSE,6283,Nil
6291,NIL,NIL,Cumbria Innovations Platform,Nil,Nil,,0,0,0,1,Nil,FALSE,6291,Nil
630,NIL,NIL,Colyton Grammar School Academy Trust,Nil,Nil,,0,191.71,0,3,Nil,FALSE,630,Nil
6302,NIL,NIL,West Northants Business Forum,Nil,Nil,,0,0,0,2,Nil,FALSE,6302,Nil
6310,NIL,NIL,Blackburn Rovers Football Club,Nil,Nil,,0,0,0,1,Nil,FALSE,6310,Nil
6311,NIL,NIL,Ximena Alarcon,Nil,Nil,,0,6.33,0,2,Nil,FALSE,6311,Nil
6312,NIL,NIL,Footlighters (MTS Events),Nil,Nil,,0,370.87,0,2,Nil,FALSE,6312,Nil
6315,NIL,NIL,Stonehaven Folk Club,Nil,Nil,,0,0.54,0,1,Nil,FALSE,6315,Nil
6316,NIL,NIL,Laure Chan & William Jack,Nil,Nil,,0,6.33,0,1,Nil,FALSE,6316,Nil
6317,NIL,NIL,Robin Hood's Bay Folk Club,Nil,Nil,,0,22.4,0,2,Nil,FALSE,6317,Nil
6319,NIL,NIL,Surrey Honey Farm Ltd,Nil,Nil,,0,0,0,1,Nil,FALSE,6319,Nil
6320,NIL,Tier 1,Rigney Bank Ballet School,Nil,Tier 5,,0,42.21,0,3,Nil,FALSE,6320,Nil
6323,NIL,NIL,Rowan Carr,Nil,Nil,,0,98.58,0,1,Nil,FALSE,6323,Nil
6326,NIL,NIL,Budworth Hall (Ongar & District Community Association),Nil,Nil,,0,16.96,0,2,Nil,FALSE,6326,Nil
6327,NIL,Tier 2,Amy Gunawan Willow Weaving,Nil,Tier 5,,0,77.5,0,2,Nil,FALSE,6327,Nil
633,NIL,NIL,Gelt Gifts Ltd,Nil,Nil,,0,59.25,0,1,Nil,FALSE,633,Nil
6335,NIL,NIL,Great Waltham,Nil,Nil,,0,41.38,0,1,Nil,FALSE,6335,Nil
634,NIL,NIL,QA's Test Account in Prod,Nil,Nil,,0,0,0,4,Nil,FALSE,634,Nil
6341,NIL,NIL,Inspire Training Group,Nil,Nil,,0,0,0,1,Nil,FALSE,6341,Nil
6343,NIL,NIL,HarrisonParrott,Nil,Nil,,0,0.21,0,1,Nil,FALSE,6343,Nil
6352,NIL,NIL,Sompting 1st Aid,Nil,Nil,,0,0,0,1,Nil,FALSE,6352,Nil
6356,NIL,NIL,Windrush New Generation Academy,Nil,Nil,,0,3.83,0,2,Nil,FALSE,6356,Nil
6357,NIL,NIL,Region Wraggy Limited,Nil,Nil,,0,2.67,0,1,Nil,FALSE,6357,Nil
6359,NIL,NIL,Lancashire Women Training,Nil,Nil,,0,0,0,1,Nil,FALSE,6359,Nil
6360,NIL,Tier 2,Anne Hughes Ignite,Nil,Free,,0,0,0,3,Nil,FALSE,6360,Nil
6361,NIL,NIL,World Scout Jamboree 1st Crystal Palace,Nil,Nil,,0,7.62,0,2,Nil,FALSE,6361,Nil
6363,NIL,NIL,Gooding Accounts Ltd,Nil,Nil,,0,0,0,1,Nil,FALSE,6363,Nil
6369,NIL,NIL,Corkscrew Theatre,Nil,Nil,,0,55.62,0,1,Nil,FALSE,6369,Nil
6370,NIL,NIL,PARTY LAND,Nil,Nil,,0,0,0,1,Nil,FALSE,6370,Nil
638,NIL,NIL,Redlands Foundation and Alumni,Nil,Nil,,0,47.17,0,1,Nil,FALSE,638,Nil
6382,NIL,NIL,Pea Green Boat,Nil,Nil,,0,2.17,0,2,Nil,FALSE,6382,Nil
6384,NIL,NIL,Sparkle stars (SG) LTD,Nil,Nil,,0,11.83,0,1,Nil,FALSE,6384,Nil
639,NIL,NIL,Robert Gordon's College Junior School,Nil,Nil,,0,0,0,1,Nil,FALSE,639,Nil
6397,NIL,NIL,LEAF/Corteva - Resilient & Ready,Nil,Nil,,0,0,0,1,Nil,FALSE,6397,Nil
64,NIL,NIL,The University of Buckingham,Nil,Nil,,0,0,0,7,Nil,FALSE,64,Nil
6403,NIL,NIL,Paula Morris,Nil,Nil,,0,136.67,0,2,Nil,FALSE,6403,Nil
6404,NIL,NIL,Ilkley Baptist Church,Nil,Nil,,0,18.33,0,2,Nil,FALSE,6404,Nil
6405,NIL,NIL,Gold Coast United FC,Nil,Nil,,0,0,0,1,Nil,FALSE,6405,Nil
6407,NIL,NIL,Ladies Lunch,Nil,Nil,,0,42.11,0,1,Nil,FALSE,6407,Nil
6409,NIL,NIL,Willesden Audax,Nil,Nil,,0,245.38,0,2,Nil,FALSE,6409,Nil
641,NIL,NIL,PHS Prom,Nil,Nil,,0,0,0,1,Nil,FALSE,641,Nil
6411,NIL,NIL,Zala Wellbeing,Nil,Nil,,0,13.83,0,2,Nil,FALSE,6411,Nil
6413,NIL,NIL,Friends of Eckington School,Nil,Nil,,0,84.21,0,2,Nil,FALSE,6413,Nil
642,NIL,NIL,I Wish I Didn't Quit,Nil,Nil,,0,0,0,1,Nil,FALSE,642,Nil
6430,NIL,NIL,TogetherWeCIC,Nil,Nil,,0,0,0,1,Nil,FALSE,6430,Nil
6431,NIL,Tier 2,Facing the Past,Nil,Tier 5,,0,52.17,6,4,Nil,FALSE,6431,Nil
6432,NIL,Tier 3,The Scrummers,Nil,Tier 4,,0,778.36,0,3,Nil,FALSE,6432,Nil
6445,NIL,NIL,Parents Association of Beechwood Sacred Heart School,Nil,Nil,,0,372,0,2,Nil,FALSE,6445,Nil
6447,NIL,High Value,Swim England London,Nil,Tier 2,,0,3349.92,0,3,Nil,FALSE,6447,Nil
6449,NIL,NIL,FFCC Tania,Nil,Nil,,0,0,0,1,Nil,FALSE,6449,Nil
6452,NIL,NIL,Helmsley Walled Garden,Nil,Nil,,0,570.18,0,3,Nil,FALSE,6452,Nil
6459,NIL,NIL,Aldineia Ton,Nil,Nil,,0,95.88,0,1,Nil,FALSE,6459,Nil
6462,NIL,NIL,Lourdes CAFt,Nil,Nil,,0,0,0,2,Nil,FALSE,6462,Nil
6463,NIL,Tier 3,Dar ur Rabi',Nil,Tier 5,,0,88,0,2,Nil,FALSE,6463,Nil
6468,NIL,Tier 2,Wellingborough Musical Theatre Society,Nil,Tier 5,,0,208.29,0,2,Nil,FALSE,6468,Nil
6470,NIL,NIL,Aylesbury Indian community,Nil,Nil,,0,68.54,0,1,Nil,FALSE,6470,Nil
6473,NIL,NIL,National Association of Choirs,Nil,Nil,,0,1.7,0,1,Nil,FALSE,6473,Nil
6476,NIL,Tier 2,LP PSC,Nil,Tier 5,,0,48.5,0,2,Nil,FALSE,6476,Nil
6478,NIL,NIL,Mason,Nil,Nil,,0,7.5,0,1,Nil,FALSE,6478,Nil
6486,NIL,NIL,Blaydon Red Kites,Nil,Nil,,0,14.25,0,1,Nil,FALSE,6486,Nil
6488,NIL,NIL,Rosebuds Events,Nil,Nil,,0,68.5,0,2,Nil,FALSE,6488,Nil
649,NIL,NIL,Wim Leavers 2018,Nil,Nil,,0,213.67,0,1,Nil,FALSE,649,Nil
6494,NIL,NIL,South Brent Amateur Dramatic Society,Nil,Nil,,0,0,0,1,Nil,FALSE,6494,Nil
6496,NIL,NIL,Holme Grange PAA OLD,Nil,Nil,,0,1592.39,0,3,Nil,FALSE,6496,Nil
65,NIL,NIL,Hawthorn Press,Nil,Nil,,0,40.74,0,2,Nil,FALSE,65,Nil
6501,NIL,NIL,Ryan123,Nil,Nil,,0,1,0,1,Nil,FALSE,6501,Nil
6505,NIL,NIL,UK LORRAINE test account,Nil,Nil,,0,0,0,2,Nil,FALSE,6505,Nil
6509,NIL,NIL,Surrey County ASA,Nil,Nil,,0,230.12,0,1,Nil,FALSE,6509,Nil
6511,NIL,NIL,PGE Awards UK,Nil,Nil,,0,8.58,0,1,Nil,FALSE,6511,Nil
6520,NIL,NIL,LozzFest,Nil,Nil,,0,0,0,1,Nil,FALSE,6520,Nil
6523,NIL,NIL,St Wilfrid`s,Nil,Nil,,0,71.18,0,1,Nil,FALSE,6523,Nil
6552,NIL,NIL,Festive Freedom,Nil,Nil,,0,63.25,0,1,Nil,FALSE,6552,Nil
6553,NIL,Tier 3,Park Farm,Nil,Free,,0,0,0,2,Nil,FALSE,6553,Nil
6555,NIL,NIL,God for All  Digital Support,Nil,Nil,,0,0,0,1,Nil,FALSE,6555,Nil
6562,NIL,NIL,llove,Nil,Nil,,0,0.67,0,1,Nil,FALSE,6562,Nil
6573,NIL,NIL,klovi event,Nil,Nil,,0,0,0,1,Nil,FALSE,6573,Nil
6577,NIL,NIL,Admissions Holmewood House,Nil,Nil,,0,0,0,1,Nil,FALSE,6577,Nil
658,NIL,NIL,MBC,Nil,Nil,,0,0.13,0,1,Nil,FALSE,658,Nil
6583,NIL,NIL,noudel,Nil,Nil,,0,0,0,1,Nil,FALSE,6583,Nil
6587,NIL,NIL,Spanglish In The City,Nil,Nil,,0,56.25,0,2,Nil,FALSE,6587,Nil
659,NIL,NIL,International Culture and Arts Exchange London,Nil,Nil,,0,348.21,0,1,Nil,FALSE,659,Nil
6599,NIL,NIL,Pippin2018,Nil,Nil,,0,94.87,0,1,Nil,FALSE,6599,Nil
66,NIL,NIL,Merchant Taylors Boys' School,Nil,Nil,,0,0,0,5,Nil,FALSE,66,Nil
6600,NIL,NIL,GRACE,Nil,Nil,,0,108.33,0,1,Nil,FALSE,6600,Nil
6609,NIL,NIL,June Le Fevre (BCOS),Nil,Nil,,0,50.71,0,2,Nil,FALSE,6609,Nil
661,NIL,NIL,Account Deleted,Nil,Nil,,0,18.6,0,1,Nil,FALSE,661,Nil
6613,NIL,NIL,Being In Your Element,Nil,Nil,,0,70.52,0,3,Nil,FALSE,6613,Nil
6615,NIL,NIL,Senior Team,Nil,Nil,,0,232.39,0,2,Nil,FALSE,6615,Nil
6616,NIL,NIL,City of Expertise,Nil,Nil,,0,58.54,0,2,Nil,FALSE,6616,Nil
6618,NIL,NIL,GM2LF Big Local Big Feed,Nil,Nil,,0,0,0,1,Nil,FALSE,6618,Nil
662,NIL,NIL,Haberdasher’s Aske’s Old Girls Club,Nil,Nil,,0,11.04,0,1,Nil,FALSE,662,Nil
6620,NIL,NIL,Caroline Allen,Nil,Nil,,0,25.03,0,3,Nil,FALSE,6620,Nil
6621,NIL,NIL,Cheap Shots,Nil,Nil,,0,48.54,0,1,Nil,FALSE,6621,Nil
6622,NIL,NIL,Quality Time PA Services,Nil,Nil,,0,5.62,0,1,Nil,FALSE,6622,Nil
6627,NIL,Tier 1,Drayton Players,Nil,Tier 5,,0,29.51,0,3,Nil,FALSE,6627,Nil
6628,NIL,NIL,SMSP,Nil,Nil,,0,60.92,0,1,Nil,FALSE,6628,Nil
6636,NIL,NIL,Horndean Camera Club,Nil,Nil,,0,54.17,0,1,Nil,FALSE,6636,Nil
6638,NIL,NIL,Leah Mulliner,Nil,Nil,,0,0.62,0,2,Nil,FALSE,6638,Nil
6650,NIL,Tier 1,BLENNERHASSET & BAGGROW VILLAGE HALL,Nil,Tier 5,,0,47.04,0,3,Nil,FALSE,6650,Nil
6651,NIL,NIL,Y5 Prep Parents,Nil,Nil,,0,74.3,0,1,Nil,FALSE,6651,Nil
6653,NIL,NIL,Kathryn Cleary,Nil,Nil,,0,0,0,2,Nil,FALSE,6653,Nil
6655,NIL,NIL,MJ's Back to the 70's & 80's,Nil,Nil,,0,0.13,0,1,Nil,FALSE,6655,Nil
6657,NIL,NIL,The Flower Bowl Entertainment Centre,Nil,Nil,,0,29.71,0,1,Nil,FALSE,6657,Nil
6658,NIL,NIL,South Brent Amateur Dramatic Society,Nil,Nil,,0,0,0,1,Nil,FALSE,6658,Nil
6659,NIL,NIL,Worcester Community Trust,Nil,Nil,,0,145.89,0,2,Nil,FALSE,6659,Nil
666,NIL,NIL,Family Business United,Nil,Nil,,0,63.75,0,2,Nil,FALSE,666,Nil
6660,NIL,NIL,Oya Tabag,Nil,Nil,,0,100,0,1,Nil,FALSE,6660,Nil
6661,NIL,NIL,SarahAfram0411,Nil,Nil,,0,4.67,0,1,Nil,FALSE,6661,Nil
6666,NIL,NIL,Channing0,Nil,Nil,,0,177.21,0,1,Nil,FALSE,6666,Nil
6668,NIL,NIL,Chippenham World Scout Jamboree Group,Nil,Nil,,0,42.17,0,2,Nil,FALSE,6668,Nil
6675,NIL,NIL,Rowsley Panto,Nil,Nil,,0,101.58,0,2,Nil,FALSE,6675,Nil
6676,NIL,NIL,Stourport Baptist Church,Nil,Nil,,0,33.46,0,2,Nil,FALSE,6676,Nil
6678,NIL,NIL,Yann Fayad,Nil,Nil,,0,132.71,0,2,Nil,FALSE,6678,Nil
6683,NIL,NIL,Icknield Primary School,Nil,Nil,,0,0,0,2,Nil,FALSE,6683,Nil
6692,NIL,NIL,Stadium Experience,Nil,Nil,,0,0,0,1,Nil,FALSE,6692,Nil
67,NIL,NIL,Synergia Coaching,Nil,Nil,,0,262.28,0,2,Nil,FALSE,67,Nil
670,NIL,NIL,LEAF (OPEN FARM SUNDAY),Nil,Nil,,0,12.08,0,3,Nil,FALSE,670,Nil
6704,NIL,NIL,SENstation,Nil,Nil,,0,181.9,0,2,Nil,FALSE,6704,Nil
6705,NIL,NIL,Newry City Tours,Nil,Nil,,0,5.25,0,1,Nil,FALSE,6705,Nil
671,NIL,NIL,Marr Musical Theatre,Nil,Nil,,0,335.62,0,2,Nil,FALSE,671,Nil
6710,NIL,NIL,Laudamus Chamber Choir,Nil,Nil,,0,29.92,0,2,Nil,FALSE,6710,Nil
6714,NIL,Tier 3,Long Eaton RFC,Nil,Tier 5,,0,531.63,0,3,Nil,FALSE,6714,Nil
672,NIL,NIL,Pick Everard,Nil,Nil,,0,142.96,0,2,Nil,FALSE,672,Nil
6723,NIL,Tier 3,Brynnau Primary PTA,Nil,Tier 5,,0,137.5,0,3,Nil,FALSE,6723,Nil
673,NIL,NIL,Neil Dennis,Nil,Nil,,0,4,0,3,Nil,FALSE,673,Nil
6737,NIL,NIL,The AMC,Nil,Nil,,0,57.25,0,2,Nil,FALSE,6737,Nil
677,NIL,NIL,Uncle Henry's,Nil,Nil,,0,4,0,2,Nil,FALSE,677,Nil
678,NIL,NIL,NORTHFIELD FARM,Nil,Nil,,0,0,0,3,Nil,FALSE,678,Nil
6782,NIL,NIL,Michael wells,Nil,Nil,,0,9,0,1,Nil,FALSE,6782,Nil
6784,NIL,NIL,The Stage Bloxburg,Nil,Nil,,0,0,0,1,Nil,FALSE,6784,Nil
6785,NIL,NIL,Ss Aidan & Oswald's RC Sacramental Programme,Nil,Nil,,0,0,0,2,Nil,FALSE,6785,Nil
679,NIL,NIL,HH Corbett & Son Rectory Farm  Epwell,Nil,Nil,,0,0,0,1,Nil,FALSE,679,Nil
68,NIL,NIL,MTGS Admissions,Nil,Nil,,0,437.42,0,5,Nil,FALSE,68,Nil
680,NIL,NIL,Cockerham Goats,Nil,Nil,,0,0,0,1,Nil,FALSE,680,Nil
6800,NIL,NIL,Sheela Hobden,Nil,Nil,,0,9.54,0,1,Nil,FALSE,6800,Nil
6810,NIL,NIL,New Dance Scopes,Nil,Nil,,0,0,0,1,Nil,FALSE,6810,Nil
6818,NIL,NIL,Diazo Cosmetics,Nil,Nil,,0,44,0,2,Nil,FALSE,6818,Nil
6819,NIL,Tier 2,Christmas Doo,Nil,Free,,0,0,0,3,Nil,FALSE,6819,Nil
6820,NIL,Tier 4,Bombast34,Nil,Free,,0,0,0,1,Nil,FALSE,6820,Nil
6822,NIL,NIL,Stonyhurst College,Nil,Nil,,0,0,0,1,Nil,FALSE,6822,Nil
683,NIL,NIL,BLACKBIRD FARMING,Nil,Nil,,0,0,0,1,Nil,FALSE,683,Nil
6831,NIL,Tier 3,Creative Image Studio,Nil,Tier 4,,0,512.53,0,4,Nil,FALSE,6831,Nil
6833,NIL,Tier 1,LinPetryNutrition,Nil,Tier 5,,0,21.21,0,2,Nil,FALSE,6833,Nil
6835,NIL,Tier 3,Galloway's,Nil,Tier 4,,0,149.72,0,4,Nil,FALSE,6835,Nil
6837,NIL,NIL,Noel Baker Academy,Nil,Nil,,0,543.17,0,1,Nil,FALSE,6837,Nil
684,NIL,NIL,MARR COLLEGE OPEN DAY,Nil,Nil,,0,2.54,0,1,Nil,FALSE,684,Nil
6842,NIL,Tier 3,Jeremy Shires,Nil,Tier 5,,0,194.21,0,3,Nil,FALSE,6842,Nil
6844,NIL,NIL,Young Bristol,Nil,Nil,,0,76.71,0,2,Nil,FALSE,6844,Nil
6845,NIL,Tier 3,St Leonards Drama Department,Nil,Free,,0,0,0,3,Nil,FALSE,6845,Nil
6848,NIL,NIL,Oxford Plastic Surgery Consultants Club,Nil,Nil,,0,33,0,2,Nil,FALSE,6848,Nil
685,NIL,NIL,Nonington Farms,Nil,Nil,,0,0,0,1,Nil,FALSE,685,Nil
6852,NIL,Tier 3,SWPS,Nil,Tier 4,,0,111.96,0,4,Nil,FALSE,6852,Nil
6853,NIL,NIL,Rotary in Alloway,Nil,Nil,,0,114.58,0,1,Nil,FALSE,6853,Nil
6856,NIL,NIL,Pit Farm Tennis Club,Nil,Nil,,0,96.5,0,2,Nil,FALSE,6856,Nil
6857,NIL,NIL,Avon Scouts Hillwalking Unit,Nil,Nil,,0,0,0,1,Nil,FALSE,6857,Nil
6859,NIL,NIL,Account Deleted,Nil,Nil,,0,81.67,0,2,Nil,FALSE,6859,Nil
686,NIL,NIL,St Paul's Juniors Parents Group,Nil,Nil,,0,379.71,0,2,Nil,FALSE,686,Nil
6866,NIL,NIL,dummy,Nil,Nil,,0,0,0,1,Nil,FALSE,6866,Nil
6867,NIL,NIL,Trust House Lancs,Nil,Nil,,0,158.59,0,2,Nil,FALSE,6867,Nil
687,NIL,NIL,Corra Foundation,Nil,Nil,,0,0,0,1,Nil,FALSE,687,Nil
6871,NIL,NIL,Grimsby Auditorium (LIVE),Nil,Nil,,0,0,0,1,Nil,FALSE,6871,Nil
6874,NIL,NIL,MHSF Development Office,Nil,Nil,,0,399.75,0,3,Nil,FALSE,6874,Nil
6876,NIL,NIL,Anya Abdulakh,Nil,Nil,,0,107.5,0,2,Nil,FALSE,6876,Nil
6878,NIL,NIL,Mark Lively,Nil,Nil,,0,198.63,0,2,Nil,FALSE,6878,Nil
6879,NIL,NIL,BCU Pakistan Society,Nil,Nil,,0,65.42,0,1,Nil,FALSE,6879,Nil
688,NIL,NIL,1st Malden Scouts,Nil,Nil,,0,3.11,0,1,Nil,FALSE,688,Nil
6886,NIL,NIL,ava gallery,Nil,Nil,,0,16.13,0,1,Nil,FALSE,6886,Nil
6888,NIL,NIL,S9 Reps,Nil,Nil,,0,37.37,0,1,Nil,FALSE,6888,Nil
6889,NIL,NIL,ESRM Supporters Club,Nil,Nil,,0,120.5,0,2,Nil,FALSE,6889,Nil
6891,NIL,High Value,TR Owners Club Ltd t/a TR Register,Nil,Tier 2,,0,5937.1,0,1,Nil,FALSE,6891,Nil
6895,NIL,NIL,Sittingbourne FC,Nil,Nil,,0,642.54,0,2,Nil,FALSE,6895,Nil
6899,NIL,NIL,St Andrews Coastal Rowing Club,Nil,Nil,,0,0,0,1,Nil,FALSE,6899,Nil
69,NIL,NIL,Merchant Taylors Girls School,Nil,Nil,,0,15.08,0,2,Nil,FALSE,69,Nil
690,NIL,NIL,Bird College Graduation Ball,Nil,Nil,,0,430.33,0,1,Nil,FALSE,690,Nil
691,NIL,NIL,GWC93,Nil,Nil,,0,56.38,0,1,Nil,FALSE,691,Nil
6911,NIL,NIL,Leavenheath Events,Nil,Nil,,0,2.63,0,1,Nil,FALSE,6911,Nil
6913,NIL,NIL,Oakwood,Nil,Nil,,0,0,0,1,Nil,FALSE,6913,Nil
6920,NIL,NIL,Creative Creations Essex,Nil,Nil,,0,20.71,0,1,Nil,FALSE,6920,Nil
6921,NIL,NIL,Kirkby Lonsdale CIC,Nil,Nil,,0,0,0,1,Nil,FALSE,6921,Nil
6923,NIL,NIL,Stagecoach Market Harborough,Nil,Nil,,0,72,0,1,Nil,FALSE,6923,Nil
6924,NIL,NIL,GrapeFriends,Nil,Nil,,0,12.08,0,1,Nil,FALSE,6924,Nil
6927,NIL,NIL,HSTAR Scotland (SC051334),Nil,Nil,,0,0.29,0,1,Nil,FALSE,6927,Nil
6928,NIL,NIL,Halton Farnworth Hornets,Nil,Nil,,0,36.5,0,1,Nil,FALSE,6928,Nil
6937,NIL,NIL,RestoreYou / WhatsEatingYou,Nil,Nil,,0,57.71,0,2,Nil,FALSE,6937,Nil
6942,NIL,NIL,Oysterboat Terror,Nil,Nil,,0,0,0,1,Nil,FALSE,6942,Nil
6947,NIL,NIL,Planet Phizzog,Nil,Nil,,0,148,0,2,Nil,FALSE,6947,Nil
6956,NIL,NIL,Jane's Training Dashboard,Nil,Nil,,0,0.62,0,2,Nil,FALSE,6956,Nil
6957,NIL,NIL,The Cookery School at MSJ,Nil,Nil,,0,72.23,0,2,Nil,FALSE,6957,Nil
6958,NIL,NIL,Raise Events,Nil,Nil,,0,92.5,0,2,Nil,FALSE,6958,Nil
6960,NIL,NIL,Scout Adventures,Nil,Nil,,0,0,0,1,Nil,FALSE,6960,Nil
6961,NIL,NIL,Chase Swimming Club,Nil,Nil,,0,535.43,0,3,Nil,FALSE,6961,Nil
6965,NIL,NIL,Hurlingham School,Nil,Nil,,0,0,0,2,Nil,FALSE,6965,Nil
6967,NIL,Tier 3,Kendal Rocks,Nil,Tier 4,,0,386.98,0,4,Nil,FALSE,6967,Nil
697,NIL,NIL,River Croft - Open Farm Sunday 2018,Nil,Nil,,0,0,0,2,Nil,FALSE,697,Nil
6971,NIL,NIL,Raise your Voice,Nil,Nil,,0,177.75,0,2,Nil,FALSE,6971,Nil
6976,NIL,NIL,Year 7 class of 2029,Nil,Nil,,0,96.08,0,2,Nil,FALSE,6976,Nil
6981,NIL,NIL,Finton House School,Nil,Nil,,0,0,0,2,Nil,FALSE,6981,Nil
6987,NIL,NIL,Harrow School Enterprises Ltd,Nil,Nil,,0,0,0,3,Nil,FALSE,6987,Nil
6999,NIL,NIL,League Nzango Sport UK,Nil,Nil,,0,2.71,0,2,Nil,FALSE,6999,Nil
70,NIL,NIL,Positive Schools,Nil,Nil,,0,13.32,0,1,Nil,FALSE,70,Nil
7000,NIL,NIL,Dimension Creative,Nil,Nil,,0,0,0,1,Nil,FALSE,7000,Nil
7002,NIL,Tier 3,Bowness Bay Brewing,Nil,Tier 5,,0,283.5,0,3,Nil,FALSE,7002,Nil
7005,NIL,NIL,Sherborne School (STR),Nil,Nil,,0,357.5,0,2,Nil,FALSE,7005,Nil
7009,NIL,NIL,THMSF,Nil,Nil,,0,42.5,0,1,Nil,FALSE,7009,Nil
7012,NIL,NIL,Marple Hall School,Nil,Nil,,0,124.08,0,2,Nil,FALSE,7012,Nil
702,NIL,NIL,The Treatment Space,Nil,Nil,,0,2.71,0,1,Nil,FALSE,702,Nil
7039,NIL,Tier 3,St. Joseph's Catholic Primary School,Nil,Free,,0,0,0,3,Nil,FALSE,7039,Nil
704,NIL,NIL,The MintWorks,Nil,Nil,,0,0,0,1,Nil,FALSE,704,Nil
7042,NIL,Tier 2,Unique Ladies South Lakes,Nil,Tier 5,,0,196.79,0,4,Nil,FALSE,7042,Nil
7047,NIL,NIL,Abha Agarwal,Nil,Nil,,0,8,0,1,Nil,FALSE,7047,Nil
705,NIL,NIL,Asney Park Farm,Nil,Nil,,0,0,0,1,Nil,FALSE,705,Nil
7057,NIL,NIL,Amnesty Central England,Nil,Nil,,0,41.17,0,2,Nil,FALSE,7057,Nil
706,NIL,NIL,Dramarama,Nil,Nil,,0,55.47,0,1,Nil,FALSE,706,Nil
7065,NIL,NIL,PrimaGrand 2022,Nil,Nil,,0,52.17,0,1,Nil,FALSE,7065,Nil
7066,NIL,NIL,Kingswood Pantomime,Nil,Nil,,0,85.25,0,1,Nil,FALSE,7066,Nil
7067,NIL,NIL,The Scrapyard Fighting Championship,Nil,Nil,,0,0.33,0,1,Nil,FALSE,7067,Nil
7069,NIL,NIL,bsh,Nil,Nil,,0,0,0,2,Nil,FALSE,7069,Nil
707,NIL,NIL,Isle of Man Wind Orchestra,Nil,Nil,,0,61.02,0,3,Nil,FALSE,707,Nil
7070,NIL,NIL,Merton Junior School,Nil,Nil,,0,0,0,1,Nil,FALSE,7070,Nil
7076,NIL,NIL,Account Deleted,Nil,Nil,,0,24.21,0,2,Nil,FALSE,7076,Nil
708,NIL,NIL,Goose Meadow Farming Limited,Nil,Nil,,0,0,0,1,Nil,FALSE,708,Nil
7081,NIL,NIL,Liam Munro,Nil,Nil,,0,53.83,0,2,Nil,FALSE,7081,Nil
709,NIL,NIL,Digital Lancashire,Nil,Nil,,0,0,0,1,Nil,FALSE,709,Nil
7090,NIL,NIL,Bancroft's School,Nil,Nil,,0,0,0,1,Nil,FALSE,7090,Nil
7096,NIL,NIL,Carry Hornby,Nil,Nil,,0,0.5,0,1,Nil,FALSE,7096,Nil
7099,NIL,NIL,Raphael Kaye,Nil,Nil,,0,0,0,1,Nil,FALSE,7099,Nil
71,NIL,NIL,Radiopedia Events,Nil,Nil,,0,424.62,0,3,Nil,FALSE,71,Nil
711,NIL,NIL,Islwyn High School - Beauty and the Beast,Nil,Nil,,0,337.65,0,2,Nil,FALSE,711,Nil
7115,NIL,NIL,TheValleySchoolsTrustBookings,Nil,Nil,,0,0,0,1,Nil,FALSE,7115,Nil
7117,NIL,NIL,Titan Fitness - Kids & Teens,Nil,Nil,,0,0,0,1,Nil,FALSE,7117,Nil
7124,NIL,NIL,Reddiford School,Nil,Nil,,0,0,0,1,Nil,FALSE,7124,Nil
7128,NIL,NIL,Inverness Athletic Football Club,Nil,Nil,,0,202.42,0,2,Nil,FALSE,7128,Nil
7133,NIL,NIL,Tetyana Zahrebelna,Nil,Nil,,0,83.21,0,2,Nil,FALSE,7133,Nil
7140,NIL,NIL,NCRW,Nil,Nil,,0,2.37,0,1,Nil,FALSE,7140,Nil
7158,NIL,NIL,UK & Ireland Events LTD,Nil,Nil,,0,348.25,0,2,Nil,FALSE,7158,Nil
7171,NIL,NIL,Lakeland Store Windermere,Nil,Nil,,0,0,0,1,Nil,FALSE,7171,Nil
7173,NIL,NIL,Stine hospitality Ltd @Stockyard,Nil,Nil,,0,135.88,0,2,Nil,FALSE,7173,Nil
7174,NIL,NIL,The Libertine,Nil,Nil,,0,25.46,0,1,Nil,FALSE,7174,Nil
7176,NIL,NIL,FYA Festival,Nil,Nil,,0,939.46,0,1,Nil,FALSE,7176,Nil
7181,NIL,Tier 2,Marie Curie Research Conference 2023,Nil,Tier 5,,0,67.37,0,2,Nil,FALSE,7181,Nil
719,NIL,NIL,Ric Caunce,Nil,Nil,,0,75,0,4,Nil,FALSE,719,Nil
7198,NIL,NIL,Hidden Treasure Ltd,Nil,Nil,,0,2.21,0,2,Nil,FALSE,7198,Nil
720,NIL,NIL,Colyton Grammar School Parents' Association,Nil,Nil,,0,26.82,0,1,Nil,FALSE,720,Nil
7206,NIL,NIL,The Walker Ground,Nil,Nil,,0,63.92,0,1,Nil,FALSE,7206,Nil
721,NIL,Tier 1,Role,Nil,Tier 5,,0,34.04,7,4,Nil,FALSE,721,Nil
722,NIL,NIL,Furbabies First Aid,Nil,Nil,,0,165.33,0,3,Nil,FALSE,722,Nil
7226,NIL,NIL,Amnesty UK,Nil,Nil,,0,6.29,0,1,Nil,FALSE,7226,Nil
7228,NIL,NIL,Janet Holt,Nil,Nil,,0,270.21,0,2,Nil,FALSE,7228,Nil
723,NIL,NIL,The Montes Method,Nil,Nil,,0,56.71,0,1,Nil,FALSE,723,Nil
7233,NIL,NIL,Goodwin Talent Agency,Nil,Nil,,0,7.29,0,1,Nil,FALSE,7233,Nil
7236,NIL,NIL,Elizabeth Wallis - Outdoor Activities,Nil,Nil,,0,0,0,1,Nil,FALSE,7236,Nil
724,NIL,NIL,JRB Wilson & Sons,Nil,Nil,,0,0,0,1,Nil,FALSE,724,Nil
7240,NIL,NIL,RamJam Promotions,Nil,Nil,,0,12.65,0,1,Nil,FALSE,7240,Nil
7245,NIL,NIL,The Hertfordshire Event Planners,Nil,Nil,,0,14.67,0,1,Nil,FALSE,7245,Nil
7251,NIL,NIL,Heathers  Northampton.,Nil,Nil,,0,0,0,2,Nil,FALSE,7251,Nil
726,NIL,NIL,Rebel King Promotions,Nil,Nil,,0,1648.6,0,4,Nil,FALSE,726,Nil
7260,NIL,NIL,maid in scotland,Nil,Nil,,0,4.87,0,1,Nil,FALSE,7260,Nil
7265,NIL,Tier 3,Destination Coventry,Nil,Free,,0,0,0,2,Nil,FALSE,7265,Nil
7266,NIL,NIL,AF Events,Nil,Nil,,0,344.17,0,1,Nil,FALSE,7266,Nil
727,NIL,NIL,Churches Conservation Trust Lancaster Priory Concert,Nil,Nil,,0,4.54,0,1,Nil,FALSE,727,Nil
7272,NIL,NIL,Ysgol Llanfyllin,Nil,Nil,,0,223.54,0,1,Nil,FALSE,7272,Nil
7274,NIL,Tier 3,Caroline Butler School of Dance,Nil,Tier 4,,0,330.62,0,2,Nil,FALSE,7274,Nil
7275,NIL,NIL,Jaguar Spares Day,Nil,Nil,,0,238.78,0,1,Nil,FALSE,7275,Nil
7277,NIL,NIL,Pop Up Learning,Nil,Nil,,0,54.21,0,1,Nil,FALSE,7277,Nil
7278,NIL,NIL,Sabiha Bari,Nil,Nil,,0,0,0,1,Nil,FALSE,7278,Nil
728,NIL,NIL,SPJ Parents Group,Nil,Nil,,0,209.58,0,2,Nil,FALSE,728,Nil
7280,NIL,NIL,Brushwood PTA,Nil,Nil,,0,230.33,0,1,Nil,FALSE,7280,Nil
729,NIL,NIL,Nottingham High Infant & Junior School,Nil,Nil,,0,11.96,0,3,Nil,FALSE,729,Nil
7291,NIL,NIL,King Solomon High School,Nil,Nil,,0,0.25,0,1,Nil,FALSE,7291,Nil
7293,NIL,Tier 2,Anglican Network in Europe,Nil,Free,,0,0,0,2,Nil,FALSE,7293,Nil
7299,NIL,NIL,St Andrews PTA,Nil,Nil,,0,433.81,0,2,Nil,FALSE,7299,Nil
73,NIL,NIL,Cedars Theatre Company,Nil,Nil,,0,19.58,0,1,Nil,FALSE,73,Nil
730,NIL,NIL,Westfield Farm - Open Farm,Nil,Nil,,0,0,0,3,Nil,FALSE,730,Nil
7303,NIL,Tier 2,Joanna Gilbert,Nil,Tier 4,,0,952.62,0,2,Nil,FALSE,7303,Nil
7308,NIL,NIL,Alienor,Nil,Nil,,0,0,0,1,Nil,FALSE,7308,Nil
731,NIL,NIL,Trek And Tuck,Nil,Nil,,0,18.37,0,2,Nil,FALSE,731,Nil
7311,NIL,NIL,Thatplannergirl,Nil,Nil,,0,81.46,0,1,Nil,FALSE,7311,Nil
7314,NIL,NIL,Save Ruskin's View,Nil,Nil,,0,382.83,0,2,Nil,FALSE,7314,Nil
7315,NIL,NIL,RSUK,Nil,Nil,,0,5,0,1,Nil,FALSE,7315,Nil
7320,NIL,Tier 2,North Yorkshire Rope,Nil,Tier 5,,0,177.43,0,2,Nil,FALSE,7320,Nil
7325,NIL,NIL,Account Deleted,Nil,Nil,,0,803.37,0,1,Nil,FALSE,7325,Nil
7326,NIL,NIL,Shrewsbury House Association,Nil,Nil,,0,93.28,0,1,Nil,FALSE,7326,Nil
7329,NIL,NIL,Penguin Events,Nil,Nil,,0,789.46,0,1,Nil,FALSE,7329,Nil
7331,NIL,NIL,Farringtons Parents Association,Nil,Nil,,0,36.75,0,1,Nil,FALSE,7331,Nil
7333,NIL,NIL,Creation Mill CIC,Nil,Nil,,0,5.54,0,1,Nil,FALSE,7333,Nil
7337,NIL,NIL,Supper by sanah,Nil,Nil,,0,3.25,0,1,Nil,FALSE,7337,Nil
734,NIL,NIL,Whole In 1 Golf Events,Nil,Nil,,0,0,0,1,Nil,FALSE,734,Nil
7343,NIL,NIL,The Works Cycling Specialist,Nil,Nil,,0,0,0,1,Nil,FALSE,7343,Nil
7346,NIL,NIL,Helen Sayer,Nil,Nil,,0,70.21,0,1,Nil,FALSE,7346,Nil
7350,NIL,NIL,Friends of St Andrew's School,Nil,Nil,,0,82.04,0,2,Nil,FALSE,7350,Nil
7357,NIL,NIL,Dolly Tribute Night,Nil,Nil,,0,88.17,0,1,Nil,FALSE,7357,Nil
7358,NIL,NIL,Sally Holden,Nil,Nil,,0,0,0,2,Nil,FALSE,7358,Nil
736,NIL,NIL,Year 7 leavers party,Nil,Nil,,0,10.83,0,1,Nil,FALSE,736,Nil
7373,NIL,NIL,FOSS,Nil,Nil,,0,27.33,0,1,Nil,FALSE,7373,Nil
7375,NIL,NIL,Stafford Grammar School,Nil,Nil,,0,0,0,1,Nil,FALSE,7375,Nil
7378,NIL,NIL,Marathi Mandal Reading,Nil,Nil,,0,0,0,1,Nil,FALSE,7378,Nil
7379,NIL,NIL,Sort Your Shizzle Out Support Group,Nil,Nil,,0,3.79,0,1,Nil,FALSE,7379,Nil
7381,NIL,NIL,Amnesty Reading,Nil,Nil,,0,42,0,1,Nil,FALSE,7381,Nil
7394,NIL,NIL,GASS,Nil,Nil,,0,19.67,0,1,Nil,FALSE,7394,Nil
7396,NIL,NIL,The Toy Club,Nil,Nil,,0,31.43,0,1,Nil,FALSE,7396,Nil
74,NIL,NIL,Threedumb Theatre,Nil,Nil,,0,40.96,0,2,Nil,FALSE,74,Nil
7402,NIL,NIL,Fiona Pringle,Nil,Nil,,0,0,0,1,Nil,FALSE,7402,Nil
7407,NIL,NIL,Ewen Turner,Nil,Nil,,0,0,0,1,Nil,FALSE,7407,Nil
7414,NIL,Tier 2,Talk Lipoedema,Nil,Tier 5,,0,101.96,0,3,Nil,FALSE,7414,Nil
7415,NIL,Tier 3,St Christopher School,Nil,Tier 5,,0,71.62,0,1,Nil,FALSE,7415,Nil
7416,NIL,NIL,Austin Friars PTA,Nil,Nil,,0,488.29,0,1,Nil,FALSE,7416,Nil
7418,NIL,NIL,Physio & Therapies Ltd,Nil,Nil,,0,29.38,0,1,Nil,FALSE,7418,Nil
7419,NIL,NIL,Cumbrian Treasures,Nil,Nil,,0,1.08,0,1,Nil,FALSE,7419,Nil
742,NIL,NIL,UK Car Scene Shows One Love Charity Meet 2018,Nil,Nil,,0,27.17,0,1,Nil,FALSE,742,Nil
7420,NIL,NIL,Budleigh Big Cheese,Nil,Nil,,0,69.83,0,1,Nil,FALSE,7420,Nil
7422,NIL,NIL,Harwich & Parkeston,Nil,Nil,,0,109.83,0,1,Nil,FALSE,7422,Nil
7427,NIL,NIL,Artemis Gynaecology,Nil,Nil,,0,0,0,2,Nil,FALSE,7427,Nil
7428,NIL,NIL,Freelance Credit Control,Nil,Nil,,0,0,0,1,Nil,FALSE,7428,Nil
743,NIL,NIL,Greswold Primary School,Nil,Nil,,0,164.33,0,2,Nil,FALSE,743,Nil
7434,NIL,NIL,Elemental Adventures CIC,Nil,Nil,,0,4.92,0,1,Nil,FALSE,7434,Nil
7435,NIL,NIL,Wellspring Family Centre,Nil,Nil,,0,19.67,0,1,Nil,FALSE,7435,Nil
7438,NIL,Tier 2,Chiltern Academy School of Performing Arts,Nil,Tier 5,,0,86.65,0,2,Nil,FALSE,7438,Nil
7444,NIL,NIL,Account Deleted,Nil,Nil,,0,0,0,1,Nil,FALSE,7444,Nil
7445,NIL,NIL,The Moon on a Stick Ltd,Nil,Nil,,0,3.75,0,1,Nil,FALSE,7445,Nil
7447,NIL,NIL,SMUS-SPS Homework and GCSE Support Club,Nil,Nil,,0,0,0,1,Nil,FALSE,7447,Nil
745,NIL,NIL,London Gay Men's Chorus,Nil,Nil,,0,7750.17,0,5,Nil,FALSE,745,Nil
7470,NIL,Tier 3,The Holy Cross School - Performance Tickets,Nil,Tier 4,,0,443.28,0,2,Nil,FALSE,7470,Nil
7484,NIL,NIL,All Star Regionals,Nil,Nil,,0,9,0,1,Nil,FALSE,7484,Nil
7487,NIL,NIL,MQL STUDIO EVENTS,Nil,Nil,,0,0,0,1,Nil,FALSE,7487,Nil
7495,NIL,NIL,Noel Baker Academy,Nil,Nil,,0,216.21,0,2,Nil,FALSE,7495,Nil
7497,NIL,NIL,Estodent Ltd,Nil,Nil,,0,14.54,0,1,Nil,FALSE,7497,Nil
7498,NIL,NIL,Scot Clb,Nil,Nil,,0,0.58,0,1,Nil,FALSE,7498,Nil
75,NIL,NIL,Awakenings Events,Nil,Nil,,0,66.5,0,1,Nil,FALSE,75,Nil
750,NIL,NIL,HHBK Services,Nil,Nil,,0,0,0,1,Nil,FALSE,750,Nil
7500,NIL,NIL,DTA Dogs UK,Nil,Nil,,0,40.79,0,1,Nil,FALSE,7500,Nil
7504,NIL,Tier 2,St Leonards Summer School,Nil,Tier 5,,0,131.88,0,2,Nil,FALSE,7504,Nil
7506,NIL,NIL,Gemini Reunion May 2023,Nil,Nil,,0,558.67,0,1,Nil,FALSE,7506,Nil
7507,NIL,NIL,Susan Ryrie Therapies,Nil,Nil,,0,3.88,0,2,Nil,FALSE,7507,Nil
7509,NIL,NIL,Revitalising Redesdale,Nil,Nil,,0,0,0,1,Nil,FALSE,7509,Nil
7510,NIL,NIL,North West Singing Partnership,Nil,Nil,,0,43.25,0,1,Nil,FALSE,7510,Nil
7512,NIL,NIL,MABY Birmingham,Nil,Nil,,0,69.43,0,1,Nil,FALSE,7512,Nil
7517,NIL,NIL,Charley Roberts,Nil,Nil,,0,19.88,0,1,Nil,FALSE,7517,Nil
7520,NIL,NIL,4250 Party,Nil,Nil,,0,0,0,1,Nil,FALSE,7520,Nil
7521,NIL,NIL,Burton Morewood School,Nil,Nil,,0,52.46,0,1,Nil,FALSE,7521,Nil
7525,NIL,NIL,St Michael's Catholic Primary School,Nil,Nil,,0,0,0,1,Nil,FALSE,7525,Nil
7528,NIL,NIL,FriendsOfDucks,Nil,Nil,,0,57.79,0,1,Nil,FALSE,7528,Nil
7538,NIL,NIL,University of Roehampton: Primary ITE,Nil,Nil,,0,0,0,1,Nil,FALSE,7538,Nil
7545,NIL,Tier 3,Penrith Rotary,Nil,Tier 4,,0,503.62,0,3,Nil,FALSE,7545,Nil
7547,NIL,Tier 2,Marine Park PTA,Nil,Tier 5,,0,98.79,0,2,Nil,FALSE,7547,Nil
7548,NIL,NIL,Realise HR,Nil,Nil,,0,0,0,1,Nil,FALSE,7548,Nil
7549,NIL,NIL,Double H Nurseries Ltd,Nil,Nil,,0,0,0,1,Nil,FALSE,7549,Nil
7555,NIL,NIL,Storywheel,Nil,Nil,,0,2.04,0,1,Nil,FALSE,7555,Nil
756,NIL,NIL,Winter Gardens Blackpool,Nil,Nil,,0,811.17,0,1,Nil,FALSE,756,Nil
7560,NIL,NIL,SJGW Associates Ltd,Nil,Nil,,0,0,0,1,Nil,FALSE,7560,Nil
7563,NIL,NIL,Florence Cain,Nil,Nil,,0,57.46,0,1,Nil,FALSE,7563,Nil
7565,NIL,NIL,Chartered Institute of Fundraising Scotland,Nil,Nil,,0,0,0,1,Nil,FALSE,7565,Nil
7567,NIL,NIL,Lake District Estates Co Ltd,Nil,Nil,,0,49.54,0,1,Nil,FALSE,7567,Nil
7577,NIL,NIL,The Hospice Hog and Hoedown,Nil,Nil,,0,74.67,0,1,Nil,FALSE,7577,Nil
7579,NIL,NIL,Sam Sutton,Nil,Nil,,0,0,0,1,Nil,FALSE,7579,Nil
7583,NIL,NIL,MTS Phab,Nil,Nil,,0,99.87,0,1,Nil,FALSE,7583,Nil
7584,NIL,NIL,Emilia Hewlett,Nil,Nil,,0,37.79,0,1,Nil,FALSE,7584,Nil
7586,NIL,NIL,Riverside Pottery,Nil,Nil,,0,435.46,0,1,Nil,FALSE,7586,Nil
7587,NIL,Tier 1,Sheila D,Nil,Tier 5,,0,0.25,7,4,Nil,FALSE,7587,Nil
7589,NIL,NIL,Darussalam Youth,Nil,Nil,,0,335.58,0,1,Nil,FALSE,7589,Nil
7594,NIL,NIL,Jez Nash,Nil,Nil,,0,0,0,1,Nil,FALSE,7594,Nil
7595,NIL,NIL,LFA,Nil,Nil,,0,42.12,0,1,Nil,FALSE,7595,Nil
7596,NIL,Tier 2,Drumburn Ladies,Nil,Tier 5,,0,104.05,0,2,Nil,FALSE,7596,Nil
7597,NIL,NIL,Dili,Nil,Nil,,0,0,0,1,Nil,FALSE,7597,Nil
7599,NIL,NIL,BRIGHT INSIGHT IDEAS,Nil,Nil,,0,0,0,1,Nil,FALSE,7599,Nil
760,NIL,NIL,Anna's Travels,Nil,Nil,,0,1.08,0,1,Nil,FALSE,760,Nil
7605,NIL,NIL,Infinity apartments party pads,Nil,Nil,,0,1.63,0,1,Nil,FALSE,7605,Nil
7608,NIL,NIL,Zahra Kamali,Nil,Nil,,0,0,0,1,Nil,FALSE,7608,Nil
7612,NIL,NIL,Hoopers Farm/Meadow Flower Co,Nil,Nil,,0,0,0,1,Nil,FALSE,7612,Nil
7616,NIL,NIL,Harmony One,Nil,Nil,,0,23.75,0,1,Nil,FALSE,7616,Nil
7621,NIL,NIL,Causeway Neurodiversity,Nil,Nil,,0,26.5,0,1,Nil,FALSE,7621,Nil
7625,NIL,NIL,Regina50*,Nil,Nil,,0,57.13,0,1,Nil,FALSE,7625,Nil
7627,NIL,Tier 3,Glisky,Nil,Tier 4,,0,679.49,0,2,Nil,FALSE,7627,Nil
7628,NIL,NIL,Battersea Power Station,Nil,Nil,,0,156.79,0,1,Nil,FALSE,7628,Nil
763,NIL,NIL,Broadland District Council,Nil,Nil,,0,5.77,0,1,Nil,FALSE,763,Nil
7636,NIL,NIL,Kathryn Burgess,Nil,Nil,,0,0,0,1,Nil,FALSE,7636,Nil
7639,NIL,NIL,Sheffield Hallam Events,Nil,Nil,,0,0,0,1,Nil,FALSE,7639,Nil
7641,NIL,NIL,Midget & Sprite Club,Nil,Nil,,0,112.42,0,1,Nil,FALSE,7641,Nil
7649,NIL,NIL,Bolton Macmillan,Nil,Nil,,0,0,0,1,Nil,FALSE,7649,Nil
7651,NIL,NIL,Halton Farms Ltd,Nil,Nil,,0,0,0,1,Nil,FALSE,7651,Nil
7654,NIL,NIL,Account Deleted,Nil,Nil,,0,0,0,1,Nil,FALSE,7654,Nil
7662,NIL,NIL,Beatrice Woods & Johnny Haxhiasllani,Nil,Nil,,0,33.54,0,1,Nil,FALSE,7662,Nil
7663,NIL,NIL,Relax and Connect,Nil,Nil,,0,2.33,0,1,Nil,FALSE,7663,Nil
7669,NIL,NIL,Ecuador Fundraiser,Nil,Nil,,0,10.57,0,1,Nil,FALSE,7669,Nil
767,NIL,NIL,Suffolk Soul Singers,Nil,Nil,,0,64.46,0,1,Nil,FALSE,767,Nil
7670,NIL,NIL,Parkside Year 8 Leavers Concert,Nil,Nil,,0,212.33,0,1,Nil,FALSE,7670,Nil
7671,NIL,NIL,Royal Kings Arms Hotel Lancaster,Nil,Nil,,0,129.95,0,1,Nil,FALSE,7671,Nil
7677,NIL,Tier 3,Cymuned Y Ddraig PTA,Nil,Tier 5,,0,143.55,0,2,Nil,FALSE,7677,Nil
768,NIL,NIL,Equine Kind,Nil,Nil,,0,18.87,0,2,Nil,FALSE,768,Nil
7687,NIL,NIL,Cadishead Rhinos,Nil,Nil,,0,22.75,0,1,Nil,FALSE,7687,Nil
769,NIL,NIL,Lancaster & Fleetwood Labour,Nil,Nil,,0,57.42,0,2,Nil,FALSE,769,Nil
7691,NIL,NIL,Buildwas Village Hall,Nil,Nil,,0,0,0,1,Nil,FALSE,7691,Nil
7693,NIL,NIL,Puppy school lancaster and morecambe,Nil,Nil,,0,19.38,0,1,Nil,FALSE,7693,Nil
77,NIL,NIL,St Leonards Alumni,Nil,Nil,,0,572.83,0,5,Nil,FALSE,77,Nil
7700,NIL,NIL,Prom,Nil,Nil,,0,200.96,0,1,Nil,FALSE,7700,Nil
7702,NIL,NIL,Faniry sinclair,Nil,Nil,,0,25.83,0,1,Nil,FALSE,7702,Nil
7703,NIL,Tier 2,Sarah Tillyer,Nil,Tier 5,,0,40.74,0,2,Nil,FALSE,7703,Nil
7704,NIL,NIL,Margent Farm Ltd,Nil,Nil,,0,92,0,2,Nil,FALSE,7704,Nil
7707,NIL,NIL,Peckforton and Beeston Village Hall,Nil,Nil,,0,2.92,0,1,Nil,FALSE,7707,Nil
7710,NIL,NIL,Ellis Haddrell,Nil,Nil,,0,0,0,1,Nil,FALSE,7710,Nil
7713,NIL,NIL,SHERWIN MAU,Nil,Nil,,0,0,0,1,Nil,FALSE,7713,Nil
7715,NIL,Tier 3,Penrith Rotary Social,Nil,Tier 5,,0,24.17,0,3,Nil,FALSE,7715,Nil
7718,NIL,NIL,BNI Apollo Milton Keynes,Nil,Nil,,0,44.25,0,1,Nil,FALSE,7718,Nil
772,NIL,NIL,Little Anchors Baby Therapies,Nil,Nil,,0,26.51,0,1,Nil,FALSE,772,Nil
7720,NIL,NIL,GMC YOUTH,Nil,Nil,,0,0,0,1,Nil,FALSE,7720,Nil
7722,NIL,Tier 1,Clarissa K,Nil,Tier 5,,0,5.79,0,2,Nil,FALSE,7722,Nil
7724,NIL,Tier 3,The Story Pig,Nil,Tier 4,,0,502.8,0,2,Nil,FALSE,7724,Nil
7729,NIL,Tier 4,Rhos Orpheus Male Choir,Nil,Tier 4,,0,265.38,0,2,Nil,FALSE,7729,Nil
773,NIL,NIL,Blue Fire Theatre Co,Nil,Nil,,0,69.21,0,2,Nil,FALSE,773,Nil
7733,NIL,NIL,Osteoallies Events,Nil,Nil,,0,19.67,0,2,Nil,FALSE,7733,Nil
7734,NIL,NIL,Dogology Dogs Hertfordshire,Nil,Nil,,0,25.46,0,1,Nil,FALSE,7734,Nil
7736,NIL,NIL,Taunton School,Nil,Nil,,0,0,0,1,Nil,FALSE,7736,Nil
7741,NIL,NIL,Account Deleted,Nil,Nil,,0,0,0,1,Nil,FALSE,7741,Nil
7742,NIL,NIL,Mid Ulster Council,Nil,Nil,,0,0,0,1,Nil,FALSE,7742,Nil
7743,NIL,NIL,Croots Farm Shop,Nil,Nil,,0,145.54,0,1,Nil,FALSE,7743,Nil
775,NIL,NIL,NCO-GB,Nil,Nil,,0,4864.88,0,3,Nil,FALSE,775,Nil
7754,NIL,NIL,The Young Wild Brave Variety Show,Nil,Nil,,0,28.71,0,1,Nil,FALSE,7754,Nil
7756,NIL,Tier 1,Loving Presence,Nil,Tier 5,,0,12.29,0,1,Nil,FALSE,7756,Nil
7761,NIL,Tier 2,Going for Old,Nil,Free,,0,0,0,3,Nil,FALSE,7761,Nil
7763,NIL,Tier 2,Sonning PTA 100 Club,Nil,Tier 5,,0,55.37,0,2,Nil,FALSE,7763,Nil
777,NIL,NIL,Alison Lloyd,Nil,Nil,,0,37.12,0,1,Nil,FALSE,777,Nil
7771,NIL,NIL,Lepra,Nil,Nil,,0,0,0,2,Nil,FALSE,7771,Nil
7774,NIL,NIL,Sally Reid,Nil,Nil,,0,47.67,0,1,Nil,FALSE,7774,Nil
7779,NIL,NIL,SPGS UIV Parent Drinks,Nil,Nil,,0,81.67,0,1,Nil,FALSE,7779,Nil
7783,NIL,NIL,VBfunctionbar,Nil,Nil,,0,53.58,0,1,Nil,FALSE,7783,Nil
7784,NIL,NIL,Search4venues,Nil,Nil,,0,0,0,1,Nil,FALSE,7784,Nil
7786,NIL,NIL,Space for Nature,Nil,Nil,,0,145.42,0,1,Nil,FALSE,7786,Nil
7790,NIL,NIL,Chorley Help the Homeless,Nil,Nil,,0,40.33,0,1,Nil,FALSE,7790,Nil
7791,NIL,NIL,Kitebrook Preparatory School,Nil,Nil,,0,0,9,2,Nil,FALSE,7791,Nil
7792,NIL,NIL,West Buckland Activities,Nil,Nil,,0,197.71,0,2,Nil,FALSE,7792,Nil
7798,NIL,NIL,Abraham Trevilla,Nil,Nil,,0,30.75,0,1,Nil,FALSE,7798,Nil
7799,NIL,Tier 3,West Buckland School,Nil,Tier 4,,0,170.9,0,1,Nil,FALSE,7799,Nil
78,NIL,NIL,Account Deleted,Nil,Nil,,0,1619.32,0,7,Nil,FALSE,78,Nil
7800,NIL,NIL,WYD team,Nil,Nil,,0,21.75,0,1,Nil,FALSE,7800,Nil
7804,NIL,NIL,Herefordshire Samaritans,Nil,Nil,,0,97.75,0,1,Nil,FALSE,7804,Nil
7806,NIL,NIL,Hull Judo Club,Nil,Nil,,0,159.63,0,1,Nil,FALSE,7806,Nil
781,NIL,NIL,WMP Mobility,Nil,Nil,,0,0,0,1,Nil,FALSE,781,Nil
7812,NIL,NIL,Women's Health and Well-being Conference,Nil,Nil,,0,110.54,0,1,Nil,FALSE,7812,Nil
7814,NIL,NIL,Sharpe,Nil,Nil,,0,0,0,1,Nil,FALSE,7814,Nil
782,NIL,NIL,Bratton Jubilee Players,Nil,Nil,,0,14.22,0,1,Nil,FALSE,782,Nil
7821,NIL,NIL,Giggleswick School,Nil,Nil,,0,0,0,1,Nil,FALSE,7821,Nil
7822,NIL,NIL,...listen to the rhythm of your soul 💜,Nil,Nil,,0,2.25,0,1,Nil,FALSE,7822,Nil
7823,NIL,NIL,The Awakening,Nil,Nil,,0,309.96,0,1,Nil,FALSE,7823,Nil
7824,NIL,NIL,Mrs phred field,Nil,Nil,,0,24.83,0,1,Nil,FALSE,7824,Nil
7825,NIL,NIL,SJ Pubs & Bars Ltd,Nil,Nil,,0,20.83,0,1,Nil,FALSE,7825,Nil
7828,NIL,NIL,Wrekin Old Hall Trust,Nil,Nil,,0,0,0,1,Nil,FALSE,7828,Nil
7829,NIL,NIL,Padworth Village Hall,Nil,Nil,,0,7.67,0,1,Nil,FALSE,7829,Nil
7830,NIL,Tier 1,Francis Scott Charity Trust,Nil,Free,,0,0,0,2,Nil,FALSE,7830,Nil
7837,NIL,NIL,Association of Iranian Human Rights & Allies,Nil,Nil,,0,776.88,0,1,Nil,FALSE,7837,Nil
7838,NIL,NIL,Matrix IT,Nil,Nil,,0,41.75,0,1,Nil,FALSE,7838,Nil
784,NIL,NIL,SOEL CONNECT,Nil,Nil,,0,89.03,0,2,Nil,FALSE,784,Nil
7840,NIL,NIL,Amnesty Sheffield,Nil,Nil,,0,0.96,0,1,Nil,FALSE,7840,Nil
7847,NIL,NIL,MichaelDPineUK,Nil,Nil,,0,0,0,1,Nil,FALSE,7847,Nil
785,NIL,NIL,Young Musicians' Concert,Nil,Nil,,0,25.97,0,2,Nil,FALSE,785,Nil
7850,NIL,Tier 2,Account Deleted,Nil,Tier 5,,0,196.23,0,2,Nil,FALSE,7850,Nil
7851,NIL,NIL,Uniform Pop up Shop,Nil,Nil,,0,0,0,1,Nil,FALSE,7851,Nil
7853,NIL,NIL,Ninah de Ruijter,Nil,Nil,,0,0,0,2,Nil,FALSE,7853,Nil
7855,NIL,NIL,HT Event,Nil,Nil,,0,59.67,0,1,Nil,FALSE,7855,Nil
7858,NIL,NIL,Beetlebank Farm,Nil,Nil,,0,0,0,1,Nil,FALSE,7858,Nil
7859,NIL,NIL,Tree Buds,Nil,Nil,,0,161.63,0,1,Nil,FALSE,7859,Nil
786,NIL,NIL,Jordan Google Login Test UK,Nil,Nil,,0,0,0,1,Nil,FALSE,786,Nil
7861,NIL,NIL,Crosscrake Hub,Nil,Nil,,0,6.42,0,1,Nil,FALSE,7861,Nil
7864,NIL,Tier 3,Bowlhead,Nil,Free,,0,0,0,2,Nil,FALSE,7864,Nil
7867,NIL,NIL,MABY Events,Nil,Nil,,0,15,0,1,Nil,FALSE,7867,Nil
7871,NIL,NIL,MACS EU,Nil,Nil,,0,0,0,1,Nil,FALSE,7871,Nil
7874,NIL,NIL,The Academy Performing Arts,Nil,Nil,,0,73.21,0,1,Nil,FALSE,7874,Nil
7879,NIL,Tier 3,Cwmbran High School,Nil,Tier 4,,0,281.37,0,3,Nil,FALSE,7879,Nil
7883,NIL,NIL,Belthorn Academy,Nil,Nil,,0,0,0,1,Nil,FALSE,7883,Nil
7884,NIL,NIL,Taunton School,Nil,Nil,,0,0,0,2,Nil,FALSE,7884,Nil
7889,NIL,NIL,Borneo Fundraising,Nil,Nil,,0,41.46,0,1,Nil,FALSE,7889,Nil
789,NIL,NIL,Lancaster and District Homeless Action service (LDHAS),Nil,Nil,,0,408.63,0,1,Nil,FALSE,789,Nil
7890,NIL,NIL,Teresa2023,Nil,Nil,,0,0,0,1,Nil,FALSE,7890,Nil
7892,NIL,NIL,Marr Minis,Nil,Nil,,0,0,0,2,Nil,FALSE,7892,Nil
7898,NIL,Tier 3,Brixworth Farming Company,Nil,Free,,0,0,0,2,Nil,FALSE,7898,Nil
79,NIL,NIL,Account Deleted,Nil,Nil,,0,0,0,1,Nil,FALSE,79,Nil
7903,NIL,NIL,Good220,Nil,Nil,,0,170.96,0,1,Nil,FALSE,7903,Nil
7907,NIL,NIL,LEAD Programme,Nil,Nil,,0,19.07,0,1,Nil,FALSE,7907,Nil
7913,NIL,NIL,Elgra,Nil,Nil,,0,0,0,1,Nil,FALSE,7913,Nil
7919,NIL,NIL,Parc Grace Dieu Farm,Nil,Nil,,0,0,0,1,Nil,FALSE,7919,Nil
792,NIL,NIL,Met Office,Nil,Nil,,0,0,0,1,Nil,FALSE,792,Nil
7923,NIL,NIL,Oswestry Show Social,Nil,Nil,,0,67.67,0,1,Nil,FALSE,7923,Nil
7927,NIL,NIL,Kylie Anderson,Nil,Nil,,0,46.71,0,1,Nil,FALSE,7927,Nil
7931,NIL,NIL,LEAD,Nil,Nil,,0,8.71,0,1,Nil,FALSE,7931,Nil
7932,NIL,NIL,LEAD Sponsored Hike,Nil,Nil,,0,41.08,0,1,Nil,FALSE,7932,Nil
7934,NIL,NIL,Rise Up Dance and Performance,Nil,Nil,,0,20.67,0,1,Nil,FALSE,7934,Nil
7935,NIL,NIL,Damon,Nil,Nil,,0,0,0,1,Nil,FALSE,7935,Nil
7938,NIL,NIL,AS Watersports,Nil,Nil,,0,4.38,0,1,Nil,FALSE,7938,Nil
7940,NIL,NIL,Dougie Mac,Nil,Nil,,0,0,0,1,Nil,FALSE,7940,Nil
7941,NIL,NIL,Biyo Limited,Nil,Nil,,0,243.75,0,1,Nil,FALSE,7941,Nil
7944,NIL,Tier 4,Oxenholme Pony Club,Nil,Tier 4,,0,362.52,0,3,Nil,FALSE,7944,Nil
7945,NIL,NIL,Claire Thorpe,Nil,Nil,,0,0.58,0,1,Nil,FALSE,7945,Nil
7946,NIL,NIL,Low Grounds Farm,Nil,Nil,,0,0,0,1,Nil,FALSE,7946,Nil
7949,NIL,NIL,Social Capital Circle,Nil,Nil,,0,6.46,0,1,Nil,FALSE,7949,Nil
7952,NIL,NIL,Marown School Association,Nil,Nil,,0,94.59,0,1,Nil,FALSE,7952,Nil
7954,NIL,NIL,GHA Minis Fixtures,Nil,Nil,,0,0,0,1,Nil,FALSE,7954,Nil
7959,NIL,Tier 2,PM Business Support Services,Nil,Tier 5,,0,123.38,0,3,Nil,FALSE,7959,Nil
7962,NIL,NIL,Account Deleted,Nil,Nil,,0,0,0,1,Nil,FALSE,7962,Nil
7968,NIL,NIL,Spiritual Fest 2023,Nil,Nil,,0,90.29,0,1,Nil,FALSE,7968,Nil
7971,NIL,NIL,Burlish Big Lunch,Nil,Nil,,0,0,0,1,Nil,FALSE,7971,Nil
7975,NIL,NIL,Eid Party 2023,Nil,Nil,,0,20.96,0,1,Nil,FALSE,7975,Nil
7985,NIL,NIL,Ryan E-COM,Nil,Nil,,0,0.96,0,1,Nil,FALSE,7985,Nil
7987,NIL,Tier 2,Warminster School,Nil,Tier 5,,0,219.54,0,2,Nil,FALSE,7987,Nil
7989,NIL,NIL,RC&HX Prom Committee,Nil,Nil,,0,436.38,0,1,Nil,FALSE,7989,Nil
799,NIL,NIL,Nelson,Nil,Nil,,0,0,0,2,Nil,FALSE,799,Nil
7995,NIL,Tier 4,Our Dementia Choir,Nil,Tier 4,,0,668.42,0,2,Nil,FALSE,7995,Nil
7996,NIL,NIL,Floating Art,Nil,Nil,,0,1.25,0,1,Nil,FALSE,7996,Nil
7999,NIL,NIL,Kara Tooley,Nil,Nil,,0,113.83,0,1,Nil,FALSE,7999,Nil
8,NIL,NIL,Cranbrook School SYDNEY,Nil,Nil,,0,127.33,0,2,Nil,FALSE,8,Nil
80,NIL,NIL,Lakes Supertours,Nil,Nil,,0,222.96,0,1,Nil,FALSE,80,Nil
8001,NIL,NIL,No7 Coaching,Nil,Nil,,0,19.38,0,1,Nil,FALSE,8001,Nil
8006,NIL,NIL,New Dynamic Choir,Nil,Nil,,0,13,0,1,Nil,FALSE,8006,Nil
8008,NIL,Tier 3,Friends of Mayfield,Nil,Tier 5,,0,177.77,0,2,Nil,FALSE,8008,Nil
801,NIL,NIL,Account Deleted,Nil,Nil,,0,0,0,1,Nil,FALSE,801,Nil
8012,NIL,NIL,The Slow Farming Company Limited,Nil,Nil,,0,0,0,1,Nil,FALSE,8012,Nil
8019,NIL,NIL,Bignor Farms,Nil,Nil,,0,0,0,1,Nil,FALSE,8019,Nil
802,NIL,NIL,FDMB North West,Nil,Nil,,0,98.39,0,1,Nil,FALSE,802,Nil
8021,NIL,NIL,Friends Of Christ's College,Nil,Nil,,0,55.13,0,1,Nil,FALSE,8021,Nil
8025,NIL,NIL,Gresley Male Voice Choir,Nil,Nil,,0,1.08,0,1,Nil,FALSE,8025,Nil
803,NIL,NIL,FDMB North West,Nil,Nil,,0,0,0,1,Nil,FALSE,803,Nil
8036,NIL,NIL,Rachel How,Nil,Nil,,0,26.71,0,1,Nil,FALSE,8036,Nil
8039,NIL,NIL,Sarah Bristow,Nil,Nil,,0,4.25,0,1,Nil,FALSE,8039,Nil
8045,NIL,Tier 1,Lady Barn House,Nil,Free,,0,0,0,1,Nil,FALSE,8045,Nil
8049,NIL,NIL,The Rotary Club of Dover,Nil,Nil,,0,14.88,0,1,Nil,FALSE,8049,Nil
805,NIL,NIL,Downtown in Business,Nil,Nil,,0,16.5,0,2,Nil,FALSE,805,Nil
8050,NIL,Tier 4,Mill Hill School Pre-Season Hockey and Rugby Camps,Nil,Tier 3,,0,1245.5,0,2,Nil,FALSE,8050,Nil
8055,NIL,NIL,AHODGSON,Nil,Nil,,0,61.5,0,1,Nil,FALSE,8055,Nil
806,NIL,NIL,Sing for Pleasure - Summer School Concert Series,Nil,Nil,,0,0,0,1,Nil,FALSE,806,Nil
8062,NIL,Tier 1,s norgrove,Nil,Tier 5,,0,12.5,0,2,Nil,FALSE,8062,Nil
8067,NIL,NIL,Millfield Admissions,Nil,Nil,,0,0,0,1,Nil,FALSE,8067,Nil
8071,NIL,NIL,Kingston Grammar School (Development),Nil,Nil,,0,61.96,0,1,Nil,FALSE,8071,Nil
8072,NIL,Tier 2,Old Marians Association,Nil,Tier 5,,0,69.79,0,2,Nil,FALSE,8072,Nil
8088,NIL,NIL,Horse Play Adventures,Nil,Nil,,0,5.13,0,1,Nil,FALSE,8088,Nil
8089,NIL,NIL,Merrivale Farm,Nil,Nil,,0,0,0,1,Nil,FALSE,8089,Nil
809,NIL,NIL,Age UK Exeter,Nil,Nil,,0,0,0,1,Nil,FALSE,809,Nil
8093,NIL,NIL,University of Salford,Nil,Nil,,0,0,0,1,Nil,FALSE,8093,Nil
810,NIL,NIL,Mangala Holland,Nil,Nil,,0,16.5,0,1,Nil,FALSE,810,Nil
8100,NIL,NIL,Cheapside PTA,Nil,Nil,,0,30.72,0,1,Nil,FALSE,8100,Nil
8106,NIL,NIL,International Lawyers Association,Nil,Nil,,0,0,0,1,Nil,FALSE,8106,Nil
8107,NIL,NIL,Account Deleted,Nil,Nil,,0,0,0,1,Nil,FALSE,8107,Nil
8108,NIL,NIL,Friends of Vinehall,Nil,Nil,,0,38.71,0,2,Nil,FALSE,8108,Nil
8109,NIL,Tier 2,Laura Symmons,Nil,Tier 5,,0,27.21,0,2,Nil,FALSE,8109,Nil
8111,NIL,NIL,Bridge Farm Horticulture,Nil,Nil,,0,0,0,1,Nil,FALSE,8111,Nil
8117,NIL,NIL,St Davids Penknife Club,Nil,Nil,,0,89.12,0,1,Nil,FALSE,8117,Nil
8118,NIL,NIL,Ss&s,Nil,Nil,,0,17.42,0,1,Nil,FALSE,8118,Nil
812,NIL,NIL,THE MINDFULNESS HUB LTD,Nil,Nil,,0,94.58,0,2,Nil,FALSE,812,Nil
8121,NIL,NIL,Wise Up Workshops CIC,Nil,Nil,,0,30.83,0,1,Nil,FALSE,8121,Nil
8123,NIL,NIL,Youth Presence,Nil,Nil,,0,40.34,0,1,Nil,FALSE,8123,Nil
8127,NIL,NIL,Common Ground Scotland,Nil,Nil,,0,0,0,1,Nil,FALSE,8127,Nil
8129,NIL,NIL,You Can't Sit With Us,Nil,Nil,,0,11.5,0,1,Nil,FALSE,8129,Nil
8138,NIL,Tier 2,Bangor Indian and Friends Association,Nil,Tier 5,,0,205.83,0,2,Nil,FALSE,8138,Nil
814,NIL,NIL,Clayesmore Prep School,Nil,Nil,,0,217.86,0,3,Nil,FALSE,814,Nil
8146,NIL,NIL,Bristol City Panthers,Nil,Nil,,0,28.67,0,1,Nil,FALSE,8146,Nil
8154,NIL,NIL,A-Z Networking,Nil,Nil,,0,5.67,0,1,Nil,FALSE,8154,Nil
8156,NIL,NIL,Sonje Jones Design Team Ltd.,Nil,Nil,,0,80.17,0,2,Nil,FALSE,8156,Nil
8158,NIL,NIL,Animal Antiks,Nil,Nil,,0,0,0,1,Nil,FALSE,8158,Nil
816,NIL,NIL,Blackburn with Darwen Hive Business Network,Nil,Nil,,0,21.58,0,3,Nil,FALSE,816,Nil
8161,NIL,NIL,Chelsey Tye Events,Nil,Nil,,0,0.53,0,1,Nil,FALSE,8161,Nil
8162,NIL,NIL,deans farms ltd,Nil,Nil,,0,0,0,1,Nil,FALSE,8162,Nil
8163,NIL,NIL,Rhinos Events,Nil,Nil,,0,71.5,0,1,Nil,FALSE,8163,Nil
8169,NIL,NIL,Kshetra Dance Company,Nil,Nil,,0,115.4,0,1,Nil,FALSE,8169,Nil
8170,NIL,Tier 1,Galloways Society for The Blind,Nil,Tier 5,,0,7.58,0,2,Nil,FALSE,8170,Nil
8171,NIL,Tier 2,Account Deleted,Nil,Tier 5,,0,202.71,0,2,Nil,FALSE,8171,Nil
8172,NIL,Tier 4,Elchies Farm,Nil,Tier 4,,0,152.96,0,3,Nil,FALSE,8172,Nil
8177,NIL,NIL,Kimberley Film Fest,Nil,Nil,,0,101.23,0,1,Nil,FALSE,8177,Nil
8179,NIL,NIL,KEHS,Nil,Nil,,0,32.5,0,1,Nil,FALSE,8179,Nil
8181,NIL,NIL,Annie B,Nil,Nil,,0,9.63,0,1,Nil,FALSE,8181,Nil
8185,NIL,NIL,Godolphin Fifth Form Prom,Nil,Nil,,0,92.2,0,1,Nil,FALSE,8185,Nil
8186,NIL,NIL,FF Bridal Ltd t/as Feathers & Florence,Nil,Nil,,0,0,0,1,Nil,FALSE,8186,Nil
8187,NIL,NIL,Bujinkai Karate Club,Nil,Nil,,0,13,0,1,Nil,FALSE,8187,Nil
819,NIL,NIL,In Ear Entertainment Limited,Nil,Nil,,0,2971.56,0,3,Nil,FALSE,819,Nil
8190,NIL,NIL,Polly Nuttall TDM Farm,Nil,Nil,,0,0,0,2,Nil,FALSE,8190,Nil
8194,NIL,NIL,Account Deleted,Nil,Nil,,0,0,0,1,Nil,FALSE,8194,Nil
8195,NIL,Tier 2,SWP Wyre Forest,Nil,Free,,0,0,0,3,Nil,FALSE,8195,Nil
8198,NIL,NIL,Scarborough Guided Tour,Nil,Nil,,0,0,0,1,Nil,FALSE,8198,Nil
821,NIL,NIL,ESRC Festival of Social Science,Nil,Nil,,0,0,0,1,Nil,FALSE,821,Nil
8210,NIL,NIL,The Royal School of Church Music,Nil,Nil,,0,0,0,1,Nil,FALSE,8210,Nil
8211,NIL,NIL,Young EritreanS,Nil,Nil,,0,11.25,0,1,Nil,FALSE,8211,Nil
8216,NIL,NIL,Puddleditch Farm Vending,Nil,Nil,,0,0,0,1,Nil,FALSE,8216,Nil
8218,NIL,NIL,Michelle 4 Tropic,Nil,Nil,,0,1.5,0,1,Nil,FALSE,8218,Nil
8224,NIL,NIL,Karen Burfitt,Nil,Nil,,0,0,0,1,Nil,FALSE,8224,Nil
8228,NIL,NIL,The Kingsbrook School,Nil,Nil,,0,98.29,0,1,Nil,FALSE,8228,Nil
8229,NIL,NIL,Nada Deva Sounds,Nil,Nil,,0,5.5,0,1,Nil,FALSE,8229,Nil
8230,NIL,NIL,Thrimby Farms,Nil,Nil,,0,0,0,1,Nil,FALSE,8230,Nil
8235,NIL,Tier 3,Dunblane High School,Nil,Tier 4,,0,419.83,0,2,Nil,FALSE,8235,Nil
8237,NIL,NIL,Brickwall Farm (Sible Hedingham),Nil,Nil,,0,0,0,1,Nil,FALSE,8237,Nil
8240,NIL,Tier 4,NJPS Parents Association,Nil,Tier 4,,0,556.83,0,2,Nil,FALSE,8240,Nil
8241,NIL,NIL,Marama Alliance UK,Nil,Nil,,0,0,0,1,Nil,FALSE,8241,Nil
8243,NIL,NIL,T & S Farms,Nil,Nil,,0,0,0,1,Nil,FALSE,8243,Nil
8246,NIL,NIL,Friends of Acorns Primary School PTA,Nil,Nil,,0,78.33,0,1,Nil,FALSE,8246,Nil
8248,NIL,NIL,sharonsycamore,Nil,Nil,,0,0,0,1,Nil,FALSE,8248,Nil
8251,NIL,NIL,VICKY MENSAH,Nil,Nil,,0,0,0,1,Nil,FALSE,8251,Nil
8254,NIL,NIL,Thomas Graham,Nil,Nil,,0,0,0,1,Nil,FALSE,8254,Nil
8255,NIL,NIL,Froebelian School,Nil,Nil,,0,0,0,1,Nil,FALSE,8255,Nil
8262,NIL,NIL,Haygrove Ltd,Nil,Nil,,0,0,0,1,Nil,FALSE,8262,Nil
8264,NIL,NIL,Twickenham Academy,Nil,Nil,,0,995.88,0,1,Nil,FALSE,8264,Nil
8270,NIL,NIL,SusanNtheboyz,Nil,Nil,,0,0,0,1,Nil,FALSE,8270,Nil
8283,NIL,NIL,Habs Foundation,Nil,Nil,,0,49.5,0,1,Nil,FALSE,8283,Nil
8284,NIL,NIL,Christmas Tree Place  Berkhamsted,Nil,Nil,,0,0,0,1,Nil,FALSE,8284,Nil
8288,NIL,NIL,Renewal Choir,Nil,Nil,,0,0,0,1,Nil,FALSE,8288,Nil
829,NIL,NIL,Scale-Ability Ltd,Nil,Nil,,0,0,0,1,Nil,FALSE,829,Nil
8291,NIL,NIL,Summer Party Chard,Nil,Nil,,0,2.71,0,1,Nil,FALSE,8291,Nil
8292,NIL,Tier 2,Tango Fawcett,Nil,Free,,0,0,0,2,Nil,FALSE,8292,Nil
8296,NIL,NIL,NDSSG Dance Warriors,Nil,Nil,,0,32.48,0,1,Nil,FALSE,8296,Nil
83,NIL,NIL,Anna-Marie Jesson,Nil,Nil,,0,56.71,0,3,Nil,FALSE,83,Nil
830,NIL,NIL,The Basildonians,Nil,Nil,,0,0.62,0,1,Nil,FALSE,830,Nil
8304,NIL,NIL,Four Recruitment,Nil,Nil,,0,16.67,0,1,Nil,FALSE,8304,Nil
8305,NIL,Tier 3,Holmwood School and Nursery,Nil,Tier 4,,0,187.04,0,1,Nil,FALSE,8305,Nil
8306,NIL,NIL,Isidore,Nil,Nil,,0,0,0,1,Nil,FALSE,8306,Nil
8326,NIL,NIL,C M IRVINE,Nil,Nil,,0,0,0,1,Nil,FALSE,8326,Nil
833,NIL,NIL,Account Deleted,Nil,Nil,,0,0,0,1,Nil,FALSE,833,Nil
8332,NIL,NIL,Account Deleted,Nil,Nil,,0,10.62,0,1,Nil,FALSE,8332,Nil
8339,NIL,NIL,Jordyn Louise Dance,Nil,Nil,,0,0,0,1,Nil,FALSE,8339,Nil
834,NIL,NIL,LA23NET,Nil,Nil,,0,1005.19,0,5,Nil,FALSE,834,Nil
8342,NIL,NIL,Friends of Therfield Heath & Greens,Nil,Nil,,0,17.62,0,1,Nil,FALSE,8342,Nil
8344,NIL,NIL,Owston Ferry Farming Co.,Nil,Nil,,0,0,0,1,Nil,FALSE,8344,Nil
8345,NIL,NIL,Hendwr Caravan Park,Nil,Nil,,0,0,0,1,Nil,FALSE,8345,Nil
835,NIL,NIL,Cheeki Monkeys Grantham,Nil,Nil,,0,58.59,0,2,Nil,FALSE,835,Nil
8352,NIL,NIL,Slagnaw Farming Limited,Nil,Nil,,0,0,0,1,Nil,FALSE,8352,Nil
8354,NIL,NIL,Mrs R Richards,Nil,Nil,,0,77.25,0,1,Nil,FALSE,8354,Nil
8355,NIL,NIL,Tasker Partnership Limited,Nil,Nil,,0,0,0,1,Nil,FALSE,8355,Nil
8358,NIL,NIL,Unify Schools,Nil,Nil,,0,20.33,8,3,Nil,FALSE,8358,Nil
8359,NIL,NIL,Gutchpool Farm,Nil,Nil,,0,0,0,1,Nil,FALSE,8359,Nil
836,NIL,NIL,MIDLAND SKI CLUB,Nil,Nil,,0,0.79,0,1,Nil,FALSE,836,Nil
8360,NIL,Tier 1,Dr Lucinda Homer - Coaching,Nil,Tier 5,,0,0.96,0,2,Nil,FALSE,8360,Nil
8364,NIL,NIL,Unusual Theatre,Nil,Nil,,0,3.83,0,1,Nil,FALSE,8364,Nil
8365,NIL,NIL,Bowmen of Ardleigh (test),Nil,Nil,,0,0,0,1,Nil,FALSE,8365,Nil
8367,NIL,Tier 3,babyballet North Tyneside,Nil,Tier 4,,0,503.06,0,2,Nil,FALSE,8367,Nil
8368,NIL,Tier 3,Nuwell Home Farm,Nil,Tier 5,,0,1.88,0,2,Nil,FALSE,8368,Nil
8374,NIL,NIL,JF JC Hewitt & Family,Nil,Nil,,0,0,0,1,Nil,FALSE,8374,Nil
8375,NIL,Tier 3,Friends of South Point Primary,Nil,Tier 5,,0,112.93,0,3,Nil,FALSE,8375,Nil
8376,NIL,NIL,Beddoes & Sons,Nil,Nil,,0,0,0,1,Nil,FALSE,8376,Nil
8378,NIL,NIL,Team Jak Foundation,Nil,Nil,,0,7.42,0,1,Nil,FALSE,8378,Nil
8379,NIL,NIL,Global Distortion Media,Nil,Nil,,0,127.78,0,1,Nil,FALSE,8379,Nil
8386,NIL,NIL,Causeway Neurodiversity,Nil,Nil,,0,12.33,0,1,Nil,FALSE,8386,Nil
8389,NIL,Tier 2,Bushwell Farm Ltd,Nil,Tier 5,,0,56.5,0,2,Nil,FALSE,8389,Nil
839,NIL,NIL,Edinburgh Law Seminars,Nil,Nil,,0,0.42,0,1,Nil,FALSE,839,Nil
84,NIL,NIL,MTBS Debbie Carr,Nil,Nil,,0,0,0,4,Nil,FALSE,84,Nil
840,NIL,NIL,Lyon Events,Nil,Nil,,0,66.46,0,2,Nil,FALSE,840,Nil
8404,NIL,Tier 1,Glee Coaching,Nil,Free,,0,0,0,2,Nil,FALSE,8404,Nil
8405,NIL,NIL,Dandys Ford Dairy,Nil,Nil,,0,0,0,1,Nil,FALSE,8405,Nil
8408,NIL,NIL,ElleRich Training Ltd.,Nil,Nil,,0,0,1,1,Nil,FALSE,8408,Nil
8416,NIL,NIL,Lara Lauder,Nil,Nil,,0,9.33,0,1,Nil,FALSE,8416,Nil
8427,NIL,Tier 2,The Denbigh Workshop,Nil,Tier 5,,0,66.08,0,2,Nil,FALSE,8427,Nil
8430,NIL,NIL,Augmented Adventures,Nil,Nil,,0,6.96,0,1,Nil,FALSE,8430,Nil
8439,NIL,Tier 2,CBP - Charity,Nil,Tier 5,,0,78.83,0,2,Nil,FALSE,8439,Nil
8440,NIL,NIL,Saint Christina's School,Nil,Nil,,0,0,0,1,Nil,FALSE,8440,Nil
8444,NIL,NIL,Charity fundraiser,Nil,Nil,,0,65,0,1,Nil,FALSE,8444,Nil
8446,NIL,Tier 2,Uttoxeter Cabaret Show Bar,Nil,Tier 5,,0,47.1,0,2,Nil,FALSE,8446,Nil
8448,NIL,NIL,Tony Cox Shows,Nil,Nil,,0,26.75,0,1,Nil,FALSE,8448,Nil
8454,NIL,NIL,Sarah Boyle Private,Nil,Nil,,0,27.88,0,1,Nil,FALSE,8454,Nil
846,NIL,NIL,Annie's Burger Shack,Nil,Nil,,0,225.25,0,2,Nil,FALSE,846,Nil
8466,NIL,Tier 2,Pavilion Pre School (Aigburth) CIO,Nil,Tier 5,,0,73.44,0,2,Nil,FALSE,8466,Nil
8468,NIL,Tier 2,Account Deleted,Nil,Tier 5,,0,118.83,0,2,Nil,FALSE,8468,Nil
848,NIL,NIL,SHOCC Dances,Nil,Nil,,0,0,0,1,Nil,FALSE,848,Nil
8480,NIL,NIL,Wattsfield fundraiser,Nil,Nil,,0,171.79,0,1,Nil,FALSE,8480,Nil
8483,NIL,NIL,Kingsley Park Residents Association,Nil,Nil,,0,0,0,1,Nil,FALSE,8483,Nil
8492,NIL,NIL,#Youngwildbrave Skate for Ellis,Nil,Nil,,0,6.95,0,1,Nil,FALSE,8492,Nil
8493,NIL,Tier 4,MSJ Expressive Arts,Nil,Tier 4,,0,202.99,0,3,Nil,FALSE,8493,Nil
8494,NIL,Tier 3,Biddick Academy,Nil,Tier 5,,0,117.59,0,2,Nil,FALSE,8494,Nil
8500,NIL,NIL,St. George's Church,Nil,Nil,,0,58,0,1,Nil,FALSE,8500,Nil
8506,NIL,NIL,Belgrade Theatre,Nil,Nil,,0,0,0,1,Nil,FALSE,8506,Nil
851,NIL,NIL,Etail Systems,Nil,Nil,,0,140,0,1,Nil,FALSE,851,Nil
8518,NIL,NIL,The Wire Brush,Nil,Nil,,0,12.42,0,1,Nil,FALSE,8518,Nil
852,NIL,NIL,FutureScot,Nil,Nil,,0,0,0,1,Nil,FALSE,852,Nil
8522,NIL,NIL,Lewis Daly Coaching Academy,Nil,Nil,,0,23.18,0,2,Nil,FALSE,8522,Nil
8532,NIL,NIL,Rainbows End Gallery C.I.C.,Nil,Nil,,0,4.79,0,1,Nil,FALSE,8532,Nil
8533,NIL,Tier 3,Classical Ballet Summer Program,Nil,Tier 5,,0,214.08,0,2,Nil,FALSE,8533,Nil
8537,NIL,NIL,Sayjda Talib,Nil,Nil,,0,0,0,1,Nil,FALSE,8537,Nil
8541,NIL,NIL,Light of Mind,Nil,Nil,,0,0,0,1,Nil,FALSE,8541,Nil
8542,NIL,Tier 4,Queen Elizabeth's Grammar School,Nil,Free,,0,0,0,1,Nil,FALSE,8542,Nil
8543,NIL,NIL,Paul Carruthers,Nil,Nil,,0,30.33,0,1,Nil,FALSE,8543,Nil
8545,NIL,Tier 3,FoH Events,Nil,Tier 4,,0,207.46,0,3,Nil,FALSE,8545,Nil
8558,NIL,NIL,CUOSC,Nil,Nil,,0,0,0,1,Nil,FALSE,8558,Nil
857,NIL,NIL,Seva Mitra Mandal UK,Nil,Nil,,0,2089.38,0,4,Nil,FALSE,857,Nil
8575,NIL,NIL,Jordan Parker,Nil,Nil,,0,11.2,0,1,Nil,FALSE,8575,Nil
8577,NIL,NIL,Joel Morris,Nil,Nil,,0,52.25,0,1,Nil,FALSE,8577,Nil
8584,NIL,NIL,Worthing Ukrainian friends network,Nil,Nil,,0,0,0,1,Nil,FALSE,8584,Nil
8588,NIL,NIL,Rothwell Arts Parties,Nil,Nil,,0,34.13,0,1,Nil,FALSE,8588,Nil
8618,NIL,NIL,La Serenissima UK,Nil,Nil,,0,218.69,0,1,Nil,FALSE,8618,Nil
8626,NIL,Tier 4,Wellacre Academy,Nil,Free,,0,0,0,2,Nil,FALSE,8626,Nil
8628,NIL,NIL,When you wish Casino Evening,Nil,Nil,,0,73.79,0,1,Nil,FALSE,8628,Nil
8646,NIL,Tier 2,KBC Coaching,Nil,Free,,0,0,0,2,Nil,FALSE,8646,Nil
865,NIL,NIL,M&M Privates,Nil,Nil,,0,38.25,0,3,Nil,FALSE,865,Nil
8656,NIL,NIL,Revenue Puzzle,Nil,Nil,,0,0,0,1,Nil,FALSE,8656,Nil
866,NIL,NIL,The Permission Slip - Living Your Happy Healthy Life,Nil,Nil,,0,10.5,0,1,Nil,FALSE,866,Nil
8664,NIL,NIL,Diocese of Carlisle Philip Brunskill,Nil,Nil,,0,2.96,0,1,Nil,FALSE,8664,Nil
8666,NIL,NIL,Antimatter Productions,Nil,Nil,,0,1.67,0,1,Nil,FALSE,8666,Nil
8667,NIL,NIL,Christine Smith,Nil,Nil,,0,0,0,2,Nil,FALSE,8667,Nil
867,NIL,NIL,Wellington School Welly Boot Holiday Club,Nil,Nil,,0,3097.42,0,5,Nil,FALSE,867,Nil
8679,NIL,NIL,WilderClayGallery,Nil,Nil,,0,2.33,0,1,Nil,FALSE,8679,Nil
869,NIL,NIL,PPSCT Fundraising,Nil,Nil,,0,3.9,0,1,Nil,FALSE,869,Nil
8694,NIL,NIL,Addicted the motorcade edition,Nil,Nil,,0,0.54,0,1,Nil,FALSE,8694,Nil
8696,NIL,NIL,CALICO,Nil,Nil,,0,21.33,0,1,Nil,FALSE,8696,Nil
87,NIL,NIL,Soar UK,Nil,Nil,,0,1192.04,0,2,Nil,FALSE,87,Nil
8701,NIL,NIL,St. Andrew's Southgate,Nil,Nil,,0,0,0,1,Nil,FALSE,8701,Nil
8702,NIL,Tier 2,Court & Spark Consulting,Nil,Tier 5,,0,205,0,2,Nil,FALSE,8702,Nil
8715,NIL,NIL,Friends of the Lake District,Nil,Nil,,0,30.62,0,1,Nil,FALSE,8715,Nil
872,NIL,NIL,Captive Audience,Nil,Nil,,0,261.25,0,2,Nil,FALSE,872,Nil
8724,NIL,NIL,UnScene Suffolk,Nil,Nil,,0,25.32,0,1,Nil,FALSE,8724,Nil
8725,NIL,NIL,Leyland Barracudas,Nil,Nil,,0,0,0,1,Nil,FALSE,8725,Nil
8727,NIL,Tier 3,Girton College Music Society,Nil,Tier 5,,0,175.62,0,2,Nil,FALSE,8727,Nil
8728,NIL,NIL,Rugby Borough WFC,Nil,Nil,,0,238.87,0,2,Nil,FALSE,8728,Nil
8730,NIL,NIL,E. Knight,Nil,Nil,,0,139.04,0,1,Nil,FALSE,8730,Nil
8732,NIL,NIL,Every Body Outdoors,Nil,Nil,,0,2.5,0,1,Nil,FALSE,8732,Nil
8736,NIL,NIL,Brainbow,Nil,Nil,,0,0,0,2,Nil,FALSE,8736,Nil
8739,NIL,NIL,Friends of Eckington School,Nil,Nil,,0,8.17,0,1,Nil,FALSE,8739,Nil
874,NIL,NIL,St Mary's School,Nil,Nil,,0,50.25,0,1,Nil,FALSE,874,Nil
8742,NIL,NIL,Spotlight Chamber Concerts,Nil,Nil,,0,475.11,0,1,Nil,FALSE,8742,Nil
8743,NIL,NIL,Arlo Treacy,Nil,Nil,,0,0,0,1,Nil,FALSE,8743,Nil
8745,NIL,NIL,Boogie Beat Music & Movement Essex,Nil,Nil,,0,1.33,0,1,Nil,FALSE,8745,Nil
8748,NIL,NIL,EA Flood Hydrology Improvements Programme,Nil,Nil,,0,0,0,1,Nil,FALSE,8748,Nil
875,NIL,NIL,Great Broughton & Kirkby Sports Club,Nil,Nil,,0,51.12,0,3,Nil,FALSE,875,Nil
8750,NIL,NIL,Collections Trust,Nil,Nil,,0,0,0,1,Nil,FALSE,8750,Nil
8759,NIL,NIL,HC Nesbitt,Nil,Nil,,0,15.83,0,1,Nil,FALSE,8759,Nil
876,NIL,NIL,That Special Somthing Events,Nil,Nil,,0,9.5,0,2,Nil,FALSE,876,Nil
8766,NIL,NIL,The Sounds From The Attic,Nil,Nil,,0,0,0,1,Nil,FALSE,8766,Nil
8770,NIL,NIL,Rochdale AFC,Nil,Nil,,0,0,0,1,Nil,FALSE,8770,Nil
8772,NIL,NIL,St John's School,Nil,Nil,,0,0,0,1,Nil,FALSE,8772,Nil
878,NIL,NIL,Magpies Business Club,Nil,Nil,,0,12.98,0,2,Nil,FALSE,878,Nil
8785,NIL,NIL,MVLS Management for LCGC,Nil,Nil,,0,67.21,0,2,Nil,FALSE,8785,Nil
8786,NIL,NIL,healthier heroes cic,Nil,Nil,,0,80.5,0,1,Nil,FALSE,8786,Nil
8787,NIL,NIL,Rachel Clark,Nil,Nil,,0,27.25,0,1,Nil,FALSE,8787,Nil
8788,NIL,NIL,RH Networking,Nil,Nil,,0,8.5,0,1,Nil,FALSE,8788,Nil
879,NIL,NIL,Hurlingham School,Nil,Nil,,0,0,0,4,Nil,FALSE,879,Nil
8797,NIL,NIL,JennaAtkinson,Nil,Nil,,0,57.5,0,1,Nil,FALSE,8797,Nil
881,NIL,NIL,Account Deleted,Nil,Nil,,0,0,0,1,Nil,FALSE,881,Nil
8816,NIL,Tier 2,Plymouth Dolphins RFC,Nil,Tier 5,,0,70.25,0,2,Nil,FALSE,8816,Nil
8818,NIL,NIL,Account Deleted,Nil,Nil,,0,0,0,1,Nil,FALSE,8818,Nil
8832,NIL,NIL,Barrow upon Soar Community Association,Nil,Nil,,0,16.29,0,1,Nil,FALSE,8832,Nil
8834,NIL,NIL,Lights on Theatre,Nil,Nil,,0,36.5,0,1,Nil,FALSE,8834,Nil
8835,NIL,NIL,EPE Dept day 5th Sept,Nil,Nil,,0,0,0,1,Nil,FALSE,8835,Nil
8837,NIL,NIL,Chesterfield Malayalee Association,Nil,Nil,,0,345.04,0,2,Nil,FALSE,8837,Nil
884,NIL,NIL,Garvey Fundraising,Nil,Nil,,0,568.46,0,2,Nil,FALSE,884,Nil
8840,NIL,NIL,Sale Sharks,Nil,Nil,,0,37.33,0,2,Nil,FALSE,8840,Nil
8841,NIL,NIL,Pete Joyce,Nil,Nil,,0,0,0,1,Nil,FALSE,8841,Nil
8848,NIL,NIL,Claremont Fan Court School,Nil,Nil,,0,0,0,1,Nil,FALSE,8848,Nil
8849,NIL,NIL,NMES Events,Nil,Nil,,0,0,0,1,Nil,FALSE,8849,Nil
885,NIL,NIL,NETFIT Netball,Nil,Nil,,0,72.54,0,1,Nil,FALSE,885,Nil
8851,NIL,NIL,Bramcote Athletics Ltd,Nil,Nil,,0,221.07,0,2,Nil,FALSE,8851,Nil
8866,NIL,Tier 2,Glasgow Chinese Christian Church,Nil,Free,,0,0,0,2,Nil,FALSE,8866,Nil
8876,NIL,NIL,Avon Gardens Trust,Nil,Nil,,0,33.58,0,2,Nil,FALSE,8876,Nil
8892,NIL,NIL,Monster Monster,Nil,Nil,,0,282.88,0,1,Nil,FALSE,8892,Nil
8893,NIL,NIL,Wild Witch Adventures,Nil,Nil,,0,0,0,1,Nil,FALSE,8893,Nil
8903,NIL,NIL,Spook-Fest,Nil,Nil,,0,432.37,0,1,Nil,FALSE,8903,Nil
8908,NIL,NIL,Gloucester City Mission,Nil,Nil,,0,0,0,1,Nil,FALSE,8908,Nil
891,NIL,NIL,Southsea Ale Club,Nil,Nil,,0,48.71,0,2,Nil,FALSE,891,Nil
8910,NIL,NIL,HSF Lancaster City Council,Nil,Nil,,0,0,0,1,Nil,FALSE,8910,Nil
8916,NIL,NIL,Thrupp Primary School PTA,Nil,Nil,,0,36.08,0,1,Nil,FALSE,8916,Nil
8917,NIL,NIL,Olly Roberts Outdoors,Nil,Nil,,0,10.12,0,1,Nil,FALSE,8917,Nil
8925,NIL,NIL,Bijou Bridal studio,Nil,Nil,,0,29.83,0,1,Nil,FALSE,8925,Nil
8929,NIL,NIL,GS Exotics & Reptilarium,Nil,Nil,,0,0,0,1,Nil,FALSE,8929,Nil
8941,NIL,NIL,Waltham St Lawrence Parish Church,Nil,Nil,,0,17.5,0,1,Nil,FALSE,8941,Nil
8942,NIL,Tier 4,BAILII,Nil,Free,,0,0,4,4,Nil,FALSE,8942,Nil
8943,NIL,NIL,Account Deleted,Nil,Nil,,0,0,0,1,Nil,FALSE,8943,Nil
8948,NIL,NIL,Fluid Productions,Nil,Nil,,0,0,0,1,Nil,FALSE,8948,Nil
8949,NIL,NIL,Royal British circus,Nil,Nil,,0,2.25,0,1,Nil,FALSE,8949,Nil
8951,NIL,NIL,Alexander Cooper,Nil,Nil,,0,40.21,0,1,Nil,FALSE,8951,Nil
8960,NIL,Tier 3,Suffolk Sight,Nil,Tier 5,,0,97.04,0,2,Nil,FALSE,8960,Nil
8967,NIL,Tier 2,East Park,Nil,Tier 5,,0,17.33,0,2,Nil,FALSE,8967,Nil
8974,NIL,NIL,Public Affairs Team,Nil,Nil,,0,0,0,1,Nil,FALSE,8974,Nil
8977,NIL,Tier 2,Christmas show,Nil,Tier 5,,0,255.54,0,2,Nil,FALSE,8977,Nil
8981,NIL,Tier 3,Hands 4 Voices/Don't Shout Out,Nil,Tier 4,,0,261.54,0,2,Nil,FALSE,8981,Nil
8982,NIL,NIL,Shelter Scotland,Nil,Nil,,0,46.67,0,1,Nil,FALSE,8982,Nil
8983,NIL,NIL,Annmarie James,Nil,Nil,,0,10.62,0,2,Nil,FALSE,8983,Nil
8990,NIL,NIL,Love  Gratitude & Crystals Ltd,Nil,Nil,,0,18.75,0,1,Nil,FALSE,8990,Nil
8998,NIL,NIL,Therapies for Change with Joe Biggans,Nil,Nil,,0,2.17,0,1,Nil,FALSE,8998,Nil
9,NIL,NIL,Friends of Casterton Sedbergh Prep School,Nil,Nil,,0,1330.78,0,7,Nil,FALSE,9,Nil
9002,NIL,NIL,Missy Moo's Crafty Corner,Nil,Nil,,0,3.15,0,1,Nil,FALSE,9002,Nil
9009,NIL,Tier 3,Dorset Youth,Nil,Free,,0,0,0,3,Nil,FALSE,9009,Nil
9012,NIL,NIL,The Ascot District Day Centre,Nil,Nil,,0,83.38,0,1,Nil,FALSE,9012,Nil
9014,NIL,NIL,Sheppey United FC Ltd,Nil,Nil,,0,247.08,0,1,Nil,FALSE,9014,Nil
9028,NIL,NIL,Ian Boydon,Nil,Nil,,0,0,0,1,Nil,FALSE,9028,Nil
9029,NIL,NIL,Friends of St Mary's Concert,Nil,Nil,,0,19.83,0,1,Nil,FALSE,9029,Nil
9032,NIL,Tier 2,BIYE,Nil,Tier 5,,0,48.12,0,2,Nil,FALSE,9032,Nil
9033,NIL,NIL,Sarah Edwards,Nil,Nil,,0,10.12,0,1,Nil,FALSE,9033,Nil
9036,NIL,NIL,Village Coffee Shop Bedwas,Nil,Nil,,0,49.13,0,1,Nil,FALSE,9036,Nil
904,NIL,NIL,Play Dead London,Nil,Nil,,0,126.25,0,2,Nil,FALSE,904,Nil
9042,NIL,NIL,Give A Little,Nil,Nil,,0,0,0,1,Nil,FALSE,9042,Nil
905,NIL,NIL,Neuro Dropin,Nil,Nil,,0,0,0,1,Nil,FALSE,905,Nil
9050,NIL,NIL,Liam Brewer,Nil,Nil,,0,0,0,1,Nil,FALSE,9050,Nil
9053,NIL,NIL,New Cards on the Block,Nil,Nil,,0,11.17,0,1,Nil,FALSE,9053,Nil
9054,NIL,NIL,Cummersdale Charity Events,Nil,Nil,,0,24.92,0,1,Nil,FALSE,9054,Nil
9056,NIL,Tier 2,Wild Meadow Pony Parties,Nil,Tier 5,,0,85.4,0,2,Nil,FALSE,9056,Nil
9058,NIL,NIL,Revive Church Newbridge,Nil,Nil,,0,0,0,2,Nil,FALSE,9058,Nil
906,NIL,NIL,The Art Class London,Nil,Nil,,0,0,0,1,Nil,FALSE,906,Nil
9062,NIL,NIL,Umbrella Arts,Nil,Nil,,0,279.33,0,1,Nil,FALSE,9062,Nil
907,NIL,NIL,Marr Music Department,Nil,Nil,,0,49.08,0,2,Nil,FALSE,907,Nil
9070,NIL,NIL,Account Deleted,Nil,Nil,,0,0,0,1,Nil,FALSE,9070,Nil
9071,NIL,Tier 1,LINX RISING,Nil,Tier 5,,0,13.96,0,2,Nil,FALSE,9071,Nil
9072,NIL,Tier 1,Brightlingsea Community Centre,Nil,Tier 5,,0,16.21,0,3,Nil,FALSE,9072,Nil
9075,NIL,NIL,St Michael's School SMSA,Nil,Nil,,0,66.88,0,1,Nil,FALSE,9075,Nil
9076,NIL,Tier 2,Wye Organic (Farms) Ltd,Nil,Tier 5,,0,179.17,0,2,Nil,FALSE,9076,Nil
9079,NIL,NIL,Justlife Foundation Ltd,Nil,Nil,,0,61.5,0,1,Nil,FALSE,9079,Nil
9085,NIL,NIL,Texan Peacocks,Nil,Nil,,0,116.17,0,1,Nil,FALSE,9085,Nil
9086,NIL,NIL,WUAF Colchester,Nil,Nil,,0,16.54,0,1,Nil,FALSE,9086,Nil
9090,NIL,NIL,Huxley Education,Nil,Nil,,0,0,0,1,Nil,FALSE,9090,Nil
9094,NIL,NIL,Roots Connections Salford,Nil,Nil,,0,5.88,0,2,Nil,FALSE,9094,Nil
9096,NIL,Tier 2,Cumbria Careers Hub,Nil,Free,,0,0,0,2,Nil,FALSE,9096,Nil
9097,NIL,Tier 3,Reed Brand Communication,Nil,Tier 5,,0,56,0,3,Nil,FALSE,9097,Nil
9098,NIL,NIL,She Talks AI,Nil,Nil,,0,70,0,2,Nil,FALSE,9098,Nil
9099,NIL,Tier 2,Gan Yam Brewing Company Ltd,Nil,Tier 5,,0,214.04,0,2,Nil,FALSE,9099,Nil
9110,NIL,NIL,HR Independents Ltd,Nil,Nil,,0,0,0,1,Nil,FALSE,9110,Nil
9111,NIL,Tier 2,GDST Alumnae,Nil,Free,,0,0,0,2,Nil,FALSE,9111,Nil
9114,NIL,NIL,Florist & Forest,Nil,Nil,,0,12.08,0,1,Nil,FALSE,9114,Nil
9115,NIL,Tier 3,Centre for Child & Family Justice Research,Nil,Free,,0,0,0,2,Nil,FALSE,9115,Nil
9125,NIL,NIL,Barton Baptist Church,Nil,Nil,,0,0,0,1,Nil,FALSE,9125,Nil
9126,NIL,NIL,Central London Samaritans,Nil,Nil,,0,61.88,0,1,Nil,FALSE,9126,Nil
9129,NIL,Tier 2,Climate Guide Ltd,Nil,Tier 5,,0,108.97,0,3,Nil,FALSE,9129,Nil
9137,NIL,Tier 2,Upmo,Nil,Tier 5,,0,43.08,0,2,Nil,FALSE,9137,Nil
9138,NIL,NIL,HRD Admin,Nil,Nil,,0,0,0,1,Nil,FALSE,9138,Nil
9139,NIL,NIL,Rob Cooper,Nil,Nil,,0,0,0,2,Nil,FALSE,9139,Nil
9140,NIL,NIL,Mrs S F W Hunter,Nil,Nil,,0,8.21,0,2,Nil,FALSE,9140,Nil
9142,NIL,NIL,The Alternative Florist,Nil,Nil,,0,4.25,0,1,Nil,FALSE,9142,Nil
9143,NIL,NIL,Bookshop Strings,Nil,Nil,,0,26.83,0,1,Nil,FALSE,9143,Nil
9147,NIL,NIL,Domum De Divergence,Nil,Nil,,0,0,0,1,Nil,FALSE,9147,Nil
9158,NIL,NIL,Worldwide Cancer Research,Nil,Nil,,0,0,0,2,Nil,FALSE,9158,Nil
9159,NIL,NIL,Abbey PTA,Nil,Nil,,0,209.63,0,1,Nil,FALSE,9159,Nil
9160,NIL,Tier 4,SGGS Events,Nil,Free,,0,0,0,2,Nil,FALSE,9160,Nil
9164,NIL,NIL,Keighley RUFC,Nil,Nil,,0,27.75,0,1,Nil,FALSE,9164,Nil
9165,NIL,NIL,Janine Crowshaw,Nil,Nil,,0,1.37,0,1,Nil,FALSE,9165,Nil
9166,NIL,NIL,StroudDragCollective,Nil,Nil,,0,56.31,0,1,Nil,FALSE,9166,Nil
9167,NIL,NIL,Clare Higgins - PT,Nil,Nil,,0,0,0,1,Nil,FALSE,9167,Nil
9180,NIL,NIL,Marcus Luckett,Nil,Nil,,0,0,0,1,Nil,FALSE,9180,Nil
9184,NIL,Tier 3,SLaM Postgrad,Nil,Free,,0,0,0,2,Nil,FALSE,9184,Nil
9187,NIL,NIL,Grove Pre School,Nil,Nil,,0,13.46,0,1,Nil,FALSE,9187,Nil
9191,NIL,NIL,HMVCG CIC,Nil,Nil,,0,0,0,1,Nil,FALSE,9191,Nil
9198,NIL,NIL,Staff Conference,Nil,Nil,,0,0,0,1,Nil,FALSE,9198,Nil
9199,NIL,NIL,Church Mission Society,Nil,Nil,,0,0,0,1,Nil,FALSE,9199,Nil
92,NIL,NIL,St Marks Church  Natland,Nil,Nil,,0,110.84,0,6,Nil,FALSE,92,Nil
920,NIL,NIL,PHS PROFS,Nil,Nil,,0,295.12,0,2,Nil,FALSE,920,Nil
9211,NIL,NIL,Kindred Eclectic,Nil,Nil,,0,4.63,0,2,Nil,FALSE,9211,Nil
9219,NIL,NIL,University College London,Nil,Nil,,0,0,0,1,Nil,FALSE,9219,Nil
922,NIL,NIL,Tina Dulson,Nil,Nil,,0,0,0,1,Nil,FALSE,922,Nil
9221,NIL,NIL,St Newlyn East Village Hall,Nil,Nil,,0,3.67,0,1,Nil,FALSE,9221,Nil
9225,NIL,NIL,Health Events,Nil,Nil,,0,0,0,1,Nil,FALSE,9225,Nil
9226,NIL,NIL,Rock House Farm,Nil,Nil,,0,8.67,0,1,Nil,FALSE,9226,Nil
9227,NIL,NIL,Purple Rose Fundraising Events,Nil,Nil,,0,0.58,0,1,Nil,FALSE,9227,Nil
9228,NIL,NIL,Sue Blackhurst,Nil,Nil,,0,135,0,2,Nil,FALSE,9228,Nil
923,NIL,NIL,Graham Napier Cricket Academy,Nil,Nil,,0,707.08,0,6,Nil,FALSE,923,Nil
9231,NIL,NIL,Family Church Saddleworth,Nil,Nil,,0,29.67,0,1,Nil,FALSE,9231,Nil
924,NIL,NIL,The Holistic Foundation,Nil,Nil,,0,9.17,0,1,Nil,FALSE,924,Nil
9247,NIL,NIL,St George's Edinburgh,Nil,Nil,,0,125.25,0,1,Nil,FALSE,9247,Nil
9248,NIL,NIL,Kendal Parish Church Children and families,Nil,Nil,,0,0,0,2,Nil,FALSE,9248,Nil
9254,NIL,NIL,Latymer Foundation,Nil,Nil,,0,2150.37,0,2,Nil,FALSE,9254,Nil
9257,NIL,Tier 1,Gina,Nil,Free,,0,0,0,2,Nil,FALSE,9257,Nil
9266,NIL,NIL,Ann Cam PTFA,Nil,Nil,,0,52.25,0,1,Nil,FALSE,9266,Nil
9267,NIL,NIL,Bronya Emily School of Dance,Nil,Nil,,0,54.25,0,1,Nil,FALSE,9267,Nil
9270,NIL,NIL,MMU PGT,Nil,Nil,,0,0,0,1,Nil,FALSE,9270,Nil
9271,NIL,High Value,Scarisbrick Hall Trust,Nil,Tier 2,,0,2900.09,0,2,Nil,FALSE,9271,Nil
9272,NIL,Tier 2,Keswick Tourism Association,Nil,Free,,0,0,0,3,Nil,FALSE,9272,Nil
9277,NIL,Tier 2,Woodland Corner,Nil,Tier 5,,0,31.25,0,3,Nil,FALSE,9277,Nil
9281,NIL,NIL,BYSD,Nil,Nil,,0,4.9,0,1,Nil,FALSE,9281,Nil
929,NIL,NIL,Gregson Arts & Community Centre,Nil,Nil,,0,45.46,0,2,Nil,FALSE,929,Nil
9293,NIL,Tier 2,CRN Yorkshire & Humber,Nil,Free,,0,0,0,2,Nil,FALSE,9293,Nil
9294,NIL,NIL,Dundee Tourism Partnership,Nil,Nil,,0,0,0,2,Nil,FALSE,9294,Nil
9296,NIL,NIL,HW Engage,Nil,Nil,,0,0,0,1,Nil,FALSE,9296,Nil
9299,NIL,Tier 3,AVMS,Nil,Tier 4,,0,183.83,0,2,Nil,FALSE,9299,Nil
930,NIL,NIL,Haraya Choir,Nil,Nil,,0,47.29,0,1,Nil,FALSE,930,Nil
9311,NIL,NIL,Hallfield School,Nil,Nil,,0,474.21,0,1,Nil,FALSE,9311,Nil
9312,NIL,NIL,Action Medical Research,Nil,Nil,,0,0,0,1,Nil,FALSE,9312,Nil
9316,NIL,NIL,My Wellbeing Index Limited,Nil,Nil,,0,0,0,1,Nil,FALSE,9316,Nil
9318,NIL,NIL,KLEO,Nil,Nil,,0,0,0,1,Nil,FALSE,9318,Nil
9321,NIL,NIL,HW Impact,Nil,Nil,,0,0,0,1,Nil,FALSE,9321,Nil
9323,NIL,NIL,forhanaalam@gmail.com,Nil,Nil,,0,93.42,0,1,Nil,FALSE,9323,Nil
9327,NIL,Tier 4,Chigwell School - School Tour,Nil,Free,,0,0,0,2,Nil,FALSE,9327,Nil
9328,NIL,NIL,CYF Bursledon,Nil,Nil,,0,0,0,1,Nil,FALSE,9328,Nil
9331,NIL,NIL,SheffieldandBarnsleyGPVTS,Nil,Nil,,0,0,0,2,Nil,FALSE,9331,Nil
9335,NIL,NIL,Yorkshire Quality and Safety Research Group,Nil,Nil,,0,0,0,2,Nil,FALSE,9335,Nil
9338,NIL,NIL,NHS Sussex Safeguarding Team,Nil,Nil,,0,0,0,1,Nil,FALSE,9338,Nil
9342,NIL,NIL,Cherish Funeral Directors,Nil,Nil,,0,0,0,1,Nil,FALSE,9342,Nil
935,NIL,NIL,Park House Farm Campsite,Nil,Nil,,0,108.08,0,2,Nil,FALSE,935,Nil
9352,NIL,Tier 2,HEWORTH WITHOUT PARISH COUNCIL EVENTS,Nil,Free,,0,0,0,2,Nil,FALSE,9352,Nil
9353,NIL,NIL,Chard Rugby Club,Nil,Nil,,0,0,0,1,Nil,FALSE,9353,Nil
9354,NIL,NIL,Always Potential Ltd,Nil,Nil,,0,14.84,0,2,Nil,FALSE,9354,Nil
9355,NIL,NIL,London Youth Concert Band,Nil,Nil,,0,47.71,0,1,Nil,FALSE,9355,Nil
9358,NIL,NIL,University of Sussex Business School,Nil,Nil,,0,0,0,1,Nil,FALSE,9358,Nil
9360,NIL,NIL,Camps Quiz,Nil,Nil,,0,10.08,0,1,Nil,FALSE,9360,Nil
9365,NIL,Tier 1,Friends of Altarnun School,Nil,Tier 5,,0,19.41,0,2,Nil,FALSE,9365,Nil
9375,NIL,Tier 2,CaDao,Nil,Tier 5,,0,93.17,0,2,Nil,FALSE,9375,Nil
938,NIL,NIL,British School Muscat,Nil,Nil,,0,0,0,1,Nil,FALSE,938,Nil
9380,NIL,NIL,Whitewater Hotel,Nil,Nil,,0,9.88,0,1,Nil,FALSE,9380,Nil
9383,NIL,NIL,UHD Pride Network,Nil,Nil,,0,0,0,2,Nil,FALSE,9383,Nil
9385,NIL,NIL,Drag show experience,Nil,Nil,,0,1.58,0,1,Nil,FALSE,9385,Nil
9387,NIL,NIL,CABI,Nil,Nil,,0,0,0,1,Nil,FALSE,9387,Nil
9391,NIL,Tier 3,Kendrick School,Nil,Free,,0,0,0,2,Nil,FALSE,9391,Nil
9395,NIL,Tier 2,Unseen UK,Nil,Free,,0,0,0,2,Nil,FALSE,9395,Nil
9396,NIL,NIL,DCD Rights,Nil,Nil,,0,0,0,1,Nil,FALSE,9396,Nil
9397,NIL,NIL,Ibtissam,Nil,Nil,,0,28.5,0,1,Nil,FALSE,9397,Nil
94,NIL,NIL,The Creation Station Spalding,Nil,Nil,,0,0.34,0,1,Nil,FALSE,94,Nil
9403,NIL,NIL,Birmingham City University - 2023 Black History Month Panel,Nil,Nil,,0,0,0,1,Nil,FALSE,9403,Nil
9408,NIL,Tier 4,Hitchin Boys' School,Nil,Free,,0,0,0,2,Nil,FALSE,9408,Nil
9409,NIL,NIL,Account Deleted,Nil,Nil,,0,0,0,1,Nil,FALSE,9409,Nil
941,NIL,NIL,Nutshell Training,Nil,Nil,,0,88.29,0,3,Nil,FALSE,941,Nil
9411,NIL,NIL,The North Face Events,Nil,Nil,,0,27.33,0,1,Nil,FALSE,9411,Nil
9416,NIL,NIL,Community 360,Nil,Nil,,0,39.13,0,1,Nil,FALSE,9416,Nil
9418,NIL,NIL,DiamondZee Ltd,Nil,Nil,,0,10.83,0,1,Nil,FALSE,9418,Nil
9421,NIL,NIL,Rotary Club of Loughborough Beacon,Nil,Nil,,0,7.58,0,1,Nil,FALSE,9421,Nil
9422,NIL,NIL,Gambian Night,Nil,Nil,,0,23.12,0,1,Nil,FALSE,9422,Nil
9425,NIL,NIL,Potato Cups,Nil,Nil,,0,0.25,0,1,Nil,FALSE,9425,Nil
9426,NIL,NIL,Janine Smith  Industry Collaboration Zone Blackburn College,Nil,Nil,,0,0,0,1,Nil,FALSE,9426,Nil
9435,NIL,NIL,Arnside Ladies Choir,Nil,Nil,,0,4.12,0,1,Nil,FALSE,9435,Nil
9437,NIL,NIL,Birmingham City University,Nil,Nil,,0,0,0,1,Nil,FALSE,9437,Nil
9438,NIL,NIL,Shona Blakeley,Nil,Nil,,0,10.5,0,1,Nil,FALSE,9438,Nil
9447,NIL,NIL,Coastal Practitioners 2024,Nil,Nil,,0,0,0,1,Nil,FALSE,9447,Nil
9448,NIL,NIL,Testwood School,Nil,Nil,,0,4.33,0,2,Nil,FALSE,9448,Nil
945,NIL,NIL,The Sherriff Club - KGS Parent Supporters Group,Nil,Nil,,0,51.29,0,1,Nil,FALSE,945,Nil
9452,NIL,NIL,Hitchin Girls' School,Nil,Nil,,0,0,0,1,Nil,FALSE,9452,Nil
9456,NIL,NIL,Ashburnham English Song Awards,Nil,Nil,,0,7.29,0,1,Nil,FALSE,9456,Nil
9460,NIL,NIL,hermosa boutique,Nil,Nil,,0,67.08,0,1,Nil,FALSE,9460,Nil
9462,NIL,Tier 3,DR RETRO VAULT,Nil,Tier 5,,0,120.29,0,2,Nil,FALSE,9462,Nil
9466,NIL,NIL,Camperdown Lane,Nil,Nil,,0,0,0,1,Nil,FALSE,9466,Nil
9467,NIL,NIL,Hull NICU,Nil,Nil,,0,0,0,1,Nil,FALSE,9467,Nil
9469,NIL,NIL,John Hardy,Nil,Nil,,0,0,0,2,Nil,FALSE,9469,Nil
9470,NIL,NIL,Black Creatives Festival,Nil,Nil,,0,0,0,1,Nil,FALSE,9470,Nil
9472,NIL,NIL,MR W J BLACKMORE,Nil,Nil,,0,43.6,0,1,Nil,FALSE,9472,Nil
9473,NIL,NIL,Dan Matthews,Nil,Nil,,0,0,0,1,Nil,FALSE,9473,Nil
9476,NIL,Tier 1,Summerhill School,Nil,Free,,0,0,0,3,Nil,FALSE,9476,Nil
9478,NIL,Tier 2,Government Property Function,Nil,Free,,0,0,0,2,Nil,FALSE,9478,Nil
948,NIL,NIL,Cattle dog records,Nil,Nil,,0,1374.93,0,6,Nil,FALSE,948,Nil
9483,NIL,NIL,Account Deleted,Nil,Nil,,0,0,0,1,Nil,FALSE,9483,Nil
9484,NIL,NIL,BarrowFull,Nil,Nil,,0,0,0,1,Nil,FALSE,9484,Nil
9485,NIL,NIL,NIHR,Nil,Nil,,0,0,0,1,Nil,FALSE,9485,Nil
9489,NIL,NIL,Acreative Space workshop,Nil,Nil,,0,38.21,0,1,Nil,FALSE,9489,Nil
949,NIL,NIL,Leighton Park PSC,Nil,Nil,,0,383.27,0,3,Nil,FALSE,949,Nil
9490,NIL,Tier 2,Theatrix UK,Nil,Tier 5,,0,26.37,0,1,Nil,FALSE,9490,Nil
9498,NIL,NIL,Edinburgh City Libraries,Nil,Nil,,0,0,0,1,Nil,FALSE,9498,Nil
950,NIL,NIL,Cheeki Monkeys Bedford,Nil,Nil,,0,1.7,0,1,Nil,FALSE,950,Nil
9515,NIL,NIL,Merlin Entertainments,Nil,Nil,,0,0,0,1,Nil,FALSE,9515,Nil
952,NIL,NIL,Chepstow House School,Nil,Nil,,0,0,0,1,Nil,FALSE,952,Nil
9533,NIL,NIL,BAVO,Nil,Nil,,0,0,0,1,Nil,FALSE,9533,Nil
9536,NIL,Tier 3,Cumbria People and Nature Network,Nil,Free,,0,0,0,3,Nil,FALSE,9536,Nil
9537,NIL,NIL,Lucy Rubick,Nil,Nil,,0,0,0,1,Nil,FALSE,9537,Nil
9538,NIL,NIL,SheffieldDM,Nil,Nil,,0,0,0,1,Nil,FALSE,9538,Nil
9539,NIL,NIL,Knaresborough Celtic FC,Nil,Nil,,0,38.37,0,1,Nil,FALSE,9539,Nil
954,NIL,Tier 3,Beaconside PTA,Nil,Tier 5,,0,611.05,0,7,Nil,FALSE,954,Nil
9541,NIL,Tier 3,Inch House,Nil,Tier 4,,0,225.42,0,2,Nil,FALSE,9541,Nil
9550,NIL,NIL,Dorchester u3a,Nil,Nil,,0,0,0,1,Nil,FALSE,9550,Nil
956,NIL,NIL,Bedales parent event,Nil,Nil,,0,75.29,0,1,Nil,FALSE,956,Nil
9560,NIL,NIL,Ukrainian Community in Torbay,Nil,Nil,,0,19.54,0,2,Nil,FALSE,9560,Nil
9561,NIL,Tier 1,Foundry gym personal,Nil,Free,,0,0,0,2,Nil,FALSE,9561,Nil
9567,NIL,NIL,Berkshire Muslim Arab Commuinty Assocciation,Nil,Nil,,0,0,0,1,Nil,FALSE,9567,Nil
9570,NIL,NIL,Master Your Life,Nil,Nil,,0,639.6,0,2,Nil,FALSE,9570,Nil
9573,NIL,Tier 4,Kendal Comedy Gala,Nil,Tier 4,,0,585.5,0,2,Nil,FALSE,9573,Nil
9576,NIL,NIL,Seven Flaming Torches,Nil,Nil,,0,0,0,1,Nil,FALSE,9576,Nil
9579,NIL,NIL,JSE Tutoring,Nil,Nil,,0,3.67,0,1,Nil,FALSE,9579,Nil
9580,NIL,NIL,Penrhos College,Nil,Nil,,0,24.42,0,1,Nil,FALSE,9580,Nil
959,NIL,NIL,Active Learning Group,Nil,Nil,,0,0,0,1,Nil,FALSE,959,Nil
9592,NIL,NIL,UMMA Scotland,Nil,Nil,,0,0,0,1,Nil,FALSE,9592,Nil
9594,NIL,NIL,Scottish PEN,Nil,Nil,,0,0,0,1,Nil,FALSE,9594,Nil
96,NIL,NIL,Ian Robinson Sports Centre,Nil,Nil,,0,0,0,1,Nil,FALSE,96,Nil
9600,NIL,Tier 1,Principal user,Nil,Tier 5,,0,21.42,0,2,Nil,FALSE,9600,Nil
9604,NIL,NIL,Kirsty Lynch,Nil,Nil,,0,18.5,0,2,Nil,FALSE,9604,Nil
961,NIL,NIL,Castle Hill Primary School,Nil,Nil,,0,0,0,1,Nil,FALSE,961,Nil
9611,NIL,NIL,Emmanuel Church woodley,Nil,Nil,,0,0,0,1,Nil,FALSE,9611,Nil
9617,NIL,NIL,Daykin Music IOM,Nil,Nil,,0,167.62,0,1,Nil,FALSE,9617,Nil
9623,NIL,NIL,WHS Prom,Nil,Nil,,0,356.21,0,2,Nil,FALSE,9623,Nil
9633,NIL,NIL,ChristmasFayre24,Nil,Nil,,0,0,0,1,Nil,FALSE,9633,Nil
9639,NIL,Tier 2,Queen's Policy Engagement,Nil,Free,,0,0,0,2,Nil,FALSE,9639,Nil
9641,NIL,NIL,Joey Akrigg,Nil,Nil,,0,0,0,1,Nil,FALSE,9641,Nil
9643,NIL,Tier 3,Lewes Singers,Nil,Tier 5,,0,104,0,1,Nil,FALSE,9643,Nil
9648,NIL,Tier 2,Lancaster University for Business,Nil,Free,,0,0,6,2,Nil,FALSE,9648,Nil
965,NIL,NIL,Warminster School,Nil,Nil,,0,0,0,1,Nil,FALSE,965,Nil
9651,NIL,Tier 1,Mr Robert D Unwin,Nil,Tier 5,,0,15.55,0,2,Nil,FALSE,9651,Nil
9656,NIL,NIL,Agnieszka Kowalczyk-Wojcik,Nil,Nil,,0,11.37,0,1,Nil,FALSE,9656,Nil
966,NIL,Tier 3,Warminster School Development and Community Events,Nil,Tier 3,,0,983.5,0,7,Nil,FALSE,966,Nil
9665,NIL,NIL,Chislehurst & Sidcup Grammar School,Nil,Nil,,0,0,0,2,Nil,FALSE,9665,Nil
9667,NIL,NIL,In-Situ,Nil,Nil,,0,0,0,2,Nil,FALSE,9667,Nil
9668,NIL,NIL,SciTech Graduate School,Nil,Nil,,0,0,0,1,Nil,FALSE,9668,Nil
9672,NIL,NIL,Latymer Tickets,Nil,Nil,,0,0,0,2,Nil,FALSE,9672,Nil
9676,NIL,Tier 3,St Mike's Tots,Nil,Free,,0,0,0,3,Nil,FALSE,9676,Nil
9690,NIL,NIL,TLSE,Nil,Nil,,0,0,0,1,Nil,FALSE,9690,Nil
9696,NIL,Tier 1,Crosby Granger Architects,Nil,Tier 5,,0,8.87,0,3,Nil,FALSE,9696,Nil
970,NIL,NIL,Kendal Torchlight Carnival,Nil,Nil,,0,19.75,0,1,Nil,FALSE,970,Nil
9705,NIL,NIL,St Joseph's Church  Wetherby,Nil,Nil,,0,8.67,0,1,Nil,FALSE,9705,Nil
9712,NIL,NIL,EngineeringGalaDinner,Nil,Nil,,0,0,0,1,Nil,FALSE,9712,Nil
9717,NIL,NIL,SAWU Foundation Christmas,Nil,Nil,,0,5.17,0,1,Nil,FALSE,9717,Nil
9725,NIL,Tier 2,MBA,Nil,Free,,0,0,0,3,Nil,FALSE,9725,Nil
9728,NIL,NIL,TheTreeCouncil,Nil,Nil,,0,0,0,1,Nil,FALSE,9728,Nil
9735,NIL,NIL,Down Syndrome West of Scotland Branch,Nil,Nil,,0,0,0,1,Nil,FALSE,9735,Nil
974,NIL,NIL,Account Deleted,Nil,Nil,,0,0,0,1,Nil,FALSE,974,Nil
9741,NIL,NIL,GK Recruitment Ltd,Nil,Nil,,0,10.71,0,2,Nil,FALSE,9741,Nil
9745,NIL,Tier 2,The Mancunium Consort,Nil,Tier 5,,0,71.42,0,2,Nil,FALSE,9745,Nil
9752,NIL,NIL,Level 1,Nil,Nil,,0,31.25,0,2,Nil,FALSE,9752,Nil
9754,NIL,Tier 3,AINSDALE CC,Nil,Tier 4,,0,263.33,0,3,Nil,FALSE,9754,Nil
9755,NIL,NIL,Ryan Shen,Nil,Nil,,0,0,0,1,Nil,FALSE,9755,Nil
9761,NIL,NIL,Becky Sheppard,Nil,Nil,,0,0,0,1,Nil,FALSE,9761,Nil
9762,NIL,Tier 1,ClearlyNetZero,Nil,Free,,0,0,1,3,Nil,FALSE,9762,Nil
9768,NIL,NIL,LICA PG,Nil,Nil,,0,0,0,1,Nil,FALSE,9768,Nil
9769,NIL,Tier 2,LAEL,Nil,Free,,0,0,0,2,Nil,FALSE,9769,Nil
977,NIL,NIL,Account Deleted,Nil,Nil,,0,51.67,0,2,Nil,FALSE,977,Nil
9774,NIL,NIL,The Sunshine Bookstore,Nil,Nil,,0,0,0,1,Nil,FALSE,9774,Nil
9783,NIL,NIL,Create Change with Caroline,Nil,Nil,,0,0,0,2,Nil,FALSE,9783,Nil
9785,NIL,Tier 3,Bequeathed Charity Team,Nil,Free,,0,0,0,3,Nil,FALSE,9785,Nil
9786,NIL,Tier 1,Film London,Nil,Free,,0,0,0,2,Nil,FALSE,9786,Nil
979,NIL,NIL,LinkAble Test Account,Nil,Nil,,0,0,0,1,Nil,FALSE,979,Nil
9791,NIL,Tier 2,Sanctuary Cookalongs,Nil,Tier 5,,0,1.17,0,1,Nil,FALSE,9791,Nil
9793,NIL,Tier 3,Specialist Palliative Care Team UHNM,Nil,Free,,0,0,5,3,Nil,FALSE,9793,Nil
98,NIL,NIL,Account Deleted,Nil,Nil,,0,0,0,2,Nil,FALSE,98,Nil
9805,NIL,NIL,Willington Christmas,Nil,Nil,,0,28.75,0,1,Nil,FALSE,9805,Nil
981,NIL,Tier 4,Stanwix School,Nil,Free,,0,0,6,6,Nil,FALSE,981,Nil
9813,NIL,NIL,LC PTA,Nil,Nil,,0,148.86,0,1,Nil,FALSE,9813,Nil
9814,NIL,NIL,Anna Gutridge,Nil,Nil,,0,0,0,2,Nil,FALSE,9814,Nil
9816,NIL,NIL,KCA UK,Nil,Nil,,0,0,0,1,Nil,FALSE,9816,Nil
9819,NIL,NIL,The Fire Fighters Charity (South/South East),Nil,Nil,,0,117.08,0,1,Nil,FALSE,9819,Nil
983,NIL,NIL,Poole Grammar School - Music Department,Nil,Nil,,0,0,0,3,Nil,FALSE,983,Nil
9830,NIL,NIL,Christmas Boom,Nil,Nil,,0,0,0,1,Nil,FALSE,9830,Nil
9831,NIL,NIL,Farnborough Hill MM,Nil,Nil,,0,0,0,1,Nil,FALSE,9831,Nil
9832,NIL,NIL,Colchester Academy,Nil,Nil,,0,0,0,1,Nil,FALSE,9832,Nil
9839,NIL,NIL,Unite NFP NE branch,Nil,Nil,,0,0,0,1,Nil,FALSE,9839,Nil
9840,NIL,NIL,SVP Springfield Furniture bank,Nil,Nil,,0,0,0,1,Nil,FALSE,9840,Nil
9841,NIL,Tier 4,TWGSB - Marketing,Nil,Free,,0,0,0,1,Nil,FALSE,9841,Nil
9842,NIL,NIL,PILOXERCISE Ltd,Nil,Nil,,0,74.75,0,2,Nil,FALSE,9842,Nil
985,NIL,NIL,Cheeki Monkeys Stockport,Nil,Nil,,0,0.17,0,1,Nil,FALSE,985,Nil
9850,NIL,NIL,Emer Pateman Coaching,Nil,Nil,,0,4.38,0,1,Nil,FALSE,9850,Nil
9853,NIL,Tier 2,Tygan's Musical Moments,Nil,Tier 5,,0,70.38,0,2,Nil,FALSE,9853,Nil
9858,NIL,Tier 4,School of Global Affairs,Nil,Free,,0,0,0,3,Nil,FALSE,9858,Nil
9868,NIL,NIL,RIna G Lynch,Nil,Nil,,0,0.37,0,2,Nil,FALSE,9868,Nil
987,NIL,NIL,All Saints’ Church,Nil,Nil,,0,0,0,2,Nil,FALSE,987,Nil
9870,NIL,Tier 3,Shiplake College,Nil,Tier 5,,0,357.29,0,2,Nil,FALSE,9870,Nil
9873,NIL,NIL,Community Gaming Club,Nil,Nil,,0,0,0,1,Nil,FALSE,9873,Nil
9885,NIL,NIL,Church on the Hill,Nil,Nil,,0,0,0,1,Nil,FALSE,9885,Nil
9888,NIL,NIL,Fidelity Energy Ltd,Nil,Nil,,0,0,0,2,Nil,FALSE,9888,Nil
989,NIL,Tier 4,Pink Link Ladies,Nil,Tier 3,,0,9873.33,0,6,Nil,FALSE,989,Nil
9899,NIL,Tier 2,Marina Nahum,Nil,Tier 5,,0,122.54,0,2,Nil,FALSE,9899,Nil
9900,NIL,NIL,Moorfield School,Nil,Nil,,0,0,0,1,Nil,FALSE,9900,Nil
9904,NIL,Tier 1,KOS Musical Theatre Company,Nil,Tier 5,,0,13.54,0,2,Nil,FALSE,9904,Nil
9905,NIL,NIL,Stephen selby,Nil,Nil,,0,0,0,1,Nil,FALSE,9905,Nil
9906,NIL,NIL,Croydon Health Charity,Nil,Nil,,0,0,0,1,Nil,FALSE,9906,Nil
9912,NIL,Tier 3,Inspire Youth Zone,Nil,Free,,0,0,0,2,Nil,FALSE,9912,Nil
9913,NIL,NIL,Filmbox Community Cinema,Nil,Nil,,0,0,1,1,Nil,FALSE,9913,Nil
9924,NIL,Tier 3,KPPS PTA,Nil,Tier 5,,0,63.89,0,2,Nil,FALSE,9924,Nil
9930,NIL,NIL,Lancashire Armed Forces Covenant Hub,Nil,Nil,,0,0,0,2,Nil,FALSE,9930,Nil
9939,NIL,NIL,Jo P,Nil,Nil,,0,0,0,2,Nil,FALSE,9939,Nil
9940,NIL,NIL,FOGIS,Nil,Nil,,0,0.37,0,1,Nil,FALSE,9940,Nil
9944,NIL,NIL,EQuip Coaching & Training Limited,Nil,Nil,,0,0,0,1,Nil,FALSE,9944,Nil
9950,NIL,NIL,Woking High School,Nil,Nil,,0,10.67,0,1,Nil,FALSE,9950,Nil
9952,NIL,NIL,The Thorne Tree Bistro,Nil,Nil,,0,1.37,0,1,Nil,FALSE,9952,Nil
9959,NIL,NIL,HGS Drama,Nil,Nil,,0,140.79,0,1,Nil,FALSE,9959,Nil
9960,NIL,Tier 3,Sherborne Girls Staff Association,Nil,Tier 5,,0,41.33,0,1,Nil,FALSE,9960,Nil
9961,NIL,NIL,Jayda Thomas-Arnold`,Nil,Nil,,0,0,0,1,Nil,FALSE,9961,Nil
9965,NIL,NIL,Connah's Quay Cricket Club,Nil,Nil,,0,20.42,0,1,Nil,FALSE,9965,Nil
9975,NIL,NIL,G Arnold 7 Habits Training and Coaching,Nil,Nil,,0,6.29,0,1,Nil,FALSE,9975,Nil
9977,NIL,NIL,MacMillan Music Event UON,Nil,Nil,,0,21.21,0,1,Nil,FALSE,9977,Nil
998,NIL,NIL,St Joseph's Hospice,Nil,Nil,,0,57.87,0,2,Nil,FALSE,998,Nil
9980,NIL,NIL,The Bridal School,Nil,Nil,,0,71,0,3,Nil,FALSE,9980,Nil
9985,NIL,NIL,ONN.itt,Nil,Nil,,0,6.17,0,1,Nil,FALSE,9985,Nil
9986,NIL,NIL,Ysgol Gynradd Aberaeron,Nil,Nil,,0,0,0,1,Nil,FALSE,9986,Nil
9987,NIL,NIL,Rattlesden Primary School,Nil,Nil,,0,0,0,1,Nil,FALSE,9987,Nil
9990,NIL,NIL,Essential Sourcing,Nil,Nil,,0,6,0,2,Nil,FALSE,9990,Nil
9998,NIL,NIL,akn,Nil,Nil,,0,0,0,2,Nil,FALSE,9998,Nil
9999,NIL,Tier 1,One Tentacle Publishing,Nil,Free,,0,0,0,1,Nil,FALSE,9999,Nil